0b001f01 0b001c01 10003 100 1048576 33591562 83773 21368
0b000f01 0b000c01 10003 100 1048576 33591562 83773 21368
0b001701 0b001401 10003 100 1048576 33591562 83773 21368
0b001e01 0b001f01 10003 100 1048576 33591562 83773 21368
0b001d01 0b001e01 10003 100 1048576 33591562 83773 21368
0b000e01 0b000f01 10003 100 1048576 33591562 83773 21368
0b001601 0b001701 10003 100 1048576 33591562 83773 21368
0b001c01 0b001d01 10003 100 1048576 33591562 83773 21368
0b001501 0b001601 10003 100 1048576 33591562 83773 21368
0b001b01 0b001801 10003 100 1048576 33591562 83773 21368
0b000d01 0b000e01 10003 100 1048576 33591562 83773 21368
0b000c01 0b000d01 10003 100 1048576 33591562 83773 21368
0b001401 0b001501 10003 100 1048576 33591562 83773 21368
0b001a01 0b001b01 10003 100 1048576 33591562 83773 21368
0b000b01 0b000801 10003 100 1048576 33591562 83773 21368
0b001901 0b001a01 10003 100 1048576 33591562 83773 21368
0b001301 0b001001 10003 100 1048576 33591562 83773 21368
0b000a01 0b000b01 10003 100 1048576 33591562 83773 21368
0b001201 0b001301 10003 100 1048576 33591562 83773 21368
0b001801 0b001901 10003 100 1048576 33591562 83773 21368
0b000701 0b000401 10003 100 1048576 33591562 83773 21368
0b001101 0b001201 10003 100 1048576 33591562 83773 21368
0b000901 0b000a01 10003 100 1048576 33591562 83773 21368
0b000601 0b000701 10003 100 1048576 33591562 83773 21368
0b001001 0b001101 10003 100 1048576 33591562 83773 21368
0b000801 0b000901 10003 100 1048576 33591562 83773 21368
0b000501 0b000601 10003 100 1048576 33591562 83773 21368
0b000401 0b000501 10003 100 1048576 33591562 83773 21368
0b000301 0b000001 10003 100 1048576 33591562 83773 21368
0b000201 0b000301 10003 100 1048576 33591562 83773 21368
0b000101 0b000201 10003 100 1048576 33591562 83773 21368
0b000001 0b000101 10003 100 1048576 33591562 83773 21368
0b001f01 0b001c01 10002 100 1048576 33591562 83855 21368
0b001e01 0b001f01 10002 100 1048576 33591562 83855 21368
0b001d01 0b001e01 10002 100 1048576 33591562 83855 21368
0b001701 0b001401 10002 100 1048576 33591562 83855 21368
0b000f01 0b000c01 10002 100 1048576 33591562 83855 21368
0b001c01 0b001d01 10002 100 1048576 33591562 83855 21368
0b001601 0b001701 10002 100 1048576 33591562 83855 21368
0b000e01 0b000f01 10002 100 1048576 33591562 83855 21368
0b001b01 0b001801 10002 100 1048576 33591562 83855 21368
0b001501 0b001601 10002 100 1048576 33591562 83855 21368
0b000d01 0b000e01 10002 100 1048576 33591562 83855 21368
0b001a01 0b001b01 10002 100 1048576 33591562 83855 21368
0b001401 0b001501 10002 100 1048576 33591562 83855 21368
0b000c01 0b000d01 10002 100 1048576 33591562 83855 21368
0b001901 0b001a01 10002 100 1048576 33591562 83855 21368
0b001301 0b001001 10002 100 1048576 33591562 83855 21368
0b000701 0b000401 10002 100 1048576 33591562 83855 21368
0b000b01 0b000801 10002 100 1048576 33591562 83855 21368
0b001201 0b001301 10002 100 1048576 33591562 83855 21368
0b001801 0b001901 10002 100 1048576 33591562 83855 21368
0b001101 0b001201 10002 100 1048576 33591562 83855 21368
0b000601 0b000701 10002 100 1048576 33591562 83855 21368
0b000a01 0b000b01 10002 100 1048576 33591562 83855 21368
0b001001 0b001101 10002 100 1048576 33591562 83855 21368
0b000501 0b000601 10002 100 1048576 33591562 83855 21368
0b000901 0b000a01 10002 100 1048576 33591562 83855 21368
0b000401 0b000501 10002 100 1048576 33591562 83855 21368
0b000801 0b000901 10002 100 1048576 33591562 83855 21368
0b000301 0b000001 10002 100 1048576 33591562 83855 21368
0b000201 0b000301 10002 100 1048576 33591562 83855 21368
0b000101 0b000201 10002 100 1048576 33591562 83855 21368
0b000001 0b000101 10002 100 1048576 33591562 83855 21368
0b001f01 0b001c01 10001 100 1048576 33591562 83937 21368
0b001e01 0b001f01 10001 100 1048576 33591562 83937 21368
0b001d01 0b001e01 10001 100 1048576 33591562 83937 21368
0b001701 0b001401 10001 100 1048576 33591562 83937 21368
0b001c01 0b001d01 10001 100 1048576 33591562 83937 21368
0b001601 0b001701 10001 100 1048576 33591562 83937 21368
0b001b01 0b001801 10001 100 1048576 33591562 83937 21368
0b001501 0b001601 10001 100 1048576 33591562 83937 21368
0b000f01 0b000c01 10001 100 1048576 33591562 83937 21368
0b001a01 0b001b01 10001 100 1048576 33591562 83937 21368
0b000e01 0b000f01 10001 100 1048576 33591562 83937 21368
0b001401 0b001501 10001 100 1048576 33591562 83937 21368
0b001901 0b001a01 10001 100 1048576 33591562 83937 21368
0b001301 0b001001 10001 100 1048576 33591562 83937 21368
0b000d01 0b000e01 10001 100 1048576 33591562 83937 21368
0b001801 0b001901 10001 100 1048576 33591562 83937 21368
0b001201 0b001301 10001 100 1048576 33591562 83937 21368
0b000c01 0b000d01 10001 100 1048576 33591562 83937 21368
0b000701 0b000401 10001 100 1048576 33591562 83937 21368
0b000b01 0b000801 10001 100 1048576 33591562 83937 21368
0b001101 0b001201 10001 100 1048576 33591562 83937 21368
0b000601 0b000701 10001 100 1048576 33591562 83937 21368
0b000a01 0b000b01 10001 100 1048576 33591562 83937 21368
0b000501 0b000601 10001 100 1048576 33591562 83937 21368
0b001001 0b001101 10001 100 1048576 33591562 83937 21368
0b000901 0b000a01 10001 100 1048576 33591562 83937 21368
0b000401 0b000501 10001 100 1048576 33591562 83937 21368
0b000801 0b000901 10001 100 1048576 33591562 83937 21368
0b000301 0b000001 10001 100 1048576 33591562 83937 21368
0b000201 0b000301 10001 100 1048576 33591562 83937 21368
0b000101 0b000201 10001 100 1048576 33591562 83937 21368
0b000001 0b000101 10001 100 1048576 33591562 83937 21368
0b001f01 0b001c01 10000 100 1048576 33591562 84019 21368
0b001e01 0b001f01 10000 100 1048576 33591562 84019 21368
0b001d01 0b001e01 10000 100 1048576 33591562 84019 21368
0b001c01 0b001d01 10000 100 1048576 33591562 84019 21368
0b001b01 0b001801 10000 100 1048576 33591562 84019 21368
0b001701 0b001401 10000 100 1048576 33591562 84019 21368
0b001a01 0b001b01 10000 100 1048576 33591562 84019 21368
0b001601 0b001701 10000 100 1048576 33591562 84019 21368
0b001901 0b001a01 10000 100 1048576 33591562 84019 21368
0b000f01 0b000c01 10000 100 1048576 33591562 84019 21368
0b001501 0b001601 10000 100 1048576 33591562 84019 21368
0b001801 0b001901 10000 100 1048576 33591562 84019 21368
0b000e01 0b000f01 10000 100 1048576 33591562 84019 21368
0b001401 0b001501 10000 100 1048576 33591562 84019 21368
0b000d01 0b000e01 10000 100 1048576 33591562 84019 21368
0b000701 0b000401 10000 100 1048576 33591562 84019 21368
0b001301 0b001001 10000 100 1048576 33591562 84019 21368
0b000c01 0b000d01 10000 100 1048576 33591562 84019 21368
0b001201 0b001301 10000 100 1048576 33591562 84019 21368
0b000b01 0b000801 10000 100 1048576 33591562 84019 21368
0b000601 0b000701 10000 100 1048576 33591562 84019 21368
0b001101 0b001201 10000 100 1048576 33591562 84019 21368
0b000a01 0b000b01 10000 100 1048576 33591562 84019 21368
0b000501 0b000601 10000 100 1048576 33591562 84019 21368
0b001001 0b001101 10000 100 1048576 33591562 84019 21368
0b000901 0b000a01 10000 100 1048576 33591562 84019 21368
0b000401 0b000501 10000 100 1048576 33591562 84019 21368
0b000801 0b000901 10000 100 1048576 33591562 84019 21368
0b000301 0b000001 10000 100 1048576 33591562 84019 21368
0b000201 0b000301 10000 100 1048576 33591562 84019 21368
0b000101 0b000201 10000 100 1048576 33591562 84019 21368
0b000001 0b000101 10000 100 1048576 33591562 84019 21368
0b001401 0b001501 10004 100 1048576 33681345 83773 21368
0b001c01 0b001d01 10004 100 1048576 33681345 83773 21368
0b001701 0b001401 10004 100 1048576 33681345 83773 21368
0b001f01 0b001c01 10004 100 1048576 33681345 83773 21368
0b001601 0b001701 10004 100 1048576 33681345 83773 21368
0b001e01 0b001f01 10004 100 1048576 33681345 83773 21368
0b001501 0b001601 10004 100 1048576 33681345 83773 21368
0b001d01 0b001e01 10004 100 1048576 33681345 83773 21368
0b001001 0b001101 10004 100 1048576 33681345 83773 21368
0b001801 0b001901 10004 100 1048576 33681345 83773 21368
0b001301 0b001001 10004 100 1048576 33681345 83773 21368
0b001201 0b001301 10004 100 1048576 33681345 83773 21368
0b001b01 0b001801 10004 100 1048576 33681345 83773 21368
0b001a01 0b001b01 10004 100 1048576 33681345 83773 21368
0b001101 0b001201 10004 100 1048576 33681345 83773 21368
0b001901 0b001a01 10004 100 1048576 33681345 83773 21368
0b000401 0b000501 10004 100 1048576 33681345 83773 21368
0b000c01 0b000d01 10004 100 1048576 33681345 83773 21368
0b000701 0b000401 10004 100 1048576 33681345 83773 21368
0b000f01 0b000c01 10004 100 1048576 33681345 83773 21368
0b000601 0b000701 10004 100 1048576 33681345 83773 21368
0b000e01 0b000f01 10004 100 1048576 33681345 83773 21368
0b000501 0b000601 10004 100 1048576 33681345 83773 21368
0b000001 0b000101 10004 100 1048576 33681345 83773 21368
0b000d01 0b000e01 10004 100 1048576 33681345 83773 21368
0b000301 0b000001 10004 100 1048576 33681345 83773 21368
0b000801 0b000901 10004 100 1048576 33681345 83773 21368
0b000201 0b000301 10004 100 1048576 33681345 83773 21368
0b000b01 0b000801 10004 100 1048576 33681345 83773 21368
0b000101 0b000201 10004 100 1048576 33681345 83773 21368
0b000a01 0b000b01 10004 100 1048576 33681345 83773 21368
0b001c01 0b001d01 10005 100 1048576 33681427 83773 21368
0b000901 0b000a01 10004 100 1048576 33681345 83773 21368
0b001401 0b001501 10005 100 1048576 33681427 83773 21368
0b001f01 0b001c01 10005 100 1048576 33681427 83773 21368
0b001701 0b001401 10005 100 1048576 33681427 83773 21368
0b001e01 0b001f01 10005 100 1048576 33681427 83773 21368
0b001601 0b001701 10005 100 1048576 33681427 83773 21368
0b001d01 0b001e01 10005 100 1048576 33681427 83773 21368
0b001501 0b001601 10005 100 1048576 33681427 83773 21368
0b001801 0b001901 10005 100 1048576 33681427 83773 21368
0b001001 0b001101 10005 100 1048576 33681427 83773 21368
0b001b01 0b001801 10005 100 1048576 33681427 83773 21368
0b001301 0b001001 10005 100 1048576 33681427 83773 21368
0b001a01 0b001b01 10005 100 1048576 33681427 83773 21368
0b001201 0b001301 10005 100 1048576 33681427 83773 21368
0b001901 0b001a01 10005 100 1048576 33681427 83773 21368
0b001101 0b001201 10005 100 1048576 33681427 83773 21368
0b000401 0b000501 10005 100 1048576 33681427 83773 21368
0b000701 0b000401 10005 100 1048576 33681427 83773 21368
0b000601 0b000701 10005 100 1048576 33681427 83773 21368
0b000c01 0b000d01 10005 100 1048576 33681427 83773 21368
0b000501 0b000601 10005 100 1048576 33681427 83773 21368
0b000f01 0b000c01 10005 100 1048576 33681427 83773 21368
0b000001 0b000101 10005 100 1048576 33681427 83773 21368
0b000e01 0b000f01 10005 100 1048576 33681427 83773 21368
0b000301 0b000001 10005 100 1048576 33681427 83773 21368
0b000d01 0b000e01 10005 100 1048576 33681427 83773 21368
0b000201 0b000301 10005 100 1048576 33681427 83773 21368
0b000801 0b000901 10005 100 1048576 33681427 83773 21368
0b000101 0b000201 10005 100 1048576 33681427 83773 21368
0b000b01 0b000801 10005 100 1048576 33681427 83773 21368
0b000a01 0b000b01 10005 100 1048576 33681427 83773 21368
0b000901 0b000a01 10005 100 1048576 33681427 83773 21368
0b001401 0b001501 10006 100 1048576 33681509 83773 21368
0b001c01 0b001d01 10006 100 1048576 33681509 83773 21368
0b001701 0b001401 10006 100 1048576 33681509 83773 21368
0b001f01 0b001c01 10006 100 1048576 33681509 83773 21368
0b001601 0b001701 10006 100 1048576 33681509 83773 21368
0b001e01 0b001f01 10006 100 1048576 33681509 83773 21368
0b001d01 0b001e01 10006 100 1048576 33681509 83773 21368
0b001501 0b001601 10006 100 1048576 33681509 83773 21368
0b001001 0b001101 10006 100 1048576 33681509 83773 21368
0b001801 0b001901 10006 100 1048576 33681509 83773 21368
0b001301 0b001001 10006 100 1048576 33681509 83773 21368
0b001b01 0b001801 10006 100 1048576 33681509 83773 21368
0b001201 0b001301 10006 100 1048576 33681509 83773 21368
0b001a01 0b001b01 10006 100 1048576 33681509 83773 21368
0b001101 0b001201 10006 100 1048576 33681509 83773 21368
0b001901 0b001a01 10006 100 1048576 33681509 83773 21368
0b000401 0b000501 10006 100 1048576 33681509 83773 21368
0b000701 0b000401 10006 100 1048576 33681509 83773 21368
0b000601 0b000701 10006 100 1048576 33681509 83773 21368
0b000501 0b000601 10006 100 1048576 33681509 83773 21368
0b000001 0b000101 10006 100 1048576 33681509 83773 21368
0b000301 0b000001 10006 100 1048576 33681509 83773 21368
0b000c01 0b000d01 10006 100 1048576 33681509 83773 21368
0b000201 0b000301 10006 100 1048576 33681509 83773 21368
0b000f01 0b000c01 10006 100 1048576 33681509 83773 21368
0b000e01 0b000f01 10006 100 1048576 33681509 83773 21368
0b000101 0b000201 10006 100 1048576 33681509 83773 21368
0b000d01 0b000e01 10006 100 1048576 33681509 83773 21368
0b000801 0b000901 10006 100 1048576 33681509 83773 21368
0b000b01 0b000801 10006 100 1048576 33681509 83773 21368
0b000a01 0b000b01 10006 100 1048576 33681509 83773 21368
0b000901 0b000a01 10006 100 1048576 33681509 83773 21368
0b001c01 0b001d01 10007 100 1048576 33681591 83773 21368
0b001401 0b001501 10007 100 1048576 33681591 83773 21368
0b001f01 0b001c01 10007 100 1048576 33681591 83773 21368
0b001701 0b001401 10007 100 1048576 33681591 83773 21368
0b001601 0b001701 10007 100 1048576 33681591 83773 21368
0b001e01 0b001f01 10007 100 1048576 33681591 83773 21368
0b001d01 0b001e01 10007 100 1048576 33681591 83773 21368
0b001501 0b001601 10007 100 1048576 33681591 83773 21368
0b001801 0b001901 10007 100 1048576 33681591 83773 21368
0b001001 0b001101 10007 100 1048576 33681591 83773 21368
0b001b01 0b001801 10007 100 1048576 33681591 83773 21368
0b001301 0b001001 10007 100 1048576 33681591 83773 21368
0b001201 0b001301 10007 100 1048576 33681591 83773 21368
0b001a01 0b001b01 10007 100 1048576 33681591 83773 21368
0b001101 0b001201 10007 100 1048576 33681591 83773 21368
0b001901 0b001a01 10007 100 1048576 33681591 83773 21368
0b000401 0b000501 10007 100 1048576 33681591 83773 21368
0b000701 0b000401 10007 100 1048576 33681591 83773 21368
0b000601 0b000701 10007 100 1048576 33681591 83773 21368
0b000501 0b000601 10007 100 1048576 33681591 83773 21368
0b000001 0b000101 10007 100 1048576 33681591 83773 21368
0b000c01 0b000d01 10007 100 1048576 33681591 83773 21368
0b000f01 0b000c01 10007 100 1048576 33681591 83773 21368
0b000301 0b000001 10007 100 1048576 33681591 83773 21368
0b000e01 0b000f01 10007 100 1048576 33681591 83773 21368
0b000201 0b000301 10007 100 1048576 33681591 83773 21368
0b000d01 0b000e01 10007 100 1048576 33681591 83773 21368
0b000101 0b000201 10007 100 1048576 33681591 83773 21368
0b000801 0b000901 10007 100 1048576 33681591 83773 21368
0b000b01 0b000801 10007 100 1048576 33681591 83773 21368
0b000a01 0b000b01 10007 100 1048576 33681591 83773 21368
0b000901 0b000a01 10007 100 1048576 33681591 83773 21368
0b000501 0b000601 10008 100 1048576 33771128 83773 21368
0b001d01 0b001e01 10008 100 1048576 33771128 83773 21368
0b000401 0b000501 10008 100 1048576 33771128 83773 21368
0b001c01 0b001d01 10008 100 1048576 33771128 83773 21368
0b000701 0b000401 10008 100 1048576 33771128 83773 21368
0b000601 0b000701 10008 100 1048576 33771128 83773 21368
0b001f01 0b001c01 10008 100 1048576 33771128 83773 21368
0b000101 0b000201 10008 100 1048576 33771128 83773 21368
0b001e01 0b001f01 10008 100 1048576 33771128 83773 21368
0b000001 0b000101 10008 100 1048576 33771128 83773 21368
0b001901 0b001a01 10008 100 1048576 33771128 83773 21368
0b000301 0b000001 10008 100 1048576 33771128 83773 21368
0b001801 0b001901 10008 100 1048576 33771128 83773 21368
0b000201 0b000301 10008 100 1048576 33771128 83773 21368
0b001b01 0b001801 10008 100 1048576 33771128 83773 21368
0b001a01 0b001b01 10008 100 1048576 33771128 83773 21368
0b000d01 0b000e01 10008 100 1048576 33771128 83773 21368
0b001501 0b001601 10008 100 1048576 33771128 83773 21368
0b000c01 0b000d01 10008 100 1048576 33771128 83773 21368
0b001401 0b001501 10008 100 1048576 33771128 83773 21368
0b000f01 0b000c01 10008 100 1048576 33771128 83773 21368
0b001701 0b001401 10008 100 1048576 33771128 83773 21368
0b000e01 0b000f01 10008 100 1048576 33771128 83773 21368
0b001601 0b001701 10008 100 1048576 33771128 83773 21368
0b001101 0b001201 10008 100 1048576 33771128 83773 21368
0b000901 0b000a01 10008 100 1048576 33771128 83773 21368
0b001001 0b001101 10008 100 1048576 33771128 83773 21368
0b000801 0b000901 10008 100 1048576 33771128 83773 21368
0b001301 0b001001 10008 100 1048576 33771128 83773 21368
0b000b01 0b000801 10008 100 1048576 33771128 83773 21368
0b001201 0b001301 10008 100 1048576 33771128 83773 21368
0b000501 0b000601 10009 100 1048576 33771210 83773 21368
0b000a01 0b000b01 10008 100 1048576 33771128 83773 21368
0b000401 0b000501 10009 100 1048576 33771210 83773 21368
0b001d01 0b001e01 10009 100 1048576 33771210 83773 21368
0b000701 0b000401 10009 100 1048576 33771210 83773 21368
0b001c01 0b001d01 10009 100 1048576 33771210 83773 21368
0b000601 0b000701 10009 100 1048576 33771210 83773 21368
0b000101 0b000201 10009 100 1048576 33771210 83773 21368
0b001f01 0b001c01 10009 100 1048576 33771210 83773 21368
0b000001 0b000101 10009 100 1048576 33771210 83773 21368
0b001e01 0b001f01 10009 100 1048576 33771210 83773 21368
0b000301 0b000001 10009 100 1048576 33771210 83773 21368
0b001901 0b001a01 10009 100 1048576 33771210 83773 21368
0b000201 0b000301 10009 100 1048576 33771210 83773 21368
0b001801 0b001901 10009 100 1048576 33771210 83773 21368
0b001b01 0b001801 10009 100 1048576 33771210 83773 21368
0b001a01 0b001b01 10009 100 1048576 33771210 83773 21368
0b000501 0b000601 10010 100 1048576 33771292 83773 21368
0b000401 0b000501 10010 100 1048576 33771292 83773 21368
0b000701 0b000401 10010 100 1048576 33771292 83773 21368
0b000601 0b000701 10010 100 1048576 33771292 83773 21368
0b000101 0b000201 10010 100 1048576 33771292 83773 21368
0b001501 0b001601 10009 100 1048576 33771210 83773 21368
0b000001 0b000101 10010 100 1048576 33771292 83773 21368
0b000301 0b000001 10010 100 1048576 33771292 83773 21368
0b000201 0b000301 10010 100 1048576 33771292 83773 21368
0b001401 0b001501 10009 100 1048576 33771210 83773 21368
0b000d01 0b000e01 10009 100 1048576 33771210 83773 21368
0b000c01 0b000d01 10009 100 1048576 33771210 83773 21368
0b001701 0b001401 10009 100 1048576 33771210 83773 21368
0b000f01 0b000c01 10009 100 1048576 33771210 83773 21368
0b001601 0b001701 10009 100 1048576 33771210 83773 21368
0b000e01 0b000f01 10009 100 1048576 33771210 83773 21368
0b001101 0b001201 10009 100 1048576 33771210 83773 21368
0b000901 0b000a01 10009 100 1048576 33771210 83773 21368
0b001001 0b001101 10009 100 1048576 33771210 83773 21368
0b000801 0b000901 10009 100 1048576 33771210 83773 21368
0b001301 0b001001 10009 100 1048576 33771210 83773 21368
0b001d01 0b001e01 10010 100 1048576 33771292 83773 21368
0b001201 0b001301 10009 100 1048576 33771210 83773 21368
0b001c01 0b001d01 10010 100 1048576 33771292 83773 21368
0b000b01 0b000801 10009 100 1048576 33771210 83773 21368
0b001f01 0b001c01 10010 100 1048576 33771292 83773 21368
0b000a01 0b000b01 10009 100 1048576 33771210 83773 21368
0b001e01 0b001f01 10010 100 1048576 33771292 83773 21368
0b001901 0b001a01 10010 100 1048576 33771292 83773 21368
0b001801 0b001901 10010 100 1048576 33771292 83773 21368
0b000501 0b000601 10011 100 1048576 33771374 83773 21368
0b001b01 0b001801 10010 100 1048576 33771292 83773 21368
0b000401 0b000501 10011 100 1048576 33771374 83773 21368
0b001a01 0b001b01 10010 100 1048576 33771292 83773 21368
0b000701 0b000401 10011 100 1048576 33771374 83773 21368
0b000601 0b000701 10011 100 1048576 33771374 83773 21368
0b000101 0b000201 10011 100 1048576 33771374 83773 21368
0b000001 0b000101 10011 100 1048576 33771374 83773 21368
0b000301 0b000001 10011 100 1048576 33771374 83773 21368
0b000201 0b000301 10011 100 1048576 33771374 83773 21368
0b001d01 0b001e01 10011 100 1048576 33771374 83773 21368
0b001c01 0b001d01 10011 100 1048576 33771374 83773 21368
0b001f01 0b001c01 10011 100 1048576 33771374 83773 21368
0b001e01 0b001f01 10011 100 1048576 33771374 83773 21368
0b001901 0b001a01 10011 100 1048576 33771374 83773 21368
0b001801 0b001901 10011 100 1048576 33771374 83773 21368
0b001b01 0b001801 10011 100 1048576 33771374 83773 21368
0b000d01 0b000e01 10010 100 1048576 33771292 83773 21368
0b001501 0b001601 10010 100 1048576 33771292 83773 21368
0b001a01 0b001b01 10011 100 1048576 33771374 83773 21368
0b001401 0b001501 10010 100 1048576 33771292 83773 21368
0b000c01 0b000d01 10010 100 1048576 33771292 83773 21368
0b001701 0b001401 10010 100 1048576 33771292 83773 21368
0b000f01 0b000c01 10010 100 1048576 33771292 83773 21368
0b000e01 0b000f01 10010 100 1048576 33771292 83773 21368
0b001601 0b001701 10010 100 1048576 33771292 83773 21368
0b000901 0b000a01 10010 100 1048576 33771292 83773 21368
0b001101 0b001201 10010 100 1048576 33771292 83773 21368
0b000801 0b000901 10010 100 1048576 33771292 83773 21368
0b001001 0b001101 10010 100 1048576 33771292 83773 21368
0b000b01 0b000801 10010 100 1048576 33771292 83773 21368
0b001301 0b001001 10010 100 1048576 33771292 83773 21368
0b000a01 0b000b01 10010 100 1048576 33771292 83773 21368
0b001201 0b001301 10010 100 1048576 33771292 83773 21368
0b000d01 0b000e01 10011 100 1048576 33771374 83773 21368
0b001501 0b001601 10011 100 1048576 33771374 83773 21368
0b000c01 0b000d01 10011 100 1048576 33771374 83773 21368
0b001401 0b001501 10011 100 1048576 33771374 83773 21368
0b000f01 0b000c01 10011 100 1048576 33771374 83773 21368
0b001701 0b001401 10011 100 1048576 33771374 83773 21368
0b000e01 0b000f01 10011 100 1048576 33771374 83773 21368
0b001601 0b001701 10011 100 1048576 33771374 83773 21368
0b000901 0b000a01 10011 100 1048576 33771374 83773 21368
0b001101 0b001201 10011 100 1048576 33771374 83773 21368
0b000801 0b000901 10011 100 1048576 33771374 83773 21368
0b001001 0b001101 10011 100 1048576 33771374 83773 21368
0b000b01 0b000801 10011 100 1048576 33771374 83773 21368
0b001301 0b001001 10011 100 1048576 33771374 83773 21368
0b000a01 0b000b01 10011 100 1048576 33771374 83773 21368
0b001201 0b001301 10011 100 1048576 33771374 83773 21368
0b001601 0b001701 10012 100 1048576 33860911 83773 21368
0b001e01 0b001f01 10012 100 1048576 33860911 83773 21368
0b001501 0b001601 10012 100 1048576 33860911 83773 21368
0b001d01 0b001e01 10012 100 1048576 33860911 83773 21368
0b001401 0b001501 10012 100 1048576 33860911 83773 21368
0b001c01 0b001d01 10012 100 1048576 33860911 83773 21368
0b001701 0b001401 10012 100 1048576 33860911 83773 21368
0b001f01 0b001c01 10012 100 1048576 33860911 83773 21368
0b001a01 0b001b01 10012 100 1048576 33860911 83773 21368
0b001201 0b001301 10012 100 1048576 33860911 83773 21368
0b001901 0b001a01 10012 100 1048576 33860911 83773 21368
0b001101 0b001201 10012 100 1048576 33860911 83773 21368
0b001801 0b001901 10012 100 1048576 33860911 83773 21368
0b001001 0b001101 10012 100 1048576 33860911 83773 21368
0b001b01 0b001801 10012 100 1048576 33860911 83773 21368
0b001301 0b001001 10012 100 1048576 33860911 83773 21368
0b000601 0b000701 10012 100 1048576 33860911 83773 21368
0b000e01 0b000f01 10012 100 1048576 33860911 83773 21368
0b000501 0b000601 10012 100 1048576 33860911 83773 21368
0b000d01 0b000e01 10012 100 1048576 33860911 83773 21368
0b000401 0b000501 10012 100 1048576 33860911 83773 21368
0b000c01 0b000d01 10012 100 1048576 33860911 83773 21368
0b000701 0b000401 10012 100 1048576 33860911 83773 21368
0b000f01 0b000c01 10012 100 1048576 33860911 83773 21368
0b000201 0b000301 10012 100 1048576 33860911 83773 21368
0b000a01 0b000b01 10012 100 1048576 33860911 83773 21368
0b000101 0b000201 10012 100 1048576 33860911 83773 21368
0b000901 0b000a01 10012 100 1048576 33860911 83773 21368
0b000001 0b000101 10012 100 1048576 33860911 83773 21368
0b001e01 0b001f01 10013 100 1048576 33860993 83773 21368
0b000801 0b000901 10012 100 1048576 33860911 83773 21368
0b001d01 0b001e01 10013 100 1048576 33860993 83773 21368
0b001601 0b001701 10013 100 1048576 33860993 83773 21368
0b000301 0b000001 10012 100 1048576 33860911 83773 21368
0b001c01 0b001d01 10013 100 1048576 33860993 83773 21368
0b001501 0b001601 10013 100 1048576 33860993 83773 21368
0b000b01 0b000801 10012 100 1048576 33860911 83773 21368
0b001f01 0b001c01 10013 100 1048576 33860993 83773 21368
0b001401 0b001501 10013 100 1048576 33860993 83773 21368
0b001701 0b001401 10013 100 1048576 33860993 83773 21368
0b001a01 0b001b01 10013 100 1048576 33860993 83773 21368
0b001201 0b001301 10013 100 1048576 33860993 83773 21368
0b001901 0b001a01 10013 100 1048576 33860993 83773 21368
0b001101 0b001201 10013 100 1048576 33860993 83773 21368
0b001801 0b001901 10013 100 1048576 33860993 83773 21368
0b001001 0b001101 10013 100 1048576 33860993 83773 21368
0b001b01 0b001801 10013 100 1048576 33860993 83773 21368
0b001301 0b001001 10013 100 1048576 33860993 83773 21368
0b001601 0b001701 10014 100 1048576 33861075 83773 21368
0b001501 0b001601 10014 100 1048576 33861075 83773 21368
0b001401 0b001501 10014 100 1048576 33861075 83773 21368
0b000e01 0b000f01 10013 100 1048576 33860993 83773 21368
0b000601 0b000701 10013 100 1048576 33860993 83773 21368
0b001701 0b001401 10014 100 1048576 33861075 83773 21368
0b000d01 0b000e01 10013 100 1048576 33860993 83773 21368
0b001201 0b001301 10014 100 1048576 33861075 83773 21368
0b000501 0b000601 10013 100 1048576 33860993 83773 21368
0b001101 0b001201 10014 100 1048576 33861075 83773 21368
0b000401 0b000501 10013 100 1048576 33860993 83773 21368
0b000c01 0b000d01 10013 100 1048576 33860993 83773 21368
0b001001 0b001101 10014 100 1048576 33861075 83773 21368
0b000f01 0b000c01 10013 100 1048576 33860993 83773 21368
0b001e01 0b001f01 10014 100 1048576 33861075 83773 21368
0b000701 0b000401 10013 100 1048576 33860993 83773 21368
0b001d01 0b001e01 10014 100 1048576 33861075 83773 21368
0b000a01 0b000b01 10013 100 1048576 33860993 83773 21368
0b001301 0b001001 10014 100 1048576 33861075 83773 21368
0b000201 0b000301 10013 100 1048576 33860993 83773 21368
0b000901 0b000a01 10013 100 1048576 33860993 83773 21368
0b001c01 0b001d01 10014 100 1048576 33861075 83773 21368
0b001f01 0b001c01 10014 100 1048576 33861075 83773 21368
0b000801 0b000901 10013 100 1048576 33860993 83773 21368
0b000101 0b000201 10013 100 1048576 33860993 83773 21368
0b000b01 0b000801 10013 100 1048576 33860993 83773 21368
0b001a01 0b001b01 10014 100 1048576 33861075 83773 21368
0b000001 0b000101 10013 100 1048576 33860993 83773 21368
0b000301 0b000001 10013 100 1048576 33860993 83773 21368
0b001901 0b001a01 10014 100 1048576 33861075 83773 21368
0b001801 0b001901 10014 100 1048576 33861075 83773 21368
0b001b01 0b001801 10014 100 1048576 33861075 83773 21368
0b001601 0b001701 10015 100 1048576 33861157 83773 21368
0b001501 0b001601 10015 100 1048576 33861157 83773 21368
0b001401 0b001501 10015 100 1048576 33861157 83773 21368
0b001701 0b001401 10015 100 1048576 33861157 83773 21368
0b001201 0b001301 10015 100 1048576 33861157 83773 21368
0b001101 0b001201 10015 100 1048576 33861157 83773 21368
0b001001 0b001101 10015 100 1048576 33861157 83773 21368
0b001301 0b001001 10015 100 1048576 33861157 83773 21368
0b000601 0b000701 10014 100 1048576 33861075 83773 21368
0b000e01 0b000f01 10014 100 1048576 33861075 83773 21368
0b000501 0b000601 10014 100 1048576 33861075 83773 21368
0b000d01 0b000e01 10014 100 1048576 33861075 83773 21368
0b001e01 0b001f01 10015 100 1048576 33861157 83773 21368
0b000401 0b000501 10014 100 1048576 33861075 83773 21368
0b000c01 0b000d01 10014 100 1048576 33861075 83773 21368
0b001d01 0b001e01 10015 100 1048576 33861157 83773 21368
0b000701 0b000401 10014 100 1048576 33861075 83773 21368
0b000f01 0b000c01 10014 100 1048576 33861075 83773 21368
0b000201 0b000301 10014 100 1048576 33861075 83773 21368
0b001c01 0b001d01 10015 100 1048576 33861157 83773 21368
0b000a01 0b000b01 10014 100 1048576 33861075 83773 21368
0b000101 0b000201 10014 100 1048576 33861075 83773 21368
0b001f01 0b001c01 10015 100 1048576 33861157 83773 21368
0b000901 0b000a01 10014 100 1048576 33861075 83773 21368
0b000001 0b000101 10014 100 1048576 33861075 83773 21368
0b001a01 0b001b01 10015 100 1048576 33861157 83773 21368
0b000801 0b000901 10014 100 1048576 33861075 83773 21368
0b001901 0b001a01 10015 100 1048576 33861157 83773 21368
0b000b01 0b000801 10014 100 1048576 33861075 83773 21368
0b000301 0b000001 10014 100 1048576 33861075 83773 21368
0b001801 0b001901 10015 100 1048576 33861157 83773 21368
0b001b01 0b001801 10015 100 1048576 33861157 83773 21368
0b000601 0b000701 10015 100 1048576 33861157 83773 21368
0b000e01 0b000f01 10015 100 1048576 33861157 83773 21368
0b000501 0b000601 10015 100 1048576 33861157 83773 21368
0b000d01 0b000e01 10015 100 1048576 33861157 83773 21368
0b000401 0b000501 10015 100 1048576 33861157 83773 21368
0b000c01 0b000d01 10015 100 1048576 33861157 83773 21368
0b000701 0b000401 10015 100 1048576 33861157 83773 21368
0b000f01 0b000c01 10015 100 1048576 33861157 83773 21368
0b000201 0b000301 10015 100 1048576 33861157 83773 21368
0b000a01 0b000b01 10015 100 1048576 33861157 83773 21368
0b000101 0b000201 10015 100 1048576 33861157 83773 21368
0b000901 0b000a01 10015 100 1048576 33861157 83773 21368
0b000001 0b000101 10015 100 1048576 33861157 83773 21368
0b000801 0b000901 10015 100 1048576 33861157 83773 21368
0b000301 0b000001 10015 100 1048576 33861157 83773 21368
0b000b01 0b000801 10015 100 1048576 33861157 83773 21368
0b001701 0b001401 10016 100 1048576 33950694 83773 21368
0b001f01 0b001c01 10016 100 1048576 33950694 83773 21368
0b000f01 0b000c01 10016 100 1048576 33950694 83773 21368
0b001601 0b001701 10016 100 1048576 33950694 83773 21368
0b001e01 0b001f01 10016 100 1048576 33950694 83773 21368
0b000e01 0b000f01 10016 100 1048576 33950694 83773 21368
0b001d01 0b001e01 10016 100 1048576 33950694 83773 21368
0b001501 0b001601 10016 100 1048576 33950694 83773 21368
0b001c01 0b001d01 10016 100 1048576 33950694 83773 21368
0b000d01 0b000e01 10016 100 1048576 33950694 83773 21368
0b001401 0b001501 10016 100 1048576 33950694 83773 21368
0b001b01 0b001801 10016 100 1048576 33950694 83773 21368
0b000c01 0b000d01 10016 100 1048576 33950694 83773 21368
0b001301 0b001001 10016 100 1048576 33950694 83773 21368
0b001a01 0b001b01 10016 100 1048576 33950694 83773 21368
0b000b01 0b000801 10016 100 1048576 33950694 83773 21368
0b001201 0b001301 10016 100 1048576 33950694 83773 21368
0b001901 0b001a01 10016 100 1048576 33950694 83773 21368
0b000a01 0b000b01 10016 100 1048576 33950694 83773 21368
0b001101 0b001201 10016 100 1048576 33950694 83773 21368
0b001801 0b001901 10016 100 1048576 33950694 83773 21368
0b000901 0b000a01 10016 100 1048576 33950694 83773 21368
0b001001 0b001101 10016 100 1048576 33950694 83773 21368
0b000801 0b000901 10016 100 1048576 33950694 83773 21368
0b000701 0b000401 10016 100 1048576 33950694 83773 21368
0b000601 0b000701 10016 100 1048576 33950694 83773 21368
0b000501 0b000601 10016 100 1048576 33950694 83773 21368
0b000401 0b000501 10016 100 1048576 33950694 83773 21368
0b000301 0b000001 10016 100 1048576 33950694 83773 21368
0b000201 0b000301 10016 100 1048576 33950694 83773 21368
0b000101 0b000201 10016 100 1048576 33950694 83773 21368
0b000001 0b000101 10016 100 1048576 33950694 83773 21368
0b000f01 0b000c01 10017 100 1048576 33950776 83773 21368
0b000e01 0b000f01 10017 100 1048576 33950776 83773 21368
0b001701 0b001401 10017 100 1048576 33950776 83773 21368
0b001f01 0b001c01 10017 100 1048576 33950776 83773 21368
0b000d01 0b000e01 10017 100 1048576 33950776 83773 21368
0b001601 0b001701 10017 100 1048576 33950776 83773 21368
0b001e01 0b001f01 10017 100 1048576 33950776 83773 21368
0b000c01 0b000d01 10017 100 1048576 33950776 83773 21368
0b001501 0b001601 10017 100 1048576 33950776 83773 21368
0b000b01 0b000801 10017 100 1048576 33950776 83773 21368
0b001401 0b001501 10017 100 1048576 33950776 83773 21368
0b001d01 0b001e01 10017 100 1048576 33950776 83773 21368
0b000a01 0b000b01 10017 100 1048576 33950776 83773 21368
0b001301 0b001001 10017 100 1048576 33950776 83773 21368
0b001c01 0b001d01 10017 100 1048576 33950776 83773 21368
0b000901 0b000a01 10017 100 1048576 33950776 83773 21368
0b001201 0b001301 10017 100 1048576 33950776 83773 21368
0b001b01 0b001801 10017 100 1048576 33950776 83773 21368
0b001101 0b001201 10017 100 1048576 33950776 83773 21368
0b000801 0b000901 10017 100 1048576 33950776 83773 21368
0b001a01 0b001b01 10017 100 1048576 33950776 83773 21368
0b000701 0b000401 10017 100 1048576 33950776 83773 21368
0b001001 0b001101 10017 100 1048576 33950776 83773 21368
0b001901 0b001a01 10017 100 1048576 33950776 83773 21368
0b000601 0b000701 10017 100 1048576 33950776 83773 21368
0b001801 0b001901 10017 100 1048576 33950776 83773 21368
0b000501 0b000601 10017 100 1048576 33950776 83773 21368
0b000401 0b000501 10017 100 1048576 33950776 83773 21368
0b000301 0b000001 10017 100 1048576 33950776 83773 21368
0b000201 0b000301 10017 100 1048576 33950776 83773 21368
0b000101 0b000201 10017 100 1048576 33950776 83773 21368
0b000001 0b000101 10017 100 1048576 33950776 83773 21368
0b000701 0b000401 10018 100 1048576 33950858 83773 21368
0b000601 0b000701 10018 100 1048576 33950858 83773 21368
0b000501 0b000601 10018 100 1048576 33950858 83773 21368
0b000401 0b000501 10018 100 1048576 33950858 83773 21368
0b000301 0b000001 10018 100 1048576 33950858 83773 21368
0b000201 0b000301 10018 100 1048576 33950858 83773 21368
0b000101 0b000201 10018 100 1048576 33950858 83773 21368
0b000001 0b000101 10018 100 1048576 33950858 83773 21368
0b001701 0b001401 10018 100 1048576 33950858 83773 21368
0b000f01 0b000c01 10018 100 1048576 33950858 83773 21368
0b001601 0b001701 10018 100 1048576 33950858 83773 21368
0b000e01 0b000f01 10018 100 1048576 33950858 83773 21368
0b001501 0b001601 10018 100 1048576 33950858 83773 21368
0b000d01 0b000e01 10018 100 1048576 33950858 83773 21368
0b001f01 0b001c01 10018 100 1048576 33950858 83773 21368
0b001401 0b001501 10018 100 1048576 33950858 83773 21368
0b000c01 0b000d01 10018 100 1048576 33950858 83773 21368
0b001e01 0b001f01 10018 100 1048576 33950858 83773 21368
0b001301 0b001001 10018 100 1048576 33950858 83773 21368
0b001d01 0b001e01 10018 100 1048576 33950858 83773 21368
0b000b01 0b000801 10018 100 1048576 33950858 83773 21368
0b001201 0b001301 10018 100 1048576 33950858 83773 21368
0b001c01 0b001d01 10018 100 1048576 33950858 83773 21368
0b000a01 0b000b01 10018 100 1048576 33950858 83773 21368
0b001b01 0b001801 10018 100 1048576 33950858 83773 21368
0b001101 0b001201 10018 100 1048576 33950858 83773 21368
0b000901 0b000a01 10018 100 1048576 33950858 83773 21368
0b001a01 0b001b01 10018 100 1048576 33950858 83773 21368
0b000801 0b000901 10018 100 1048576 33950858 83773 21368
0b001001 0b001101 10018 100 1048576 33950858 83773 21368
0b001901 0b001a01 10018 100 1048576 33950858 83773 21368
0b001801 0b001901 10018 100 1048576 33950858 83773 21368
0b000701 0b000401 10019 100 1048576 33950940 83773 21368
0b000601 0b000701 10019 100 1048576 33950940 83773 21368
0b000501 0b000601 10019 100 1048576 33950940 83773 21368
0b000401 0b000501 10019 100 1048576 33950940 83773 21368
0b000301 0b000001 10019 100 1048576 33950940 83773 21368
0b000201 0b000301 10019 100 1048576 33950940 83773 21368
0b000101 0b000201 10019 100 1048576 33950940 83773 21368
0b000001 0b000101 10019 100 1048576 33950940 83773 21368
0b000f01 0b000c01 10019 100 1048576 33950940 83773 21368
0b001701 0b001401 10019 100 1048576 33950940 83773 21368
0b000e01 0b000f01 10019 100 1048576 33950940 83773 21368
0b001601 0b001701 10019 100 1048576 33950940 83773 21368
0b001f01 0b001c01 10019 100 1048576 33950940 83773 21368
0b000d01 0b000e01 10019 100 1048576 33950940 83773 21368
0b001501 0b001601 10019 100 1048576 33950940 83773 21368
0b001e01 0b001f01 10019 100 1048576 33950940 83773 21368
0b000c01 0b000d01 10019 100 1048576 33950940 83773 21368
0b001401 0b001501 10019 100 1048576 33950940 83773 21368
0b001d01 0b001e01 10019 100 1048576 33950940 83773 21368
0b000b01 0b000801 10019 100 1048576 33950940 83773 21368
0b001301 0b001001 10019 100 1048576 33950940 83773 21368
0b001c01 0b001d01 10019 100 1048576 33950940 83773 21368
0b000a01 0b000b01 10019 100 1048576 33950940 83773 21368
0b001201 0b001301 10019 100 1048576 33950940 83773 21368
0b001b01 0b001801 10019 100 1048576 33950940 83773 21368
0b000901 0b000a01 10019 100 1048576 33950940 83773 21368
0b001101 0b001201 10019 100 1048576 33950940 83773 21368
0b001a01 0b001b01 10019 100 1048576 33950940 83773 21368
0b000801 0b000901 10019 100 1048576 33950940 83773 21368
0b001001 0b001101 10019 100 1048576 33950940 83773 21368
0b001901 0b001a01 10019 100 1048576 33950940 83773 21368
0b001801 0b001901 10019 100 1048576 33950940 83773 21368
0b000401 0b000501 10020 100 1048576 34040477 83773 21368
0b001401 0b001501 10020 100 1048576 34040477 83773 21368
0b000c01 0b000d01 10020 100 1048576 34040477 83773 21368
0b001701 0b001401 10020 100 1048576 34040477 83773 21368
0b000701 0b000401 10020 100 1048576 34040477 83773 21368
0b000f01 0b000c01 10020 100 1048576 34040477 83773 21368
0b001601 0b001701 10020 100 1048576 34040477 83773 21368
0b000601 0b000701 10020 100 1048576 34040477 83773 21368
0b000e01 0b000f01 10020 100 1048576 34040477 83773 21368
0b001501 0b001601 10020 100 1048576 34040477 83773 21368
0b000501 0b000601 10020 100 1048576 34040477 83773 21368
0b000d01 0b000e01 10020 100 1048576 34040477 83773 21368
0b001c01 0b001d01 10020 100 1048576 34040477 83773 21368
0b001001 0b001101 10020 100 1048576 34040477 83773 21368
0b001f01 0b001c01 10020 100 1048576 34040477 83773 21368
0b000001 0b000101 10020 100 1048576 34040477 83773 21368
0b001e01 0b001f01 10020 100 1048576 34040477 83773 21368
0b000801 0b000901 10020 100 1048576 34040477 83773 21368
0b001301 0b001001 10020 100 1048576 34040477 83773 21368
0b001d01 0b001e01 10020 100 1048576 34040477 83773 21368
0b000b01 0b000801 10020 100 1048576 34040477 83773 21368
0b001801 0b001901 10020 100 1048576 34040477 83773 21368
0b001201 0b001301 10020 100 1048576 34040477 83773 21368
0b000301 0b000001 10020 100 1048576 34040477 83773 21368
0b001b01 0b001801 10020 100 1048576 34040477 83773 21368
0b000a01 0b000b01 10020 100 1048576 34040477 83773 21368
0b000201 0b000301 10020 100 1048576 34040477 83773 21368
0b001101 0b001201 10020 100 1048576 34040477 83773 21368
0b001a01 0b001b01 10020 100 1048576 34040477 83773 21368
0b000101 0b000201 10020 100 1048576 34040477 83773 21368
0b000901 0b000a01 10020 100 1048576 34040477 83773 21368
0b001901 0b001a01 10020 100 1048576 34040477 83773 21368
0b001401 0b001501 10021 100 1048576 34040559 83773 21368
0b001701 0b001401 10021 100 1048576 34040559 83773 21368
0b001601 0b001701 10021 100 1048576 34040559 83773 21368
0b001501 0b001601 10021 100 1048576 34040559 83773 21368
0b001001 0b001101 10021 100 1048576 34040559 83773 21368
0b001301 0b001001 10021 100 1048576 34040559 83773 21368
0b001201 0b001301 10021 100 1048576 34040559 83773 21368
0b001101 0b001201 10021 100 1048576 34040559 83773 21368
0b001c01 0b001d01 10021 100 1048576 34040559 83773 21368
0b001401 0b001501 10022 100 1048576 34040641 83773 21368
0b000c01 0b000d01 10021 100 1048576 34040559 83773 21368
0b000401 0b000501 10021 100 1048576 34040559 83773 21368
0b001701 0b001401 10022 100 1048576 34040641 83773 21368
0b001f01 0b001c01 10021 100 1048576 34040559 83773 21368
0b001601 0b001701 10022 100 1048576 34040641 83773 21368
0b000701 0b000401 10021 100 1048576 34040559 83773 21368
0b000f01 0b000c01 10021 100 1048576 34040559 83773 21368
0b001501 0b001601 10022 100 1048576 34040641 83773 21368
0b000601 0b000701 10021 100 1048576 34040559 83773 21368
0b000e01 0b000f01 10021 100 1048576 34040559 83773 21368
0b001e01 0b001f01 10021 100 1048576 34040559 83773 21368
0b000d01 0b000e01 10021 100 1048576 34040559 83773 21368
0b000501 0b000601 10021 100 1048576 34040559 83773 21368
0b001d01 0b001e01 10021 100 1048576 34040559 83773 21368
0b000801 0b000901 10021 100 1048576 34040559 83773 21368
0b001001 0b001101 10022 100 1048576 34040641 83773 21368
0b000001 0b000101 10021 100 1048576 34040559 83773 21368
0b001801 0b001901 10021 100 1048576 34040559 83773 21368
0b001301 0b001001 10022 100 1048576 34040641 83773 21368
0b001b01 0b001801 10021 100 1048576 34040559 83773 21368
0b001a01 0b001b01 10021 100 1048576 34040559 83773 21368
0b000301 0b000001 10021 100 1048576 34040559 83773 21368
0b001901 0b001a01 10021 100 1048576 34040559 83773 21368
0b000b01 0b000801 10021 100 1048576 34040559 83773 21368
0b000201 0b000301 10021 100 1048576 34040559 83773 21368
0b000a01 0b000b01 10021 100 1048576 34040559 83773 21368
0b001201 0b001301 10022 100 1048576 34040641 83773 21368
0b000101 0b000201 10021 100 1048576 34040559 83773 21368
0b000901 0b000a01 10021 100 1048576 34040559 83773 21368
0b001101 0b001201 10022 100 1048576 34040641 83773 21368
0b001c01 0b001d01 10022 100 1048576 34040641 83773 21368
0b001f01 0b001c01 10022 100 1048576 34040641 83773 21368
0b001e01 0b001f01 10022 100 1048576 34040641 83773 21368
0b001d01 0b001e01 10022 100 1048576 34040641 83773 21368
0b001801 0b001901 10022 100 1048576 34040641 83773 21368
0b001b01 0b001801 10022 100 1048576 34040641 83773 21368
0b001a01 0b001b01 10022 100 1048576 34040641 83773 21368
0b001901 0b001a01 10022 100 1048576 34040641 83773 21368
0b001c01 0b001d01 10023 100 1048576 34040723 83773 21368
0b001401 0b001501 10023 100 1048576 34040723 83773 21368
0b000401 0b000501 10022 100 1048576 34040641 83773 21368
0b001f01 0b001c01 10023 100 1048576 34040723 83773 21368
0b000701 0b000401 10022 100 1048576 34040641 83773 21368
0b000c01 0b000d01 10022 100 1048576 34040641 83773 21368
0b001e01 0b001f01 10023 100 1048576 34040723 83773 21368
0b000601 0b000701 10022 100 1048576 34040641 83773 21368
0b001701 0b001401 10023 100 1048576 34040723 83773 21368
0b000f01 0b000c01 10022 100 1048576 34040641 83773 21368
0b001d01 0b001e01 10023 100 1048576 34040723 83773 21368
0b000501 0b000601 10022 100 1048576 34040641 83773 21368
0b000e01 0b000f01 10022 100 1048576 34040641 83773 21368
0b000001 0b000101 10022 100 1048576 34040641 83773 21368
0b001601 0b001701 10023 100 1048576 34040723 83773 21368
0b001801 0b001901 10023 100 1048576 34040723 83773 21368
0b000301 0b000001 10022 100 1048576 34040641 83773 21368
0b000d01 0b000e01 10022 100 1048576 34040641 83773 21368
0b001501 0b001601 10023 100 1048576 34040723 83773 21368
0b000801 0b000901 10022 100 1048576 34040641 83773 21368
0b000201 0b000301 10022 100 1048576 34040641 83773 21368
0b001b01 0b001801 10023 100 1048576 34040723 83773 21368
0b000b01 0b000801 10022 100 1048576 34040641 83773 21368
0b000101 0b000201 10022 100 1048576 34040641 83773 21368
0b001001 0b001101 10023 100 1048576 34040723 83773 21368
0b000a01 0b000b01 10022 100 1048576 34040641 83773 21368
0b001a01 0b001b01 10023 100 1048576 34040723 83773 21368
0b000901 0b000a01 10022 100 1048576 34040641 83773 21368
0b001301 0b001001 10023 100 1048576 34040723 83773 21368
0b001901 0b001a01 10023 100 1048576 34040723 83773 21368
0b001201 0b001301 10023 100 1048576 34040723 83773 21368
0b001101 0b001201 10023 100 1048576 34040723 83773 21368
0b000401 0b000501 10023 100 1048576 34040723 83773 21368
0b000c01 0b000d01 10023 100 1048576 34040723 83773 21368
0b000701 0b000401 10023 100 1048576 34040723 83773 21368
0b000f01 0b000c01 10023 100 1048576 34040723 83773 21368
0b000601 0b000701 10023 100 1048576 34040723 83773 21368
0b000e01 0b000f01 10023 100 1048576 34040723 83773 21368
0b000501 0b000601 10023 100 1048576 34040723 83773 21368
0b000d01 0b000e01 10023 100 1048576 34040723 83773 21368
0b000001 0b000101 10023 100 1048576 34040723 83773 21368
0b000801 0b000901 10023 100 1048576 34040723 83773 21368
0b000301 0b000001 10023 100 1048576 34040723 83773 21368
0b000b01 0b000801 10023 100 1048576 34040723 83773 21368
0b000201 0b000301 10023 100 1048576 34040723 83773 21368
0b000a01 0b000b01 10023 100 1048576 34040723 83773 21368
0b000101 0b000201 10023 100 1048576 34040723 83773 21368
0b000901 0b000a01 10023 100 1048576 34040723 83773 21368
0b001501 0b001601 10024 100 1048576 34130608 83773 21368
0b000501 0b000601 10024 100 1048576 34130608 83773 21368
0b001401 0b001501 10024 100 1048576 34130608 83773 21368
0b000401 0b000501 10024 100 1048576 34130608 83773 21368
0b001701 0b001401 10024 100 1048576 34130608 83773 21368
0b000701 0b000401 10024 100 1048576 34130608 83773 21368
0b001601 0b001701 10024 100 1048576 34130608 83773 21368
0b000601 0b000701 10024 100 1048576 34130608 83773 21368
0b001101 0b001201 10024 100 1048576 34130608 83773 21368
0b000101 0b000201 10024 100 1048576 34130608 83773 21368
0b000001 0b000101 10024 100 1048576 34130608 83773 21368
0b001001 0b001101 10024 100 1048576 34130608 83773 21368
0b000301 0b000001 10024 100 1048576 34130608 83773 21368
0b001301 0b001001 10024 100 1048576 34130608 83773 21368
0b000201 0b000301 10024 100 1048576 34130608 83773 21368
0b001201 0b001301 10024 100 1048576 34130608 83773 21368
0b000d01 0b000e01 10024 100 1048576 34130608 83773 21368
0b001d01 0b001e01 10024 100 1048576 34130608 83773 21368
0b000c01 0b000d01 10024 100 1048576 34130608 83773 21368
0b001c01 0b001d01 10024 100 1048576 34130608 83773 21368
0b001f01 0b001c01 10024 100 1048576 34130608 83773 21368
0b000f01 0b000c01 10024 100 1048576 34130608 83773 21368
0b001e01 0b001f01 10024 100 1048576 34130608 83773 21368
0b000e01 0b000f01 10024 100 1048576 34130608 83773 21368
0b000901 0b000a01 10024 100 1048576 34130608 83773 21368
0b001901 0b001a01 10024 100 1048576 34130608 83773 21368
0b001501 0b001601 10025 100 1048576 34130608 83855 21368
0b000801 0b000901 10024 100 1048576 34130608 83773 21368
0b001801 0b001901 10024 100 1048576 34130608 83773 21368
0b001401 0b001501 10025 100 1048576 34130608 83855 21368
0b000b01 0b000801 10024 100 1048576 34130608 83773 21368
0b001701 0b001401 10025 100 1048576 34130608 83855 21368
0b000501 0b000601 10025 100 1048576 34130608 83855 21368
0b001b01 0b001801 10024 100 1048576 34130608 83773 21368
0b000a01 0b000b01 10024 100 1048576 34130608 83773 21368
0b001601 0b001701 10025 100 1048576 34130608 83855 21368
0b000401 0b000501 10025 100 1048576 34130608 83855 21368
0b001a01 0b001b01 10024 100 1048576 34130608 83773 21368
0b001101 0b001201 10025 100 1048576 34130608 83855 21368
0b000701 0b000401 10025 100 1048576 34130608 83855 21368
0b001001 0b001101 10025 100 1048576 34130608 83855 21368
0b000601 0b000701 10025 100 1048576 34130608 83855 21368
0b001301 0b001001 10025 100 1048576 34130608 83855 21368
0b000101 0b000201 10025 100 1048576 34130608 83855 21368
0b000001 0b000101 10025 100 1048576 34130608 83855 21368
0b001201 0b001301 10025 100 1048576 34130608 83855 21368
0b000301 0b000001 10025 100 1048576 34130608 83855 21368
0b000201 0b000301 10025 100 1048576 34130608 83855 21368
0b000d01 0b000e01 10025 100 1048576 34130608 83855 21368
0b000c01 0b000d01 10025 100 1048576 34130608 83855 21368
0b001d01 0b001e01 10025 100 1048576 34130608 83855 21368
0b000f01 0b000c01 10025 100 1048576 34130608 83855 21368
0b001c01 0b001d01 10025 100 1048576 34130608 83855 21368
0b000e01 0b000f01 10025 100 1048576 34130608 83855 21368
0b001f01 0b001c01 10025 100 1048576 34130608 83855 21368
0b000901 0b000a01 10025 100 1048576 34130608 83855 21368
0b001e01 0b001f01 10025 100 1048576 34130608 83855 21368
0b000801 0b000901 10025 100 1048576 34130608 83855 21368
0b001501 0b001601 10026 100 1048576 34130608 83937 21368
0b001901 0b001a01 10025 100 1048576 34130608 83855 21368
0b000b01 0b000801 10025 100 1048576 34130608 83855 21368
0b001401 0b001501 10026 100 1048576 34130608 83937 21368
0b000a01 0b000b01 10025 100 1048576 34130608 83855 21368
0b001801 0b001901 10025 100 1048576 34130608 83855 21368
0b001701 0b001401 10026 100 1048576 34130608 83937 21368
0b001b01 0b001801 10025 100 1048576 34130608 83855 21368
0b000501 0b000601 10026 100 1048576 34130608 83937 21368
0b001601 0b001701 10026 100 1048576 34130608 83937 21368
0b000401 0b000501 10026 100 1048576 34130608 83937 21368
0b001a01 0b001b01 10025 100 1048576 34130608 83855 21368
0b001101 0b001201 10026 100 1048576 34130608 83937 21368
0b000701 0b000401 10026 100 1048576 34130608 83937 21368
0b001001 0b001101 10026 100 1048576 34130608 83937 21368
0b000601 0b000701 10026 100 1048576 34130608 83937 21368
0b001301 0b001001 10026 100 1048576 34130608 83937 21368
0b000101 0b000201 10026 100 1048576 34130608 83937 21368
0b001201 0b001301 10026 100 1048576 34130608 83937 21368
0b000001 0b000101 10026 100 1048576 34130608 83937 21368
0b000301 0b000001 10026 100 1048576 34130608 83937 21368
0b000201 0b000301 10026 100 1048576 34130608 83937 21368
0b000d01 0b000e01 10026 100 1048576 34130608 83937 21368
0b000c01 0b000d01 10026 100 1048576 34130608 83937 21368
0b001d01 0b001e01 10026 100 1048576 34130608 83937 21368
0b001c01 0b001d01 10026 100 1048576 34130608 83937 21368
0b000f01 0b000c01 10026 100 1048576 34130608 83937 21368
0b001f01 0b001c01 10026 100 1048576 34130608 83937 21368
0b000e01 0b000f01 10026 100 1048576 34130608 83937 21368
0b001501 0b001601 10027 100 1048576 34130608 84019 21368
0b001e01 0b001f01 10026 100 1048576 34130608 83937 21368
0b000901 0b000a01 10026 100 1048576 34130608 83937 21368
0b001901 0b001a01 10026 100 1048576 34130608 83937 21368
0b001401 0b001501 10027 100 1048576 34130608 84019 21368
0b000801 0b000901 10026 100 1048576 34130608 83937 21368
0b001801 0b001901 10026 100 1048576 34130608 83937 21368
0b001701 0b001401 10027 100 1048576 34130608 84019 21368
0b000b01 0b000801 10026 100 1048576 34130608 83937 21368
0b001b01 0b001801 10026 100 1048576 34130608 83937 21368
0b001601 0b001701 10027 100 1048576 34130608 84019 21368
0b000a01 0b000b01 10026 100 1048576 34130608 83937 21368
0b000501 0b000601 10027 100 1048576 34130608 84019 21368
0b001a01 0b001b01 10026 100 1048576 34130608 83937 21368
0b001101 0b001201 10027 100 1048576 34130608 84019 21368
0b000401 0b000501 10027 100 1048576 34130608 84019 21368
0b001001 0b001101 10027 100 1048576 34130608 84019 21368
0b000701 0b000401 10027 100 1048576 34130608 84019 21368
0b001301 0b001001 10027 100 1048576 34130608 84019 21368
0b001201 0b001301 10027 100 1048576 34130608 84019 21368
0b000601 0b000701 10027 100 1048576 34130608 84019 21368
0b000101 0b000201 10027 100 1048576 34130608 84019 21368
0b000001 0b000101 10027 100 1048576 34130608 84019 21368
0b000301 0b000001 10027 100 1048576 34130608 84019 21368
0b000201 0b000301 10027 100 1048576 34130608 84019 21368
0b000d01 0b000e01 10027 100 1048576 34130608 84019 21368
0b001d01 0b001e01 10027 100 1048576 34130608 84019 21368
0b000c01 0b000d01 10027 100 1048576 34130608 84019 21368
0b001c01 0b001d01 10027 100 1048576 34130608 84019 21368
0b000f01 0b000c01 10027 100 1048576 34130608 84019 21368
0b001f01 0b001c01 10027 100 1048576 34130608 84019 21368
0b000e01 0b000f01 10027 100 1048576 34130608 84019 21368
0b001e01 0b001f01 10027 100 1048576 34130608 84019 21368
0b000901 0b000a01 10027 100 1048576 34130608 84019 21368
0b001901 0b001a01 10027 100 1048576 34130608 84019 21368
0b000801 0b000901 10027 100 1048576 34130608 84019 21368
0b001801 0b001901 10027 100 1048576 34130608 84019 21368
0b000b01 0b000801 10027 100 1048576 34130608 84019 21368
0b001b01 0b001801 10027 100 1048576 34130608 84019 21368
0b000a01 0b000b01 10027 100 1048576 34130608 84019 21368
0b001a01 0b001b01 10027 100 1048576 34130608 84019 21368
0b000601 0b000701 10028 100 1048576 34220391 83773 21368
0b000e01 0b000f01 10028 100 1048576 34220391 83773 21368
0b000501 0b000601 10028 100 1048576 34220391 83773 21368
0b000401 0b000501 10028 100 1048576 34220391 83773 21368
0b000d01 0b000e01 10028 100 1048576 34220391 83773 21368
0b000701 0b000401 10028 100 1048576 34220391 83773 21368
0b000201 0b000301 10028 100 1048576 34220391 83773 21368
0b000101 0b000201 10028 100 1048576 34220391 83773 21368
0b000c01 0b000d01 10028 100 1048576 34220391 83773 21368
0b000001 0b000101 10028 100 1048576 34220391 83773 21368
0b001601 0b001701 10028 100 1048576 34220391 83773 21368
0b000301 0b000001 10028 100 1048576 34220391 83773 21368
0b000f01 0b000c01 10028 100 1048576 34220391 83773 21368
0b001501 0b001601 10028 100 1048576 34220391 83773 21368
0b000601 0b000701 10029 100 1048576 34220473 83773 21368
0b000a01 0b000b01 10028 100 1048576 34220391 83773 21368
0b001e01 0b001f01 10028 100 1048576 34220391 83773 21368
0b001401 0b001501 10028 100 1048576 34220391 83773 21368
0b000501 0b000601 10029 100 1048576 34220473 83773 21368
0b000901 0b000a01 10028 100 1048576 34220391 83773 21368
0b001d01 0b001e01 10028 100 1048576 34220391 83773 21368
0b000401 0b000501 10029 100 1048576 34220473 83773 21368
0b001701 0b001401 10028 100 1048576 34220391 83773 21368
0b000801 0b000901 10028 100 1048576 34220391 83773 21368
0b001c01 0b001d01 10028 100 1048576 34220391 83773 21368
0b000701 0b000401 10029 100 1048576 34220473 83773 21368
0b001201 0b001301 10028 100 1048576 34220391 83773 21368
0b000b01 0b000801 10028 100 1048576 34220391 83773 21368
0b001f01 0b001c01 10028 100 1048576 34220391 83773 21368
0b001101 0b001201 10028 100 1048576 34220391 83773 21368
0b000201 0b000301 10029 100 1048576 34220473 83773 21368
0b001a01 0b001b01 10028 100 1048576 34220391 83773 21368
0b001001 0b001101 10028 100 1048576 34220391 83773 21368
0b001901 0b001a01 10028 100 1048576 34220391 83773 21368
0b000101 0b000201 10029 100 1048576 34220473 83773 21368
0b001301 0b001001 10028 100 1048576 34220391 83773 21368
0b001801 0b001901 10028 100 1048576 34220391 83773 21368
0b000001 0b000101 10029 100 1048576 34220473 83773 21368
0b001b01 0b001801 10028 100 1048576 34220391 83773 21368
0b000301 0b000001 10029 100 1048576 34220473 83773 21368
0b001e01 0b001f01 10029 100 1048576 34220473 83773 21368
0b001d01 0b001e01 10029 100 1048576 34220473 83773 21368
0b001c01 0b001d01 10029 100 1048576 34220473 83773 21368
0b001601 0b001701 10029 100 1048576 34220473 83773 21368
0b001f01 0b001c01 10029 100 1048576 34220473 83773 21368
0b001501 0b001601 10029 100 1048576 34220473 83773 21368
0b001a01 0b001b01 10029 100 1048576 34220473 83773 21368
0b000601 0b000701 10030 100 1048576 34220555 83773 21368
0b001401 0b001501 10029 100 1048576 34220473 83773 21368
0b000e01 0b000f01 10029 100 1048576 34220473 83773 21368
0b001901 0b001a01 10029 100 1048576 34220473 83773 21368
0b000501 0b000601 10030 100 1048576 34220555 83773 21368
0b000d01 0b000e01 10029 100 1048576 34220473 83773 21368
0b001801 0b001901 10029 100 1048576 34220473 83773 21368
0b001701 0b001401 10029 100 1048576 34220473 83773 21368
0b001b01 0b001801 10029 100 1048576 34220473 83773 21368
0b000c01 0b000d01 10029 100 1048576 34220473 83773 21368
0b000401 0b000501 10030 100 1048576 34220555 83773 21368
0b001201 0b001301 10029 100 1048576 34220473 83773 21368
0b000701 0b000401 10030 100 1048576 34220555 83773 21368
0b001101 0b001201 10029 100 1048576 34220473 83773 21368
0b000f01 0b000c01 10029 100 1048576 34220473 83773 21368
0b000201 0b000301 10030 100 1048576 34220555 83773 21368
0b001001 0b001101 10029 100 1048576 34220473 83773 21368
0b000a01 0b000b01 10029 100 1048576 34220473 83773 21368
0b000101 0b000201 10030 100 1048576 34220555 83773 21368
0b001301 0b001001 10029 100 1048576 34220473 83773 21368
0b000901 0b000a01 10029 100 1048576 34220473 83773 21368
0b000001 0b000101 10030 100 1048576 34220555 83773 21368
0b000801 0b000901 10029 100 1048576 34220473 83773 21368
0b000b01 0b000801 10029 100 1048576 34220473 83773 21368
0b000301 0b000001 10030 100 1048576 34220555 83773 21368
0b001e01 0b001f01 10030 100 1048576 34220555 83773 21368
0b001d01 0b001e01 10030 100 1048576 34220555 83773 21368
0b001c01 0b001d01 10030 100 1048576 34220555 83773 21368
0b001f01 0b001c01 10030 100 1048576 34220555 83773 21368
0b001a01 0b001b01 10030 100 1048576 34220555 83773 21368
0b001901 0b001a01 10030 100 1048576 34220555 83773 21368
0b001801 0b001901 10030 100 1048576 34220555 83773 21368
0b001b01 0b001801 10030 100 1048576 34220555 83773 21368
0b001601 0b001701 10030 100 1048576 34220555 83773 21368
0b000601 0b000701 10031 100 1048576 34220637 83773 21368
0b001e01 0b001f01 10031 100 1048576 34220637 83773 21368
0b001501 0b001601 10030 100 1048576 34220555 83773 21368
0b000e01 0b000f01 10030 100 1048576 34220555 83773 21368
0b001d01 0b001e01 10031 100 1048576 34220637 83773 21368
0b001401 0b001501 10030 100 1048576 34220555 83773 21368
0b000d01 0b000e01 10030 100 1048576 34220555 83773 21368
0b000501 0b000601 10031 100 1048576 34220637 83773 21368
0b000c01 0b000d01 10030 100 1048576 34220555 83773 21368
0b001c01 0b001d01 10031 100 1048576 34220637 83773 21368
0b001701 0b001401 10030 100 1048576 34220555 83773 21368
0b000401 0b000501 10031 100 1048576 34220637 83773 21368
0b000f01 0b000c01 10030 100 1048576 34220555 83773 21368
0b001201 0b001301 10030 100 1048576 34220555 83773 21368
0b001f01 0b001c01 10031 100 1048576 34220637 83773 21368
0b000701 0b000401 10031 100 1048576 34220637 83773 21368
0b000a01 0b000b01 10030 100 1048576 34220555 83773 21368
0b001101 0b001201 10030 100 1048576 34220555 83773 21368
0b000201 0b000301 10031 100 1048576 34220637 83773 21368
0b001a01 0b001b01 10031 100 1048576 34220637 83773 21368
0b000901 0b000a01 10030 100 1048576 34220555 83773 21368
0b001001 0b001101 10030 100 1048576 34220555 83773 21368
0b001901 0b001a01 10031 100 1048576 34220637 83773 21368
0b000101 0b000201 10031 100 1048576 34220637 83773 21368
0b000801 0b000901 10030 100 1048576 34220555 83773 21368
0b001301 0b001001 10030 100 1048576 34220555 83773 21368
0b000b01 0b000801 10030 100 1048576 34220555 83773 21368
0b001801 0b001901 10031 100 1048576 34220637 83773 21368
0b000001 0b000101 10031 100 1048576 34220637 83773 21368
0b000301 0b000001 10031 100 1048576 34220637 83773 21368
0b001b01 0b001801 10031 100 1048576 34220637 83773 21368
0b000e01 0b000f01 10031 100 1048576 34220637 83773 21368
0b001601 0b001701 10031 100 1048576 34220637 83773 21368
0b000d01 0b000e01 10031 100 1048576 34220637 83773 21368
0b001501 0b001601 10031 100 1048576 34220637 83773 21368
0b000c01 0b000d01 10031 100 1048576 34220637 83773 21368
0b001401 0b001501 10031 100 1048576 34220637 83773 21368
0b000f01 0b000c01 10031 100 1048576 34220637 83773 21368
0b001701 0b001401 10031 100 1048576 34220637 83773 21368
0b000a01 0b000b01 10031 100 1048576 34220637 83773 21368
0b001201 0b001301 10031 100 1048576 34220637 83773 21368
0b000901 0b000a01 10031 100 1048576 34220637 83773 21368
0b001101 0b001201 10031 100 1048576 34220637 83773 21368
0b000801 0b000901 10031 100 1048576 34220637 83773 21368
0b001001 0b001101 10031 100 1048576 34220637 83773 21368
0b000b01 0b000801 10031 100 1048576 34220637 83773 21368
0b001301 0b001001 10031 100 1048576 34220637 83773 21368
0b001f01 0b001c01 10032 100 1048576 34310174 83773 21368
0b001701 0b001401 10032 100 1048576 34310174 83773 21368
0b001601 0b001701 10032 100 1048576 34310174 83773 21368
0b001e01 0b001f01 10032 100 1048576 34310174 83773 21368
0b001501 0b001601 10032 100 1048576 34310174 83773 21368
0b001d01 0b001e01 10032 100 1048576 34310174 83773 21368
0b001401 0b001501 10032 100 1048576 34310174 83773 21368
0b001c01 0b001d01 10032 100 1048576 34310174 83773 21368
0b001301 0b001001 10032 100 1048576 34310174 83773 21368
0b001b01 0b001801 10032 100 1048576 34310174 83773 21368
0b001a01 0b001b01 10032 100 1048576 34310174 83773 21368
0b001201 0b001301 10032 100 1048576 34310174 83773 21368
0b001901 0b001a01 10032 100 1048576 34310174 83773 21368
0b001101 0b001201 10032 100 1048576 34310174 83773 21368
0b001001 0b001101 10032 100 1048576 34310174 83773 21368
0b001801 0b001901 10032 100 1048576 34310174 83773 21368
0b001701 0b001401 10033 100 1048576 34310256 83773 21368
0b001f01 0b001c01 10033 100 1048576 34310256 83773 21368
0b001601 0b001701 10033 100 1048576 34310256 83773 21368
0b001e01 0b001f01 10033 100 1048576 34310256 83773 21368
0b001501 0b001601 10033 100 1048576 34310256 83773 21368
0b001d01 0b001e01 10033 100 1048576 34310256 83773 21368
0b001401 0b001501 10033 100 1048576 34310256 83773 21368
0b001c01 0b001d01 10033 100 1048576 34310256 83773 21368
0b001301 0b001001 10033 100 1048576 34310256 83773 21368
0b001b01 0b001801 10033 100 1048576 34310256 83773 21368
0b001201 0b001301 10033 100 1048576 34310256 83773 21368
0b001a01 0b001b01 10033 100 1048576 34310256 83773 21368
0b001101 0b001201 10033 100 1048576 34310256 83773 21368
0b000701 0b000401 10032 100 1048576 34310174 83773 21368
0b001001 0b001101 10033 100 1048576 34310256 83773 21368
0b000f01 0b000c01 10032 100 1048576 34310174 83773 21368
0b001901 0b001a01 10033 100 1048576 34310256 83773 21368
0b000601 0b000701 10032 100 1048576 34310174 83773 21368
0b000e01 0b000f01 10032 100 1048576 34310174 83773 21368
0b001801 0b001901 10033 100 1048576 34310256 83773 21368
0b000501 0b000601 10032 100 1048576 34310174 83773 21368
0b000d01 0b000e01 10032 100 1048576 34310174 83773 21368
0b000401 0b000501 10032 100 1048576 34310174 83773 21368
0b000c01 0b000d01 10032 100 1048576 34310174 83773 21368
0b000301 0b000001 10032 100 1048576 34310174 83773 21368
0b000201 0b000301 10032 100 1048576 34310174 83773 21368
0b000b01 0b000801 10032 100 1048576 34310174 83773 21368
0b000a01 0b000b01 10032 100 1048576 34310174 83773 21368
0b000101 0b000201 10032 100 1048576 34310174 83773 21368
0b000001 0b000101 10032 100 1048576 34310174 83773 21368
0b000901 0b000a01 10032 100 1048576 34310174 83773 21368
0b000801 0b000901 10032 100 1048576 34310174 83773 21368
0b001701 0b001401 10034 100 1048576 34310338 83773 21368
0b001f01 0b001c01 10034 100 1048576 34310338 83773 21368
0b001601 0b001701 10034 100 1048576 34310338 83773 21368
0b001e01 0b001f01 10034 100 1048576 34310338 83773 21368
0b001501 0b001601 10034 100 1048576 34310338 83773 21368
0b001d01 0b001e01 10034 100 1048576 34310338 83773 21368
0b001401 0b001501 10034 100 1048576 34310338 83773 21368
0b001c01 0b001d01 10034 100 1048576 34310338 83773 21368
0b001301 0b001001 10034 100 1048576 34310338 83773 21368
0b001b01 0b001801 10034 100 1048576 34310338 83773 21368
0b001201 0b001301 10034 100 1048576 34310338 83773 21368
0b001101 0b001201 10034 100 1048576 34310338 83773 21368
0b000701 0b000401 10033 100 1048576 34310256 83773 21368
0b001a01 0b001b01 10034 100 1048576 34310338 83773 21368
0b001001 0b001101 10034 100 1048576 34310338 83773 21368
0b001901 0b001a01 10034 100 1048576 34310338 83773 21368
0b000f01 0b000c01 10033 100 1048576 34310256 83773 21368
0b000601 0b000701 10033 100 1048576 34310256 83773 21368
0b000e01 0b000f01 10033 100 1048576 34310256 83773 21368
0b000501 0b000601 10033 100 1048576 34310256 83773 21368
0b001801 0b001901 10034 100 1048576 34310338 83773 21368
0b000d01 0b000e01 10033 100 1048576 34310256 83773 21368
0b000401 0b000501 10033 100 1048576 34310256 83773 21368
0b000c01 0b000d01 10033 100 1048576 34310256 83773 21368
0b000301 0b000001 10033 100 1048576 34310256 83773 21368
0b000b01 0b000801 10033 100 1048576 34310256 83773 21368
0b000201 0b000301 10033 100 1048576 34310256 83773 21368
0b000a01 0b000b01 10033 100 1048576 34310256 83773 21368
0b000101 0b000201 10033 100 1048576 34310256 83773 21368
0b000901 0b000a01 10033 100 1048576 34310256 83773 21368
0b000001 0b000101 10033 100 1048576 34310256 83773 21368
0b000801 0b000901 10033 100 1048576 34310256 83773 21368
0b001701 0b001401 10035 100 1048576 34310420 83773 21368
0b001f01 0b001c01 10035 100 1048576 34310420 83773 21368
0b001601 0b001701 10035 100 1048576 34310420 83773 21368
0b001e01 0b001f01 10035 100 1048576 34310420 83773 21368
0b001501 0b001601 10035 100 1048576 34310420 83773 21368
0b001d01 0b001e01 10035 100 1048576 34310420 83773 21368
0b001401 0b001501 10035 100 1048576 34310420 83773 21368
0b001c01 0b001d01 10035 100 1048576 34310420 83773 21368
0b001301 0b001001 10035 100 1048576 34310420 83773 21368
0b001b01 0b001801 10035 100 1048576 34310420 83773 21368
0b000701 0b000401 10034 100 1048576 34310338 83773 21368
0b001201 0b001301 10035 100 1048576 34310420 83773 21368
0b000f01 0b000c01 10034 100 1048576 34310338 83773 21368
0b000601 0b000701 10034 100 1048576 34310338 83773 21368
0b001a01 0b001b01 10035 100 1048576 34310420 83773 21368
0b000e01 0b000f01 10034 100 1048576 34310338 83773 21368
0b001101 0b001201 10035 100 1048576 34310420 83773 21368
0b000501 0b000601 10034 100 1048576 34310338 83773 21368
0b001901 0b001a01 10035 100 1048576 34310420 83773 21368
0b000401 0b000501 10034 100 1048576 34310338 83773 21368
0b000d01 0b000e01 10034 100 1048576 34310338 83773 21368
0b001001 0b001101 10035 100 1048576 34310420 83773 21368
0b000301 0b000001 10034 100 1048576 34310338 83773 21368
0b000c01 0b000d01 10034 100 1048576 34310338 83773 21368
0b001801 0b001901 10035 100 1048576 34310420 83773 21368
0b000201 0b000301 10034 100 1048576 34310338 83773 21368
0b000b01 0b000801 10034 100 1048576 34310338 83773 21368
0b000a01 0b000b01 10034 100 1048576 34310338 83773 21368
0b000101 0b000201 10034 100 1048576 34310338 83773 21368
0b000901 0b000a01 10034 100 1048576 34310338 83773 21368
0b000001 0b000101 10034 100 1048576 34310338 83773 21368
0b000801 0b000901 10034 100 1048576 34310338 83773 21368
0b000701 0b000401 10035 100 1048576 34310420 83773 21368
0b000f01 0b000c01 10035 100 1048576 34310420 83773 21368
0b000601 0b000701 10035 100 1048576 34310420 83773 21368
0b000e01 0b000f01 10035 100 1048576 34310420 83773 21368
0b000501 0b000601 10035 100 1048576 34310420 83773 21368
0b000d01 0b000e01 10035 100 1048576 34310420 83773 21368
0b000401 0b000501 10035 100 1048576 34310420 83773 21368
0b000c01 0b000d01 10035 100 1048576 34310420 83773 21368
0b000301 0b000001 10035 100 1048576 34310420 83773 21368
0b000b01 0b000801 10035 100 1048576 34310420 83773 21368
0b000201 0b000301 10035 100 1048576 34310420 83773 21368
0b000a01 0b000b01 10035 100 1048576 34310420 83773 21368
0b000101 0b000201 10035 100 1048576 34310420 83773 21368
0b000901 0b000a01 10035 100 1048576 34310420 83773 21368
0b000001 0b000101 10035 100 1048576 34310420 83773 21368
0b000801 0b000901 10035 100 1048576 34310420 83773 21368
0b001c01 0b001d01 10036 100 1048576 34400305 83773 21368
0b000401 0b000501 10036 100 1048576 34400305 83773 21368
0b000701 0b000401 10036 100 1048576 34400305 83773 21368
0b001f01 0b001c01 10036 100 1048576 34400305 83773 21368
0b000601 0b000701 10036 100 1048576 34400305 83773 21368
0b001e01 0b001f01 10036 100 1048576 34400305 83773 21368
0b001d01 0b001e01 10036 100 1048576 34400305 83773 21368
0b000501 0b000601 10036 100 1048576 34400305 83773 21368
0b001801 0b001901 10036 100 1048576 34400305 83773 21368
0b000001 0b000101 10036 100 1048576 34400305 83773 21368
0b001b01 0b001801 10036 100 1048576 34400305 83773 21368
0b000301 0b000001 10036 100 1048576 34400305 83773 21368
0b001a01 0b001b01 10036 100 1048576 34400305 83773 21368
0b000201 0b000301 10036 100 1048576 34400305 83773 21368
0b001901 0b001a01 10036 100 1048576 34400305 83773 21368
0b000101 0b000201 10036 100 1048576 34400305 83773 21368
0b000c01 0b000d01 10036 100 1048576 34400305 83773 21368
0b001401 0b001501 10036 100 1048576 34400305 83773 21368
0b000f01 0b000c01 10036 100 1048576 34400305 83773 21368
0b000e01 0b000f01 10036 100 1048576 34400305 83773 21368
0b001701 0b001401 10036 100 1048576 34400305 83773 21368
0b000d01 0b000e01 10036 100 1048576 34400305 83773 21368
0b001601 0b001701 10036 100 1048576 34400305 83773 21368
0b000801 0b000901 10036 100 1048576 34400305 83773 21368
0b001501 0b001601 10036 100 1048576 34400305 83773 21368
0b001c01 0b001d01 10037 100 1048576 34400305 83855 21368
0b000b01 0b000801 10036 100 1048576 34400305 83773 21368
0b000401 0b000501 10037 100 1048576 34400305 83855 21368
0b001001 0b001101 10036 100 1048576 34400305 83773 21368
0b001f01 0b001c01 10037 100 1048576 34400305 83855 21368
0b000a01 0b000b01 10036 100 1048576 34400305 83773 21368
0b000701 0b000401 10037 100 1048576 34400305 83855 21368
0b001301 0b001001 10036 100 1048576 34400305 83773 21368
0b000901 0b000a01 10036 100 1048576 34400305 83773 21368
0b001e01 0b001f01 10037 100 1048576 34400305 83855 21368
0b000601 0b000701 10037 100 1048576 34400305 83855 21368
0b001201 0b001301 10036 100 1048576 34400305 83773 21368
0b000501 0b000601 10037 100 1048576 34400305 83855 21368
0b001d01 0b001e01 10037 100 1048576 34400305 83855 21368
0b001101 0b001201 10036 100 1048576 34400305 83773 21368
0b000001 0b000101 10037 100 1048576 34400305 83855 21368
0b001801 0b001901 10037 100 1048576 34400305 83855 21368
0b000301 0b000001 10037 100 1048576 34400305 83855 21368
0b001b01 0b001801 10037 100 1048576 34400305 83855 21368
0b000201 0b000301 10037 100 1048576 34400305 83855 21368
0b000101 0b000201 10037 100 1048576 34400305 83855 21368
0b001a01 0b001b01 10037 100 1048576 34400305 83855 21368
0b001901 0b001a01 10037 100 1048576 34400305 83855 21368
0b000c01 0b000d01 10037 100 1048576 34400305 83855 21368
0b000f01 0b000c01 10037 100 1048576 34400305 83855 21368
0b000e01 0b000f01 10037 100 1048576 34400305 83855 21368
0b000d01 0b000e01 10037 100 1048576 34400305 83855 21368
0b000801 0b000901 10037 100 1048576 34400305 83855 21368
0b000b01 0b000801 10037 100 1048576 34400305 83855 21368
0b000a01 0b000b01 10037 100 1048576 34400305 83855 21368
0b000901 0b000a01 10037 100 1048576 34400305 83855 21368
0b001401 0b001501 10037 100 1048576 34400305 83855 21368
0b001701 0b001401 10037 100 1048576 34400305 83855 21368
0b001601 0b001701 10037 100 1048576 34400305 83855 21368
0b001501 0b001601 10037 100 1048576 34400305 83855 21368
0b001001 0b001101 10037 100 1048576 34400305 83855 21368
0b001301 0b001001 10037 100 1048576 34400305 83855 21368
0b000401 0b000501 10038 100 1048576 34400305 83937 21368
0b001c01 0b001d01 10038 100 1048576 34400305 83937 21368
0b000701 0b000401 10038 100 1048576 34400305 83937 21368
0b001201 0b001301 10037 100 1048576 34400305 83855 21368
0b000601 0b000701 10038 100 1048576 34400305 83937 21368
0b001101 0b001201 10037 100 1048576 34400305 83855 21368
0b001f01 0b001c01 10038 100 1048576 34400305 83937 21368
0b000501 0b000601 10038 100 1048576 34400305 83937 21368
0b001e01 0b001f01 10038 100 1048576 34400305 83937 21368
0b000001 0b000101 10038 100 1048576 34400305 83937 21368
0b000c01 0b000d01 10038 100 1048576 34400305 83937 21368
0b001d01 0b001e01 10038 100 1048576 34400305 83937 21368
0b000f01 0b000c01 10038 100 1048576 34400305 83937 21368
0b000301 0b000001 10038 100 1048576 34400305 83937 21368
0b001801 0b001901 10038 100 1048576 34400305 83937 21368
0b000201 0b000301 10038 100 1048576 34400305 83937 21368
0b000e01 0b000f01 10038 100 1048576 34400305 83937 21368
0b001b01 0b001801 10038 100 1048576 34400305 83937 21368
0b000101 0b000201 10038 100 1048576 34400305 83937 21368
0b000d01 0b000e01 10038 100 1048576 34400305 83937 21368
0b001a01 0b001b01 10038 100 1048576 34400305 83937 21368
0b000801 0b000901 10038 100 1048576 34400305 83937 21368
0b001901 0b001a01 10038 100 1048576 34400305 83937 21368
0b000b01 0b000801 10038 100 1048576 34400305 83937 21368
0b000a01 0b000b01 10038 100 1048576 34400305 83937 21368
0b000901 0b000a01 10038 100 1048576 34400305 83937 21368
0b001401 0b001501 10038 100 1048576 34400305 83937 21368
0b001701 0b001401 10038 100 1048576 34400305 83937 21368
0b001601 0b001701 10038 100 1048576 34400305 83937 21368
0b001501 0b001601 10038 100 1048576 34400305 83937 21368
0b001001 0b001101 10038 100 1048576 34400305 83937 21368
0b000401 0b000501 10039 100 1048576 34400305 84019 21368
0b001301 0b001001 10038 100 1048576 34400305 83937 21368
0b000701 0b000401 10039 100 1048576 34400305 84019 21368
0b001201 0b001301 10038 100 1048576 34400305 83937 21368
0b001c01 0b001d01 10039 100 1048576 34400305 84019 21368
0b000601 0b000701 10039 100 1048576 34400305 84019 21368
0b001101 0b001201 10038 100 1048576 34400305 83937 21368
0b001f01 0b001c01 10039 100 1048576 34400305 84019 21368
0b000501 0b000601 10039 100 1048576 34400305 84019 21368
0b001e01 0b001f01 10039 100 1048576 34400305 84019 21368
0b000001 0b000101 10039 100 1048576 34400305 84019 21368
0b000c01 0b000d01 10039 100 1048576 34400305 84019 21368
0b001d01 0b001e01 10039 100 1048576 34400305 84019 21368
0b000301 0b000001 10039 100 1048576 34400305 84019 21368
0b000f01 0b000c01 10039 100 1048576 34400305 84019 21368
0b001801 0b001901 10039 100 1048576 34400305 84019 21368
0b000201 0b000301 10039 100 1048576 34400305 84019 21368
0b000e01 0b000f01 10039 100 1048576 34400305 84019 21368
0b000101 0b000201 10039 100 1048576 34400305 84019 21368
0b001b01 0b001801 10039 100 1048576 34400305 84019 21368
0b000d01 0b000e01 10039 100 1048576 34400305 84019 21368
0b001a01 0b001b01 10039 100 1048576 34400305 84019 21368
0b000801 0b000901 10039 100 1048576 34400305 84019 21368
0b001901 0b001a01 10039 100 1048576 34400305 84019 21368
0b000b01 0b000801 10039 100 1048576 34400305 84019 21368
0b000a01 0b000b01 10039 100 1048576 34400305 84019 21368
0b000901 0b000a01 10039 100 1048576 34400305 84019 21368
0b001401 0b001501 10039 100 1048576 34400305 84019 21368
0b001701 0b001401 10039 100 1048576 34400305 84019 21368
0b001601 0b001701 10039 100 1048576 34400305 84019 21368
0b001501 0b001601 10039 100 1048576 34400305 84019 21368
0b001001 0b001101 10039 100 1048576 34400305 84019 21368
0b001301 0b001001 10039 100 1048576 34400305 84019 21368
0b001201 0b001301 10039 100 1048576 34400305 84019 21368
0b001101 0b001201 10039 100 1048576 34400305 84019 21368
0b000d01 0b000e01 10040 100 1048576 34490088 83773 21368
0b000501 0b000601 10040 100 1048576 34490088 83773 21368
0b000c01 0b000d01 10040 100 1048576 34490088 83773 21368
0b000401 0b000501 10040 100 1048576 34490088 83773 21368
0b000f01 0b000c01 10040 100 1048576 34490088 83773 21368
0b000701 0b000401 10040 100 1048576 34490088 83773 21368
0b000e01 0b000f01 10040 100 1048576 34490088 83773 21368
0b000601 0b000701 10040 100 1048576 34490088 83773 21368
0b000901 0b000a01 10040 100 1048576 34490088 83773 21368
0b000101 0b000201 10040 100 1048576 34490088 83773 21368
0b000801 0b000901 10040 100 1048576 34490088 83773 21368
0b000001 0b000101 10040 100 1048576 34490088 83773 21368
0b000b01 0b000801 10040 100 1048576 34490088 83773 21368
0b000301 0b000001 10040 100 1048576 34490088 83773 21368
0b000a01 0b000b01 10040 100 1048576 34490088 83773 21368
0b000201 0b000301 10040 100 1048576 34490088 83773 21368
0b001501 0b001601 10040 100 1048576 34490088 83773 21368
0b001d01 0b001e01 10040 100 1048576 34490088 83773 21368
0b001401 0b001501 10040 100 1048576 34490088 83773 21368
0b001c01 0b001d01 10040 100 1048576 34490088 83773 21368
0b001701 0b001401 10040 100 1048576 34490088 83773 21368
0b001f01 0b001c01 10040 100 1048576 34490088 83773 21368
0b001601 0b001701 10040 100 1048576 34490088 83773 21368
0b001e01 0b001f01 10040 100 1048576 34490088 83773 21368
0b001101 0b001201 10040 100 1048576 34490088 83773 21368
0b001901 0b001a01 10040 100 1048576 34490088 83773 21368
0b001001 0b001101 10040 100 1048576 34490088 83773 21368
0b001301 0b001001 10040 100 1048576 34490088 83773 21368
0b001801 0b001901 10040 100 1048576 34490088 83773 21368
0b000d01 0b000e01 10041 100 1048576 34490170 83773 21368
0b001201 0b001301 10040 100 1048576 34490088 83773 21368
0b000c01 0b000d01 10041 100 1048576 34490170 83773 21368
0b001b01 0b001801 10040 100 1048576 34490088 83773 21368
0b000501 0b000601 10041 100 1048576 34490170 83773 21368
0b000f01 0b000c01 10041 100 1048576 34490170 83773 21368
0b000401 0b000501 10041 100 1048576 34490170 83773 21368
0b000e01 0b000f01 10041 100 1048576 34490170 83773 21368
0b001a01 0b001b01 10040 100 1048576 34490088 83773 21368
0b000701 0b000401 10041 100 1048576 34490170 83773 21368
0b000901 0b000a01 10041 100 1048576 34490170 83773 21368
0b000801 0b000901 10041 100 1048576 34490170 83773 21368
0b000601 0b000701 10041 100 1048576 34490170 83773 21368
0b000b01 0b000801 10041 100 1048576 34490170 83773 21368
0b000101 0b000201 10041 100 1048576 34490170 83773 21368
0b000a01 0b000b01 10041 100 1048576 34490170 83773 21368
0b000001 0b000101 10041 100 1048576 34490170 83773 21368
0b000301 0b000001 10041 100 1048576 34490170 83773 21368
0b000201 0b000301 10041 100 1048576 34490170 83773 21368
0b000d01 0b000e01 10042 100 1048576 34490252 83773 21368
0b000c01 0b000d01 10042 100 1048576 34490252 83773 21368
0b000501 0b000601 10042 100 1048576 34490252 83773 21368
0b000f01 0b000c01 10042 100 1048576 34490252 83773 21368
0b000401 0b000501 10042 100 1048576 34490252 83773 21368
0b000e01 0b000f01 10042 100 1048576 34490252 83773 21368
0b000701 0b000401 10042 100 1048576 34490252 83773 21368
0b000901 0b000a01 10042 100 1048576 34490252 83773 21368
0b000601 0b000701 10042 100 1048576 34490252 83773 21368
0b000801 0b000901 10042 100 1048576 34490252 83773 21368
0b000101 0b000201 10042 100 1048576 34490252 83773 21368
0b000b01 0b000801 10042 100 1048576 34490252 83773 21368
0b000001 0b000101 10042 100 1048576 34490252 83773 21368
0b000a01 0b000b01 10042 100 1048576 34490252 83773 21368
0b000301 0b000001 10042 100 1048576 34490252 83773 21368
0b000201 0b000301 10042 100 1048576 34490252 83773 21368
0b001d01 0b001e01 10041 100 1048576 34490170 83773 21368
0b001501 0b001601 10041 100 1048576 34490170 83773 21368
0b001401 0b001501 10041 100 1048576 34490170 83773 21368
0b001c01 0b001d01 10041 100 1048576 34490170 83773 21368
0b001701 0b001401 10041 100 1048576 34490170 83773 21368
0b001f01 0b001c01 10041 100 1048576 34490170 83773 21368
0b001601 0b001701 10041 100 1048576 34490170 83773 21368
0b001e01 0b001f01 10041 100 1048576 34490170 83773 21368
0b001101 0b001201 10041 100 1048576 34490170 83773 21368
0b001901 0b001a01 10041 100 1048576 34490170 83773 21368
0b001801 0b001901 10041 100 1048576 34490170 83773 21368
0b001001 0b001101 10041 100 1048576 34490170 83773 21368
0b001b01 0b001801 10041 100 1048576 34490170 83773 21368
0b001301 0b001001 10041 100 1048576 34490170 83773 21368
0b001201 0b001301 10041 100 1048576 34490170 83773 21368
0b001a01 0b001b01 10041 100 1048576 34490170 83773 21368
0b000d01 0b000e01 10043 100 1048576 34490334 83773 21368
0b000c01 0b000d01 10043 100 1048576 34490334 83773 21368
0b000f01 0b000c01 10043 100 1048576 34490334 83773 21368
0b000e01 0b000f01 10043 100 1048576 34490334 83773 21368
0b000901 0b000a01 10043 100 1048576 34490334 83773 21368
0b000801 0b000901 10043 100 1048576 34490334 83773 21368
0b000501 0b000601 10043 100 1048576 34490334 83773 21368
0b000b01 0b000801 10043 100 1048576 34490334 83773 21368
0b000401 0b000501 10043 100 1048576 34490334 83773 21368
0b000a01 0b000b01 10043 100 1048576 34490334 83773 21368
0b000701 0b000401 10043 100 1048576 34490334 83773 21368
0b000601 0b000701 10043 100 1048576 34490334 83773 21368
0b000101 0b000201 10043 100 1048576 34490334 83773 21368
0b000001 0b000101 10043 100 1048576 34490334 83773 21368
0b000301 0b000001 10043 100 1048576 34490334 83773 21368
0b000201 0b000301 10043 100 1048576 34490334 83773 21368
0b001501 0b001601 10042 100 1048576 34490252 83773 21368
0b001d01 0b001e01 10042 100 1048576 34490252 83773 21368
0b001401 0b001501 10042 100 1048576 34490252 83773 21368
0b001c01 0b001d01 10042 100 1048576 34490252 83773 21368
0b001701 0b001401 10042 100 1048576 34490252 83773 21368
0b001f01 0b001c01 10042 100 1048576 34490252 83773 21368
0b001601 0b001701 10042 100 1048576 34490252 83773 21368
0b001e01 0b001f01 10042 100 1048576 34490252 83773 21368
0b001101 0b001201 10042 100 1048576 34490252 83773 21368
0b001901 0b001a01 10042 100 1048576 34490252 83773 21368
0b001001 0b001101 10042 100 1048576 34490252 83773 21368
0b001801 0b001901 10042 100 1048576 34490252 83773 21368
0b001301 0b001001 10042 100 1048576 34490252 83773 21368
0b001b01 0b001801 10042 100 1048576 34490252 83773 21368
0b001201 0b001301 10042 100 1048576 34490252 83773 21368
0b001a01 0b001b01 10042 100 1048576 34490252 83773 21368
0b001501 0b001601 10043 100 1048576 34490334 83773 21368
0b001d01 0b001e01 10043 100 1048576 34490334 83773 21368
0b001401 0b001501 10043 100 1048576 34490334 83773 21368
0b001c01 0b001d01 10043 100 1048576 34490334 83773 21368
0b001701 0b001401 10043 100 1048576 34490334 83773 21368
0b001f01 0b001c01 10043 100 1048576 34490334 83773 21368
0b001601 0b001701 10043 100 1048576 34490334 83773 21368
0b001e01 0b001f01 10043 100 1048576 34490334 83773 21368
0b001901 0b001a01 10043 100 1048576 34490334 83773 21368
0b001101 0b001201 10043 100 1048576 34490334 83773 21368
0b001801 0b001901 10043 100 1048576 34490334 83773 21368
0b001001 0b001101 10043 100 1048576 34490334 83773 21368
0b001b01 0b001801 10043 100 1048576 34490334 83773 21368
0b001301 0b001001 10043 100 1048576 34490334 83773 21368
0b001a01 0b001b01 10043 100 1048576 34490334 83773 21368
0b001201 0b001301 10043 100 1048576 34490334 83773 21368
0b000e01 0b000f01 10044 100 1048576 34579871 83773 21368
0b000d01 0b000e01 10044 100 1048576 34579871 83773 21368
0b000c01 0b000d01 10044 100 1048576 34579871 83773 21368
0b000f01 0b000c01 10044 100 1048576 34579871 83773 21368
0b000a01 0b000b01 10044 100 1048576 34579871 83773 21368
0b000901 0b000a01 10044 100 1048576 34579871 83773 21368
0b000801 0b000901 10044 100 1048576 34579871 83773 21368
0b000b01 0b000801 10044 100 1048576 34579871 83773 21368
0b000e01 0b000f01 10045 100 1048576 34579953 83773 21368
0b000d01 0b000e01 10045 100 1048576 34579953 83773 21368
0b000c01 0b000d01 10045 100 1048576 34579953 83773 21368
0b000f01 0b000c01 10045 100 1048576 34579953 83773 21368
0b000a01 0b000b01 10045 100 1048576 34579953 83773 21368
0b000901 0b000a01 10045 100 1048576 34579953 83773 21368
0b000801 0b000901 10045 100 1048576 34579953 83773 21368
0b000b01 0b000801 10045 100 1048576 34579953 83773 21368
0b001e01 0b001f01 10044 100 1048576 34579871 83773 21368
0b001601 0b001701 10044 100 1048576 34579871 83773 21368
0b000601 0b000701 10044 100 1048576 34579871 83773 21368
0b001d01 0b001e01 10044 100 1048576 34579871 83773 21368
0b000501 0b000601 10044 100 1048576 34579871 83773 21368
0b001501 0b001601 10044 100 1048576 34579871 83773 21368
0b001c01 0b001d01 10044 100 1048576 34579871 83773 21368
0b000401 0b000501 10044 100 1048576 34579871 83773 21368
0b001401 0b001501 10044 100 1048576 34579871 83773 21368
0b001f01 0b001c01 10044 100 1048576 34579871 83773 21368
0b000e01 0b000f01 10046 100 1048576 34580035 83773 21368
0b000701 0b000401 10044 100 1048576 34579871 83773 21368
0b000d01 0b000e01 10046 100 1048576 34580035 83773 21368
0b001a01 0b001b01 10044 100 1048576 34579871 83773 21368
0b001701 0b001401 10044 100 1048576 34579871 83773 21368
0b000201 0b000301 10044 100 1048576 34579871 83773 21368
0b000c01 0b000d01 10046 100 1048576 34580035 83773 21368
0b001201 0b001301 10044 100 1048576 34579871 83773 21368
0b000f01 0b000c01 10046 100 1048576 34580035 83773 21368
0b001101 0b001201 10044 100 1048576 34579871 83773 21368
0b000101 0b000201 10044 100 1048576 34579871 83773 21368
0b001901 0b001a01 10044 100 1048576 34579871 83773 21368
0b001001 0b001101 10044 100 1048576 34579871 83773 21368
0b000a01 0b000b01 10046 100 1048576 34580035 83773 21368
0b000001 0b000101 10044 100 1048576 34579871 83773 21368
0b001301 0b001001 10044 100 1048576 34579871 83773 21368
0b001801 0b001901 10044 100 1048576 34579871 83773 21368
0b000901 0b000a01 10046 100 1048576 34580035 83773 21368
0b000301 0b000001 10044 100 1048576 34579871 83773 21368
0b001b01 0b001801 10044 100 1048576 34579871 83773 21368
0b000801 0b000901 10046 100 1048576 34580035 83773 21368
0b000b01 0b000801 10046 100 1048576 34580035 83773 21368
0b001601 0b001701 10045 100 1048576 34579953 83773 21368
0b001501 0b001601 10045 100 1048576 34579953 83773 21368
0b001401 0b001501 10045 100 1048576 34579953 83773 21368
0b001701 0b001401 10045 100 1048576 34579953 83773 21368
0b001201 0b001301 10045 100 1048576 34579953 83773 21368
0b001101 0b001201 10045 100 1048576 34579953 83773 21368
0b001001 0b001101 10045 100 1048576 34579953 83773 21368
0b001301 0b001001 10045 100 1048576 34579953 83773 21368
0b000e01 0b000f01 10047 100 1048576 34580117 83773 21368
0b001e01 0b001f01 10045 100 1048576 34579953 83773 21368
0b000601 0b000701 10045 100 1048576 34579953 83773 21368
0b001d01 0b001e01 10045 100 1048576 34579953 83773 21368
0b000d01 0b000e01 10047 100 1048576 34580117 83773 21368
0b000501 0b000601 10045 100 1048576 34579953 83773 21368
0b001601 0b001701 10046 100 1048576 34580035 83773 21368
0b001c01 0b001d01 10045 100 1048576 34579953 83773 21368
0b000c01 0b000d01 10047 100 1048576 34580117 83773 21368
0b000401 0b000501 10045 100 1048576 34579953 83773 21368
0b001501 0b001601 10046 100 1048576 34580035 83773 21368
0b001f01 0b001c01 10045 100 1048576 34579953 83773 21368
0b001401 0b001501 10046 100 1048576 34580035 83773 21368
0b000f01 0b000c01 10047 100 1048576 34580117 83773 21368
0b001701 0b001401 10046 100 1048576 34580035 83773 21368
0b001a01 0b001b01 10045 100 1048576 34579953 83773 21368
0b001201 0b001301 10046 100 1048576 34580035 83773 21368
0b000701 0b000401 10045 100 1048576 34579953 83773 21368
0b001101 0b001201 10046 100 1048576 34580035 83773 21368
0b000a01 0b000b01 10047 100 1048576 34580117 83773 21368
0b001001 0b001101 10046 100 1048576 34580035 83773 21368
0b000201 0b000301 10045 100 1048576 34579953 83773 21368
0b001301 0b001001 10046 100 1048576 34580035 83773 21368
0b001901 0b001a01 10045 100 1048576 34579953 83773 21368
0b000901 0b000a01 10047 100 1048576 34580117 83773 21368
0b000101 0b000201 10045 100 1048576 34579953 83773 21368
0b001801 0b001901 10045 100 1048576 34579953 83773 21368
0b000001 0b000101 10045 100 1048576 34579953 83773 21368
0b000801 0b000901 10047 100 1048576 34580117 83773 21368
0b001b01 0b001801 10045 100 1048576 34579953 83773 21368
0b000301 0b000001 10045 100 1048576 34579953 83773 21368
0b000b01 0b000801 10047 100 1048576 34580117 83773 21368
0b001601 0b001701 10047 100 1048576 34580117 83773 21368
0b001501 0b001601 10047 100 1048576 34580117 83773 21368
0b001401 0b001501 10047 100 1048576 34580117 83773 21368
0b001701 0b001401 10047 100 1048576 34580117 83773 21368
0b001201 0b001301 10047 100 1048576 34580117 83773 21368
0b001101 0b001201 10047 100 1048576 34580117 83773 21368
0b001001 0b001101 10047 100 1048576 34580117 83773 21368
0b001301 0b001001 10047 100 1048576 34580117 83773 21368
0b001e01 0b001f01 10046 100 1048576 34580035 83773 21368
0b000601 0b000701 10046 100 1048576 34580035 83773 21368
0b001d01 0b001e01 10046 100 1048576 34580035 83773 21368
0b000501 0b000601 10046 100 1048576 34580035 83773 21368
0b001c01 0b001d01 10046 100 1048576 34580035 83773 21368
0b000401 0b000501 10046 100 1048576 34580035 83773 21368
0b001f01 0b001c01 10046 100 1048576 34580035 83773 21368
0b000701 0b000401 10046 100 1048576 34580035 83773 21368
0b001a01 0b001b01 10046 100 1048576 34580035 83773 21368
0b000201 0b000301 10046 100 1048576 34580035 83773 21368
0b001901 0b001a01 10046 100 1048576 34580035 83773 21368
0b000101 0b000201 10046 100 1048576 34580035 83773 21368
0b001801 0b001901 10046 100 1048576 34580035 83773 21368
0b000001 0b000101 10046 100 1048576 34580035 83773 21368
0b001b01 0b001801 10046 100 1048576 34580035 83773 21368
0b000301 0b000001 10046 100 1048576 34580035 83773 21368
0b001e01 0b001f01 10047 100 1048576 34580117 83773 21368
0b000601 0b000701 10047 100 1048576 34580117 83773 21368
0b001d01 0b001e01 10047 100 1048576 34580117 83773 21368
0b000501 0b000601 10047 100 1048576 34580117 83773 21368
0b001c01 0b001d01 10047 100 1048576 34580117 83773 21368
0b000401 0b000501 10047 100 1048576 34580117 83773 21368
0b001f01 0b001c01 10047 100 1048576 34580117 83773 21368
0b000701 0b000401 10047 100 1048576 34580117 83773 21368
0b001a01 0b001b01 10047 100 1048576 34580117 83773 21368
0b000201 0b000301 10047 100 1048576 34580117 83773 21368
0b001901 0b001a01 10047 100 1048576 34580117 83773 21368
0b000101 0b000201 10047 100 1048576 34580117 83773 21368
0b001801 0b001901 10047 100 1048576 34580117 83773 21368
0b000001 0b000101 10047 100 1048576 34580117 83773 21368
0b001b01 0b001801 10047 100 1048576 34580117 83773 21368
0b000301 0b000001 10047 100 1048576 34580117 83773 21368
0b000f01 0b000c01 10048 100 1048576 34670001 83773 21368
0b000e01 0b000f01 10048 100 1048576 34670001 83773 21368
0b000d01 0b000e01 10048 100 1048576 34670001 83773 21368
0b000701 0b000401 10048 100 1048576 34670001 83773 21368
0b000601 0b000701 10048 100 1048576 34670001 83773 21368
0b000c01 0b000d01 10048 100 1048576 34670001 83773 21368
0b000501 0b000601 10048 100 1048576 34670001 83773 21368
0b001701 0b001401 10048 100 1048576 34670001 83773 21368
0b000b01 0b000801 10048 100 1048576 34670001 83773 21368
0b000401 0b000501 10048 100 1048576 34670001 83773 21368
0b001601 0b001701 10048 100 1048576 34670001 83773 21368
0b000a01 0b000b01 10048 100 1048576 34670001 83773 21368
0b000301 0b000001 10048 100 1048576 34670001 83773 21368
0b001501 0b001601 10048 100 1048576 34670001 83773 21368
0b000901 0b000a01 10048 100 1048576 34670001 83773 21368
0b001401 0b001501 10048 100 1048576 34670001 83773 21368
0b000201 0b000301 10048 100 1048576 34670001 83773 21368
0b000801 0b000901 10048 100 1048576 34670001 83773 21368
0b001301 0b001001 10048 100 1048576 34670001 83773 21368
0b000101 0b000201 10048 100 1048576 34670001 83773 21368
0b001f01 0b001c01 10048 100 1048576 34670001 83773 21368
0b001201 0b001301 10048 100 1048576 34670001 83773 21368
0b000001 0b000101 10048 100 1048576 34670001 83773 21368
0b001e01 0b001f01 10048 100 1048576 34670001 83773 21368
0b001101 0b001201 10048 100 1048576 34670001 83773 21368
0b001d01 0b001e01 10048 100 1048576 34670001 83773 21368
0b001001 0b001101 10048 100 1048576 34670001 83773 21368
0b001c01 0b001d01 10048 100 1048576 34670001 83773 21368
0b001b01 0b001801 10048 100 1048576 34670001 83773 21368
0b001a01 0b001b01 10048 100 1048576 34670001 83773 21368
0b001901 0b001a01 10048 100 1048576 34670001 83773 21368
0b001801 0b001901 10048 100 1048576 34670001 83773 21368
0b000f01 0b000c01 10049 100 1048576 34670001 83855 21368
0b000e01 0b000f01 10049 100 1048576 34670001 83855 21368
0b000d01 0b000e01 10049 100 1048576 34670001 83855 21368
0b000701 0b000401 10049 100 1048576 34670001 83855 21368
0b000601 0b000701 10049 100 1048576 34670001 83855 21368
0b000c01 0b000d01 10049 100 1048576 34670001 83855 21368
0b000501 0b000601 10049 100 1048576 34670001 83855 21368
0b001701 0b001401 10049 100 1048576 34670001 83855 21368
0b000b01 0b000801 10049 100 1048576 34670001 83855 21368
0b001601 0b001701 10049 100 1048576 34670001 83855 21368
0b000401 0b000501 10049 100 1048576 34670001 83855 21368
0b000a01 0b000b01 10049 100 1048576 34670001 83855 21368
0b001501 0b001601 10049 100 1048576 34670001 83855 21368
0b000301 0b000001 10049 100 1048576 34670001 83855 21368
0b001401 0b001501 10049 100 1048576 34670001 83855 21368
0b000901 0b000a01 10049 100 1048576 34670001 83855 21368
0b000201 0b000301 10049 100 1048576 34670001 83855 21368
0b001301 0b001001 10049 100 1048576 34670001 83855 21368
0b001f01 0b001c01 10049 100 1048576 34670001 83855 21368
0b000801 0b000901 10049 100 1048576 34670001 83855 21368
0b000101 0b000201 10049 100 1048576 34670001 83855 21368
0b001201 0b001301 10049 100 1048576 34670001 83855 21368
0b001e01 0b001f01 10049 100 1048576 34670001 83855 21368
0b000001 0b000101 10049 100 1048576 34670001 83855 21368
0b001101 0b001201 10049 100 1048576 34670001 83855 21368
0b001001 0b001101 10049 100 1048576 34670001 83855 21368
0b001d01 0b001e01 10049 100 1048576 34670001 83855 21368
0b001c01 0b001d01 10049 100 1048576 34670001 83855 21368
0b001b01 0b001801 10049 100 1048576 34670001 83855 21368
0b001a01 0b001b01 10049 100 1048576 34670001 83855 21368
0b001901 0b001a01 10049 100 1048576 34670001 83855 21368
0b001801 0b001901 10049 100 1048576 34670001 83855 21368
0b000701 0b000401 10050 100 1048576 34670001 83937 21368
0b000f01 0b000c01 10050 100 1048576 34670001 83937 21368
0b000601 0b000701 10050 100 1048576 34670001 83937 21368
0b000e01 0b000f01 10050 100 1048576 34670001 83937 21368
0b000501 0b000601 10050 100 1048576 34670001 83937 21368
0b000d01 0b000e01 10050 100 1048576 34670001 83937 21368
0b000401 0b000501 10050 100 1048576 34670001 83937 21368
0b001701 0b001401 10050 100 1048576 34670001 83937 21368
0b000c01 0b000d01 10050 100 1048576 34670001 83937 21368
0b000301 0b000001 10050 100 1048576 34670001 83937 21368
0b001601 0b001701 10050 100 1048576 34670001 83937 21368
0b000b01 0b000801 10050 100 1048576 34670001 83937 21368
0b000201 0b000301 10050 100 1048576 34670001 83937 21368
0b001501 0b001601 10050 100 1048576 34670001 83937 21368
0b001f01 0b001c01 10050 100 1048576 34670001 83937 21368
0b000101 0b000201 10050 100 1048576 34670001 83937 21368
0b000a01 0b000b01 10050 100 1048576 34670001 83937 21368
0b001e01 0b001f01 10050 100 1048576 34670001 83937 21368
0b000001 0b000101 10050 100 1048576 34670001 83937 21368
0b001401 0b001501 10050 100 1048576 34670001 83937 21368
0b000901 0b000a01 10050 100 1048576 34670001 83937 21368
0b001d01 0b001e01 10050 100 1048576 34670001 83937 21368
0b001301 0b001001 10050 100 1048576 34670001 83937 21368
0b000801 0b000901 10050 100 1048576 34670001 83937 21368
0b001c01 0b001d01 10050 100 1048576 34670001 83937 21368
0b001201 0b001301 10050 100 1048576 34670001 83937 21368
0b001b01 0b001801 10050 100 1048576 34670001 83937 21368
0b001101 0b001201 10050 100 1048576 34670001 83937 21368
0b001a01 0b001b01 10050 100 1048576 34670001 83937 21368
0b001001 0b001101 10050 100 1048576 34670001 83937 21368
0b001901 0b001a01 10050 100 1048576 34670001 83937 21368
0b001801 0b001901 10050 100 1048576 34670001 83937 21368
0b000701 0b000401 10051 100 1048576 34670001 84019 21368
0b000601 0b000701 10051 100 1048576 34670001 84019 21368
0b000501 0b000601 10051 100 1048576 34670001 84019 21368
0b000f01 0b000c01 10051 100 1048576 34670001 84019 21368
0b000401 0b000501 10051 100 1048576 34670001 84019 21368
0b000e01 0b000f01 10051 100 1048576 34670001 84019 21368
0b001701 0b001401 10051 100 1048576 34670001 84019 21368
0b000301 0b000001 10051 100 1048576 34670001 84019 21368
0b000d01 0b000e01 10051 100 1048576 34670001 84019 21368
0b001601 0b001701 10051 100 1048576 34670001 84019 21368
0b000201 0b000301 10051 100 1048576 34670001 84019 21368
0b001f01 0b001c01 10051 100 1048576 34670001 84019 21368
0b000c01 0b000d01 10051 100 1048576 34670001 84019 21368
0b001501 0b001601 10051 100 1048576 34670001 84019 21368
0b000101 0b000201 10051 100 1048576 34670001 84019 21368
0b001e01 0b001f01 10051 100 1048576 34670001 84019 21368
0b000b01 0b000801 10051 100 1048576 34670001 84019 21368
0b000001 0b000101 10051 100 1048576 34670001 84019 21368
0b001401 0b001501 10051 100 1048576 34670001 84019 21368
0b001d01 0b001e01 10051 100 1048576 34670001 84019 21368
0b000a01 0b000b01 10051 100 1048576 34670001 84019 21368
0b001301 0b001001 10051 100 1048576 34670001 84019 21368
0b001201 0b001301 10051 100 1048576 34670001 84019 21368
0b000901 0b000a01 10051 100 1048576 34670001 84019 21368
0b001c01 0b001d01 10051 100 1048576 34670001 84019 21368
0b000801 0b000901 10051 100 1048576 34670001 84019 21368
0b001101 0b001201 10051 100 1048576 34670001 84019 21368
0b001b01 0b001801 10051 100 1048576 34670001 84019 21368
0b001001 0b001101 10051 100 1048576 34670001 84019 21368
0b001a01 0b001b01 10051 100 1048576 34670001 84019 21368
0b001901 0b001a01 10051 100 1048576 34670001 84019 21368
0b001801 0b001901 10051 100 1048576 34670001 84019 21368
0b001c01 0b001d01 10052 100 1048576 34759814 83773 21368
0b001401 0b001501 10052 100 1048576 34759814 83773 21368
0b001f01 0b001c01 10052 100 1048576 34759814 83773 21368
0b001701 0b001401 10052 100 1048576 34759814 83773 21368
0b001e01 0b001f01 10052 100 1048576 34759814 83773 21368
0b001601 0b001701 10052 100 1048576 34759814 83773 21368
0b001d01 0b001e01 10052 100 1048576 34759814 83773 21368
0b001501 0b001601 10052 100 1048576 34759814 83773 21368
0b001801 0b001901 10052 100 1048576 34759814 83773 21368
0b001001 0b001101 10052 100 1048576 34759814 83773 21368
0b001b01 0b001801 10052 100 1048576 34759814 83773 21368
0b001301 0b001001 10052 100 1048576 34759814 83773 21368
0b001a01 0b001b01 10052 100 1048576 34759814 83773 21368
0b001201 0b001301 10052 100 1048576 34759814 83773 21368
0b001901 0b001a01 10052 100 1048576 34759814 83773 21368
0b001101 0b001201 10052 100 1048576 34759814 83773 21368
0b000c01 0b000d01 10052 100 1048576 34759814 83773 21368
0b000401 0b000501 10052 100 1048576 34759814 83773 21368
0b000f01 0b000c01 10052 100 1048576 34759814 83773 21368
0b000701 0b000401 10052 100 1048576 34759814 83773 21368
0b000601 0b000701 10052 100 1048576 34759814 83773 21368
0b000e01 0b000f01 10052 100 1048576 34759814 83773 21368
0b000501 0b000601 10052 100 1048576 34759814 83773 21368
0b000d01 0b000e01 10052 100 1048576 34759814 83773 21368
0b000001 0b000101 10052 100 1048576 34759814 83773 21368
0b000801 0b000901 10052 100 1048576 34759814 83773 21368
0b000301 0b000001 10052 100 1048576 34759814 83773 21368
0b000b01 0b000801 10052 100 1048576 34759814 83773 21368
0b000201 0b000301 10052 100 1048576 34759814 83773 21368
0b000a01 0b000b01 10052 100 1048576 34759814 83773 21368
0b000101 0b000201 10052 100 1048576 34759814 83773 21368
0b000901 0b000a01 10052 100 1048576 34759814 83773 21368
0b001401 0b001501 10053 100 1048576 34759896 83773 21368
0b001c01 0b001d01 10053 100 1048576 34759896 83773 21368
0b001701 0b001401 10053 100 1048576 34759896 83773 21368
0b001601 0b001701 10053 100 1048576 34759896 83773 21368
0b001501 0b001601 10053 100 1048576 34759896 83773 21368
0b001f01 0b001c01 10053 100 1048576 34759896 83773 21368
0b001001 0b001101 10053 100 1048576 34759896 83773 21368
0b001301 0b001001 10053 100 1048576 34759896 83773 21368
0b001e01 0b001f01 10053 100 1048576 34759896 83773 21368
0b001201 0b001301 10053 100 1048576 34759896 83773 21368
0b001101 0b001201 10053 100 1048576 34759896 83773 21368
0b001d01 0b001e01 10053 100 1048576 34759896 83773 21368
0b001801 0b001901 10053 100 1048576 34759896 83773 21368
0b001b01 0b001801 10053 100 1048576 34759896 83773 21368
0b001a01 0b001b01 10053 100 1048576 34759896 83773 21368
0b001901 0b001a01 10053 100 1048576 34759896 83773 21368
0b000c01 0b000d01 10053 100 1048576 34759896 83773 21368
0b000f01 0b000c01 10053 100 1048576 34759896 83773 21368
0b000e01 0b000f01 10053 100 1048576 34759896 83773 21368
0b000d01 0b000e01 10053 100 1048576 34759896 83773 21368
0b000801 0b000901 10053 100 1048576 34759896 83773 21368
0b000b01 0b000801 10053 100 1048576 34759896 83773 21368
0b000a01 0b000b01 10053 100 1048576 34759896 83773 21368
0b000901 0b000a01 10053 100 1048576 34759896 83773 21368
0b001401 0b001501 10054 100 1048576 34759978 83773 21368
0b001701 0b001401 10054 100 1048576 34759978 83773 21368
0b001601 0b001701 10054 100 1048576 34759978 83773 21368
0b001501 0b001601 10054 100 1048576 34759978 83773 21368
0b001001 0b001101 10054 100 1048576 34759978 83773 21368
0b001301 0b001001 10054 100 1048576 34759978 83773 21368
0b001201 0b001301 10054 100 1048576 34759978 83773 21368
0b000401 0b000501 10053 100 1048576 34759896 83773 21368
0b001101 0b001201 10054 100 1048576 34759978 83773 21368
0b000701 0b000401 10053 100 1048576 34759896 83773 21368
0b000601 0b000701 10053 100 1048576 34759896 83773 21368
0b000501 0b000601 10053 100 1048576 34759896 83773 21368
0b000001 0b000101 10053 100 1048576 34759896 83773 21368
0b000301 0b000001 10053 100 1048576 34759896 83773 21368
0b000201 0b000301 10053 100 1048576 34759896 83773 21368
0b000101 0b000201 10053 100 1048576 34759896 83773 21368
0b000c01 0b000d01 10054 100 1048576 34759978 83773 21368
0b000f01 0b000c01 10054 100 1048576 34759978 83773 21368
0b001c01 0b001d01 10054 100 1048576 34759978 83773 21368
0b000e01 0b000f01 10054 100 1048576 34759978 83773 21368
0b000d01 0b000e01 10054 100 1048576 34759978 83773 21368
0b001f01 0b001c01 10054 100 1048576 34759978 83773 21368
0b000801 0b000901 10054 100 1048576 34759978 83773 21368
0b000b01 0b000801 10054 100 1048576 34759978 83773 21368
0b001e01 0b001f01 10054 100 1048576 34759978 83773 21368
0b001401 0b001501 10055 100 1048576 34760060 83773 21368
0b000a01 0b000b01 10054 100 1048576 34759978 83773 21368
0b001d01 0b001e01 10054 100 1048576 34759978 83773 21368
0b001701 0b001401 10055 100 1048576 34760060 83773 21368
0b000901 0b000a01 10054 100 1048576 34759978 83773 21368
0b001601 0b001701 10055 100 1048576 34760060 83773 21368
0b001801 0b001901 10054 100 1048576 34759978 83773 21368
0b001501 0b001601 10055 100 1048576 34760060 83773 21368
0b001001 0b001101 10055 100 1048576 34760060 83773 21368
0b001b01 0b001801 10054 100 1048576 34759978 83773 21368
0b001301 0b001001 10055 100 1048576 34760060 83773 21368
0b001201 0b001301 10055 100 1048576 34760060 83773 21368
0b001a01 0b001b01 10054 100 1048576 34759978 83773 21368
0b001101 0b001201 10055 100 1048576 34760060 83773 21368
0b001901 0b001a01 10054 100 1048576 34759978 83773 21368
0b000c01 0b000d01 10055 100 1048576 34760060 83773 21368
0b000f01 0b000c01 10055 100 1048576 34760060 83773 21368
0b000e01 0b000f01 10055 100 1048576 34760060 83773 21368
0b000d01 0b000e01 10055 100 1048576 34760060 83773 21368
0b000401 0b000501 10054 100 1048576 34759978 83773 21368
0b000801 0b000901 10055 100 1048576 34760060 83773 21368
0b000701 0b000401 10054 100 1048576 34759978 83773 21368
0b000b01 0b000801 10055 100 1048576 34760060 83773 21368
0b000601 0b000701 10054 100 1048576 34759978 83773 21368
0b000a01 0b000b01 10055 100 1048576 34760060 83773 21368
0b000501 0b000601 10054 100 1048576 34759978 83773 21368
0b000901 0b000a01 10055 100 1048576 34760060 83773 21368
0b000001 0b000101 10054 100 1048576 34759978 83773 21368
0b000301 0b000001 10054 100 1048576 34759978 83773 21368
0b001c01 0b001d01 10055 100 1048576 34760060 83773 21368
0b001f01 0b001c01 10055 100 1048576 34760060 83773 21368
0b000201 0b000301 10054 100 1048576 34759978 83773 21368
0b001e01 0b001f01 10055 100 1048576 34760060 83773 21368
0b000101 0b000201 10054 100 1048576 34759978 83773 21368
0b001d01 0b001e01 10055 100 1048576 34760060 83773 21368
0b001801 0b001901 10055 100 1048576 34760060 83773 21368
0b001b01 0b001801 10055 100 1048576 34760060 83773 21368
0b001a01 0b001b01 10055 100 1048576 34760060 83773 21368
0b001901 0b001a01 10055 100 1048576 34760060 83773 21368
0b000401 0b000501 10055 100 1048576 34760060 83773 21368
0b000701 0b000401 10055 100 1048576 34760060 83773 21368
0b000601 0b000701 10055 100 1048576 34760060 83773 21368
0b000501 0b000601 10055 100 1048576 34760060 83773 21368
0b000001 0b000101 10055 100 1048576 34760060 83773 21368
0b000301 0b000001 10055 100 1048576 34760060 83773 21368
0b000201 0b000301 10055 100 1048576 34760060 83773 21368
0b000101 0b000201 10055 100 1048576 34760060 83773 21368
0b000d01 0b000e01 10056 100 1048576 34849627 83773 21368
0b001501 0b001601 10056 100 1048576 34849627 83773 21368
0b000c01 0b000d01 10056 100 1048576 34849627 83773 21368
0b001401 0b001501 10056 100 1048576 34849627 83773 21368
0b000f01 0b000c01 10056 100 1048576 34849627 83773 21368
0b001701 0b001401 10056 100 1048576 34849627 83773 21368
0b000e01 0b000f01 10056 100 1048576 34849627 83773 21368
0b001601 0b001701 10056 100 1048576 34849627 83773 21368
0b000901 0b000a01 10056 100 1048576 34849627 83773 21368
0b001101 0b001201 10056 100 1048576 34849627 83773 21368
0b000801 0b000901 10056 100 1048576 34849627 83773 21368
0b001001 0b001101 10056 100 1048576 34849627 83773 21368
0b000b01 0b000801 10056 100 1048576 34849627 83773 21368
0b001301 0b001001 10056 100 1048576 34849627 83773 21368
0b001201 0b001301 10056 100 1048576 34849627 83773 21368
0b000a01 0b000b01 10056 100 1048576 34849627 83773 21368
0b001501 0b001601 10057 100 1048576 34849709 83773 21368
0b000d01 0b000e01 10057 100 1048576 34849709 83773 21368
0b001401 0b001501 10057 100 1048576 34849709 83773 21368
0b000c01 0b000d01 10057 100 1048576 34849709 83773 21368
0b001701 0b001401 10057 100 1048576 34849709 83773 21368
0b000f01 0b000c01 10057 100 1048576 34849709 83773 21368
0b001601 0b001701 10057 100 1048576 34849709 83773 21368
0b000e01 0b000f01 10057 100 1048576 34849709 83773 21368
0b001101 0b001201 10057 100 1048576 34849709 83773 21368
0b000901 0b000a01 10057 100 1048576 34849709 83773 21368
0b001001 0b001101 10057 100 1048576 34849709 83773 21368
0b000801 0b000901 10057 100 1048576 34849709 83773 21368
0b001301 0b001001 10057 100 1048576 34849709 83773 21368
0b000b01 0b000801 10057 100 1048576 34849709 83773 21368
0b001201 0b001301 10057 100 1048576 34849709 83773 21368
0b000a01 0b000b01 10057 100 1048576 34849709 83773 21368
0b001d01 0b001e01 10056 100 1048576 34849627 83773 21368
0b000501 0b000601 10056 100 1048576 34849627 83773 21368
0b001c01 0b001d01 10056 100 1048576 34849627 83773 21368
0b000d01 0b000e01 10058 100 1048576 34849791 83773 21368
0b001501 0b001601 10058 100 1048576 34849791 83773 21368
0b000401 0b000501 10056 100 1048576 34849627 83773 21368
0b000c01 0b000d01 10058 100 1048576 34849791 83773 21368
0b001401 0b001501 10058 100 1048576 34849791 83773 21368
0b000701 0b000401 10056 100 1048576 34849627 83773 21368
0b001701 0b001401 10058 100 1048576 34849791 83773 21368
0b001f01 0b001c01 10056 100 1048576 34849627 83773 21368
0b000f01 0b000c01 10058 100 1048576 34849791 83773 21368
0b000601 0b000701 10056 100 1048576 34849627 83773 21368
0b001601 0b001701 10058 100 1048576 34849791 83773 21368
0b000101 0b000201 10056 100 1048576 34849627 83773 21368
0b001e01 0b001f01 10056 100 1048576 34849627 83773 21368
0b000e01 0b000f01 10058 100 1048576 34849791 83773 21368
0b001101 0b001201 10058 100 1048576 34849791 83773 21368
0b001901 0b001a01 10056 100 1048576 34849627 83773 21368
0b000901 0b000a01 10058 100 1048576 34849791 83773 21368
0b000001 0b000101 10056 100 1048576 34849627 83773 21368
0b001001 0b001101 10058 100 1048576 34849791 83773 21368
0b001801 0b001901 10056 100 1048576 34849627 83773 21368
0b000301 0b000001 10056 100 1048576 34849627 83773 21368
0b000801 0b000901 10058 100 1048576 34849791 83773 21368
0b001301 0b001001 10058 100 1048576 34849791 83773 21368
0b001b01 0b001801 10056 100 1048576 34849627 83773 21368
0b000201 0b000301 10056 100 1048576 34849627 83773 21368
0b000b01 0b000801 10058 100 1048576 34849791 83773 21368
0b001a01 0b001b01 10056 100 1048576 34849627 83773 21368
0b000a01 0b000b01 10058 100 1048576 34849791 83773 21368
0b001201 0b001301 10058 100 1048576 34849791 83773 21368
0b000d01 0b000e01 10059 100 1048576 34849873 83773 21368
0b001501 0b001601 10059 100 1048576 34849873 83773 21368
0b000501 0b000601 10057 100 1048576 34849709 83773 21368
0b000401 0b000501 10057 100 1048576 34849709 83773 21368
0b001d01 0b001e01 10057 100 1048576 34849709 83773 21368
0b000c01 0b000d01 10059 100 1048576 34849873 83773 21368
0b000701 0b000401 10057 100 1048576 34849709 83773 21368
0b001401 0b001501 10059 100 1048576 34849873 83773 21368
0b001c01 0b001d01 10057 100 1048576 34849709 83773 21368
0b000601 0b000701 10057 100 1048576 34849709 83773 21368
0b001f01 0b001c01 10057 100 1048576 34849709 83773 21368
0b000f01 0b000c01 10059 100 1048576 34849873 83773 21368
0b001701 0b001401 10059 100 1048576 34849873 83773 21368
0b001e01 0b001f01 10057 100 1048576 34849709 83773 21368
0b000101 0b000201 10057 100 1048576 34849709 83773 21368
0b000e01 0b000f01 10059 100 1048576 34849873 83773 21368
0b001601 0b001701 10059 100 1048576 34849873 83773 21368
0b001901 0b001a01 10057 100 1048576 34849709 83773 21368
0b000001 0b000101 10057 100 1048576 34849709 83773 21368
0b000901 0b000a01 10059 100 1048576 34849873 83773 21368
0b001801 0b001901 10057 100 1048576 34849709 83773 21368
0b001101 0b001201 10059 100 1048576 34849873 83773 21368
0b000301 0b000001 10057 100 1048576 34849709 83773 21368
0b001b01 0b001801 10057 100 1048576 34849709 83773 21368
0b000801 0b000901 10059 100 1048576 34849873 83773 21368
0b000201 0b000301 10057 100 1048576 34849709 83773 21368
0b001001 0b001101 10059 100 1048576 34849873 83773 21368
0b001a01 0b001b01 10057 100 1048576 34849709 83773 21368
0b000b01 0b000801 10059 100 1048576 34849873 83773 21368
0b001301 0b001001 10059 100 1048576 34849873 83773 21368
0b000a01 0b000b01 10059 100 1048576 34849873 83773 21368
0b001201 0b001301 10059 100 1048576 34849873 83773 21368
0b000501 0b000601 10058 100 1048576 34849791 83773 21368
0b000401 0b000501 10058 100 1048576 34849791 83773 21368
0b001d01 0b001e01 10058 100 1048576 34849791 83773 21368
0b000701 0b000401 10058 100 1048576 34849791 83773 21368
0b001c01 0b001d01 10058 100 1048576 34849791 83773 21368
0b000601 0b000701 10058 100 1048576 34849791 83773 21368
0b001f01 0b001c01 10058 100 1048576 34849791 83773 21368
0b000101 0b000201 10058 100 1048576 34849791 83773 21368
0b001e01 0b001f01 10058 100 1048576 34849791 83773 21368
0b000001 0b000101 10058 100 1048576 34849791 83773 21368
0b001901 0b001a01 10058 100 1048576 34849791 83773 21368
0b000301 0b000001 10058 100 1048576 34849791 83773 21368
0b001801 0b001901 10058 100 1048576 34849791 83773 21368
0b000201 0b000301 10058 100 1048576 34849791 83773 21368
0b001b01 0b001801 10058 100 1048576 34849791 83773 21368
0b001a01 0b001b01 10058 100 1048576 34849791 83773 21368
0b000501 0b000601 10059 100 1048576 34849873 83773 21368
0b001d01 0b001e01 10059 100 1048576 34849873 83773 21368
0b000401 0b000501 10059 100 1048576 34849873 83773 21368
0b001c01 0b001d01 10059 100 1048576 34849873 83773 21368
0b000701 0b000401 10059 100 1048576 34849873 83773 21368
0b000601 0b000701 10059 100 1048576 34849873 83773 21368
0b001f01 0b001c01 10059 100 1048576 34849873 83773 21368
0b000101 0b000201 10059 100 1048576 34849873 83773 21368
0b001e01 0b001f01 10059 100 1048576 34849873 83773 21368
0b000001 0b000101 10059 100 1048576 34849873 83773 21368
0b001901 0b001a01 10059 100 1048576 34849873 83773 21368
0b000301 0b000001 10059 100 1048576 34849873 83773 21368
0b001801 0b001901 10059 100 1048576 34849873 83773 21368
0b000201 0b000301 10059 100 1048576 34849873 83773 21368
0b001b01 0b001801 10059 100 1048576 34849873 83773 21368
0b001a01 0b001b01 10059 100 1048576 34849873 83773 21368
0b001601 0b001701 10060 100 1048576 35600105 83773 21368
0b000601 0b000701 10060 100 1048576 35600105 83773 21368
0b001501 0b001601 10060 100 1048576 35600105 83773 21368
0b000501 0b000601 10060 100 1048576 35600105 83773 21368
0b001401 0b001501 10060 100 1048576 35600105 83773 21368
0b000401 0b000501 10060 100 1048576 35600105 83773 21368
0b001701 0b001401 10060 100 1048576 35600105 83773 21368
0b000701 0b000401 10060 100 1048576 35600105 83773 21368
0b001201 0b001301 10060 100 1048576 35600105 83773 21368
0b000201 0b000301 10060 100 1048576 35600105 83773 21368
0b001101 0b001201 10060 100 1048576 35600105 83773 21368
0b000101 0b000201 10060 100 1048576 35600105 83773 21368
0b001001 0b001101 10060 100 1048576 35600105 83773 21368
0b000001 0b000101 10060 100 1048576 35600105 83773 21368
0b001301 0b001001 10060 100 1048576 35600105 83773 21368
0b000301 0b000001 10060 100 1048576 35600105 83773 21368
0b001e01 0b001f01 10060 100 1048576 35600105 83773 21368
0b000e01 0b000f01 10060 100 1048576 35600105 83773 21368
0b000d01 0b000e01 10060 100 1048576 35600105 83773 21368
0b001d01 0b001e01 10060 100 1048576 35600105 83773 21368
0b000c01 0b000d01 10060 100 1048576 35600105 83773 21368
0b001c01 0b001d01 10060 100 1048576 35600105 83773 21368
0b000f01 0b000c01 10060 100 1048576 35600105 83773 21368
0b001601 0b001701 10061 100 1048576 35600105 83855 21368
0b001f01 0b001c01 10060 100 1048576 35600105 83773 21368
0b000601 0b000701 10061 100 1048576 35600105 83855 21368
0b001501 0b001601 10061 100 1048576 35600105 83855 21368
0b000501 0b000601 10061 100 1048576 35600105 83855 21368
0b001401 0b001501 10061 100 1048576 35600105 83855 21368
0b001a01 0b001b01 10060 100 1048576 35600105 83773 21368
0b001701 0b001401 10061 100 1048576 35600105 83855 21368
0b000a01 0b000b01 10060 100 1048576 35600105 83773 21368
0b000401 0b000501 10061 100 1048576 35600105 83855 21368
0b000901 0b000a01 10060 100 1048576 35600105 83773 21368
0b001201 0b001301 10061 100 1048576 35600105 83855 21368
0b001901 0b001a01 10060 100 1048576 35600105 83773 21368
0b001101 0b001201 10061 100 1048576 35600105 83855 21368
0b000701 0b000401 10061 100 1048576 35600105 83855 21368
0b000801 0b000901 10060 100 1048576 35600105 83773 21368
0b001001 0b001101 10061 100 1048576 35600105 83855 21368
0b001801 0b001901 10060 100 1048576 35600105 83773 21368
0b000201 0b000301 10061 100 1048576 35600105 83855 21368
0b001301 0b001001 10061 100 1048576 35600105 83855 21368
0b000b01 0b000801 10060 100 1048576 35600105 83773 21368
0b001b01 0b001801 10060 100 1048576 35600105 83773 21368
0b000101 0b000201 10061 100 1048576 35600105 83855 21368
0b000001 0b000101 10061 100 1048576 35600105 83855 21368
0b000301 0b000001 10061 100 1048576 35600105 83855 21368
0b001e01 0b001f01 10061 100 1048576 35600105 83855 21368
0b001d01 0b001e01 10061 100 1048576 35600105 83855 21368
0b001c01 0b001d01 10061 100 1048576 35600105 83855 21368
0b001f01 0b001c01 10061 100 1048576 35600105 83855 21368
0b000e01 0b000f01 10061 100 1048576 35600105 83855 21368
0b000d01 0b000e01 10061 100 1048576 35600105 83855 21368
0b000c01 0b000d01 10061 100 1048576 35600105 83855 21368
0b001a01 0b001b01 10061 100 1048576 35600105 83855 21368
0b000601 0b000701 10062 100 1048576 35600105 83937 21368
0b000f01 0b000c01 10061 100 1048576 35600105 83855 21368
0b001901 0b001a01 10061 100 1048576 35600105 83855 21368
0b000a01 0b000b01 10061 100 1048576 35600105 83855 21368
0b001801 0b001901 10061 100 1048576 35600105 83855 21368
0b001601 0b001701 10062 100 1048576 35600105 83937 21368
0b000901 0b000a01 10061 100 1048576 35600105 83855 21368
0b001b01 0b001801 10061 100 1048576 35600105 83855 21368
0b001501 0b001601 10062 100 1048576 35600105 83937 21368
0b000801 0b000901 10061 100 1048576 35600105 83855 21368
0b000501 0b000601 10062 100 1048576 35600105 83937 21368
0b001401 0b001501 10062 100 1048576 35600105 83937 21368
0b000b01 0b000801 10061 100 1048576 35600105 83855 21368
0b000401 0b000501 10062 100 1048576 35600105 83937 21368
0b001701 0b001401 10062 100 1048576 35600105 83937 21368
0b000701 0b000401 10062 100 1048576 35600105 83937 21368
0b001201 0b001301 10062 100 1048576 35600105 83937 21368
0b000201 0b000301 10062 100 1048576 35600105 83937 21368
0b001101 0b001201 10062 100 1048576 35600105 83937 21368
0b000101 0b000201 10062 100 1048576 35600105 83937 21368
0b001001 0b001101 10062 100 1048576 35600105 83937 21368
0b000001 0b000101 10062 100 1048576 35600105 83937 21368
0b000301 0b000001 10062 100 1048576 35600105 83937 21368
0b001301 0b001001 10062 100 1048576 35600105 83937 21368
0b001e01 0b001f01 10062 100 1048576 35600105 83937 21368
0b001d01 0b001e01 10062 100 1048576 35600105 83937 21368
0b001c01 0b001d01 10062 100 1048576 35600105 83937 21368
0b001f01 0b001c01 10062 100 1048576 35600105 83937 21368
0b001a01 0b001b01 10062 100 1048576 35600105 83937 21368
0b001901 0b001a01 10062 100 1048576 35600105 83937 21368
0b001801 0b001901 10062 100 1048576 35600105 83937 21368
0b001b01 0b001801 10062 100 1048576 35600105 83937 21368
0b000e01 0b000f01 10062 100 1048576 35600105 83937 21368
0b000d01 0b000e01 10062 100 1048576 35600105 83937 21368
0b000c01 0b000d01 10062 100 1048576 35600105 83937 21368
0b000f01 0b000c01 10062 100 1048576 35600105 83937 21368
0b000a01 0b000b01 10062 100 1048576 35600105 83937 21368
0b000901 0b000a01 10062 100 1048576 35600105 83937 21368
0b000601 0b000701 10063 100 1048576 35600105 84019 21368
0b001601 0b001701 10063 100 1048576 35600105 84019 21368
0b001e01 0b001f01 10063 100 1048576 35600105 84019 21368
0b001d01 0b001e01 10063 100 1048576 35600105 84019 21368
0b000501 0b000601 10063 100 1048576 35600105 84019 21368
0b001501 0b001601 10063 100 1048576 35600105 84019 21368
0b001c01 0b001d01 10063 100 1048576 35600105 84019 21368
0b000401 0b000501 10063 100 1048576 35600105 84019 21368
0b001f01 0b001c01 10063 100 1048576 35600105 84019 21368
0b001401 0b001501 10063 100 1048576 35600105 84019 21368
0b000801 0b000901 10062 100 1048576 35600105 83937 21368
0b001701 0b001401 10063 100 1048576 35600105 84019 21368
0b000701 0b000401 10063 100 1048576 35600105 84019 21368
0b001201 0b001301 10063 100 1048576 35600105 84019 21368
0b000b01 0b000801 10062 100 1048576 35600105 83937 21368
0b001a01 0b001b01 10063 100 1048576 35600105 84019 21368
0b001101 0b001201 10063 100 1048576 35600105 84019 21368
0b000201 0b000301 10063 100 1048576 35600105 84019 21368
0b001001 0b001101 10063 100 1048576 35600105 84019 21368
0b001901 0b001a01 10063 100 1048576 35600105 84019 21368
0b001301 0b001001 10063 100 1048576 35600105 84019 21368
0b000101 0b000201 10063 100 1048576 35600105 84019 21368
0b001801 0b001901 10063 100 1048576 35600105 84019 21368
0b001b01 0b001801 10063 100 1048576 35600105 84019 21368
0b000001 0b000101 10063 100 1048576 35600105 84019 21368
0b000301 0b000001 10063 100 1048576 35600105 84019 21368
0b000e01 0b000f01 10063 100 1048576 35600105 84019 21368
0b000d01 0b000e01 10063 100 1048576 35600105 84019 21368
0b000c01 0b000d01 10063 100 1048576 35600105 84019 21368
0b000f01 0b000c01 10063 100 1048576 35600105 84019 21368
0b000a01 0b000b01 10063 100 1048576 35600105 84019 21368
0b000901 0b000a01 10063 100 1048576 35600105 84019 21368
0b000801 0b000901 10063 100 1048576 35600105 84019 21368
0b000b01 0b000801 10063 100 1048576 35600105 84019 21368
0b000701 0b000401 10064 100 1048576 35689888 83773 21368
0b001701 0b001401 10064 100 1048576 35689888 83773 21368
0b000601 0b000701 10064 100 1048576 35689888 83773 21368
0b000501 0b000601 10064 100 1048576 35689888 83773 21368
0b001601 0b001701 10064 100 1048576 35689888 83773 21368
0b000401 0b000501 10064 100 1048576 35689888 83773 21368
0b001501 0b001601 10064 100 1048576 35689888 83773 21368
0b000301 0b000001 10064 100 1048576 35689888 83773 21368
0b001401 0b001501 10064 100 1048576 35689888 83773 21368
0b000201 0b000301 10064 100 1048576 35689888 83773 21368
0b001301 0b001001 10064 100 1048576 35689888 83773 21368
0b000101 0b000201 10064 100 1048576 35689888 83773 21368
0b001201 0b001301 10064 100 1048576 35689888 83773 21368
0b000001 0b000101 10064 100 1048576 35689888 83773 21368
0b001101 0b001201 10064 100 1048576 35689888 83773 21368
0b001001 0b001101 10064 100 1048576 35689888 83773 21368
0b001f01 0b001c01 10064 100 1048576 35689888 83773 21368
0b000f01 0b000c01 10064 100 1048576 35689888 83773 21368
0b001e01 0b001f01 10064 100 1048576 35689888 83773 21368
0b000e01 0b000f01 10064 100 1048576 35689888 83773 21368
0b001d01 0b001e01 10064 100 1048576 35689888 83773 21368
0b000d01 0b000e01 10064 100 1048576 35689888 83773 21368
0b001c01 0b001d01 10064 100 1048576 35689888 83773 21368
0b000c01 0b000d01 10064 100 1048576 35689888 83773 21368
0b001b01 0b001801 10064 100 1048576 35689888 83773 21368
0b000b01 0b000801 10064 100 1048576 35689888 83773 21368
0b001a01 0b001b01 10064 100 1048576 35689888 83773 21368
0b000a01 0b000b01 10064 100 1048576 35689888 83773 21368
0b001901 0b001a01 10064 100 1048576 35689888 83773 21368
0b000901 0b000a01 10064 100 1048576 35689888 83773 21368
0b001801 0b001901 10064 100 1048576 35689888 83773 21368
0b000801 0b000901 10064 100 1048576 35689888 83773 21368
0b000701 0b000401 10065 100 1048576 35689970 83773 21368
0b001701 0b001401 10065 100 1048576 35689970 83773 21368
0b000601 0b000701 10065 100 1048576 35689970 83773 21368
0b001601 0b001701 10065 100 1048576 35689970 83773 21368
0b000501 0b000601 10065 100 1048576 35689970 83773 21368
0b001501 0b001601 10065 100 1048576 35689970 83773 21368
0b000401 0b000501 10065 100 1048576 35689970 83773 21368
0b001401 0b001501 10065 100 1048576 35689970 83773 21368
0b000301 0b000001 10065 100 1048576 35689970 83773 21368
0b001301 0b001001 10065 100 1048576 35689970 83773 21368
0b000201 0b000301 10065 100 1048576 35689970 83773 21368
0b001201 0b001301 10065 100 1048576 35689970 83773 21368
0b000101 0b000201 10065 100 1048576 35689970 83773 21368
0b001101 0b001201 10065 100 1048576 35689970 83773 21368
0b000001 0b000101 10065 100 1048576 35689970 83773 21368
0b001001 0b001101 10065 100 1048576 35689970 83773 21368
0b000f01 0b000c01 10065 100 1048576 35689970 83773 21368
0b001f01 0b001c01 10065 100 1048576 35689970 83773 21368
0b000e01 0b000f01 10065 100 1048576 35689970 83773 21368
0b001e01 0b001f01 10065 100 1048576 35689970 83773 21368
0b000d01 0b000e01 10065 100 1048576 35689970 83773 21368
0b001d01 0b001e01 10065 100 1048576 35689970 83773 21368
0b001c01 0b001d01 10065 100 1048576 35689970 83773 21368
0b000c01 0b000d01 10065 100 1048576 35689970 83773 21368
0b001b01 0b001801 10065 100 1048576 35689970 83773 21368
0b000b01 0b000801 10065 100 1048576 35689970 83773 21368
0b001a01 0b001b01 10065 100 1048576 35689970 83773 21368
0b000a01 0b000b01 10065 100 1048576 35689970 83773 21368
0b000701 0b000401 10066 100 1048576 35690052 83773 21368
0b000901 0b000a01 10065 100 1048576 35689970 83773 21368
0b001901 0b001a01 10065 100 1048576 35689970 83773 21368
0b000601 0b000701 10066 100 1048576 35690052 83773 21368
0b000801 0b000901 10065 100 1048576 35689970 83773 21368
0b001701 0b001401 10066 100 1048576 35690052 83773 21368
0b000501 0b000601 10066 100 1048576 35690052 83773 21368
0b001801 0b001901 10065 100 1048576 35689970 83773 21368
0b000401 0b000501 10066 100 1048576 35690052 83773 21368
0b001601 0b001701 10066 100 1048576 35690052 83773 21368
0b001501 0b001601 10066 100 1048576 35690052 83773 21368
0b000301 0b000001 10066 100 1048576 35690052 83773 21368
0b001401 0b001501 10066 100 1048576 35690052 83773 21368
0b000201 0b000301 10066 100 1048576 35690052 83773 21368
0b001301 0b001001 10066 100 1048576 35690052 83773 21368
0b000101 0b000201 10066 100 1048576 35690052 83773 21368
0b001201 0b001301 10066 100 1048576 35690052 83773 21368
0b000001 0b000101 10066 100 1048576 35690052 83773 21368
0b001101 0b001201 10066 100 1048576 35690052 83773 21368
0b001001 0b001101 10066 100 1048576 35690052 83773 21368
0b000f01 0b000c01 10066 100 1048576 35690052 83773 21368
0b000e01 0b000f01 10066 100 1048576 35690052 83773 21368
0b000d01 0b000e01 10066 100 1048576 35690052 83773 21368
0b000c01 0b000d01 10066 100 1048576 35690052 83773 21368
0b000b01 0b000801 10066 100 1048576 35690052 83773 21368
0b001f01 0b001c01 10066 100 1048576 35690052 83773 21368
0b000a01 0b000b01 10066 100 1048576 35690052 83773 21368
0b001e01 0b001f01 10066 100 1048576 35690052 83773 21368
0b000901 0b000a01 10066 100 1048576 35690052 83773 21368
0b001d01 0b001e01 10066 100 1048576 35690052 83773 21368
0b000801 0b000901 10066 100 1048576 35690052 83773 21368
0b001701 0b001401 10067 100 1048576 35690134 83773 21368
0b001c01 0b001d01 10066 100 1048576 35690052 83773 21368
0b000701 0b000401 10067 100 1048576 35690134 83773 21368
0b001601 0b001701 10067 100 1048576 35690134 83773 21368
0b001b01 0b001801 10066 100 1048576 35690052 83773 21368
0b000601 0b000701 10067 100 1048576 35690134 83773 21368
0b001501 0b001601 10067 100 1048576 35690134 83773 21368
0b000501 0b000601 10067 100 1048576 35690134 83773 21368
0b001a01 0b001b01 10066 100 1048576 35690052 83773 21368
0b001401 0b001501 10067 100 1048576 35690134 83773 21368
0b000401 0b000501 10067 100 1048576 35690134 83773 21368
0b001901 0b001a01 10066 100 1048576 35690052 83773 21368
0b001301 0b001001 10067 100 1048576 35690134 83773 21368
0b000301 0b000001 10067 100 1048576 35690134 83773 21368
0b001801 0b001901 10066 100 1048576 35690052 83773 21368
0b001201 0b001301 10067 100 1048576 35690134 83773 21368
0b000201 0b000301 10067 100 1048576 35690134 83773 21368
0b001101 0b001201 10067 100 1048576 35690134 83773 21368
0b001001 0b001101 10067 100 1048576 35690134 83773 21368
0b000101 0b000201 10067 100 1048576 35690134 83773 21368
0b000001 0b000101 10067 100 1048576 35690134 83773 21368
0b000f01 0b000c01 10067 100 1048576 35690134 83773 21368
0b000e01 0b000f01 10067 100 1048576 35690134 83773 21368
0b000d01 0b000e01 10067 100 1048576 35690134 83773 21368
0b000c01 0b000d01 10067 100 1048576 35690134 83773 21368
0b000b01 0b000801 10067 100 1048576 35690134 83773 21368
0b000a01 0b000b01 10067 100 1048576 35690134 83773 21368
0b000901 0b000a01 10067 100 1048576 35690134 83773 21368
0b001f01 0b001c01 10067 100 1048576 35690134 83773 21368
0b000801 0b000901 10067 100 1048576 35690134 83773 21368
0b001e01 0b001f01 10067 100 1048576 35690134 83773 21368
0b001d01 0b001e01 10067 100 1048576 35690134 83773 21368
0b001c01 0b001d01 10067 100 1048576 35690134 83773 21368
0b001b01 0b001801 10067 100 1048576 35690134 83773 21368
0b001a01 0b001b01 10067 100 1048576 35690134 83773 21368
0b001901 0b001a01 10067 100 1048576 35690134 83773 21368
0b001801 0b001901 10067 100 1048576 35690134 83773 21368
0b000401 0b000501 10068 100 1048576 35779671 83773 21368
0b000c01 0b000d01 10068 100 1048576 35779671 83773 21368
0b001401 0b001501 10068 100 1048576 35779671 83773 21368
0b000701 0b000401 10068 100 1048576 35779671 83773 21368
0b001701 0b001401 10068 100 1048576 35779671 83773 21368
0b000f01 0b000c01 10068 100 1048576 35779671 83773 21368
0b000601 0b000701 10068 100 1048576 35779671 83773 21368
0b001601 0b001701 10068 100 1048576 35779671 83773 21368
0b000e01 0b000f01 10068 100 1048576 35779671 83773 21368
0b000501 0b000601 10068 100 1048576 35779671 83773 21368
0b001501 0b001601 10068 100 1048576 35779671 83773 21368
0b000d01 0b000e01 10068 100 1048576 35779671 83773 21368
0b000001 0b000101 10068 100 1048576 35779671 83773 21368
0b001001 0b001101 10068 100 1048576 35779671 83773 21368
0b000301 0b000001 10068 100 1048576 35779671 83773 21368
0b000801 0b000901 10068 100 1048576 35779671 83773 21368
0b001301 0b001001 10068 100 1048576 35779671 83773 21368
0b000201 0b000301 10068 100 1048576 35779671 83773 21368
0b000b01 0b000801 10068 100 1048576 35779671 83773 21368
0b001201 0b001301 10068 100 1048576 35779671 83773 21368
0b000a01 0b000b01 10068 100 1048576 35779671 83773 21368
0b000101 0b000201 10068 100 1048576 35779671 83773 21368
0b001101 0b001201 10068 100 1048576 35779671 83773 21368
0b000901 0b000a01 10068 100 1048576 35779671 83773 21368
0b001c01 0b001d01 10068 100 1048576 35779671 83773 21368
0b001f01 0b001c01 10068 100 1048576 35779671 83773 21368
0b001e01 0b001f01 10068 100 1048576 35779671 83773 21368
0b001d01 0b001e01 10068 100 1048576 35779671 83773 21368
0b001801 0b001901 10068 100 1048576 35779671 83773 21368
0b001b01 0b001801 10068 100 1048576 35779671 83773 21368
0b001a01 0b001b01 10068 100 1048576 35779671 83773 21368
0b001901 0b001a01 10068 100 1048576 35779671 83773 21368
0b000401 0b000501 10069 100 1048576 35779753 83773 21368
0b000701 0b000401 10069 100 1048576 35779753 83773 21368
0b000c01 0b000d01 10069 100 1048576 35779753 83773 21368
0b001c01 0b001d01 10069 100 1048576 35779753 83773 21368
0b001401 0b001501 10069 100 1048576 35779753 83773 21368
0b000601 0b000701 10069 100 1048576 35779753 83773 21368
0b000f01 0b000c01 10069 100 1048576 35779753 83773 21368
0b001f01 0b001c01 10069 100 1048576 35779753 83773 21368
0b000501 0b000601 10069 100 1048576 35779753 83773 21368
0b001701 0b001401 10069 100 1048576 35779753 83773 21368
0b001e01 0b001f01 10069 100 1048576 35779753 83773 21368
0b000001 0b000101 10069 100 1048576 35779753 83773 21368
0b001601 0b001701 10069 100 1048576 35779753 83773 21368
0b000e01 0b000f01 10069 100 1048576 35779753 83773 21368
0b000301 0b000001 10069 100 1048576 35779753 83773 21368
0b000d01 0b000e01 10069 100 1048576 35779753 83773 21368
0b001d01 0b001e01 10069 100 1048576 35779753 83773 21368
0b001501 0b001601 10069 100 1048576 35779753 83773 21368
0b000801 0b000901 10069 100 1048576 35779753 83773 21368
0b000201 0b000301 10069 100 1048576 35779753 83773 21368
0b001801 0b001901 10069 100 1048576 35779753 83773 21368
0b001001 0b001101 10069 100 1048576 35779753 83773 21368
0b000b01 0b000801 10069 100 1048576 35779753 83773 21368
0b000101 0b000201 10069 100 1048576 35779753 83773 21368
0b001301 0b001001 10069 100 1048576 35779753 83773 21368
0b000a01 0b000b01 10069 100 1048576 35779753 83773 21368
0b001b01 0b001801 10069 100 1048576 35779753 83773 21368
0b001201 0b001301 10069 100 1048576 35779753 83773 21368
0b001a01 0b001b01 10069 100 1048576 35779753 83773 21368
0b000901 0b000a01 10069 100 1048576 35779753 83773 21368
0b001901 0b001a01 10069 100 1048576 35779753 83773 21368
0b001101 0b001201 10069 100 1048576 35779753 83773 21368
0b000401 0b000501 10070 100 1048576 35779835 83773 21368
0b000701 0b000401 10070 100 1048576 35779835 83773 21368
0b000601 0b000701 10070 100 1048576 35779835 83773 21368
0b000c01 0b000d01 10070 100 1048576 35779835 83773 21368
0b000501 0b000601 10070 100 1048576 35779835 83773 21368
0b000f01 0b000c01 10070 100 1048576 35779835 83773 21368
0b001401 0b001501 10070 100 1048576 35779835 83773 21368
0b000001 0b000101 10070 100 1048576 35779835 83773 21368
0b001c01 0b001d01 10070 100 1048576 35779835 83773 21368
0b000301 0b000001 10070 100 1048576 35779835 83773 21368
0b000e01 0b000f01 10070 100 1048576 35779835 83773 21368
0b001f01 0b001c01 10070 100 1048576 35779835 83773 21368
0b001701 0b001401 10070 100 1048576 35779835 83773 21368
0b001e01 0b001f01 10070 100 1048576 35779835 83773 21368
0b001601 0b001701 10070 100 1048576 35779835 83773 21368
0b000201 0b000301 10070 100 1048576 35779835 83773 21368
0b000d01 0b000e01 10070 100 1048576 35779835 83773 21368
0b001d01 0b001e01 10070 100 1048576 35779835 83773 21368
0b001501 0b001601 10070 100 1048576 35779835 83773 21368
0b001801 0b001901 10070 100 1048576 35779835 83773 21368
0b000801 0b000901 10070 100 1048576 35779835 83773 21368
0b000101 0b000201 10070 100 1048576 35779835 83773 21368
0b001001 0b001101 10070 100 1048576 35779835 83773 21368
0b001b01 0b001801 10070 100 1048576 35779835 83773 21368
0b000b01 0b000801 10070 100 1048576 35779835 83773 21368
0b001301 0b001001 10070 100 1048576 35779835 83773 21368
0b000a01 0b000b01 10070 100 1048576 35779835 83773 21368
0b001a01 0b001b01 10070 100 1048576 35779835 83773 21368
0b001201 0b001301 10070 100 1048576 35779835 83773 21368
0b001901 0b001a01 10070 100 1048576 35779835 83773 21368
0b000901 0b000a01 10070 100 1048576 35779835 83773 21368
0b001101 0b001201 10070 100 1048576 35779835 83773 21368
0b000401 0b000501 10071 100 1048576 35779917 83773 21368
0b000701 0b000401 10071 100 1048576 35779917 83773 21368
0b000c01 0b000d01 10071 100 1048576 35779917 83773 21368
0b001c01 0b001d01 10071 100 1048576 35779917 83773 21368
0b000601 0b000701 10071 100 1048576 35779917 83773 21368
0b001401 0b001501 10071 100 1048576 35779917 83773 21368
0b000f01 0b000c01 10071 100 1048576 35779917 83773 21368
0b000501 0b000601 10071 100 1048576 35779917 83773 21368
0b001701 0b001401 10071 100 1048576 35779917 83773 21368
0b001f01 0b001c01 10071 100 1048576 35779917 83773 21368
0b000e01 0b000f01 10071 100 1048576 35779917 83773 21368
0b001601 0b001701 10071 100 1048576 35779917 83773 21368
0b000001 0b000101 10071 100 1048576 35779917 83773 21368
0b001e01 0b001f01 10071 100 1048576 35779917 83773 21368
0b000d01 0b000e01 10071 100 1048576 35779917 83773 21368
0b001501 0b001601 10071 100 1048576 35779917 83773 21368
0b000301 0b000001 10071 100 1048576 35779917 83773 21368
0b001d01 0b001e01 10071 100 1048576 35779917 83773 21368
0b001001 0b001101 10071 100 1048576 35779917 83773 21368
0b000801 0b000901 10071 100 1048576 35779917 83773 21368
0b001801 0b001901 10071 100 1048576 35779917 83773 21368
0b000201 0b000301 10071 100 1048576 35779917 83773 21368
0b000b01 0b000801 10071 100 1048576 35779917 83773 21368
0b001301 0b001001 10071 100 1048576 35779917 83773 21368
0b001b01 0b001801 10071 100 1048576 35779917 83773 21368
0b000101 0b000201 10071 100 1048576 35779917 83773 21368
0b001201 0b001301 10071 100 1048576 35779917 83773 21368
0b000a01 0b000b01 10071 100 1048576 35779917 83773 21368
0b001a01 0b001b01 10071 100 1048576 35779917 83773 21368
0b001101 0b001201 10071 100 1048576 35779917 83773 21368
0b000901 0b000a01 10071 100 1048576 35779917 83773 21368
0b001901 0b001a01 10071 100 1048576 35779917 83773 21368
0b001d01 0b001e01 10072 100 1048576 36530149 83773 21368
0b001501 0b001601 10072 100 1048576 36530149 83773 21368
0b001c01 0b001d01 10072 100 1048576 36530149 83773 21368
0b001401 0b001501 10072 100 1048576 36530149 83773 21368
0b001f01 0b001c01 10072 100 1048576 36530149 83773 21368
0b001701 0b001401 10072 100 1048576 36530149 83773 21368
0b001e01 0b001f01 10072 100 1048576 36530149 83773 21368
0b001601 0b001701 10072 100 1048576 36530149 83773 21368
0b001901 0b001a01 10072 100 1048576 36530149 83773 21368
0b001101 0b001201 10072 100 1048576 36530149 83773 21368
0b001801 0b001901 10072 100 1048576 36530149 83773 21368
0b001001 0b001101 10072 100 1048576 36530149 83773 21368
0b001b01 0b001801 10072 100 1048576 36530149 83773 21368
0b001301 0b001001 10072 100 1048576 36530149 83773 21368
0b001a01 0b001b01 10072 100 1048576 36530149 83773 21368
0b001201 0b001301 10072 100 1048576 36530149 83773 21368
0b000501 0b000601 10072 100 1048576 36530149 83773 21368
0b000d01 0b000e01 10072 100 1048576 36530149 83773 21368
0b000401 0b000501 10072 100 1048576 36530149 83773 21368
0b000c01 0b000d01 10072 100 1048576 36530149 83773 21368
0b000701 0b000401 10072 100 1048576 36530149 83773 21368
0b000f01 0b000c01 10072 100 1048576 36530149 83773 21368
0b000601 0b000701 10072 100 1048576 36530149 83773 21368
0b000e01 0b000f01 10072 100 1048576 36530149 83773 21368
0b000101 0b000201 10072 100 1048576 36530149 83773 21368
0b000901 0b000a01 10072 100 1048576 36530149 83773 21368
0b000001 0b000101 10072 100 1048576 36530149 83773 21368
0b000801 0b000901 10072 100 1048576 36530149 83773 21368
0b000301 0b000001 10072 100 1048576 36530149 83773 21368
0b000b01 0b000801 10072 100 1048576 36530149 83773 21368
0b000201 0b000301 10072 100 1048576 36530149 83773 21368
0b001501 0b001601 10073 100 1048576 36530149 83855 21368
0b001d01 0b001e01 10073 100 1048576 36530149 83855 21368
0b000a01 0b000b01 10072 100 1048576 36530149 83773 21368
0b001c01 0b001d01 10073 100 1048576 36530149 83855 21368
0b001401 0b001501 10073 100 1048576 36530149 83855 21368
0b001f01 0b001c01 10073 100 1048576 36530149 83855 21368
0b001701 0b001401 10073 100 1048576 36530149 83855 21368
0b001e01 0b001f01 10073 100 1048576 36530149 83855 21368
0b001601 0b001701 10073 100 1048576 36530149 83855 21368
0b001901 0b001a01 10073 100 1048576 36530149 83855 21368
0b001101 0b001201 10073 100 1048576 36530149 83855 21368
0b001801 0b001901 10073 100 1048576 36530149 83855 21368
0b001001 0b001101 10073 100 1048576 36530149 83855 21368
0b001b01 0b001801 10073 100 1048576 36530149 83855 21368
0b001301 0b001001 10073 100 1048576 36530149 83855 21368
0b001a01 0b001b01 10073 100 1048576 36530149 83855 21368
0b001201 0b001301 10073 100 1048576 36530149 83855 21368
0b001501 0b001601 10074 100 1048576 36530149 83937 21368
0b001d01 0b001e01 10074 100 1048576 36530149 83937 21368
0b001401 0b001501 10074 100 1048576 36530149 83937 21368
0b001c01 0b001d01 10074 100 1048576 36530149 83937 21368
0b001701 0b001401 10074 100 1048576 36530149 83937 21368
0b001f01 0b001c01 10074 100 1048576 36530149 83937 21368
0b001e01 0b001f01 10074 100 1048576 36530149 83937 21368
0b001601 0b001701 10074 100 1048576 36530149 83937 21368
0b001901 0b001a01 10074 100 1048576 36530149 83937 21368
0b001101 0b001201 10074 100 1048576 36530149 83937 21368
0b001801 0b001901 10074 100 1048576 36530149 83937 21368
0b001001 0b001101 10074 100 1048576 36530149 83937 21368
0b001b01 0b001801 10074 100 1048576 36530149 83937 21368
0b001301 0b001001 10074 100 1048576 36530149 83937 21368
0b001a01 0b001b01 10074 100 1048576 36530149 83937 21368
0b001201 0b001301 10074 100 1048576 36530149 83937 21368
0b000d01 0b000e01 10073 100 1048576 36530149 83855 21368
0b000501 0b000601 10073 100 1048576 36530149 83855 21368
0b000c01 0b000d01 10073 100 1048576 36530149 83855 21368
0b000401 0b000501 10073 100 1048576 36530149 83855 21368
0b000f01 0b000c01 10073 100 1048576 36530149 83855 21368
0b000701 0b000401 10073 100 1048576 36530149 83855 21368
0b000e01 0b000f01 10073 100 1048576 36530149 83855 21368
0b000601 0b000701 10073 100 1048576 36530149 83855 21368
0b000901 0b000a01 10073 100 1048576 36530149 83855 21368
0b000101 0b000201 10073 100 1048576 36530149 83855 21368
0b000801 0b000901 10073 100 1048576 36530149 83855 21368
0b000001 0b000101 10073 100 1048576 36530149 83855 21368
0b000b01 0b000801 10073 100 1048576 36530149 83855 21368
0b000301 0b000001 10073 100 1048576 36530149 83855 21368
0b000a01 0b000b01 10073 100 1048576 36530149 83855 21368
0b000201 0b000301 10073 100 1048576 36530149 83855 21368
0b001d01 0b001e01 10075 100 1048576 36530149 84019 21368
0b001501 0b001601 10075 100 1048576 36530149 84019 21368
0b001c01 0b001d01 10075 100 1048576 36530149 84019 21368
0b001401 0b001501 10075 100 1048576 36530149 84019 21368
0b001f01 0b001c01 10075 100 1048576 36530149 84019 21368
0b001701 0b001401 10075 100 1048576 36530149 84019 21368
0b001e01 0b001f01 10075 100 1048576 36530149 84019 21368
0b001601 0b001701 10075 100 1048576 36530149 84019 21368
0b001901 0b001a01 10075 100 1048576 36530149 84019 21368
0b001101 0b001201 10075 100 1048576 36530149 84019 21368
0b001801 0b001901 10075 100 1048576 36530149 84019 21368
0b001001 0b001101 10075 100 1048576 36530149 84019 21368
0b001b01 0b001801 10075 100 1048576 36530149 84019 21368
0b001301 0b001001 10075 100 1048576 36530149 84019 21368
0b001a01 0b001b01 10075 100 1048576 36530149 84019 21368
0b001201 0b001301 10075 100 1048576 36530149 84019 21368
0b000501 0b000601 10074 100 1048576 36530149 83937 21368
0b000d01 0b000e01 10074 100 1048576 36530149 83937 21368
0b000401 0b000501 10074 100 1048576 36530149 83937 21368
0b000c01 0b000d01 10074 100 1048576 36530149 83937 21368
0b000701 0b000401 10074 100 1048576 36530149 83937 21368
0b000f01 0b000c01 10074 100 1048576 36530149 83937 21368
0b000601 0b000701 10074 100 1048576 36530149 83937 21368
0b000e01 0b000f01 10074 100 1048576 36530149 83937 21368
0b000101 0b000201 10074 100 1048576 36530149 83937 21368
0b000901 0b000a01 10074 100 1048576 36530149 83937 21368
0b000001 0b000101 10074 100 1048576 36530149 83937 21368
0b000801 0b000901 10074 100 1048576 36530149 83937 21368
0b000301 0b000001 10074 100 1048576 36530149 83937 21368
0b000b01 0b000801 10074 100 1048576 36530149 83937 21368
0b000201 0b000301 10074 100 1048576 36530149 83937 21368
0b000a01 0b000b01 10074 100 1048576 36530149 83937 21368
0b000501 0b000601 10075 100 1048576 36530149 84019 21368
0b000d01 0b000e01 10075 100 1048576 36530149 84019 21368
0b000401 0b000501 10075 100 1048576 36530149 84019 21368
0b000c01 0b000d01 10075 100 1048576 36530149 84019 21368
0b000701 0b000401 10075 100 1048576 36530149 84019 21368
0b000f01 0b000c01 10075 100 1048576 36530149 84019 21368
0b000601 0b000701 10075 100 1048576 36530149 84019 21368
0b000e01 0b000f01 10075 100 1048576 36530149 84019 21368
0b000101 0b000201 10075 100 1048576 36530149 84019 21368
0b000901 0b000a01 10075 100 1048576 36530149 84019 21368
0b000001 0b000101 10075 100 1048576 36530149 84019 21368
0b000801 0b000901 10075 100 1048576 36530149 84019 21368
0b000301 0b000001 10075 100 1048576 36530149 84019 21368
0b000b01 0b000801 10075 100 1048576 36530149 84019 21368
0b000201 0b000301 10075 100 1048576 36530149 84019 21368
0b000a01 0b000b01 10075 100 1048576 36530149 84019 21368
0b000e01 0b000f01 10076 100 1048576 36619962 83773 21368
0b001601 0b001701 10076 100 1048576 36619962 83773 21368
0b001501 0b001601 10076 100 1048576 36619962 83773 21368
0b000d01 0b000e01 10076 100 1048576 36619962 83773 21368
0b001401 0b001501 10076 100 1048576 36619962 83773 21368
0b000c01 0b000d01 10076 100 1048576 36619962 83773 21368
0b001701 0b001401 10076 100 1048576 36619962 83773 21368
0b000f01 0b000c01 10076 100 1048576 36619962 83773 21368
0b001201 0b001301 10076 100 1048576 36619962 83773 21368
0b000a01 0b000b01 10076 100 1048576 36619962 83773 21368
0b001101 0b001201 10076 100 1048576 36619962 83773 21368
0b000901 0b000a01 10076 100 1048576 36619962 83773 21368
0b001001 0b001101 10076 100 1048576 36619962 83773 21368
0b000801 0b000901 10076 100 1048576 36619962 83773 21368
0b001301 0b001001 10076 100 1048576 36619962 83773 21368
0b000b01 0b000801 10076 100 1048576 36619962 83773 21368
0b000601 0b000701 10076 100 1048576 36619962 83773 21368
0b001e01 0b001f01 10076 100 1048576 36619962 83773 21368
0b000501 0b000601 10076 100 1048576 36619962 83773 21368
0b001d01 0b001e01 10076 100 1048576 36619962 83773 21368
0b000401 0b000501 10076 100 1048576 36619962 83773 21368
0b001c01 0b001d01 10076 100 1048576 36619962 83773 21368
0b000701 0b000401 10076 100 1048576 36619962 83773 21368
0b001f01 0b001c01 10076 100 1048576 36619962 83773 21368
0b000201 0b000301 10076 100 1048576 36619962 83773 21368
0b001a01 0b001b01 10076 100 1048576 36619962 83773 21368
0b000101 0b000201 10076 100 1048576 36619962 83773 21368
0b000001 0b000101 10076 100 1048576 36619962 83773 21368
0b001901 0b001a01 10076 100 1048576 36619962 83773 21368
0b000301 0b000001 10076 100 1048576 36619962 83773 21368
0b001801 0b001901 10076 100 1048576 36619962 83773 21368
0b001601 0b001701 10077 100 1048576 36620044 83773 21368
0b000e01 0b000f01 10077 100 1048576 36620044 83773 21368
0b001b01 0b001801 10076 100 1048576 36619962 83773 21368
0b001501 0b001601 10077 100 1048576 36620044 83773 21368
0b000d01 0b000e01 10077 100 1048576 36620044 83773 21368
0b000c01 0b000d01 10077 100 1048576 36620044 83773 21368
0b001401 0b001501 10077 100 1048576 36620044 83773 21368
0b000f01 0b000c01 10077 100 1048576 36620044 83773 21368
0b000a01 0b000b01 10077 100 1048576 36620044 83773 21368
0b001701 0b001401 10077 100 1048576 36620044 83773 21368
0b000901 0b000a01 10077 100 1048576 36620044 83773 21368
0b001201 0b001301 10077 100 1048576 36620044 83773 21368
0b000801 0b000901 10077 100 1048576 36620044 83773 21368
0b000b01 0b000801 10077 100 1048576 36620044 83773 21368
0b001101 0b001201 10077 100 1048576 36620044 83773 21368
0b001001 0b001101 10077 100 1048576 36620044 83773 21368
0b001301 0b001001 10077 100 1048576 36620044 83773 21368
0b000601 0b000701 10077 100 1048576 36620044 83773 21368
0b000501 0b000601 10077 100 1048576 36620044 83773 21368
0b001e01 0b001f01 10077 100 1048576 36620044 83773 21368
0b000401 0b000501 10077 100 1048576 36620044 83773 21368
0b001d01 0b001e01 10077 100 1048576 36620044 83773 21368
0b000701 0b000401 10077 100 1048576 36620044 83773 21368
0b001c01 0b001d01 10077 100 1048576 36620044 83773 21368
0b000201 0b000301 10077 100 1048576 36620044 83773 21368
0b001f01 0b001c01 10077 100 1048576 36620044 83773 21368
0b000101 0b000201 10077 100 1048576 36620044 83773 21368
0b001a01 0b001b01 10077 100 1048576 36620044 83773 21368
0b000001 0b000101 10077 100 1048576 36620044 83773 21368
0b001901 0b001a01 10077 100 1048576 36620044 83773 21368
0b001601 0b001701 10078 100 1048576 36620126 83773 21368
0b000301 0b000001 10077 100 1048576 36620044 83773 21368
0b001801 0b001901 10077 100 1048576 36620044 83773 21368
0b000e01 0b000f01 10078 100 1048576 36620126 83773 21368
0b001501 0b001601 10078 100 1048576 36620126 83773 21368
0b001b01 0b001801 10077 100 1048576 36620044 83773 21368
0b000d01 0b000e01 10078 100 1048576 36620126 83773 21368
0b001401 0b001501 10078 100 1048576 36620126 83773 21368
0b000c01 0b000d01 10078 100 1048576 36620126 83773 21368
0b001701 0b001401 10078 100 1048576 36620126 83773 21368
0b000f01 0b000c01 10078 100 1048576 36620126 83773 21368
0b001201 0b001301 10078 100 1048576 36620126 83773 21368
0b000a01 0b000b01 10078 100 1048576 36620126 83773 21368
0b001101 0b001201 10078 100 1048576 36620126 83773 21368
0b000901 0b000a01 10078 100 1048576 36620126 83773 21368
0b001001 0b001101 10078 100 1048576 36620126 83773 21368
0b000801 0b000901 10078 100 1048576 36620126 83773 21368
0b001301 0b001001 10078 100 1048576 36620126 83773 21368
0b000b01 0b000801 10078 100 1048576 36620126 83773 21368
0b000601 0b000701 10078 100 1048576 36620126 83773 21368
0b000501 0b000601 10078 100 1048576 36620126 83773 21368
0b000401 0b000501 10078 100 1048576 36620126 83773 21368
0b001e01 0b001f01 10078 100 1048576 36620126 83773 21368
0b000701 0b000401 10078 100 1048576 36620126 83773 21368
0b001d01 0b001e01 10078 100 1048576 36620126 83773 21368
0b000201 0b000301 10078 100 1048576 36620126 83773 21368
0b000101 0b000201 10078 100 1048576 36620126 83773 21368
0b001c01 0b001d01 10078 100 1048576 36620126 83773 21368
0b000001 0b000101 10078 100 1048576 36620126 83773 21368
0b001601 0b001701 10079 100 1048576 36620208 83773 21368
0b001f01 0b001c01 10078 100 1048576 36620126 83773 21368
0b000301 0b000001 10078 100 1048576 36620126 83773 21368
0b001501 0b001601 10079 100 1048576 36620208 83773 21368
0b001a01 0b001b01 10078 100 1048576 36620126 83773 21368
0b000e01 0b000f01 10079 100 1048576 36620208 83773 21368
0b001901 0b001a01 10078 100 1048576 36620126 83773 21368
0b000d01 0b000e01 10079 100 1048576 36620208 83773 21368
0b001401 0b001501 10079 100 1048576 36620208 83773 21368
0b001801 0b001901 10078 100 1048576 36620126 83773 21368
0b001701 0b001401 10079 100 1048576 36620208 83773 21368
0b000c01 0b000d01 10079 100 1048576 36620208 83773 21368
0b001b01 0b001801 10078 100 1048576 36620126 83773 21368
0b000f01 0b000c01 10079 100 1048576 36620208 83773 21368
0b001201 0b001301 10079 100 1048576 36620208 83773 21368
0b001101 0b001201 10079 100 1048576 36620208 83773 21368
0b000a01 0b000b01 10079 100 1048576 36620208 83773 21368
0b000901 0b000a01 10079 100 1048576 36620208 83773 21368
0b001001 0b001101 10079 100 1048576 36620208 83773 21368
0b000801 0b000901 10079 100 1048576 36620208 83773 21368
0b001301 0b001001 10079 100 1048576 36620208 83773 21368
0b000b01 0b000801 10079 100 1048576 36620208 83773 21368
0b000601 0b000701 10079 100 1048576 36620208 83773 21368
0b000501 0b000601 10079 100 1048576 36620208 83773 21368
0b000401 0b000501 10079 100 1048576 36620208 83773 21368
0b000701 0b000401 10079 100 1048576 36620208 83773 21368
0b001e01 0b001f01 10079 100 1048576 36620208 83773 21368
0b000201 0b000301 10079 100 1048576 36620208 83773 21368
0b001d01 0b001e01 10079 100 1048576 36620208 83773 21368
0b000101 0b000201 10079 100 1048576 36620208 83773 21368
0b001c01 0b001d01 10079 100 1048576 36620208 83773 21368
0b000001 0b000101 10079 100 1048576 36620208 83773 21368
0b001f01 0b001c01 10079 100 1048576 36620208 83773 21368
0b000301 0b000001 10079 100 1048576 36620208 83773 21368
0b001a01 0b001b01 10079 100 1048576 36620208 83773 21368
0b001901 0b001a01 10079 100 1048576 36620208 83773 21368
0b001801 0b001901 10079 100 1048576 36620208 83773 21368
0b001b01 0b001801 10079 100 1048576 36620208 83773 21368
0b001f01 0b001c01 10080 100 1048576 36709775 83773 21368
0b001701 0b001401 10080 100 1048576 36709775 83773 21368
0b001601 0b001701 10080 100 1048576 36709775 83773 21368
0b001e01 0b001f01 10080 100 1048576 36709775 83773 21368
0b001501 0b001601 10080 100 1048576 36709775 83773 21368
0b001d01 0b001e01 10080 100 1048576 36709775 83773 21368
0b001401 0b001501 10080 100 1048576 36709775 83773 21368
0b001c01 0b001d01 10080 100 1048576 36709775 83773 21368
0b001301 0b001001 10080 100 1048576 36709775 83773 21368
0b001b01 0b001801 10080 100 1048576 36709775 83773 21368
0b001201 0b001301 10080 100 1048576 36709775 83773 21368
0b001a01 0b001b01 10080 100 1048576 36709775 83773 21368
0b001101 0b001201 10080 100 1048576 36709775 83773 21368
0b001901 0b001a01 10080 100 1048576 36709775 83773 21368
0b001001 0b001101 10080 100 1048576 36709775 83773 21368
0b001801 0b001901 10080 100 1048576 36709775 83773 21368
0b001701 0b001401 10081 100 1048576 36709857 83773 21368
0b001f01 0b001c01 10081 100 1048576 36709857 83773 21368
0b001601 0b001701 10081 100 1048576 36709857 83773 21368
0b001e01 0b001f01 10081 100 1048576 36709857 83773 21368
0b001501 0b001601 10081 100 1048576 36709857 83773 21368
0b001d01 0b001e01 10081 100 1048576 36709857 83773 21368
0b001401 0b001501 10081 100 1048576 36709857 83773 21368
0b001c01 0b001d01 10081 100 1048576 36709857 83773 21368
0b001301 0b001001 10081 100 1048576 36709857 83773 21368
0b001b01 0b001801 10081 100 1048576 36709857 83773 21368
0b001201 0b001301 10081 100 1048576 36709857 83773 21368
0b000f01 0b000c01 10080 100 1048576 36709775 83773 21368
0b001101 0b001201 10081 100 1048576 36709857 83773 21368
0b001a01 0b001b01 10081 100 1048576 36709857 83773 21368
0b001001 0b001101 10081 100 1048576 36709857 83773 21368
0b000701 0b000401 10080 100 1048576 36709775 83773 21368
0b000e01 0b000f01 10080 100 1048576 36709775 83773 21368
0b001901 0b001a01 10081 100 1048576 36709857 83773 21368
0b000601 0b000701 10080 100 1048576 36709775 83773 21368
0b000d01 0b000e01 10080 100 1048576 36709775 83773 21368
0b000501 0b000601 10080 100 1048576 36709775 83773 21368
0b001801 0b001901 10081 100 1048576 36709857 83773 21368
0b000c01 0b000d01 10080 100 1048576 36709775 83773 21368
0b000401 0b000501 10080 100 1048576 36709775 83773 21368
0b000b01 0b000801 10080 100 1048576 36709775 83773 21368
0b000301 0b000001 10080 100 1048576 36709775 83773 21368
0b000a01 0b000b01 10080 100 1048576 36709775 83773 21368
0b000201 0b000301 10080 100 1048576 36709775 83773 21368
0b000901 0b000a01 10080 100 1048576 36709775 83773 21368
0b000101 0b000201 10080 100 1048576 36709775 83773 21368
0b000001 0b000101 10080 100 1048576 36709775 83773 21368
0b000801 0b000901 10080 100 1048576 36709775 83773 21368
0b001701 0b001401 10082 100 1048576 36709939 83773 21368
0b001601 0b001701 10082 100 1048576 36709939 83773 21368
0b001501 0b001601 10082 100 1048576 36709939 83773 21368
0b001f01 0b001c01 10082 100 1048576 36709939 83773 21368
0b001401 0b001501 10082 100 1048576 36709939 83773 21368
0b001e01 0b001f01 10082 100 1048576 36709939 83773 21368
0b001301 0b001001 10082 100 1048576 36709939 83773 21368
0b001d01 0b001e01 10082 100 1048576 36709939 83773 21368
0b001201 0b001301 10082 100 1048576 36709939 83773 21368
0b000f01 0b000c01 10081 100 1048576 36709857 83773 21368
0b001c01 0b001d01 10082 100 1048576 36709939 83773 21368
0b000701 0b000401 10081 100 1048576 36709857 83773 21368
0b001101 0b001201 10082 100 1048576 36709939 83773 21368
0b000e01 0b000f01 10081 100 1048576 36709857 83773 21368
0b001b01 0b001801 10082 100 1048576 36709939 83773 21368
0b000601 0b000701 10081 100 1048576 36709857 83773 21368
0b001001 0b001101 10082 100 1048576 36709939 83773 21368
0b000501 0b000601 10081 100 1048576 36709857 83773 21368
0b001a01 0b001b01 10082 100 1048576 36709939 83773 21368
0b000d01 0b000e01 10081 100 1048576 36709857 83773 21368
0b000401 0b000501 10081 100 1048576 36709857 83773 21368
0b001901 0b001a01 10082 100 1048576 36709939 83773 21368
0b000c01 0b000d01 10081 100 1048576 36709857 83773 21368
0b000301 0b000001 10081 100 1048576 36709857 83773 21368
0b001801 0b001901 10082 100 1048576 36709939 83773 21368
0b000b01 0b000801 10081 100 1048576 36709857 83773 21368
0b000a01 0b000b01 10081 100 1048576 36709857 83773 21368
0b000201 0b000301 10081 100 1048576 36709857 83773 21368
0b000901 0b000a01 10081 100 1048576 36709857 83773 21368
0b000101 0b000201 10081 100 1048576 36709857 83773 21368
0b000801 0b000901 10081 100 1048576 36709857 83773 21368
0b000001 0b000101 10081 100 1048576 36709857 83773 21368
0b001701 0b001401 10083 100 1048576 36710021 83773 21368
0b001601 0b001701 10083 100 1048576 36710021 83773 21368
0b001f01 0b001c01 10083 100 1048576 36710021 83773 21368
0b001501 0b001601 10083 100 1048576 36710021 83773 21368
0b001e01 0b001f01 10083 100 1048576 36710021 83773 21368
0b001401 0b001501 10083 100 1048576 36710021 83773 21368
0b001d01 0b001e01 10083 100 1048576 36710021 83773 21368
0b001301 0b001001 10083 100 1048576 36710021 83773 21368
0b001c01 0b001d01 10083 100 1048576 36710021 83773 21368
0b000701 0b000401 10082 100 1048576 36709939 83773 21368
0b000f01 0b000c01 10082 100 1048576 36709939 83773 21368
0b001201 0b001301 10083 100 1048576 36710021 83773 21368
0b000601 0b000701 10082 100 1048576 36709939 83773 21368
0b001b01 0b001801 10083 100 1048576 36710021 83773 21368
0b000e01 0b000f01 10082 100 1048576 36709939 83773 21368
0b001101 0b001201 10083 100 1048576 36710021 83773 21368
0b000501 0b000601 10082 100 1048576 36709939 83773 21368
0b001a01 0b001b01 10083 100 1048576 36710021 83773 21368
0b000d01 0b000e01 10082 100 1048576 36709939 83773 21368
0b000401 0b000501 10082 100 1048576 36709939 83773 21368
0b001001 0b001101 10083 100 1048576 36710021 83773 21368
0b001901 0b001a01 10083 100 1048576 36710021 83773 21368
0b000301 0b000001 10082 100 1048576 36709939 83773 21368
0b000c01 0b000d01 10082 100 1048576 36709939 83773 21368
0b001801 0b001901 10083 100 1048576 36710021 83773 21368
0b000b01 0b000801 10082 100 1048576 36709939 83773 21368
0b000201 0b000301 10082 100 1048576 36709939 83773 21368
0b000a01 0b000b01 10082 100 1048576 36709939 83773 21368
0b000101 0b000201 10082 100 1048576 36709939 83773 21368
0b000901 0b000a01 10082 100 1048576 36709939 83773 21368
0b000001 0b000101 10082 100 1048576 36709939 83773 21368
0b000801 0b000901 10082 100 1048576 36709939 83773 21368
0b000701 0b000401 10083 100 1048576 36710021 83773 21368
0b000f01 0b000c01 10083 100 1048576 36710021 83773 21368
0b000601 0b000701 10083 100 1048576 36710021 83773 21368
0b000e01 0b000f01 10083 100 1048576 36710021 83773 21368
0b000501 0b000601 10083 100 1048576 36710021 83773 21368
0b000d01 0b000e01 10083 100 1048576 36710021 83773 21368
0b000401 0b000501 10083 100 1048576 36710021 83773 21368
0b000c01 0b000d01 10083 100 1048576 36710021 83773 21368
0b000301 0b000001 10083 100 1048576 36710021 83773 21368
0b000b01 0b000801 10083 100 1048576 36710021 83773 21368
0b000201 0b000301 10083 100 1048576 36710021 83773 21368
0b000a01 0b000b01 10083 100 1048576 36710021 83773 21368
0b000101 0b000201 10083 100 1048576 36710021 83773 21368
0b000901 0b000a01 10083 100 1048576 36710021 83773 21368
0b000001 0b000101 10083 100 1048576 36710021 83773 21368
0b000801 0b000901 10083 100 1048576 36710021 83773 21368
0b001c01 0b001d01 10084 100 1048576 36799906 83773 21368
0b000c01 0b000d01 10084 100 1048576 36799906 83773 21368
0b001f01 0b001c01 10084 100 1048576 36799906 83773 21368
0b000f01 0b000c01 10084 100 1048576 36799906 83773 21368
0b000e01 0b000f01 10084 100 1048576 36799906 83773 21368
0b001e01 0b001f01 10084 100 1048576 36799906 83773 21368
0b000d01 0b000e01 10084 100 1048576 36799906 83773 21368
0b001d01 0b001e01 10084 100 1048576 36799906 83773 21368
0b000801 0b000901 10084 100 1048576 36799906 83773 21368
0b001801 0b001901 10084 100 1048576 36799906 83773 21368
0b001b01 0b001801 10084 100 1048576 36799906 83773 21368
0b000b01 0b000801 10084 100 1048576 36799906 83773 21368
0b001a01 0b001b01 10084 100 1048576 36799906 83773 21368
0b000a01 0b000b01 10084 100 1048576 36799906 83773 21368
0b001901 0b001a01 10084 100 1048576 36799906 83773 21368
0b000901 0b000a01 10084 100 1048576 36799906 83773 21368
0b000401 0b000501 10084 100 1048576 36799906 83773 21368
0b001401 0b001501 10084 100 1048576 36799906 83773 21368
0b000701 0b000401 10084 100 1048576 36799906 83773 21368
0b001701 0b001401 10084 100 1048576 36799906 83773 21368
0b000601 0b000701 10084 100 1048576 36799906 83773 21368
0b001601 0b001701 10084 100 1048576 36799906 83773 21368
0b000501 0b000601 10084 100 1048576 36799906 83773 21368
0b001501 0b001601 10084 100 1048576 36799906 83773 21368
0b000001 0b000101 10084 100 1048576 36799906 83773 21368
0b001001 0b001101 10084 100 1048576 36799906 83773 21368
0b000301 0b000001 10084 100 1048576 36799906 83773 21368
0b001301 0b001001 10084 100 1048576 36799906 83773 21368
0b000201 0b000301 10084 100 1048576 36799906 83773 21368
0b001201 0b001301 10084 100 1048576 36799906 83773 21368
0b000101 0b000201 10084 100 1048576 36799906 83773 21368
0b000c01 0b000d01 10085 100 1048576 36799906 83855 21368
0b001101 0b001201 10084 100 1048576 36799906 83773 21368
0b001c01 0b001d01 10085 100 1048576 36799906 83855 21368
0b000f01 0b000c01 10085 100 1048576 36799906 83855 21368
0b000e01 0b000f01 10085 100 1048576 36799906 83855 21368
0b001f01 0b001c01 10085 100 1048576 36799906 83855 21368
0b000d01 0b000e01 10085 100 1048576 36799906 83855 21368
0b000801 0b000901 10085 100 1048576 36799906 83855 21368
0b001e01 0b001f01 10085 100 1048576 36799906 83855 21368
0b000b01 0b000801 10085 100 1048576 36799906 83855 21368
0b001d01 0b001e01 10085 100 1048576 36799906 83855 21368
0b000a01 0b000b01 10085 100 1048576 36799906 83855 21368
0b001801 0b001901 10085 100 1048576 36799906 83855 21368
0b000901 0b000a01 10085 100 1048576 36799906 83855 21368
0b001b01 0b001801 10085 100 1048576 36799906 83855 21368
0b001a01 0b001b01 10085 100 1048576 36799906 83855 21368
0b001901 0b001a01 10085 100 1048576 36799906 83855 21368
0b000401 0b000501 10085 100 1048576 36799906 83855 21368
0b000701 0b000401 10085 100 1048576 36799906 83855 21368
0b000601 0b000701 10085 100 1048576 36799906 83855 21368
0b000501 0b000601 10085 100 1048576 36799906 83855 21368
0b000001 0b000101 10085 100 1048576 36799906 83855 21368
0b000301 0b000001 10085 100 1048576 36799906 83855 21368
0b000201 0b000301 10085 100 1048576 36799906 83855 21368
0b000101 0b000201 10085 100 1048576 36799906 83855 21368
0b001401 0b001501 10085 100 1048576 36799906 83855 21368
0b001701 0b001401 10085 100 1048576 36799906 83855 21368
0b001601 0b001701 10085 100 1048576 36799906 83855 21368
0b001501 0b001601 10085 100 1048576 36799906 83855 21368
0b001001 0b001101 10085 100 1048576 36799906 83855 21368
0b001301 0b001001 10085 100 1048576 36799906 83855 21368
0b001201 0b001301 10085 100 1048576 36799906 83855 21368
0b000c01 0b000d01 10086 100 1048576 36799906 83937 21368
0b000401 0b000501 10086 100 1048576 36799906 83937 21368
0b000701 0b000401 10086 100 1048576 36799906 83937 21368
0b001101 0b001201 10085 100 1048576 36799906 83855 21368
0b001c01 0b001d01 10086 100 1048576 36799906 83937 21368
0b000f01 0b000c01 10086 100 1048576 36799906 83937 21368
0b000601 0b000701 10086 100 1048576 36799906 83937 21368
0b001f01 0b001c01 10086 100 1048576 36799906 83937 21368
0b000e01 0b000f01 10086 100 1048576 36799906 83937 21368
0b000501 0b000601 10086 100 1048576 36799906 83937 21368
0b001e01 0b001f01 10086 100 1048576 36799906 83937 21368
0b000d01 0b000e01 10086 100 1048576 36799906 83937 21368
0b001d01 0b001e01 10086 100 1048576 36799906 83937 21368
0b000001 0b000101 10086 100 1048576 36799906 83937 21368
0b001801 0b001901 10086 100 1048576 36799906 83937 21368
0b000801 0b000901 10086 100 1048576 36799906 83937 21368
0b001b01 0b001801 10086 100 1048576 36799906 83937 21368
0b000301 0b000001 10086 100 1048576 36799906 83937 21368
0b000b01 0b000801 10086 100 1048576 36799906 83937 21368
0b001a01 0b001b01 10086 100 1048576 36799906 83937 21368
0b000201 0b000301 10086 100 1048576 36799906 83937 21368
0b001901 0b001a01 10086 100 1048576 36799906 83937 21368
0b000a01 0b000b01 10086 100 1048576 36799906 83937 21368
0b000101 0b000201 10086 100 1048576 36799906 83937 21368
0b000901 0b000a01 10086 100 1048576 36799906 83937 21368
0b001c01 0b001d01 10087 100 1048576 36799906 84019 21368
0b001f01 0b001c01 10087 100 1048576 36799906 84019 21368
0b001e01 0b001f01 10087 100 1048576 36799906 84019 21368
0b001d01 0b001e01 10087 100 1048576 36799906 84019 21368
0b001801 0b001901 10087 100 1048576 36799906 84019 21368
0b001401 0b001501 10086 100 1048576 36799906 83937 21368
0b001b01 0b001801 10087 100 1048576 36799906 84019 21368
0b001701 0b001401 10086 100 1048576 36799906 83937 21368
0b001601 0b001701 10086 100 1048576 36799906 83937 21368
0b001a01 0b001b01 10087 100 1048576 36799906 84019 21368
0b001501 0b001601 10086 100 1048576 36799906 83937 21368
0b001901 0b001a01 10087 100 1048576 36799906 84019 21368
0b001001 0b001101 10086 100 1048576 36799906 83937 21368
0b001301 0b001001 10086 100 1048576 36799906 83937 21368
0b000c01 0b000d01 10087 100 1048576 36799906 84019 21368
0b001201 0b001301 10086 100 1048576 36799906 83937 21368
0b000f01 0b000c01 10087 100 1048576 36799906 84019 21368
0b001101 0b001201 10086 100 1048576 36799906 83937 21368
0b000401 0b000501 10087 100 1048576 36799906 84019 21368
0b000e01 0b000f01 10087 100 1048576 36799906 84019 21368
0b000701 0b000401 10087 100 1048576 36799906 84019 21368
0b000d01 0b000e01 10087 100 1048576 36799906 84019 21368
0b000601 0b000701 10087 100 1048576 36799906 84019 21368
0b000501 0b000601 10087 100 1048576 36799906 84019 21368
0b000801 0b000901 10087 100 1048576 36799906 84019 21368
0b000001 0b000101 10087 100 1048576 36799906 84019 21368
0b000b01 0b000801 10087 100 1048576 36799906 84019 21368
0b000301 0b000001 10087 100 1048576 36799906 84019 21368
0b000a01 0b000b01 10087 100 1048576 36799906 84019 21368
0b000201 0b000301 10087 100 1048576 36799906 84019 21368
0b000901 0b000a01 10087 100 1048576 36799906 84019 21368
0b000101 0b000201 10087 100 1048576 36799906 84019 21368
0b001401 0b001501 10087 100 1048576 36799906 84019 21368
0b001701 0b001401 10087 100 1048576 36799906 84019 21368
0b001601 0b001701 10087 100 1048576 36799906 84019 21368
0b001501 0b001601 10087 100 1048576 36799906 84019 21368
0b001001 0b001101 10087 100 1048576 36799906 84019 21368
0b001301 0b001001 10087 100 1048576 36799906 84019 21368
0b001201 0b001301 10087 100 1048576 36799906 84019 21368
0b001101 0b001201 10087 100 1048576 36799906 84019 21368
0b000501 0b000601 10088 100 1048576 36889689 83773 21368
0b001d01 0b001e01 10088 100 1048576 36889689 83773 21368
0b000401 0b000501 10088 100 1048576 36889689 83773 21368
0b001c01 0b001d01 10088 100 1048576 36889689 83773 21368
0b000701 0b000401 10088 100 1048576 36889689 83773 21368
0b001f01 0b001c01 10088 100 1048576 36889689 83773 21368
0b000601 0b000701 10088 100 1048576 36889689 83773 21368
0b001e01 0b001f01 10088 100 1048576 36889689 83773 21368
0b000101 0b000201 10088 100 1048576 36889689 83773 21368
0b001901 0b001a01 10088 100 1048576 36889689 83773 21368
0b001801 0b001901 10088 100 1048576 36889689 83773 21368
0b000001 0b000101 10088 100 1048576 36889689 83773 21368
0b001b01 0b001801 10088 100 1048576 36889689 83773 21368
0b000301 0b000001 10088 100 1048576 36889689 83773 21368
0b001a01 0b001b01 10088 100 1048576 36889689 83773 21368
0b000201 0b000301 10088 100 1048576 36889689 83773 21368
0b000d01 0b000e01 10088 100 1048576 36889689 83773 21368
0b001501 0b001601 10088 100 1048576 36889689 83773 21368
0b000c01 0b000d01 10088 100 1048576 36889689 83773 21368
0b001401 0b001501 10088 100 1048576 36889689 83773 21368
0b000f01 0b000c01 10088 100 1048576 36889689 83773 21368
0b001701 0b001401 10088 100 1048576 36889689 83773 21368
0b001601 0b001701 10088 100 1048576 36889689 83773 21368
0b000e01 0b000f01 10088 100 1048576 36889689 83773 21368
0b001101 0b001201 10088 100 1048576 36889689 83773 21368
0b000901 0b000a01 10088 100 1048576 36889689 83773 21368
0b001001 0b001101 10088 100 1048576 36889689 83773 21368
0b000801 0b000901 10088 100 1048576 36889689 83773 21368
0b001301 0b001001 10088 100 1048576 36889689 83773 21368
0b000b01 0b000801 10088 100 1048576 36889689 83773 21368
0b001201 0b001301 10088 100 1048576 36889689 83773 21368
0b000a01 0b000b01 10088 100 1048576 36889689 83773 21368
0b000501 0b000601 10089 100 1048576 36889771 83773 21368
0b001d01 0b001e01 10089 100 1048576 36889771 83773 21368
0b000401 0b000501 10089 100 1048576 36889771 83773 21368
0b001c01 0b001d01 10089 100 1048576 36889771 83773 21368
0b000701 0b000401 10089 100 1048576 36889771 83773 21368
0b001f01 0b001c01 10089 100 1048576 36889771 83773 21368
0b000601 0b000701 10089 100 1048576 36889771 83773 21368
0b001e01 0b001f01 10089 100 1048576 36889771 83773 21368
0b000101 0b000201 10089 100 1048576 36889771 83773 21368
0b001901 0b001a01 10089 100 1048576 36889771 83773 21368
0b000001 0b000101 10089 100 1048576 36889771 83773 21368
0b001801 0b001901 10089 100 1048576 36889771 83773 21368
0b000301 0b000001 10089 100 1048576 36889771 83773 21368
0b001b01 0b001801 10089 100 1048576 36889771 83773 21368
0b000201 0b000301 10089 100 1048576 36889771 83773 21368
0b001a01 0b001b01 10089 100 1048576 36889771 83773 21368
0b000501 0b000601 10090 100 1048576 36889853 83773 21368
0b000401 0b000501 10090 100 1048576 36889853 83773 21368
0b000701 0b000401 10090 100 1048576 36889853 83773 21368
0b000601 0b000701 10090 100 1048576 36889853 83773 21368
0b000d01 0b000e01 10089 100 1048576 36889771 83773 21368
0b000101 0b000201 10090 100 1048576 36889853 83773 21368
0b001501 0b001601 10089 100 1048576 36889771 83773 21368
0b000c01 0b000d01 10089 100 1048576 36889771 83773 21368
0b000001 0b000101 10090 100 1048576 36889853 83773 21368
0b001401 0b001501 10089 100 1048576 36889771 83773 21368
0b000f01 0b000c01 10089 100 1048576 36889771 83773 21368
0b001701 0b001401 10089 100 1048576 36889771 83773 21368
0b000e01 0b000f01 10089 100 1048576 36889771 83773 21368
0b000301 0b000001 10090 100 1048576 36889853 83773 21368
0b000901 0b000a01 10089 100 1048576 36889771 83773 21368
0b000201 0b000301 10090 100 1048576 36889853 83773 21368
0b001601 0b001701 10089 100 1048576 36889771 83773 21368
0b000801 0b000901 10089 100 1048576 36889771 83773 21368
0b001101 0b001201 10089 100 1048576 36889771 83773 21368
0b000b01 0b000801 10089 100 1048576 36889771 83773 21368
0b001001 0b001101 10089 100 1048576 36889771 83773 21368
0b001d01 0b001e01 10090 100 1048576 36889853 83773 21368
0b000a01 0b000b01 10089 100 1048576 36889771 83773 21368
0b001301 0b001001 10089 100 1048576 36889771 83773 21368
0b001c01 0b001d01 10090 100 1048576 36889853 83773 21368
0b001201 0b001301 10089 100 1048576 36889771 83773 21368
0b001f01 0b001c01 10090 100 1048576 36889853 83773 21368
0b001e01 0b001f01 10090 100 1048576 36889853 83773 21368
0b001901 0b001a01 10090 100 1048576 36889853 83773 21368
0b001801 0b001901 10090 100 1048576 36889853 83773 21368
0b001b01 0b001801 10090 100 1048576 36889853 83773 21368
0b001a01 0b001b01 10090 100 1048576 36889853 83773 21368
0b000d01 0b000e01 10090 100 1048576 36889853 83773 21368
0b000501 0b000601 10091 100 1048576 36889935 83773 21368
0b000c01 0b000d01 10090 100 1048576 36889853 83773 21368
0b000401 0b000501 10091 100 1048576 36889935 83773 21368
0b000f01 0b000c01 10090 100 1048576 36889853 83773 21368
0b000701 0b000401 10091 100 1048576 36889935 83773 21368
0b000e01 0b000f01 10090 100 1048576 36889853 83773 21368
0b000601 0b000701 10091 100 1048576 36889935 83773 21368
0b000901 0b000a01 10090 100 1048576 36889853 83773 21368
0b000101 0b000201 10091 100 1048576 36889935 83773 21368
0b001501 0b001601 10090 100 1048576 36889853 83773 21368
0b000801 0b000901 10090 100 1048576 36889853 83773 21368
0b000001 0b000101 10091 100 1048576 36889935 83773 21368
0b000b01 0b000801 10090 100 1048576 36889853 83773 21368
0b001401 0b001501 10090 100 1048576 36889853 83773 21368
0b000301 0b000001 10091 100 1048576 36889935 83773 21368
0b000a01 0b000b01 10090 100 1048576 36889853 83773 21368
0b000201 0b000301 10091 100 1048576 36889935 83773 21368
0b001701 0b001401 10090 100 1048576 36889853 83773 21368
0b001d01 0b001e01 10091 100 1048576 36889935 83773 21368
0b001601 0b001701 10090 100 1048576 36889853 83773 21368
0b001101 0b001201 10090 100 1048576 36889853 83773 21368
0b001c01 0b001d01 10091 100 1048576 36889935 83773 21368
0b001f01 0b001c01 10091 100 1048576 36889935 83773 21368
0b001001 0b001101 10090 100 1048576 36889853 83773 21368
0b001e01 0b001f01 10091 100 1048576 36889935 83773 21368
0b001301 0b001001 10090 100 1048576 36889853 83773 21368
0b001201 0b001301 10090 100 1048576 36889853 83773 21368
0b001901 0b001a01 10091 100 1048576 36889935 83773 21368
0b001801 0b001901 10091 100 1048576 36889935 83773 21368
0b001b01 0b001801 10091 100 1048576 36889935 83773 21368
0b001a01 0b001b01 10091 100 1048576 36889935 83773 21368
0b000d01 0b000e01 10091 100 1048576 36889935 83773 21368
0b000c01 0b000d01 10091 100 1048576 36889935 83773 21368
0b000f01 0b000c01 10091 100 1048576 36889935 83773 21368
0b000e01 0b000f01 10091 100 1048576 36889935 83773 21368
0b000901 0b000a01 10091 100 1048576 36889935 83773 21368
0b000801 0b000901 10091 100 1048576 36889935 83773 21368
0b000b01 0b000801 10091 100 1048576 36889935 83773 21368
0b001501 0b001601 10091 100 1048576 36889935 83773 21368
0b000a01 0b000b01 10091 100 1048576 36889935 83773 21368
0b001401 0b001501 10091 100 1048576 36889935 83773 21368
0b001701 0b001401 10091 100 1048576 36889935 83773 21368
0b001601 0b001701 10091 100 1048576 36889935 83773 21368
0b001101 0b001201 10091 100 1048576 36889935 83773 21368
0b001001 0b001101 10091 100 1048576 36889935 83773 21368
0b001301 0b001001 10091 100 1048576 36889935 83773 21368
0b001201 0b001301 10091 100 1048576 36889935 83773 21368
0b001601 0b001701 10092 100 1048576 36979472 83773 21368
0b000601 0b000701 10092 100 1048576 36979472 83773 21368
0b001501 0b001601 10092 100 1048576 36979472 83773 21368
0b000501 0b000601 10092 100 1048576 36979472 83773 21368
0b001401 0b001501 10092 100 1048576 36979472 83773 21368
0b000401 0b000501 10092 100 1048576 36979472 83773 21368
0b001701 0b001401 10092 100 1048576 36979472 83773 21368
0b000701 0b000401 10092 100 1048576 36979472 83773 21368
0b001201 0b001301 10092 100 1048576 36979472 83773 21368
0b000201 0b000301 10092 100 1048576 36979472 83773 21368
0b001101 0b001201 10092 100 1048576 36979472 83773 21368
0b000101 0b000201 10092 100 1048576 36979472 83773 21368
0b001001 0b001101 10092 100 1048576 36979472 83773 21368
0b000001 0b000101 10092 100 1048576 36979472 83773 21368
0b001301 0b001001 10092 100 1048576 36979472 83773 21368
0b000301 0b000001 10092 100 1048576 36979472 83773 21368
0b000601 0b000701 10093 100 1048576 36979554 83773 21368
0b001601 0b001701 10093 100 1048576 36979554 83773 21368
0b000501 0b000601 10093 100 1048576 36979554 83773 21368
0b001501 0b001601 10093 100 1048576 36979554 83773 21368
0b000401 0b000501 10093 100 1048576 36979554 83773 21368
0b001401 0b001501 10093 100 1048576 36979554 83773 21368
0b000701 0b000401 10093 100 1048576 36979554 83773 21368
0b001701 0b001401 10093 100 1048576 36979554 83773 21368
0b000201 0b000301 10093 100 1048576 36979554 83773 21368
0b001201 0b001301 10093 100 1048576 36979554 83773 21368
0b000101 0b000201 10093 100 1048576 36979554 83773 21368
0b001101 0b001201 10093 100 1048576 36979554 83773 21368
0b001001 0b001101 10093 100 1048576 36979554 83773 21368
0b000001 0b000101 10093 100 1048576 36979554 83773 21368
0b001301 0b001001 10093 100 1048576 36979554 83773 21368
0b000301 0b000001 10093 100 1048576 36979554 83773 21368
0b001e01 0b001f01 10092 100 1048576 36979472 83773 21368
0b000e01 0b000f01 10092 100 1048576 36979472 83773 21368
0b001d01 0b001e01 10092 100 1048576 36979472 83773 21368
0b000d01 0b000e01 10092 100 1048576 36979472 83773 21368
0b001c01 0b001d01 10092 100 1048576 36979472 83773 21368
0b000c01 0b000d01 10092 100 1048576 36979472 83773 21368
0b000601 0b000701 10094 100 1048576 36979636 83773 21368
0b001f01 0b001c01 10092 100 1048576 36979472 83773 21368
0b001601 0b001701 10094 100 1048576 36979636 83773 21368
0b000f01 0b000c01 10092 100 1048576 36979472 83773 21368
0b000501 0b000601 10094 100 1048576 36979636 83773 21368
0b001501 0b001601 10094 100 1048576 36979636 83773 21368
0b001a01 0b001b01 10092 100 1048576 36979472 83773 21368
0b000a01 0b000b01 10092 100 1048576 36979472 83773 21368
0b000401 0b000501 10094 100 1048576 36979636 83773 21368
0b001401 0b001501 10094 100 1048576 36979636 83773 21368
0b001901 0b001a01 10092 100 1048576 36979472 83773 21368
0b000901 0b000a01 10092 100 1048576 36979472 83773 21368
0b000701 0b000401 10094 100 1048576 36979636 83773 21368
0b001701 0b001401 10094 100 1048576 36979636 83773 21368
0b001801 0b001901 10092 100 1048576 36979472 83773 21368
0b000801 0b000901 10092 100 1048576 36979472 83773 21368
0b000201 0b000301 10094 100 1048576 36979636 83773 21368
0b001201 0b001301 10094 100 1048576 36979636 83773 21368
0b001b01 0b001801 10092 100 1048576 36979472 83773 21368
0b001101 0b001201 10094 100 1048576 36979636 83773 21368
0b000101 0b000201 10094 100 1048576 36979636 83773 21368
0b000b01 0b000801 10092 100 1048576 36979472 83773 21368
0b001001 0b001101 10094 100 1048576 36979636 83773 21368
0b000001 0b000101 10094 100 1048576 36979636 83773 21368
0b000301 0b000001 10094 100 1048576 36979636 83773 21368
0b001301 0b001001 10094 100 1048576 36979636 83773 21368
0b001e01 0b001f01 10093 100 1048576 36979554 83773 21368
0b000e01 0b000f01 10093 100 1048576 36979554 83773 21368
0b001d01 0b001e01 10093 100 1048576 36979554 83773 21368
0b000d01 0b000e01 10093 100 1048576 36979554 83773 21368
0b000601 0b000701 10095 100 1048576 36979718 83773 21368
0b001601 0b001701 10095 100 1048576 36979718 83773 21368
0b001c01 0b001d01 10093 100 1048576 36979554 83773 21368
0b000c01 0b000d01 10093 100 1048576 36979554 83773 21368
0b001f01 0b001c01 10093 100 1048576 36979554 83773 21368
0b000f01 0b000c01 10093 100 1048576 36979554 83773 21368
0b001501 0b001601 10095 100 1048576 36979718 83773 21368
0b001a01 0b001b01 10093 100 1048576 36979554 83773 21368
0b000501 0b000601 10095 100 1048576 36979718 83773 21368
0b000a01 0b000b01 10093 100 1048576 36979554 83773 21368
0b001901 0b001a01 10093 100 1048576 36979554 83773 21368
0b001401 0b001501 10095 100 1048576 36979718 83773 21368
0b000901 0b000a01 10093 100 1048576 36979554 83773 21368
0b000401 0b000501 10095 100 1048576 36979718 83773 21368
0b001801 0b001901 10093 100 1048576 36979554 83773 21368
0b000801 0b000901 10093 100 1048576 36979554 83773 21368
0b001b01 0b001801 10093 100 1048576 36979554 83773 21368
0b001701 0b001401 10095 100 1048576 36979718 83773 21368
0b000701 0b000401 10095 100 1048576 36979718 83773 21368
0b000b01 0b000801 10093 100 1048576 36979554 83773 21368
0b001201 0b001301 10095 100 1048576 36979718 83773 21368
0b000201 0b000301 10095 100 1048576 36979718 83773 21368
0b001101 0b001201 10095 100 1048576 36979718 83773 21368
0b000101 0b000201 10095 100 1048576 36979718 83773 21368
0b001001 0b001101 10095 100 1048576 36979718 83773 21368
0b000001 0b000101 10095 100 1048576 36979718 83773 21368
0b001301 0b001001 10095 100 1048576 36979718 83773 21368
0b000301 0b000001 10095 100 1048576 36979718 83773 21368
0b001e01 0b001f01 10094 100 1048576 36979636 83773 21368
0b000e01 0b000f01 10094 100 1048576 36979636 83773 21368
0b001d01 0b001e01 10094 100 1048576 36979636 83773 21368
0b000d01 0b000e01 10094 100 1048576 36979636 83773 21368
0b001c01 0b001d01 10094 100 1048576 36979636 83773 21368
0b000c01 0b000d01 10094 100 1048576 36979636 83773 21368
0b001f01 0b001c01 10094 100 1048576 36979636 83773 21368
0b000f01 0b000c01 10094 100 1048576 36979636 83773 21368
0b001a01 0b001b01 10094 100 1048576 36979636 83773 21368
0b000a01 0b000b01 10094 100 1048576 36979636 83773 21368
0b001901 0b001a01 10094 100 1048576 36979636 83773 21368
0b000901 0b000a01 10094 100 1048576 36979636 83773 21368
0b001801 0b001901 10094 100 1048576 36979636 83773 21368
0b000801 0b000901 10094 100 1048576 36979636 83773 21368
0b001b01 0b001801 10094 100 1048576 36979636 83773 21368
0b000b01 0b000801 10094 100 1048576 36979636 83773 21368
0b001e01 0b001f01 10095 100 1048576 36979718 83773 21368
0b000e01 0b000f01 10095 100 1048576 36979718 83773 21368
0b001d01 0b001e01 10095 100 1048576 36979718 83773 21368
0b000d01 0b000e01 10095 100 1048576 36979718 83773 21368
0b001c01 0b001d01 10095 100 1048576 36979718 83773 21368
0b000c01 0b000d01 10095 100 1048576 36979718 83773 21368
0b001f01 0b001c01 10095 100 1048576 36979718 83773 21368
0b000f01 0b000c01 10095 100 1048576 36979718 83773 21368
0b001a01 0b001b01 10095 100 1048576 36979718 83773 21368
0b000a01 0b000b01 10095 100 1048576 36979718 83773 21368
0b001901 0b001a01 10095 100 1048576 36979718 83773 21368
0b000901 0b000a01 10095 100 1048576 36979718 83773 21368
0b001801 0b001901 10095 100 1048576 36979718 83773 21368
0b000801 0b000901 10095 100 1048576 36979718 83773 21368
0b001b01 0b001801 10095 100 1048576 36979718 83773 21368
0b000b01 0b000801 10095 100 1048576 36979718 83773 21368
0b001f01 0b001c01 10096 100 1048576 37069603 83773 21368
0b001701 0b001401 10096 100 1048576 37069603 83773 21368
0b001e01 0b001f01 10096 100 1048576 37069603 83773 21368
0b001601 0b001701 10096 100 1048576 37069603 83773 21368
0b001d01 0b001e01 10096 100 1048576 37069603 83773 21368
0b001501 0b001601 10096 100 1048576 37069603 83773 21368
0b001c01 0b001d01 10096 100 1048576 37069603 83773 21368
0b001401 0b001501 10096 100 1048576 37069603 83773 21368
0b001301 0b001001 10096 100 1048576 37069603 83773 21368
0b001b01 0b001801 10096 100 1048576 37069603 83773 21368
0b001201 0b001301 10096 100 1048576 37069603 83773 21368
0b001a01 0b001b01 10096 100 1048576 37069603 83773 21368
0b001101 0b001201 10096 100 1048576 37069603 83773 21368
0b001901 0b001a01 10096 100 1048576 37069603 83773 21368
0b001001 0b001101 10096 100 1048576 37069603 83773 21368
0b001801 0b001901 10096 100 1048576 37069603 83773 21368
0b000701 0b000401 10096 100 1048576 37069603 83773 21368
0b000f01 0b000c01 10096 100 1048576 37069603 83773 21368
0b000601 0b000701 10096 100 1048576 37069603 83773 21368
0b000e01 0b000f01 10096 100 1048576 37069603 83773 21368
0b000d01 0b000e01 10096 100 1048576 37069603 83773 21368
0b000501 0b000601 10096 100 1048576 37069603 83773 21368
0b000401 0b000501 10096 100 1048576 37069603 83773 21368
0b000c01 0b000d01 10096 100 1048576 37069603 83773 21368
0b000b01 0b000801 10096 100 1048576 37069603 83773 21368
0b000301 0b000001 10096 100 1048576 37069603 83773 21368
0b000a01 0b000b01 10096 100 1048576 37069603 83773 21368
0b000201 0b000301 10096 100 1048576 37069603 83773 21368
0b000101 0b000201 10096 100 1048576 37069603 83773 21368
0b000901 0b000a01 10096 100 1048576 37069603 83773 21368
0b000001 0b000101 10096 100 1048576 37069603 83773 21368
0b000801 0b000901 10096 100 1048576 37069603 83773 21368
0b001701 0b001401 10097 100 1048576 37069603 83855 21368
0b001f01 0b001c01 10097 100 1048576 37069603 83855 21368
0b001601 0b001701 10097 100 1048576 37069603 83855 21368
0b001e01 0b001f01 10097 100 1048576 37069603 83855 21368
0b001501 0b001601 10097 100 1048576 37069603 83855 21368
0b001d01 0b001e01 10097 100 1048576 37069603 83855 21368
0b001401 0b001501 10097 100 1048576 37069603 83855 21368
0b001c01 0b001d01 10097 100 1048576 37069603 83855 21368
0b001301 0b001001 10097 100 1048576 37069603 83855 21368
0b001b01 0b001801 10097 100 1048576 37069603 83855 21368
0b001201 0b001301 10097 100 1048576 37069603 83855 21368
0b001a01 0b001b01 10097 100 1048576 37069603 83855 21368
0b001101 0b001201 10097 100 1048576 37069603 83855 21368
0b001901 0b001a01 10097 100 1048576 37069603 83855 21368
0b001001 0b001101 10097 100 1048576 37069603 83855 21368
0b001801 0b001901 10097 100 1048576 37069603 83855 21368
0b001701 0b001401 10098 100 1048576 37069603 83937 21368
0b001f01 0b001c01 10098 100 1048576 37069603 83937 21368
0b001601 0b001701 10098 100 1048576 37069603 83937 21368
0b000f01 0b000c01 10097 100 1048576 37069603 83855 21368
0b001501 0b001601 10098 100 1048576 37069603 83937 21368
0b001e01 0b001f01 10098 100 1048576 37069603 83937 21368
0b000701 0b000401 10097 100 1048576 37069603 83855 21368
0b000e01 0b000f01 10097 100 1048576 37069603 83855 21368
0b000601 0b000701 10097 100 1048576 37069603 83855 21368
0b000d01 0b000e01 10097 100 1048576 37069603 83855 21368
0b001401 0b001501 10098 100 1048576 37069603 83937 21368
0b001d01 0b001e01 10098 100 1048576 37069603 83937 21368
0b000501 0b000601 10097 100 1048576 37069603 83855 21368
0b000c01 0b000d01 10097 100 1048576 37069603 83855 21368
0b000b01 0b000801 10097 100 1048576 37069603 83855 21368
0b001c01 0b001d01 10098 100 1048576 37069603 83937 21368
0b000401 0b000501 10097 100 1048576 37069603 83855 21368
0b001301 0b001001 10098 100 1048576 37069603 83937 21368
0b000a01 0b000b01 10097 100 1048576 37069603 83855 21368
0b001201 0b001301 10098 100 1048576 37069603 83937 21368
0b001b01 0b001801 10098 100 1048576 37069603 83937 21368
0b000901 0b000a01 10097 100 1048576 37069603 83855 21368
0b000301 0b000001 10097 100 1048576 37069603 83855 21368
0b001a01 0b001b01 10098 100 1048576 37069603 83937 21368
0b001101 0b001201 10098 100 1048576 37069603 83937 21368
0b000801 0b000901 10097 100 1048576 37069603 83855 21368
0b001901 0b001a01 10098 100 1048576 37069603 83937 21368
0b000201 0b000301 10097 100 1048576 37069603 83855 21368
0b001001 0b001101 10098 100 1048576 37069603 83937 21368
0b001801 0b001901 10098 100 1048576 37069603 83937 21368
0b000f01 0b000c01 10098 100 1048576 37069603 83937 21368
0b000101 0b000201 10097 100 1048576 37069603 83855 21368
0b000e01 0b000f01 10098 100 1048576 37069603 83937 21368
0b000001 0b000101 10097 100 1048576 37069603 83855 21368
0b000d01 0b000e01 10098 100 1048576 37069603 83937 21368
0b000c01 0b000d01 10098 100 1048576 37069603 83937 21368
0b000b01 0b000801 10098 100 1048576 37069603 83937 21368
0b000a01 0b000b01 10098 100 1048576 37069603 83937 21368
0b000901 0b000a01 10098 100 1048576 37069603 83937 21368
0b000801 0b000901 10098 100 1048576 37069603 83937 21368
0b001701 0b001401 10099 100 1048576 37069603 84019 21368
0b001601 0b001701 10099 100 1048576 37069603 84019 21368
0b001501 0b001601 10099 100 1048576 37069603 84019 21368
0b001401 0b001501 10099 100 1048576 37069603 84019 21368
0b001301 0b001001 10099 100 1048576 37069603 84019 21368
0b001201 0b001301 10099 100 1048576 37069603 84019 21368
0b001101 0b001201 10099 100 1048576 37069603 84019 21368
0b001001 0b001101 10099 100 1048576 37069603 84019 21368
0b001f01 0b001c01 10099 100 1048576 37069603 84019 21368
0b000701 0b000401 10098 100 1048576 37069603 83937 21368
0b000601 0b000701 10098 100 1048576 37069603 83937 21368
0b001e01 0b001f01 10099 100 1048576 37069603 84019 21368
0b000501 0b000601 10098 100 1048576 37069603 83937 21368
0b001d01 0b001e01 10099 100 1048576 37069603 84019 21368
0b000401 0b000501 10098 100 1048576 37069603 83937 21368
0b001c01 0b001d01 10099 100 1048576 37069603 84019 21368
0b000301 0b000001 10098 100 1048576 37069603 83937 21368
0b001b01 0b001801 10099 100 1048576 37069603 84019 21368
0b000f01 0b000c01 10099 100 1048576 37069603 84019 21368
0b000201 0b000301 10098 100 1048576 37069603 83937 21368
0b001a01 0b001b01 10099 100 1048576 37069603 84019 21368
0b000e01 0b000f01 10099 100 1048576 37069603 84019 21368
0b000101 0b000201 10098 100 1048576 37069603 83937 21368
0b000d01 0b000e01 10099 100 1048576 37069603 84019 21368
0b001901 0b001a01 10099 100 1048576 37069603 84019 21368
0b000001 0b000101 10098 100 1048576 37069603 83937 21368
0b000c01 0b000d01 10099 100 1048576 37069603 84019 21368
0b001801 0b001901 10099 100 1048576 37069603 84019 21368
0b000b01 0b000801 10099 100 1048576 37069603 84019 21368
0b000a01 0b000b01 10099 100 1048576 37069603 84019 21368
0b000901 0b000a01 10099 100 1048576 37069603 84019 21368
0b000801 0b000901 10099 100 1048576 37069603 84019 21368
0b000701 0b000401 10099 100 1048576 37069603 84019 21368
0b000601 0b000701 10099 100 1048576 37069603 84019 21368
0b000501 0b000601 10099 100 1048576 37069603 84019 21368
0b000401 0b000501 10099 100 1048576 37069603 84019 21368
0b000301 0b000001 10099 100 1048576 37069603 84019 21368
0b000201 0b000301 10099 100 1048576 37069603 84019 21368
0b000101 0b000201 10099 100 1048576 37069603 84019 21368
0b000001 0b000101 10099 100 1048576 37069603 84019 21368
0b001c01 0b001d01 10100 100 1048576 37159386 83773 21368
0b000401 0b000501 10100 100 1048576 37159386 83773 21368
0b001f01 0b001c01 10100 100 1048576 37159386 83773 21368
0b000701 0b000401 10100 100 1048576 37159386 83773 21368
0b001e01 0b001f01 10100 100 1048576 37159386 83773 21368
0b000601 0b000701 10100 100 1048576 37159386 83773 21368
0b001d01 0b001e01 10100 100 1048576 37159386 83773 21368
0b000501 0b000601 10100 100 1048576 37159386 83773 21368
0b001401 0b001501 10100 100 1048576 37159386 83773 21368
0b001801 0b001901 10100 100 1048576 37159386 83773 21368
0b000001 0b000101 10100 100 1048576 37159386 83773 21368
0b001701 0b001401 10100 100 1048576 37159386 83773 21368
0b000301 0b000001 10100 100 1048576 37159386 83773 21368
0b001b01 0b001801 10100 100 1048576 37159386 83773 21368
0b000201 0b000301 10100 100 1048576 37159386 83773 21368
0b001a01 0b001b01 10100 100 1048576 37159386 83773 21368
0b001601 0b001701 10100 100 1048576 37159386 83773 21368
0b000101 0b000201 10100 100 1048576 37159386 83773 21368
0b001901 0b001a01 10100 100 1048576 37159386 83773 21368
0b000c01 0b000d01 10100 100 1048576 37159386 83773 21368
0b000f01 0b000c01 10100 100 1048576 37159386 83773 21368
0b001501 0b001601 10100 100 1048576 37159386 83773 21368
0b000e01 0b000f01 10100 100 1048576 37159386 83773 21368
0b000d01 0b000e01 10100 100 1048576 37159386 83773 21368
0b001001 0b001101 10100 100 1048576 37159386 83773 21368
0b000801 0b000901 10100 100 1048576 37159386 83773 21368
0b000b01 0b000801 10100 100 1048576 37159386 83773 21368
0b001301 0b001001 10100 100 1048576 37159386 83773 21368
0b000a01 0b000b01 10100 100 1048576 37159386 83773 21368
0b001201 0b001301 10100 100 1048576 37159386 83773 21368
0b000901 0b000a01 10100 100 1048576 37159386 83773 21368
0b001101 0b001201 10100 100 1048576 37159386 83773 21368
0b000401 0b000501 10101 100 1048576 37159468 83773 21368
0b000701 0b000401 10101 100 1048576 37159468 83773 21368
0b000601 0b000701 10101 100 1048576 37159468 83773 21368
0b000501 0b000601 10101 100 1048576 37159468 83773 21368
0b000001 0b000101 10101 100 1048576 37159468 83773 21368
0b000301 0b000001 10101 100 1048576 37159468 83773 21368
0b000201 0b000301 10101 100 1048576 37159468 83773 21368
0b000101 0b000201 10101 100 1048576 37159468 83773 21368
0b001c01 0b001d01 10101 100 1048576 37159468 83773 21368
0b001f01 0b001c01 10101 100 1048576 37159468 83773 21368
0b001e01 0b001f01 10101 100 1048576 37159468 83773 21368
0b001d01 0b001e01 10101 100 1048576 37159468 83773 21368
0b001801 0b001901 10101 100 1048576 37159468 83773 21368
0b001b01 0b001801 10101 100 1048576 37159468 83773 21368
0b000c01 0b000d01 10101 100 1048576 37159468 83773 21368
0b001a01 0b001b01 10101 100 1048576 37159468 83773 21368
0b000f01 0b000c01 10101 100 1048576 37159468 83773 21368
0b001901 0b001a01 10101 100 1048576 37159468 83773 21368
0b000e01 0b000f01 10101 100 1048576 37159468 83773 21368
0b000401 0b000501 10102 100 1048576 37159550 83773 21368
0b001401 0b001501 10101 100 1048576 37159468 83773 21368
0b000d01 0b000e01 10101 100 1048576 37159468 83773 21368
0b000701 0b000401 10102 100 1048576 37159550 83773 21368
0b000801 0b000901 10101 100 1048576 37159468 83773 21368
0b000601 0b000701 10102 100 1048576 37159550 83773 21368
0b001701 0b001401 10101 100 1048576 37159468 83773 21368
0b000501 0b000601 10102 100 1048576 37159550 83773 21368
0b001601 0b001701 10101 100 1048576 37159468 83773 21368
0b000b01 0b000801 10101 100 1048576 37159468 83773 21368
0b000001 0b000101 10102 100 1048576 37159550 83773 21368
0b001501 0b001601 10101 100 1048576 37159468 83773 21368
0b000a01 0b000b01 10101 100 1048576 37159468 83773 21368
0b000301 0b000001 10102 100 1048576 37159550 83773 21368
0b001001 0b001101 10101 100 1048576 37159468 83773 21368
0b000901 0b000a01 10101 100 1048576 37159468 83773 21368
0b000201 0b000301 10102 100 1048576 37159550 83773 21368
0b001301 0b001001 10101 100 1048576 37159468 83773 21368
0b000101 0b000201 10102 100 1048576 37159550 83773 21368
0b001201 0b001301 10101 100 1048576 37159468 83773 21368
0b001101 0b001201 10101 100 1048576 37159468 83773 21368
0b001c01 0b001d01 10102 100 1048576 37159550 83773 21368
0b001f01 0b001c01 10102 100 1048576 37159550 83773 21368
0b001e01 0b001f01 10102 100 1048576 37159550 83773 21368
0b001d01 0b001e01 10102 100 1048576 37159550 83773 21368
0b001801 0b001901 10102 100 1048576 37159550 83773 21368
0b001b01 0b001801 10102 100 1048576 37159550 83773 21368
0b001a01 0b001b01 10102 100 1048576 37159550 83773 21368
0b001901 0b001a01 10102 100 1048576 37159550 83773 21368
0b001c01 0b001d01 10103 100 1048576 37159632 83773 21368
0b001f01 0b001c01 10103 100 1048576 37159632 83773 21368
0b000401 0b000501 10103 100 1048576 37159632 83773 21368
0b001e01 0b001f01 10103 100 1048576 37159632 83773 21368
0b001d01 0b001e01 10103 100 1048576 37159632 83773 21368
0b000701 0b000401 10103 100 1048576 37159632 83773 21368
0b001801 0b001901 10103 100 1048576 37159632 83773 21368
0b001b01 0b001801 10103 100 1048576 37159632 83773 21368
0b000601 0b000701 10103 100 1048576 37159632 83773 21368
0b001a01 0b001b01 10103 100 1048576 37159632 83773 21368
0b000c01 0b000d01 10102 100 1048576 37159550 83773 21368
0b001901 0b001a01 10103 100 1048576 37159632 83773 21368
0b000501 0b000601 10103 100 1048576 37159632 83773 21368
0b000f01 0b000c01 10102 100 1048576 37159550 83773 21368
0b001401 0b001501 10102 100 1048576 37159550 83773 21368
0b000001 0b000101 10103 100 1048576 37159632 83773 21368
0b000e01 0b000f01 10102 100 1048576 37159550 83773 21368
0b001701 0b001401 10102 100 1048576 37159550 83773 21368
0b000d01 0b000e01 10102 100 1048576 37159550 83773 21368
0b000301 0b000001 10103 100 1048576 37159632 83773 21368
0b001601 0b001701 10102 100 1048576 37159550 83773 21368
0b000801 0b000901 10102 100 1048576 37159550 83773 21368
0b000201 0b000301 10103 100 1048576 37159632 83773 21368
0b001501 0b001601 10102 100 1048576 37159550 83773 21368
0b000101 0b000201 10103 100 1048576 37159632 83773 21368
0b000b01 0b000801 10102 100 1048576 37159550 83773 21368
0b001001 0b001101 10102 100 1048576 37159550 83773 21368
0b000a01 0b000b01 10102 100 1048576 37159550 83773 21368
0b001301 0b001001 10102 100 1048576 37159550 83773 21368
0b000901 0b000a01 10102 100 1048576 37159550 83773 21368
0b001201 0b001301 10102 100 1048576 37159550 83773 21368
0b001101 0b001201 10102 100 1048576 37159550 83773 21368
0b000c01 0b000d01 10103 100 1048576 37159632 83773 21368
0b000f01 0b000c01 10103 100 1048576 37159632 83773 21368
0b000e01 0b000f01 10103 100 1048576 37159632 83773 21368
0b001401 0b001501 10103 100 1048576 37159632 83773 21368
0b000d01 0b000e01 10103 100 1048576 37159632 83773 21368
0b001701 0b001401 10103 100 1048576 37159632 83773 21368
0b000801 0b000901 10103 100 1048576 37159632 83773 21368
0b001601 0b001701 10103 100 1048576 37159632 83773 21368
0b000b01 0b000801 10103 100 1048576 37159632 83773 21368
0b001501 0b001601 10103 100 1048576 37159632 83773 21368
0b000a01 0b000b01 10103 100 1048576 37159632 83773 21368
0b001001 0b001101 10103 100 1048576 37159632 83773 21368
0b000901 0b000a01 10103 100 1048576 37159632 83773 21368
0b001301 0b001001 10103 100 1048576 37159632 83773 21368
0b001201 0b001301 10103 100 1048576 37159632 83773 21368
0b001101 0b001201 10103 100 1048576 37159632 83773 21368
0b000501 0b000601 10104 100 1048576 37249169 83773 21368
0b000401 0b000501 10104 100 1048576 37249169 83773 21368
0b000701 0b000401 10104 100 1048576 37249169 83773 21368
0b000601 0b000701 10104 100 1048576 37249169 83773 21368
0b000101 0b000201 10104 100 1048576 37249169 83773 21368
0b000001 0b000101 10104 100 1048576 37249169 83773 21368
0b000301 0b000001 10104 100 1048576 37249169 83773 21368
0b000201 0b000301 10104 100 1048576 37249169 83773 21368
0b000501 0b000601 10105 100 1048576 37249251 83773 21368
0b000401 0b000501 10105 100 1048576 37249251 83773 21368
0b000701 0b000401 10105 100 1048576 37249251 83773 21368
0b000601 0b000701 10105 100 1048576 37249251 83773 21368
0b000101 0b000201 10105 100 1048576 37249251 83773 21368
0b000001 0b000101 10105 100 1048576 37249251 83773 21368
0b000301 0b000001 10105 100 1048576 37249251 83773 21368
0b000201 0b000301 10105 100 1048576 37249251 83773 21368
0b000d01 0b000e01 10104 100 1048576 37249169 83773 21368
0b001d01 0b001e01 10104 100 1048576 37249169 83773 21368
0b001501 0b001601 10104 100 1048576 37249169 83773 21368
0b000c01 0b000d01 10104 100 1048576 37249169 83773 21368
0b001401 0b001501 10104 100 1048576 37249169 83773 21368
0b001c01 0b001d01 10104 100 1048576 37249169 83773 21368
0b000f01 0b000c01 10104 100 1048576 37249169 83773 21368
0b001701 0b001401 10104 100 1048576 37249169 83773 21368
0b001f01 0b001c01 10104 100 1048576 37249169 83773 21368
0b000501 0b000601 10106 100 1048576 37249333 83773 21368
0b001601 0b001701 10104 100 1048576 37249169 83773 21368
0b000401 0b000501 10106 100 1048576 37249333 83773 21368
0b000e01 0b000f01 10104 100 1048576 37249169 83773 21368
0b001e01 0b001f01 10104 100 1048576 37249169 83773 21368
0b000701 0b000401 10106 100 1048576 37249333 83773 21368
0b000901 0b000a01 10104 100 1048576 37249169 83773 21368
0b001101 0b001201 10104 100 1048576 37249169 83773 21368
0b001901 0b001a01 10104 100 1048576 37249169 83773 21368
0b000601 0b000701 10106 100 1048576 37249333 83773 21368
0b000801 0b000901 10104 100 1048576 37249169 83773 21368
0b001801 0b001901 10104 100 1048576 37249169 83773 21368
0b001001 0b001101 10104 100 1048576 37249169 83773 21368
0b001b01 0b001801 10104 100 1048576 37249169 83773 21368
0b001301 0b001001 10104 100 1048576 37249169 83773 21368
0b000b01 0b000801 10104 100 1048576 37249169 83773 21368
0b000101 0b000201 10106 100 1048576 37249333 83773 21368
0b000a01 0b000b01 10104 100 1048576 37249169 83773 21368
0b000001 0b000101 10106 100 1048576 37249333 83773 21368
0b001a01 0b001b01 10104 100 1048576 37249169 83773 21368
0b001201 0b001301 10104 100 1048576 37249169 83773 21368
0b000301 0b000001 10106 100 1048576 37249333 83773 21368
0b000201 0b000301 10106 100 1048576 37249333 83773 21368
0b000d01 0b000e01 10105 100 1048576 37249251 83773 21368
0b000c01 0b000d01 10105 100 1048576 37249251 83773 21368
0b000501 0b000601 10107 100 1048576 37249415 83773 21368
0b001d01 0b001e01 10105 100 1048576 37249251 83773 21368
0b000f01 0b000c01 10105 100 1048576 37249251 83773 21368
0b001501 0b001601 10105 100 1048576 37249251 83773 21368
0b001c01 0b001d01 10105 100 1048576 37249251 83773 21368
0b000401 0b000501 10107 100 1048576 37249415 83773 21368
0b000e01 0b000f01 10105 100 1048576 37249251 83773 21368
0b001401 0b001501 10105 100 1048576 37249251 83773 21368
0b001f01 0b001c01 10105 100 1048576 37249251 83773 21368
0b000701 0b000401 10107 100 1048576 37249415 83773 21368
0b001e01 0b001f01 10105 100 1048576 37249251 83773 21368
0b000901 0b000a01 10105 100 1048576 37249251 83773 21368
0b001701 0b001401 10105 100 1048576 37249251 83773 21368
0b001901 0b001a01 10105 100 1048576 37249251 83773 21368
0b000601 0b000701 10107 100 1048576 37249415 83773 21368
0b001601 0b001701 10105 100 1048576 37249251 83773 21368
0b000801 0b000901 10105 100 1048576 37249251 83773 21368
0b001801 0b001901 10105 100 1048576 37249251 83773 21368
0b001101 0b001201 10105 100 1048576 37249251 83773 21368
0b000101 0b000201 10107 100 1048576 37249415 83773 21368
0b000b01 0b000801 10105 100 1048576 37249251 83773 21368
0b001b01 0b001801 10105 100 1048576 37249251 83773 21368
0b001001 0b001101 10105 100 1048576 37249251 83773 21368
0b000001 0b000101 10107 100 1048576 37249415 83773 21368
0b000a01 0b000b01 10105 100 1048576 37249251 83773 21368
0b001301 0b001001 10105 100 1048576 37249251 83773 21368
0b001a01 0b001b01 10105 100 1048576 37249251 83773 21368
0b000301 0b000001 10107 100 1048576 37249415 83773 21368
0b001201 0b001301 10105 100 1048576 37249251 83773 21368
0b000201 0b000301 10107 100 1048576 37249415 83773 21368
0b000d01 0b000e01 10106 100 1048576 37249333 83773 21368
0b001d01 0b001e01 10106 100 1048576 37249333 83773 21368
0b000c01 0b000d01 10106 100 1048576 37249333 83773 21368
0b001c01 0b001d01 10106 100 1048576 37249333 83773 21368
0b001501 0b001601 10106 100 1048576 37249333 83773 21368
0b001f01 0b001c01 10106 100 1048576 37249333 83773 21368
0b001401 0b001501 10106 100 1048576 37249333 83773 21368
0b000f01 0b000c01 10106 100 1048576 37249333 83773 21368
0b001e01 0b001f01 10106 100 1048576 37249333 83773 21368
0b001701 0b001401 10106 100 1048576 37249333 83773 21368
0b000e01 0b000f01 10106 100 1048576 37249333 83773 21368
0b001901 0b001a01 10106 100 1048576 37249333 83773 21368
0b001601 0b001701 10106 100 1048576 37249333 83773 21368
0b000901 0b000a01 10106 100 1048576 37249333 83773 21368
0b001801 0b001901 10106 100 1048576 37249333 83773 21368
0b001101 0b001201 10106 100 1048576 37249333 83773 21368
0b000801 0b000901 10106 100 1048576 37249333 83773 21368
0b001b01 0b001801 10106 100 1048576 37249333 83773 21368
0b000b01 0b000801 10106 100 1048576 37249333 83773 21368
0b001a01 0b001b01 10106 100 1048576 37249333 83773 21368
0b001001 0b001101 10106 100 1048576 37249333 83773 21368
0b000a01 0b000b01 10106 100 1048576 37249333 83773 21368
0b001301 0b001001 10106 100 1048576 37249333 83773 21368
0b001201 0b001301 10106 100 1048576 37249333 83773 21368
0b001d01 0b001e01 10107 100 1048576 37249415 83773 21368
0b000d01 0b000e01 10107 100 1048576 37249415 83773 21368
0b001501 0b001601 10107 100 1048576 37249415 83773 21368
0b001c01 0b001d01 10107 100 1048576 37249415 83773 21368
0b000c01 0b000d01 10107 100 1048576 37249415 83773 21368
0b001f01 0b001c01 10107 100 1048576 37249415 83773 21368
0b001401 0b001501 10107 100 1048576 37249415 83773 21368
0b000f01 0b000c01 10107 100 1048576 37249415 83773 21368
0b001e01 0b001f01 10107 100 1048576 37249415 83773 21368
0b001701 0b001401 10107 100 1048576 37249415 83773 21368
0b000e01 0b000f01 10107 100 1048576 37249415 83773 21368
0b001901 0b001a01 10107 100 1048576 37249415 83773 21368
0b001601 0b001701 10107 100 1048576 37249415 83773 21368
0b000901 0b000a01 10107 100 1048576 37249415 83773 21368
0b001801 0b001901 10107 100 1048576 37249415 83773 21368
0b000801 0b000901 10107 100 1048576 37249415 83773 21368
0b001101 0b001201 10107 100 1048576 37249415 83773 21368
0b001b01 0b001801 10107 100 1048576 37249415 83773 21368
0b000b01 0b000801 10107 100 1048576 37249415 83773 21368
0b001001 0b001101 10107 100 1048576 37249415 83773 21368
0b001a01 0b001b01 10107 100 1048576 37249415 83773 21368
0b000a01 0b000b01 10107 100 1048576 37249415 83773 21368
0b001301 0b001001 10107 100 1048576 37249415 83773 21368
0b001201 0b001301 10107 100 1048576 37249415 83773 21368
0b001e01 0b001f01 10108 100 1048576 37339299 83773 21368
0b001601 0b001701 10108 100 1048576 37339299 83773 21368
0b001d01 0b001e01 10108 100 1048576 37339299 83773 21368
0b001501 0b001601 10108 100 1048576 37339299 83773 21368
0b001c01 0b001d01 10108 100 1048576 37339299 83773 21368
0b001401 0b001501 10108 100 1048576 37339299 83773 21368
0b001f01 0b001c01 10108 100 1048576 37339299 83773 21368
0b001701 0b001401 10108 100 1048576 37339299 83773 21368
0b001a01 0b001b01 10108 100 1048576 37339299 83773 21368
0b001201 0b001301 10108 100 1048576 37339299 83773 21368
0b001901 0b001a01 10108 100 1048576 37339299 83773 21368
0b001101 0b001201 10108 100 1048576 37339299 83773 21368
0b001801 0b001901 10108 100 1048576 37339299 83773 21368
0b001001 0b001101 10108 100 1048576 37339299 83773 21368
0b001b01 0b001801 10108 100 1048576 37339299 83773 21368
0b001301 0b001001 10108 100 1048576 37339299 83773 21368
0b000e01 0b000f01 10108 100 1048576 37339299 83773 21368
0b000601 0b000701 10108 100 1048576 37339299 83773 21368
0b000d01 0b000e01 10108 100 1048576 37339299 83773 21368
0b000501 0b000601 10108 100 1048576 37339299 83773 21368
0b000c01 0b000d01 10108 100 1048576 37339299 83773 21368
0b000401 0b000501 10108 100 1048576 37339299 83773 21368
0b000f01 0b000c01 10108 100 1048576 37339299 83773 21368
0b000701 0b000401 10108 100 1048576 37339299 83773 21368
0b000201 0b000301 10108 100 1048576 37339299 83773 21368
0b000a01 0b000b01 10108 100 1048576 37339299 83773 21368
0b000101 0b000201 10108 100 1048576 37339299 83773 21368
0b000901 0b000a01 10108 100 1048576 37339299 83773 21368
0b000001 0b000101 10108 100 1048576 37339299 83773 21368
0b000801 0b000901 10108 100 1048576 37339299 83773 21368
0b000301 0b000001 10108 100 1048576 37339299 83773 21368
0b000b01 0b000801 10108 100 1048576 37339299 83773 21368
0b001601 0b001701 10109 100 1048576 37339299 83855 21368
0b001e01 0b001f01 10109 100 1048576 37339299 83855 21368
0b001501 0b001601 10109 100 1048576 37339299 83855 21368
0b001d01 0b001e01 10109 100 1048576 37339299 83855 21368
0b001401 0b001501 10109 100 1048576 37339299 83855 21368
0b001c01 0b001d01 10109 100 1048576 37339299 83855 21368
0b001f01 0b001c01 10109 100 1048576 37339299 83855 21368
0b001701 0b001401 10109 100 1048576 37339299 83855 21368
0b001a01 0b001b01 10109 100 1048576 37339299 83855 21368
0b001201 0b001301 10109 100 1048576 37339299 83855 21368
0b001901 0b001a01 10109 100 1048576 37339299 83855 21368
0b001101 0b001201 10109 100 1048576 37339299 83855 21368
0b001001 0b001101 10109 100 1048576 37339299 83855 21368
0b001801 0b001901 10109 100 1048576 37339299 83855 21368
0b001301 0b001001 10109 100 1048576 37339299 83855 21368
0b001b01 0b001801 10109 100 1048576 37339299 83855 21368
0b001e01 0b001f01 10110 100 1048576 37339299 83937 21368
0b001d01 0b001e01 10110 100 1048576 37339299 83937 21368
0b001c01 0b001d01 10110 100 1048576 37339299 83937 21368
0b001601 0b001701 10110 100 1048576 37339299 83937 21368
0b001f01 0b001c01 10110 100 1048576 37339299 83937 21368
0b001501 0b001601 10110 100 1048576 37339299 83937 21368
0b000e01 0b000f01 10109 100 1048576 37339299 83855 21368
0b001a01 0b001b01 10110 100 1048576 37339299 83937 21368
0b000601 0b000701 10109 100 1048576 37339299 83855 21368
0b001401 0b001501 10110 100 1048576 37339299 83937 21368
0b000d01 0b000e01 10109 100 1048576 37339299 83855 21368
0b000501 0b000601 10109 100 1048576 37339299 83855 21368
0b001701 0b001401 10110 100 1048576 37339299 83937 21368
0b000c01 0b000d01 10109 100 1048576 37339299 83855 21368
0b000401 0b000501 10109 100 1048576 37339299 83855 21368
0b001901 0b001a01 10110 100 1048576 37339299 83937 21368
0b001201 0b001301 10110 100 1048576 37339299 83937 21368
0b000f01 0b000c01 10109 100 1048576 37339299 83855 21368
0b001801 0b001901 10110 100 1048576 37339299 83937 21368
0b000701 0b000401 10109 100 1048576 37339299 83855 21368
0b001101 0b001201 10110 100 1048576 37339299 83937 21368
0b000a01 0b000b01 10109 100 1048576 37339299 83855 21368
0b000201 0b000301 10109 100 1048576 37339299 83855 21368
0b001b01 0b001801 10110 100 1048576 37339299 83937 21368
0b000901 0b000a01 10109 100 1048576 37339299 83855 21368
0b001001 0b001101 10110 100 1048576 37339299 83937 21368
0b000101 0b000201 10109 100 1048576 37339299 83855 21368
0b001301 0b001001 10110 100 1048576 37339299 83937 21368
0b000801 0b000901 10109 100 1048576 37339299 83855 21368
0b000001 0b000101 10109 100 1048576 37339299 83855 21368
0b000b01 0b000801 10109 100 1048576 37339299 83855 21368
0b000301 0b000001 10109 100 1048576 37339299 83855 21368
0b001e01 0b001f01 10111 100 1048576 37339299 84019 21368
0b001d01 0b001e01 10111 100 1048576 37339299 84019 21368
0b001c01 0b001d01 10111 100 1048576 37339299 84019 21368
0b001601 0b001701 10111 100 1048576 37339299 84019 21368
0b001f01 0b001c01 10111 100 1048576 37339299 84019 21368
0b001501 0b001601 10111 100 1048576 37339299 84019 21368
0b001a01 0b001b01 10111 100 1048576 37339299 84019 21368
0b000e01 0b000f01 10110 100 1048576 37339299 83937 21368
0b001401 0b001501 10111 100 1048576 37339299 84019 21368
0b001901 0b001a01 10111 100 1048576 37339299 84019 21368
0b000d01 0b000e01 10110 100 1048576 37339299 83937 21368
0b000601 0b000701 10110 100 1048576 37339299 83937 21368
0b001701 0b001401 10111 100 1048576 37339299 84019 21368
0b001801 0b001901 10111 100 1048576 37339299 84019 21368
0b000501 0b000601 10110 100 1048576 37339299 83937 21368
0b000c01 0b000d01 10110 100 1048576 37339299 83937 21368
0b001201 0b001301 10111 100 1048576 37339299 84019 21368
0b001b01 0b001801 10111 100 1048576 37339299 84019 21368
0b000f01 0b000c01 10110 100 1048576 37339299 83937 21368
0b000401 0b000501 10110 100 1048576 37339299 83937 21368
0b000a01 0b000b01 10110 100 1048576 37339299 83937 21368
0b001101 0b001201 10111 100 1048576 37339299 84019 21368
0b000701 0b000401 10110 100 1048576 37339299 83937 21368
0b000901 0b000a01 10110 100 1048576 37339299 83937 21368
0b001001 0b001101 10111 100 1048576 37339299 84019 21368
0b000801 0b000901 10110 100 1048576 37339299 83937 21368
0b000201 0b000301 10110 100 1048576 37339299 83937 21368
0b001301 0b001001 10111 100 1048576 37339299 84019 21368
0b000b01 0b000801 10110 100 1048576 37339299 83937 21368
0b000101 0b000201 10110 100 1048576 37339299 83937 21368
0b000001 0b000101 10110 100 1048576 37339299 83937 21368
0b000301 0b000001 10110 100 1048576 37339299 83937 21368
0b000e01 0b000f01 10111 100 1048576 37339299 84019 21368
0b000d01 0b000e01 10111 100 1048576 37339299 84019 21368
0b000601 0b000701 10111 100 1048576 37339299 84019 21368
0b000c01 0b000d01 10111 100 1048576 37339299 84019 21368
0b000501 0b000601 10111 100 1048576 37339299 84019 21368
0b000f01 0b000c01 10111 100 1048576 37339299 84019 21368
0b000401 0b000501 10111 100 1048576 37339299 84019 21368
0b000a01 0b000b01 10111 100 1048576 37339299 84019 21368
0b000701 0b000401 10111 100 1048576 37339299 84019 21368
0b000901 0b000a01 10111 100 1048576 37339299 84019 21368
0b000201 0b000301 10111 100 1048576 37339299 84019 21368
0b000801 0b000901 10111 100 1048576 37339299 84019 21368
0b000101 0b000201 10111 100 1048576 37339299 84019 21368
0b000b01 0b000801 10111 100 1048576 37339299 84019 21368
0b000001 0b000101 10111 100 1048576 37339299 84019 21368
0b000301 0b000001 10111 100 1048576 37339299 84019 21368
0b001f01 0b001c01 10112 100 1048576 37429112 83773 21368
0b000701 0b000401 10112 100 1048576 37429112 83773 21368
0b001701 0b001401 10112 100 1048576 37429112 83773 21368
0b001e01 0b001f01 10112 100 1048576 37429112 83773 21368
0b000601 0b000701 10112 100 1048576 37429112 83773 21368
0b001601 0b001701 10112 100 1048576 37429112 83773 21368
0b000501 0b000601 10112 100 1048576 37429112 83773 21368
0b001d01 0b001e01 10112 100 1048576 37429112 83773 21368
0b001501 0b001601 10112 100 1048576 37429112 83773 21368
0b000401 0b000501 10112 100 1048576 37429112 83773 21368
0b001c01 0b001d01 10112 100 1048576 37429112 83773 21368
0b001401 0b001501 10112 100 1048576 37429112 83773 21368
0b000301 0b000001 10112 100 1048576 37429112 83773 21368
0b001b01 0b001801 10112 100 1048576 37429112 83773 21368
0b001301 0b001001 10112 100 1048576 37429112 83773 21368
0b000201 0b000301 10112 100 1048576 37429112 83773 21368
0b001a01 0b001b01 10112 100 1048576 37429112 83773 21368
0b001201 0b001301 10112 100 1048576 37429112 83773 21368
0b000101 0b000201 10112 100 1048576 37429112 83773 21368
0b000f01 0b000c01 10112 100 1048576 37429112 83773 21368
0b001901 0b001a01 10112 100 1048576 37429112 83773 21368
0b001101 0b001201 10112 100 1048576 37429112 83773 21368
0b000001 0b000101 10112 100 1048576 37429112 83773 21368
0b000e01 0b000f01 10112 100 1048576 37429112 83773 21368
0b001801 0b001901 10112 100 1048576 37429112 83773 21368
0b001001 0b001101 10112 100 1048576 37429112 83773 21368
0b000d01 0b000e01 10112 100 1048576 37429112 83773 21368
0b000c01 0b000d01 10112 100 1048576 37429112 83773 21368
0b000b01 0b000801 10112 100 1048576 37429112 83773 21368
0b000a01 0b000b01 10112 100 1048576 37429112 83773 21368
0b000901 0b000a01 10112 100 1048576 37429112 83773 21368
0b000801 0b000901 10112 100 1048576 37429112 83773 21368
0b000701 0b000401 10113 100 1048576 37429194 83773 21368
0b000601 0b000701 10113 100 1048576 37429194 83773 21368
0b000501 0b000601 10113 100 1048576 37429194 83773 21368
0b000401 0b000501 10113 100 1048576 37429194 83773 21368
0b000301 0b000001 10113 100 1048576 37429194 83773 21368
0b000201 0b000301 10113 100 1048576 37429194 83773 21368
0b000101 0b000201 10113 100 1048576 37429194 83773 21368
0b000001 0b000101 10113 100 1048576 37429194 83773 21368
0b001f01 0b001c01 10113 100 1048576 37429194 83773 21368
0b001701 0b001401 10113 100 1048576 37429194 83773 21368
0b001e01 0b001f01 10113 100 1048576 37429194 83773 21368
0b001601 0b001701 10113 100 1048576 37429194 83773 21368
0b000f01 0b000c01 10113 100 1048576 37429194 83773 21368
0b000701 0b000401 10114 100 1048576 37429276 83773 21368
0b000e01 0b000f01 10113 100 1048576 37429194 83773 21368
0b001501 0b001601 10113 100 1048576 37429194 83773 21368
0b001d01 0b001e01 10113 100 1048576 37429194 83773 21368
0b000601 0b000701 10114 100 1048576 37429276 83773 21368
0b000d01 0b000e01 10113 100 1048576 37429194 83773 21368
0b001c01 0b001d01 10113 100 1048576 37429194 83773 21368
0b001401 0b001501 10113 100 1048576 37429194 83773 21368
0b000501 0b000601 10114 100 1048576 37429276 83773 21368
0b000c01 0b000d01 10113 100 1048576 37429194 83773 21368
0b001b01 0b001801 10113 100 1048576 37429194 83773 21368
0b001301 0b001001 10113 100 1048576 37429194 83773 21368
0b000401 0b000501 10114 100 1048576 37429276 83773 21368
0b000b01 0b000801 10113 100 1048576 37429194 83773 21368
0b001a01 0b001b01 10113 100 1048576 37429194 83773 21368
0b001201 0b001301 10113 100 1048576 37429194 83773 21368
0b000301 0b000001 10114 100 1048576 37429276 83773 21368
0b000a01 0b000b01 10113 100 1048576 37429194 83773 21368
0b001901 0b001a01 10113 100 1048576 37429194 83773 21368
0b001101 0b001201 10113 100 1048576 37429194 83773 21368
0b000201 0b000301 10114 100 1048576 37429276 83773 21368
0b000901 0b000a01 10113 100 1048576 37429194 83773 21368
0b001001 0b001101 10113 100 1048576 37429194 83773 21368
0b000101 0b000201 10114 100 1048576 37429276 83773 21368
0b001801 0b001901 10113 100 1048576 37429194 83773 21368
0b000801 0b000901 10113 100 1048576 37429194 83773 21368
0b000001 0b000101 10114 100 1048576 37429276 83773 21368
0b001f01 0b001c01 10114 100 1048576 37429276 83773 21368
0b000701 0b000401 10115 100 1048576 37429358 83773 21368
0b000f01 0b000c01 10114 100 1048576 37429276 83773 21368
0b001701 0b001401 10114 100 1048576 37429276 83773 21368
0b000601 0b000701 10115 100 1048576 37429358 83773 21368
0b000e01 0b000f01 10114 100 1048576 37429276 83773 21368
0b001e01 0b001f01 10114 100 1048576 37429276 83773 21368
0b001601 0b001701 10114 100 1048576 37429276 83773 21368
0b001d01 0b001e01 10114 100 1048576 37429276 83773 21368
0b000d01 0b000e01 10114 100 1048576 37429276 83773 21368
0b000501 0b000601 10115 100 1048576 37429358 83773 21368
0b001501 0b001601 10114 100 1048576 37429276 83773 21368
0b001c01 0b001d01 10114 100 1048576 37429276 83773 21368
0b001401 0b001501 10114 100 1048576 37429276 83773 21368
0b000c01 0b000d01 10114 100 1048576 37429276 83773 21368
0b000401 0b000501 10115 100 1048576 37429358 83773 21368
0b001b01 0b001801 10114 100 1048576 37429276 83773 21368
0b001301 0b001001 10114 100 1048576 37429276 83773 21368
0b000b01 0b000801 10114 100 1048576 37429276 83773 21368
0b001a01 0b001b01 10114 100 1048576 37429276 83773 21368
0b000301 0b000001 10115 100 1048576 37429358 83773 21368
0b001201 0b001301 10114 100 1048576 37429276 83773 21368
0b001901 0b001a01 10114 100 1048576 37429276 83773 21368
0b000201 0b000301 10115 100 1048576 37429358 83773 21368
0b001101 0b001201 10114 100 1048576 37429276 83773 21368
0b000a01 0b000b01 10114 100 1048576 37429276 83773 21368
0b000101 0b000201 10115 100 1048576 37429358 83773 21368
0b001001 0b001101 10114 100 1048576 37429276 83773 21368
0b000901 0b000a01 10114 100 1048576 37429276 83773 21368
0b001801 0b001901 10114 100 1048576 37429276 83773 21368
0b000001 0b000101 10115 100 1048576 37429358 83773 21368
0b000801 0b000901 10114 100 1048576 37429276 83773 21368
0b001f01 0b001c01 10115 100 1048576 37429358 83773 21368
0b001701 0b001401 10115 100 1048576 37429358 83773 21368
0b001e01 0b001f01 10115 100 1048576 37429358 83773 21368
0b001601 0b001701 10115 100 1048576 37429358 83773 21368
0b000f01 0b000c01 10115 100 1048576 37429358 83773 21368
0b001d01 0b001e01 10115 100 1048576 37429358 83773 21368
0b001501 0b001601 10115 100 1048576 37429358 83773 21368
0b000e01 0b000f01 10115 100 1048576 37429358 83773 21368
0b001c01 0b001d01 10115 100 1048576 37429358 83773 21368
0b001401 0b001501 10115 100 1048576 37429358 83773 21368
0b000d01 0b000e01 10115 100 1048576 37429358 83773 21368
0b001b01 0b001801 10115 100 1048576 37429358 83773 21368
0b001301 0b001001 10115 100 1048576 37429358 83773 21368
0b000c01 0b000d01 10115 100 1048576 37429358 83773 21368
0b001a01 0b001b01 10115 100 1048576 37429358 83773 21368
0b001201 0b001301 10115 100 1048576 37429358 83773 21368
0b000b01 0b000801 10115 100 1048576 37429358 83773 21368
0b001901 0b001a01 10115 100 1048576 37429358 83773 21368
0b001101 0b001201 10115 100 1048576 37429358 83773 21368
0b000a01 0b000b01 10115 100 1048576 37429358 83773 21368
0b001801 0b001901 10115 100 1048576 37429358 83773 21368
0b001001 0b001101 10115 100 1048576 37429358 83773 21368
0b000901 0b000a01 10115 100 1048576 37429358 83773 21368
0b000801 0b000901 10115 100 1048576 37429358 83773 21368
0b001401 0b001501 10116 100 1048576 37518925 83773 21368
0b001701 0b001401 10116 100 1048576 37518925 83773 21368
0b001601 0b001701 10116 100 1048576 37518925 83773 21368
0b001501 0b001601 10116 100 1048576 37518925 83773 21368
0b001001 0b001101 10116 100 1048576 37518925 83773 21368
0b001301 0b001001 10116 100 1048576 37518925 83773 21368
0b001201 0b001301 10116 100 1048576 37518925 83773 21368
0b001101 0b001201 10116 100 1048576 37518925 83773 21368
0b001401 0b001501 10117 100 1048576 37519007 83773 21368
0b001701 0b001401 10117 100 1048576 37519007 83773 21368
0b001601 0b001701 10117 100 1048576 37519007 83773 21368
0b001501 0b001601 10117 100 1048576 37519007 83773 21368
0b001001 0b001101 10117 100 1048576 37519007 83773 21368
0b001301 0b001001 10117 100 1048576 37519007 83773 21368
0b001201 0b001301 10117 100 1048576 37519007 83773 21368
0b001101 0b001201 10117 100 1048576 37519007 83773 21368
0b000401 0b000501 10116 100 1048576 37518925 83773 21368
0b001c01 0b001d01 10116 100 1048576 37518925 83773 21368
0b000c01 0b000d01 10116 100 1048576 37518925 83773 21368
0b000701 0b000401 10116 100 1048576 37518925 83773 21368
0b001f01 0b001c01 10116 100 1048576 37518925 83773 21368
0b000f01 0b000c01 10116 100 1048576 37518925 83773 21368
0b000601 0b000701 10116 100 1048576 37518925 83773 21368
0b001e01 0b001f01 10116 100 1048576 37518925 83773 21368
0b000e01 0b000f01 10116 100 1048576 37518925 83773 21368
0b000501 0b000601 10116 100 1048576 37518925 83773 21368
0b001d01 0b001e01 10116 100 1048576 37518925 83773 21368
0b001401 0b001501 10118 100 1048576 37519089 83773 21368
0b000d01 0b000e01 10116 100 1048576 37518925 83773 21368
0b000001 0b000101 10116 100 1048576 37518925 83773 21368
0b001801 0b001901 10116 100 1048576 37518925 83773 21368
0b001701 0b001401 10118 100 1048576 37519089 83773 21368
0b000301 0b000001 10116 100 1048576 37518925 83773 21368
0b000801 0b000901 10116 100 1048576 37518925 83773 21368
0b001b01 0b001801 10116 100 1048576 37518925 83773 21368
0b001601 0b001701 10118 100 1048576 37519089 83773 21368
0b000201 0b000301 10116 100 1048576 37518925 83773 21368
0b000b01 0b000801 10116 100 1048576 37518925 83773 21368
0b001a01 0b001b01 10116 100 1048576 37518925 83773 21368
0b001501 0b001601 10118 100 1048576 37519089 83773 21368
0b000101 0b000201 10116 100 1048576 37518925 83773 21368
0b000a01 0b000b01 10116 100 1048576 37518925 83773 21368
0b001901 0b001a01 10116 100 1048576 37518925 83773 21368
0b001001 0b001101 10118 100 1048576 37519089 83773 21368
0b000901 0b000a01 10116 100 1048576 37518925 83773 21368
0b001301 0b001001 10118 100 1048576 37519089 83773 21368
0b001201 0b001301 10118 100 1048576 37519089 83773 21368
0b001101 0b001201 10118 100 1048576 37519089 83773 21368
0b000401 0b000501 10117 100 1048576 37519007 83773 21368
0b001c01 0b001d01 10117 100 1048576 37519007 83773 21368
0b000c01 0b000d01 10117 100 1048576 37519007 83773 21368
0b000701 0b000401 10117 100 1048576 37519007 83773 21368
0b001f01 0b001c01 10117 100 1048576 37519007 83773 21368
0b000f01 0b000c01 10117 100 1048576 37519007 83773 21368
0b001e01 0b001f01 10117 100 1048576 37519007 83773 21368
0b001401 0b001501 10119 100 1048576 37519171 83773 21368
0b000601 0b000701 10117 100 1048576 37519007 83773 21368
0b000e01 0b000f01 10117 100 1048576 37519007 83773 21368
0b000501 0b000601 10117 100 1048576 37519007 83773 21368
0b001d01 0b001e01 10117 100 1048576 37519007 83773 21368
0b000d01 0b000e01 10117 100 1048576 37519007 83773 21368
0b000001 0b000101 10117 100 1048576 37519007 83773 21368
0b001801 0b001901 10117 100 1048576 37519007 83773 21368
0b001701 0b001401 10119 100 1048576 37519171 83773 21368
0b000801 0b000901 10117 100 1048576 37519007 83773 21368
0b000301 0b000001 10117 100 1048576 37519007 83773 21368
0b001b01 0b001801 10117 100 1048576 37519007 83773 21368
0b000b01 0b000801 10117 100 1048576 37519007 83773 21368
0b001601 0b001701 10119 100 1048576 37519171 83773 21368
0b000201 0b000301 10117 100 1048576 37519007 83773 21368
0b001a01 0b001b01 10117 100 1048576 37519007 83773 21368
0b000a01 0b000b01 10117 100 1048576 37519007 83773 21368
0b001901 0b001a01 10117 100 1048576 37519007 83773 21368
0b000101 0b000201 10117 100 1048576 37519007 83773 21368
0b001501 0b001601 10119 100 1048576 37519171 83773 21368
0b000901 0b000a01 10117 100 1048576 37519007 83773 21368
0b001001 0b001101 10119 100 1048576 37519171 83773 21368
0b001301 0b001001 10119 100 1048576 37519171 83773 21368
0b001201 0b001301 10119 100 1048576 37519171 83773 21368
0b001101 0b001201 10119 100 1048576 37519171 83773 21368
0b000c01 0b000d01 10118 100 1048576 37519089 83773 21368
0b000401 0b000501 10118 100 1048576 37519089 83773 21368
0b001c01 0b001d01 10118 100 1048576 37519089 83773 21368
0b000f01 0b000c01 10118 100 1048576 37519089 83773 21368
0b000701 0b000401 10118 100 1048576 37519089 83773 21368
0b000e01 0b000f01 10118 100 1048576 37519089 83773 21368
0b001f01 0b001c01 10118 100 1048576 37519089 83773 21368
0b000601 0b000701 10118 100 1048576 37519089 83773 21368
0b000d01 0b000e01 10118 100 1048576 37519089 83773 21368
0b001e01 0b001f01 10118 100 1048576 37519089 83773 21368
0b000501 0b000601 10118 100 1048576 37519089 83773 21368
0b001d01 0b001e01 10118 100 1048576 37519089 83773 21368
0b000801 0b000901 10118 100 1048576 37519089 83773 21368
0b000001 0b000101 10118 100 1048576 37519089 83773 21368
0b000b01 0b000801 10118 100 1048576 37519089 83773 21368
0b001801 0b001901 10118 100 1048576 37519089 83773 21368
0b000301 0b000001 10118 100 1048576 37519089 83773 21368
0b000a01 0b000b01 10118 100 1048576 37519089 83773 21368
0b000201 0b000301 10118 100 1048576 37519089 83773 21368
0b001b01 0b001801 10118 100 1048576 37519089 83773 21368
0b000901 0b000a01 10118 100 1048576 37519089 83773 21368
0b001a01 0b001b01 10118 100 1048576 37519089 83773 21368
0b000101 0b000201 10118 100 1048576 37519089 83773 21368
0b001901 0b001a01 10118 100 1048576 37519089 83773 21368
0b000c01 0b000d01 10119 100 1048576 37519171 83773 21368
0b000401 0b000501 10119 100 1048576 37519171 83773 21368
0b001c01 0b001d01 10119 100 1048576 37519171 83773 21368
0b000f01 0b000c01 10119 100 1048576 37519171 83773 21368
0b000701 0b000401 10119 100 1048576 37519171 83773 21368
0b001f01 0b001c01 10119 100 1048576 37519171 83773 21368
0b000e01 0b000f01 10119 100 1048576 37519171 83773 21368
0b000601 0b000701 10119 100 1048576 37519171 83773 21368
0b001e01 0b001f01 10119 100 1048576 37519171 83773 21368
0b000d01 0b000e01 10119 100 1048576 37519171 83773 21368
0b001d01 0b001e01 10119 100 1048576 37519171 83773 21368
0b000801 0b000901 10119 100 1048576 37519171 83773 21368
0b000501 0b000601 10119 100 1048576 37519171 83773 21368
0b001801 0b001901 10119 100 1048576 37519171 83773 21368
0b000001 0b000101 10119 100 1048576 37519171 83773 21368
0b000b01 0b000801 10119 100 1048576 37519171 83773 21368
0b001b01 0b001801 10119 100 1048576 37519171 83773 21368
0b000301 0b000001 10119 100 1048576 37519171 83773 21368
0b000a01 0b000b01 10119 100 1048576 37519171 83773 21368
0b001a01 0b001b01 10119 100 1048576 37519171 83773 21368
0b000201 0b000301 10119 100 1048576 37519171 83773 21368
0b000901 0b000a01 10119 100 1048576 37519171 83773 21368
0b001901 0b001a01 10119 100 1048576 37519171 83773 21368
0b000101 0b000201 10119 100 1048576 37519171 83773 21368
0b000d01 0b000e01 10120 100 256 38929752 57 137
0b001501 0b001601 10120 100 256 38929752 57 137
0b001401 0b001501 10120 100 256 38929752 57 137
0b000c01 0b000d01 10120 100 256 38929752 57 137
0b001701 0b001401 10120 100 256 38929752 57 137
0b000f01 0b000c01 10120 100 256 38929752 57 137
0b000e01 0b000f01 10120 100 256 38929752 57 137
0b001601 0b001701 10120 100 256 38929752 57 137
0b000901 0b000a01 10120 100 256 38929752 57 137
0b001101 0b001201 10120 100 256 38929752 57 137
0b000801 0b000901 10120 100 256 38929752 57 137
0b001001 0b001101 10120 100 256 38929752 57 137
0b000b01 0b000801 10120 100 256 38929752 57 137
0b001301 0b001001 10120 100 256 38929752 57 137
0b000a01 0b000b01 10120 100 256 38929752 57 137
0b001201 0b001301 10120 100 256 38929752 57 137
0b000d01 0b000e01 10121 100 256 38929752 63 137
0b001501 0b001601 10121 100 256 38929752 63 137
0b001401 0b001501 10121 100 256 38929752 63 137
0b000c01 0b000d01 10121 100 256 38929752 63 137
0b001701 0b001401 10121 100 256 38929752 63 137
0b000f01 0b000c01 10121 100 256 38929752 63 137
0b001601 0b001701 10121 100 256 38929752 63 137
0b000e01 0b000f01 10121 100 256 38929752 63 137
0b000901 0b000a01 10121 100 256 38929752 63 137
0b001101 0b001201 10121 100 256 38929752 63 137
0b000801 0b000901 10121 100 256 38929752 63 137
0b001001 0b001101 10121 100 256 38929752 63 137
0b000b01 0b000801 10121 100 256 38929752 63 137
0b000a01 0b000b01 10121 100 256 38929752 63 137
0b001301 0b001001 10121 100 256 38929752 63 137
0b001201 0b001301 10121 100 256 38929752 63 137
0b000d01 0b000e01 10122 100 256 38929752 69 137
0b000c01 0b000d01 10122 100 256 38929752 69 137
0b000f01 0b000c01 10122 100 256 38929752 69 137
0b001501 0b001601 10122 100 256 38929752 69 137
0b000e01 0b000f01 10122 100 256 38929752 69 137
0b001401 0b001501 10122 100 256 38929752 69 137
0b000901 0b000a01 10122 100 256 38929752 69 137
0b001701 0b001401 10122 100 256 38929752 69 137
0b000801 0b000901 10122 100 256 38929752 69 137
0b001601 0b001701 10122 100 256 38929752 69 137
0b000b01 0b000801 10122 100 256 38929752 69 137
0b001101 0b001201 10122 100 256 38929752 69 137
0b000a01 0b000b01 10122 100 256 38929752 69 137
0b001001 0b001101 10122 100 256 38929752 69 137
0b001301 0b001001 10122 100 256 38929752 69 137
0b001201 0b001301 10122 100 256 38929752 69 137
0b000501 0b000601 10120 100 256 38929752 57 137
0b001d01 0b001e01 10120 100 256 38929752 57 137
0b000401 0b000501 10120 100 256 38929752 57 137
0b001c01 0b001d01 10120 100 256 38929752 57 137
0b000701 0b000401 10120 100 256 38929752 57 137
0b001f01 0b001c01 10120 100 256 38929752 57 137
0b000601 0b000701 10120 100 256 38929752 57 137
0b001e01 0b001f01 10120 100 256 38929752 57 137
0b000101 0b000201 10120 100 256 38929752 57 137
0b001901 0b001a01 10120 100 256 38929752 57 137
0b000001 0b000101 10120 100 256 38929752 57 137
0b000d01 0b000e01 10123 100 256 38929752 75 137
0b001801 0b001901 10120 100 256 38929752 57 137
0b000c01 0b000d01 10123 100 256 38929752 75 137
0b000301 0b000001 10120 100 256 38929752 57 137
0b001501 0b001601 10123 100 256 38929752 75 137
0b000f01 0b000c01 10123 100 256 38929752 75 137
0b001401 0b001501 10123 100 256 38929752 75 137
0b000201 0b000301 10120 100 256 38929752 57 137
0b000e01 0b000f01 10123 100 256 38929752 75 137
0b001b01 0b001801 10120 100 256 38929752 57 137
0b001701 0b001401 10123 100 256 38929752 75 137
0b000901 0b000a01 10123 100 256 38929752 75 137
0b001601 0b001701 10123 100 256 38929752 75 137
0b001a01 0b001b01 10120 100 256 38929752 57 137
0b000801 0b000901 10123 100 256 38929752 75 137
0b001101 0b001201 10123 100 256 38929752 75 137
0b000501 0b000601 10121 100 256 38929752 63 137
0b000b01 0b000801 10123 100 256 38929752 75 137
0b001001 0b001101 10123 100 256 38929752 75 137
0b001d01 0b001e01 10121 100 256 38929752 63 137
0b000a01 0b000b01 10123 100 256 38929752 75 137
0b000401 0b000501 10121 100 256 38929752 63 137
0b001301 0b001001 10123 100 256 38929752 75 137
0b001c01 0b001d01 10121 100 256 38929752 63 137
0b001201 0b001301 10123 100 256 38929752 75 137
0b000701 0b000401 10121 100 256 38929752 63 137
0b001f01 0b001c01 10121 100 256 38929752 63 137
0b000601 0b000701 10121 100 256 38929752 63 137
0b001e01 0b001f01 10121 100 256 38929752 63 137
0b000101 0b000201 10121 100 256 38929752 63 137
0b001901 0b001a01 10121 100 256 38929752 63 137
0b001801 0b001901 10121 100 256 38929752 63 137
0b000001 0b000101 10121 100 256 38929752 63 137
0b001b01 0b001801 10121 100 256 38929752 63 137
0b000301 0b000001 10121 100 256 38929752 63 137
0b001a01 0b001b01 10121 100 256 38929752 63 137
0b000201 0b000301 10121 100 256 38929752 63 137
0b000501 0b000601 10122 100 256 38929752 69 137
0b001d01 0b001e01 10122 100 256 38929752 69 137
0b000401 0b000501 10122 100 256 38929752 69 137
0b001c01 0b001d01 10122 100 256 38929752 69 137
0b000701 0b000401 10122 100 256 38929752 69 137
0b001f01 0b001c01 10122 100 256 38929752 69 137
0b000601 0b000701 10122 100 256 38929752 69 137
0b001e01 0b001f01 10122 100 256 38929752 69 137
0b000101 0b000201 10122 100 256 38929752 69 137
0b001901 0b001a01 10122 100 256 38929752 69 137
0b000001 0b000101 10122 100 256 38929752 69 137
0b001801 0b001901 10122 100 256 38929752 69 137
0b000301 0b000001 10122 100 256 38929752 69 137
0b001b01 0b001801 10122 100 256 38929752 69 137
0b000201 0b000301 10122 100 256 38929752 69 137
0b001a01 0b001b01 10122 100 256 38929752 69 137
0b000501 0b000601 10123 100 256 38929752 75 137
0b001d01 0b001e01 10123 100 256 38929752 75 137
0b000401 0b000501 10123 100 256 38929752 75 137
0b001c01 0b001d01 10123 100 256 38929752 75 137
0b000701 0b000401 10123 100 256 38929752 75 137
0b001f01 0b001c01 10123 100 256 38929752 75 137
0b000601 0b000701 10123 100 256 38929752 75 137
0b001e01 0b001f01 10123 100 256 38929752 75 137
0b000101 0b000201 10123 100 256 38929752 75 137
0b001901 0b001a01 10123 100 256 38929752 75 137
0b000001 0b000101 10123 100 256 38929752 75 137
0b001801 0b001901 10123 100 256 38929752 75 137
0b000301 0b000001 10123 100 256 38929752 75 137
0b001b01 0b001801 10123 100 256 38929752 75 137
0b000201 0b000301 10123 100 256 38929752 75 137
0b001a01 0b001b01 10123 100 256 38929752 75 137
0b001601 0b001701 10124 100 256 38935819 57 137
0b000e01 0b000f01 10124 100 256 38935819 57 137
0b001501 0b001601 10124 100 256 38935819 57 137
0b000d01 0b000e01 10124 100 256 38935819 57 137
0b001401 0b001501 10124 100 256 38935819 57 137
0b000c01 0b000d01 10124 100 256 38935819 57 137
0b001701 0b001401 10124 100 256 38935819 57 137
0b000f01 0b000c01 10124 100 256 38935819 57 137
0b001201 0b001301 10124 100 256 38935819 57 137
0b000a01 0b000b01 10124 100 256 38935819 57 137
0b001101 0b001201 10124 100 256 38935819 57 137
0b000901 0b000a01 10124 100 256 38935819 57 137
0b000801 0b000901 10124 100 256 38935819 57 137
0b001001 0b001101 10124 100 256 38935819 57 137
0b000b01 0b000801 10124 100 256 38935819 57 137
0b001301 0b001001 10124 100 256 38935819 57 137
0b000e01 0b000f01 10125 100 256 38935825 57 137
0b001601 0b001701 10125 100 256 38935825 57 137
0b001501 0b001601 10125 100 256 38935825 57 137
0b000d01 0b000e01 10125 100 256 38935825 57 137
0b000c01 0b000d01 10125 100 256 38935825 57 137
0b001401 0b001501 10125 100 256 38935825 57 137
0b000f01 0b000c01 10125 100 256 38935825 57 137
0b001701 0b001401 10125 100 256 38935825 57 137
0b000a01 0b000b01 10125 100 256 38935825 57 137
0b001201 0b001301 10125 100 256 38935825 57 137
0b000901 0b000a01 10125 100 256 38935825 57 137
0b001101 0b001201 10125 100 256 38935825 57 137
0b000801 0b000901 10125 100 256 38935825 57 137
0b000b01 0b000801 10125 100 256 38935825 57 137
0b001001 0b001101 10125 100 256 38935825 57 137
0b001301 0b001001 10125 100 256 38935825 57 137
0b000e01 0b000f01 10126 100 256 38935831 57 137
0b000d01 0b000e01 10126 100 256 38935831 57 137
0b001601 0b001701 10126 100 256 38935831 57 137
0b000c01 0b000d01 10126 100 256 38935831 57 137
0b001501 0b001601 10126 100 256 38935831 57 137
0b000f01 0b000c01 10126 100 256 38935831 57 137
0b001401 0b001501 10126 100 256 38935831 57 137
0b000a01 0b000b01 10126 100 256 38935831 57 137
0b001701 0b001401 10126 100 256 38935831 57 137
0b000901 0b000a01 10126 100 256 38935831 57 137
0b001201 0b001301 10126 100 256 38935831 57 137
0b000801 0b000901 10126 100 256 38935831 57 137
0b000b01 0b000801 10126 100 256 38935831 57 137
0b001101 0b001201 10126 100 256 38935831 57 137
0b001001 0b001101 10126 100 256 38935831 57 137
0b001301 0b001001 10126 100 256 38935831 57 137
0b001e01 0b001f01 10124 100 256 38935819 57 137
0b001d01 0b001e01 10124 100 256 38935819 57 137
0b000601 0b000701 10124 100 256 38935819 57 137
0b001c01 0b001d01 10124 100 256 38935819 57 137
0b000501 0b000601 10124 100 256 38935819 57 137
0b001f01 0b001c01 10124 100 256 38935819 57 137
0b000401 0b000501 10124 100 256 38935819 57 137
0b001a01 0b001b01 10124 100 256 38935819 57 137
0b000701 0b000401 10124 100 256 38935819 57 137
0b001901 0b001a01 10124 100 256 38935819 57 137
0b000201 0b000301 10124 100 256 38935819 57 137
0b001801 0b001901 10124 100 256 38935819 57 137
0b001b01 0b001801 10124 100 256 38935819 57 137
0b000101 0b000201 10124 100 256 38935819 57 137
0b000e01 0b000f01 10127 100 256 38935837 57 137
0b000d01 0b000e01 10127 100 256 38935837 57 137
0b001e01 0b001f01 10125 100 256 38935825 57 137
0b000001 0b000101 10124 100 256 38935819 57 137
0b000c01 0b000d01 10127 100 256 38935837 57 137
0b001601 0b001701 10127 100 256 38935837 57 137
0b001501 0b001601 10127 100 256 38935837 57 137
0b000f01 0b000c01 10127 100 256 38935837 57 137
0b001401 0b001501 10127 100 256 38935837 57 137
0b000301 0b000001 10124 100 256 38935819 57 137
0b000a01 0b000b01 10127 100 256 38935837 57 137
0b001d01 0b001e01 10125 100 256 38935825 57 137
0b000901 0b000a01 10127 100 256 38935837 57 137
0b000601 0b000701 10125 100 256 38935825 57 137
0b001701 0b001401 10127 100 256 38935837 57 137
0b000801 0b000901 10127 100 256 38935837 57 137
0b001c01 0b001d01 10125 100 256 38935825 57 137
0b000b01 0b000801 10127 100 256 38935837 57 137
0b001201 0b001301 10127 100 256 38935837 57 137
0b000501 0b000601 10125 100 256 38935825 57 137
0b001f01 0b001c01 10125 100 256 38935825 57 137
0b001101 0b001201 10127 100 256 38935837 57 137
0b000401 0b000501 10125 100 256 38935825 57 137
0b001a01 0b001b01 10125 100 256 38935825 57 137
0b001001 0b001101 10127 100 256 38935837 57 137
0b000701 0b000401 10125 100 256 38935825 57 137
0b001901 0b001a01 10125 100 256 38935825 57 137
0b001301 0b001001 10127 100 256 38935837 57 137
0b000201 0b000301 10125 100 256 38935825 57 137
0b000101 0b000201 10125 100 256 38935825 57 137
0b001801 0b001901 10125 100 256 38935825 57 137
0b000001 0b000101 10125 100 256 38935825 57 137
0b001b01 0b001801 10125 100 256 38935825 57 137
0b000301 0b000001 10125 100 256 38935825 57 137
0b000601 0b000701 10126 100 256 38935831 57 137
0b001e01 0b001f01 10126 100 256 38935831 57 137
0b000501 0b000601 10126 100 256 38935831 57 137
0b001d01 0b001e01 10126 100 256 38935831 57 137
0b000401 0b000501 10126 100 256 38935831 57 137
0b001c01 0b001d01 10126 100 256 38935831 57 137
0b000701 0b000401 10126 100 256 38935831 57 137
0b001f01 0b001c01 10126 100 256 38935831 57 137
0b000201 0b000301 10126 100 256 38935831 57 137
0b001a01 0b001b01 10126 100 256 38935831 57 137
0b000101 0b000201 10126 100 256 38935831 57 137
0b001901 0b001a01 10126 100 256 38935831 57 137
0b000001 0b000101 10126 100 256 38935831 57 137
0b001801 0b001901 10126 100 256 38935831 57 137
0b000301 0b000001 10126 100 256 38935831 57 137
0b001b01 0b001801 10126 100 256 38935831 57 137
0b001e01 0b001f01 10127 100 256 38935837 57 137
0b000601 0b000701 10127 100 256 38935837 57 137
0b001d01 0b001e01 10127 100 256 38935837 57 137
0b000501 0b000601 10127 100 256 38935837 57 137
0b001c01 0b001d01 10127 100 256 38935837 57 137
0b000401 0b000501 10127 100 256 38935837 57 137
0b001f01 0b001c01 10127 100 256 38935837 57 137
0b000701 0b000401 10127 100 256 38935837 57 137
0b001a01 0b001b01 10127 100 256 38935837 57 137
0b000201 0b000301 10127 100 256 38935837 57 137
0b001901 0b001a01 10127 100 256 38935837 57 137
0b000101 0b000201 10127 100 256 38935837 57 137
0b001801 0b001901 10127 100 256 38935837 57 137
0b000001 0b000101 10127 100 256 38935837 57 137
0b001b01 0b001801 10127 100 256 38935837 57 137
0b000301 0b000001 10127 100 256 38935837 57 137
0b000f01 0b000c01 10128 100 256 38941886 57 137
0b001701 0b001401 10128 100 256 38941886 57 137
0b000e01 0b000f01 10128 100 256 38941886 57 137
0b001601 0b001701 10128 100 256 38941886 57 137
0b000d01 0b000e01 10128 100 256 38941886 57 137
0b001501 0b001601 10128 100 256 38941886 57 137
0b000c01 0b000d01 10128 100 256 38941886 57 137
0b000b01 0b000801 10128 100 256 38941886 57 137
0b001401 0b001501 10128 100 256 38941886 57 137
0b000a01 0b000b01 10128 100 256 38941886 57 137
0b001301 0b001001 10128 100 256 38941886 57 137
0b000901 0b000a01 10128 100 256 38941886 57 137
0b001201 0b001301 10128 100 256 38941886 57 137
0b000801 0b000901 10128 100 256 38941886 57 137
0b001101 0b001201 10128 100 256 38941886 57 137
0b000f01 0b000c01 10129 100 256 38941892 57 137
0b001001 0b001101 10128 100 256 38941886 57 137
0b000e01 0b000f01 10129 100 256 38941892 57 137
0b001701 0b001401 10129 100 256 38941892 57 137
0b000d01 0b000e01 10129 100 256 38941892 57 137
0b000c01 0b000d01 10129 100 256 38941892 57 137
0b001601 0b001701 10129 100 256 38941892 57 137
0b000b01 0b000801 10129 100 256 38941892 57 137
0b001501 0b001601 10129 100 256 38941892 57 137
0b001401 0b001501 10129 100 256 38941892 57 137
0b000a01 0b000b01 10129 100 256 38941892 57 137
0b001301 0b001001 10129 100 256 38941892 57 137
0b000901 0b000a01 10129 100 256 38941892 57 137
0b001201 0b001301 10129 100 256 38941892 57 137
0b000801 0b000901 10129 100 256 38941892 57 137
0b001101 0b001201 10129 100 256 38941892 57 137
0b000f01 0b000c01 10130 100 256 38941898 57 137
0b001001 0b001101 10129 100 256 38941892 57 137
0b001701 0b001401 10130 100 256 38941898 57 137
0b000e01 0b000f01 10130 100 256 38941898 57 137
0b001601 0b001701 10130 100 256 38941898 57 137
0b000d01 0b000e01 10130 100 256 38941898 57 137
0b001501 0b001601 10130 100 256 38941898 57 137
0b000c01 0b000d01 10130 100 256 38941898 57 137
0b001401 0b001501 10130 100 256 38941898 57 137
0b001301 0b001001 10130 100 256 38941898 57 137
0b000b01 0b000801 10130 100 256 38941898 57 137
0b001201 0b001301 10130 100 256 38941898 57 137
0b000a01 0b000b01 10130 100 256 38941898 57 137
0b001101 0b001201 10130 100 256 38941898 57 137
0b000901 0b000a01 10130 100 256 38941898 57 137
0b001001 0b001101 10130 100 256 38941898 57 137
0b000801 0b000901 10130 100 256 38941898 57 137
0b000f01 0b000c01 10131 100 256 38941904 57 137
0b001701 0b001401 10131 100 256 38941904 57 137
0b001601 0b001701 10131 100 256 38941904 57 137
0b000e01 0b000f01 10131 100 256 38941904 57 137
0b001501 0b001601 10131 100 256 38941904 57 137
0b000d01 0b000e01 10131 100 256 38941904 57 137
0b001401 0b001501 10131 100 256 38941904 57 137
0b000c01 0b000d01 10131 100 256 38941904 57 137
0b001301 0b001001 10131 100 256 38941904 57 137
0b000b01 0b000801 10131 100 256 38941904 57 137
0b001201 0b001301 10131 100 256 38941904 57 137
0b000a01 0b000b01 10131 100 256 38941904 57 137
0b001101 0b001201 10131 100 256 38941904 57 137
0b000901 0b000a01 10131 100 256 38941904 57 137
0b001001 0b001101 10131 100 256 38941904 57 137
0b000801 0b000901 10131 100 256 38941904 57 137
0b001f01 0b001c01 10128 100 256 38941886 57 137
0b000701 0b000401 10128 100 256 38941886 57 137
0b000601 0b000701 10128 100 256 38941886 57 137
0b001e01 0b001f01 10128 100 256 38941886 57 137
0b000501 0b000601 10128 100 256 38941886 57 137
0b001d01 0b001e01 10128 100 256 38941886 57 137
0b000401 0b000501 10128 100 256 38941886 57 137
0b001c01 0b001d01 10128 100 256 38941886 57 137
0b000301 0b000001 10128 100 256 38941886 57 137
0b001b01 0b001801 10128 100 256 38941886 57 137
0b000201 0b000301 10128 100 256 38941886 57 137
0b001a01 0b001b01 10128 100 256 38941886 57 137
0b001901 0b001a01 10128 100 256 38941886 57 137
0b000101 0b000201 10128 100 256 38941886 57 137
0b001801 0b001901 10128 100 256 38941886 57 137
0b000001 0b000101 10128 100 256 38941886 57 137
0b001f01 0b001c01 10129 100 256 38941892 57 137
0b000701 0b000401 10129 100 256 38941892 57 137
0b000601 0b000701 10129 100 256 38941892 57 137
0b001e01 0b001f01 10129 100 256 38941892 57 137
0b001d01 0b001e01 10129 100 256 38941892 57 137
0b000501 0b000601 10129 100 256 38941892 57 137
0b001c01 0b001d01 10129 100 256 38941892 57 137
0b000401 0b000501 10129 100 256 38941892 57 137
0b000301 0b000001 10129 100 256 38941892 57 137
0b001b01 0b001801 10129 100 256 38941892 57 137
0b000201 0b000301 10129 100 256 38941892 57 137
0b001a01 0b001b01 10129 100 256 38941892 57 137
0b000101 0b000201 10129 100 256 38941892 57 137
0b001901 0b001a01 10129 100 256 38941892 57 137
0b001801 0b001901 10129 100 256 38941892 57 137
0b000001 0b000101 10129 100 256 38941892 57 137
0b001f01 0b001c01 10130 100 256 38941898 57 137
0b000701 0b000401 10130 100 256 38941898 57 137
0b000601 0b000701 10130 100 256 38941898 57 137
0b001e01 0b001f01 10130 100 256 38941898 57 137
0b000501 0b000601 10130 100 256 38941898 57 137
0b001d01 0b001e01 10130 100 256 38941898 57 137
0b000401 0b000501 10130 100 256 38941898 57 137
0b001c01 0b001d01 10130 100 256 38941898 57 137
0b000301 0b000001 10130 100 256 38941898 57 137
0b001b01 0b001801 10130 100 256 38941898 57 137
0b000201 0b000301 10130 100 256 38941898 57 137
0b001a01 0b001b01 10130 100 256 38941898 57 137
0b001901 0b001a01 10130 100 256 38941898 57 137
0b000101 0b000201 10130 100 256 38941898 57 137
0b001801 0b001901 10130 100 256 38941898 57 137
0b000001 0b000101 10130 100 256 38941898 57 137
0b001f01 0b001c01 10131 100 256 38941904 57 137
0b000701 0b000401 10131 100 256 38941904 57 137
0b001e01 0b001f01 10131 100 256 38941904 57 137
0b000601 0b000701 10131 100 256 38941904 57 137
0b001d01 0b001e01 10131 100 256 38941904 57 137
0b000501 0b000601 10131 100 256 38941904 57 137
0b001c01 0b001d01 10131 100 256 38941904 57 137
0b000401 0b000501 10131 100 256 38941904 57 137
0b001b01 0b001801 10131 100 256 38941904 57 137
0b000301 0b000001 10131 100 256 38941904 57 137
0b001a01 0b001b01 10131 100 256 38941904 57 137
0b000201 0b000301 10131 100 256 38941904 57 137
0b001901 0b001a01 10131 100 256 38941904 57 137
0b000101 0b000201 10131 100 256 38941904 57 137
0b001801 0b001901 10131 100 256 38941904 57 137
0b000001 0b000101 10131 100 256 38941904 57 137
0b000b01 0b000701 10000 100 3244032 38948073 35554 35972
0b001d01 0b001501 10000 100 3244032 38948073 35554 35972
0b000e01 0b000601 10000 100 3244032 38948073 35554 35972
0b001e01 0b001601 10000 100 3244032 38948073 35554 35972
0b000a01 0b000601 10000 100 3244032 38948073 35554 35972
0b000a01 0b000201 10000 100 3244032 38948073 35554 35972
0b001801 0b001001 10000 100 3244032 38948073 35554 35972
0b000801 0b000001 10000 100 3244032 38948073 35561 35972
0b000e01 0b000201 10000 100 3244032 38948073 35578 35972
0b001701 0b001f01 10000 100 3244032 38948073 35554 35972
0b001601 0b001a01 10000 100 3244032 38948073 35554 35972
0b000501 0b000d01 10000 100 3244032 38948073 35554 35972
0b001601 0b001e01 10000 100 3244032 38948073 35554 35972
0b000301 0b000b01 10000 100 3244032 38948073 35554 35972
0b001401 0b001801 10000 100 3244032 38948073 35554 35972
0b000001 0b000c01 10000 100 3244032 38948073 35554 35972
0b001001 0b001801 10000 100 3244032 38948073 35554 35972
0b001501 0b001d01 10000 100 3244032 38948073 35554 35972
0b000201 0b000e01 10000 100 3244032 38948073 35554 35972
0b001201 0b001a01 10000 100 3244032 38948073 35554 35972
0b000401 0b000c01 10000 100 3244032 38948073 35554 35972
0b001301 0b001b01 10000 100 3244032 38948073 35554 35972
0b000701 0b000b01 10000 100 3244032 38948073 35554 35972
0b001201 0b001e01 10000 100 3244032 38948073 35554 35972
0b001101 0b001d01 10000 100 3244032 38948073 35571 35972
0b000101 0b000901 10000 100 3244032 38948073 35585 35972
0b001301 0b001f01 10000 100 3244032 38948073 35578 35972
0b001501 0b001901 10000 100 3244032 38948073 35578 35972
0b000701 0b000f01 10000 100 3244032 38948073 35947 35972
0b001401 0b001c01 10000 100 3244032 38948073 35930 35972
0b001801 0b001401 10000 100 3244032 38948073 35947 35972
0b001f01 0b001701 10000 100 3244032 38948073 36005 35972
0b000401 0b000801 10000 100 3244032 38948073 36169 35972
0b000201 0b000a01 10000 100 3244032 38948073 36357 35972
0b001e01 0b001201 10000 100 3244032 38948073 57694 35972
0b000b01 0b000301 10000 100 3244032 38948073 57800 35972
0b001101 0b001901 10000 100 3244032 38948073 58825 35972
0b001001 0b001c01 10000 100 3244032 38948073 59023 35972
0b001f01 0b001301 10000 100 3244032 38948073 59293 35972
0b000901 0b000501 10000 100 3244032 38948073 59375 35972
0b001901 0b001501 10000 100 3244032 38948073 64828 35972
0b001d01 0b001101 10000 100 3244032 38948073 64869 35972
0b000401 0b000001 10000 100 3244032 38948073 65785 65835
0b000701 0b000301 10000 100 3244032 38948073 65785 65835
0b000601 0b000201 10000 100 3244032 38948073 65785 65835
0b000501 0b000101 10000 100 3244032 38948073 65785 65835
0b000001 0b000401 10000 100 3244032 38948073 65785 65835
0b000301 0b000701 10000 100 3244032 38948073 65785 65835
0b000201 0b000601 10000 100 3244032 38948073 65785 65835
0b000101 0b000501 10000 100 3244032 38948073 65785 65835
0b001c01 0b001801 10000 100 3244032 38948073 65785 65835
0b000c01 0b000801 10000 100 3244032 38948073 65785 65835
0b001401 0b001001 10000 100 3244032 38948073 65785 65835
0b000f01 0b000b01 10000 100 3244032 38948073 65785 65835
0b001701 0b001301 10000 100 3244032 38948073 65785 65835
0b001601 0b001201 10000 100 3244032 38948073 65785 65835
0b001501 0b001101 10000 100 3244032 38948073 65785 65835
0b001001 0b001401 10000 100 3244032 38948073 65785 65835
0b001301 0b001701 10000 100 3244032 38948073 65785 65835
0b001201 0b001601 10000 100 3244032 38948073 65785 65835
0b001101 0b001501 10000 100 3244032 38948073 65785 65835
0b001f01 0b001b01 10000 100 3244032 38948073 65785 65835
0b000e01 0b000a01 10000 100 3244032 38948073 65785 65835
0b001e01 0b001a01 10000 100 3244032 38948073 65785 65835
0b000d01 0b000901 10000 100 3244032 38948073 65785 65835
0b000801 0b000c01 10000 100 3244032 38948073 65785 65835
0b001d01 0b001901 10000 100 3244032 38948073 65785 65835
0b000b01 0b000f01 10000 100 3244032 38948073 65785 65835
0b001801 0b001c01 10000 100 3244032 38948073 65785 65835
0b000a01 0b000e01 10000 100 3244032 38948073 65785 65835
0b000901 0b000d01 10000 100 3244032 38948073 65785 65835
0b001b01 0b001f01 10000 100 3244032 38948073 65785 65835
0b001a01 0b001e01 10000 100 3244032 38948073 65785 65835
0b001901 0b001d01 10000 100 3244032 38948073 65785 65835
0b000d01 0b000501 10000 100 3244032 38948073 67230 35972
0b000f01 0b000701 10000 100 3244032 38948073 67739 35972
0b001901 0b001101 10000 100 3244032 38948073 67821 35972
0b000301 0b000f01 10000 100 3244032 38948073 67944 35972
0b000601 0b000a01 10000 100 3244032 38948073 67985 35972
0b000501 0b000901 10000 100 3244032 38948073 67985 35972
0b000601 0b000e01 10000 100 3244032 38948073 68026 35972
0b000901 0b000101 10000 100 3244032 38948073 67985 35972
0b000101 0b000d01 10000 100 3244032 38948073 68026 35972
0b000f01 0b000301 10000 100 3244032 38948073 68026 35972
0b000001 0b000801 10000 100 3244032 38948073 68026 35972
0b000d01 0b000101 10000 100 3244032 38948073 68026 35972
0b001c01 0b001001 10000 100 3244032 38948073 67985 35972
0b001a01 0b001601 10000 100 3244032 38948073 68026 35972
0b001c01 0b001401 10000 100 3244032 38948073 68026 35972
0b001a01 0b001201 10000 100 3244032 38948073 68026 35972
0b001b01 0b001301 10000 100 3244032 38948073 68026 35972
0b001b01 0b001701 10000 100 3244032 38948073 68026 35972
0b000801 0b000401 10000 100 3244032 38948073 68190 35972
0b000c01 0b000001 10000 100 3244032 38948073 68337 35972
0b001701 0b001b01 10000 100 3244032 38948073 68460 35972
0b000c01 0b000401 10000 100 3244032 38948073 68747 35972
0b000b01 0b000801 10132 100 6291456 39019970 503613 127557
0b001501 0b001601 10132 100 6291456 39019970 503613 127557
0b000c01 0b000d01 10132 100 6291456 39019970 503613 127557
0b001801 0b001901 10132 100 6291456 39019970 503613 127557
0b001a01 0b001b01 10132 100 6291456 39019970 503613 127557
0b000201 0b000301 10132 100 6291456 39019970 503613 127557
0b001901 0b001a01 10132 100 6291456 39019970 503613 127557
0b000601 0b000701 10132 100 6291456 39019970 503613 127557
0b001c01 0b001d01 10132 100 6291456 39019970 503613 127557
0b001f01 0b001c01 10132 100 6291456 39019970 503613 127557
0b001e01 0b001f01 10132 100 6291456 39019970 503613 127557
0b001d01 0b001e01 10132 100 6291456 39019970 503613 127557
0b000b01 0b000801 10133 100 6291456 39019970 503695 127557
0b001501 0b001601 10133 100 6291456 39019970 503695 127557
0b001801 0b001901 10133 100 6291456 39019970 503695 127557
0b000c01 0b000d01 10133 100 6291456 39019970 503695 127557
0b000201 0b000301 10133 100 6291456 39019970 503695 127557
0b001a01 0b001b01 10133 100 6291456 39019970 503695 127557
0b001901 0b001a01 10133 100 6291456 39019970 503695 127557
0b000601 0b000701 10133 100 6291456 39019970 503695 127557
0b001c01 0b001d01 10133 100 6291456 39019970 503695 127557
0b001f01 0b001c01 10133 100 6291456 39019970 503695 127557
0b001e01 0b001f01 10133 100 6291456 39019970 503695 127557
0b001d01 0b001e01 10133 100 6291456 39019970 503695 127557
0b001501 0b001601 10134 100 6291456 39019970 503777 127557
0b000201 0b000301 10134 100 6291456 39019970 503777 127557
0b000b01 0b000801 10134 100 6291456 39019970 503777 127557
0b000601 0b000701 10134 100 6291456 39019970 503777 127557
0b000c01 0b000d01 10134 100 6291456 39019970 503777 127557
0b001801 0b001901 10134 100 6291456 39019970 503777 127557
0b001a01 0b001b01 10134 100 6291456 39019970 503777 127557
0b001901 0b001a01 10134 100 6291456 39019970 503777 127557
0b001c01 0b001d01 10134 100 6291456 39019970 503777 127557
0b001f01 0b001c01 10134 100 6291456 39019970 503777 127557
0b001e01 0b001f01 10134 100 6291456 39019970 503777 127557
0b001d01 0b001e01 10134 100 6291456 39019970 503777 127557
0b001501 0b001601 10135 100 6291456 39019970 503859 127557
0b000201 0b000301 10135 100 6291456 39019970 503859 127557
0b000601 0b000701 10135 100 6291456 39019970 503859 127557
0b000b01 0b000801 10135 100 6291456 39019970 503859 127557
0b000c01 0b000d01 10135 100 6291456 39019970 503859 127557
0b001801 0b001901 10135 100 6291456 39019970 503859 127557
0b001a01 0b001b01 10135 100 6291456 39019970 503859 127557
0b001901 0b001a01 10135 100 6291456 39019970 503859 127557
0b001c01 0b001d01 10135 100 6291456 39019970 503859 127557
0b001f01 0b001c01 10135 100 6291456 39019970 503859 127557
0b001e01 0b001f01 10135 100 6291456 39019970 503859 127557
0b001d01 0b001e01 10135 100 6291456 39019970 503859 127557
0b000501 0b000601 10135 100 6291456 39021415 503613 127557
0b000501 0b000601 10134 100 6291456 39021415 503695 127557
0b000501 0b000601 10133 100 6291456 39021415 503777 127557
0b000501 0b000601 10132 100 6291456 39021415 503859 127557
0b000701 0b000401 10135 100 6291456 39021924 503613 127557
0b001101 0b001201 10132 100 6291456 39022006 503613 127557
0b000701 0b000401 10134 100 6291456 39021924 503695 127557
0b000701 0b000401 10133 100 6291456 39021924 503777 127557
0b001101 0b001201 10133 100 6291456 39022006 503695 127557
0b000701 0b000401 10132 100 6291456 39021924 503859 127557
0b001001 0b001101 10132 100 6291456 39022170 503613 127557
0b001101 0b001201 10134 100 6291456 39022006 503777 127557
0b000f01 0b000c01 10132 100 6291456 39022129 503613 127557
0b000101 0b000201 10135 100 6291456 39022211 503613 127557
0b000301 0b000001 10135 100 6291456 39022211 503613 127557
0b001301 0b001001 10133 100 6291456 39022211 503613 127557
0b001701 0b001401 10132 100 6291456 39022211 503613 127557
0b001601 0b001701 10133 100 6291456 39022211 503613 127557
0b001201 0b001301 10135 100 6291456 39022211 503613 127557
0b000101 0b000201 10134 100 6291456 39022211 503695 127557
0b000301 0b000001 10134 100 6291456 39022211 503695 127557
0b001401 0b001501 10135 100 6291456 39022211 503613 127557
0b000901 0b000a01 10135 100 6291456 39022170 503613 127557
0b000a01 0b000b01 10135 100 6291456 39022170 503613 127557
0b000101 0b000201 10133 100 6291456 39022211 503777 127557
0b000301 0b000001 10133 100 6291456 39022211 503777 127557
0b001001 0b001101 10133 100 6291456 39022170 503695 127557
0b001101 0b001201 10135 100 6291456 39022006 503859 127557
0b000101 0b000201 10132 100 6291456 39022211 503859 127557
0b000301 0b000001 10132 100 6291456 39022211 503859 127557
0b000801 0b000901 10134 100 6291456 39022211 503613 127557
0b000d01 0b000e01 10135 100 6291456 39022211 503613 127557
0b000e01 0b000f01 10135 100 6291456 39022211 503613 127557
0b001301 0b001001 10134 100 6291456 39022211 503695 127557
0b001701 0b001401 10133 100 6291456 39022211 503695 127557
0b000001 0b000101 10135 100 6291456 39022522 503613 127557
0b000f01 0b000c01 10135 100 6291456 39022129 503695 127557
0b001601 0b001701 10135 100 6291456 39022211 503695 127557
0b001201 0b001301 10134 100 6291456 39022211 503695 127557
0b001401 0b001501 10134 100 6291456 39022211 503695 127557
0b000901 0b000a01 10134 100 6291456 39022170 503695 127557
0b000a01 0b000b01 10134 100 6291456 39022170 503695 127557
0b001001 0b001101 10135 100 6291456 39022170 503777 127557
0b000801 0b000901 10133 100 6291456 39022211 503695 127557
0b000d01 0b000e01 10134 100 6291456 39022211 503695 127557
0b001301 0b001001 10135 100 6291456 39022211 503777 127557
0b000e01 0b000f01 10134 100 6291456 39022211 503695 127557
0b001701 0b001401 10134 100 6291456 39022211 503777 127557
0b000f01 0b000c01 10134 100 6291456 39022129 503777 127557
0b001601 0b001701 10134 100 6291456 39022211 503777 127557
0b001201 0b001301 10133 100 6291456 39022211 503777 127557
0b001401 0b001501 10133 100 6291456 39022211 503777 127557
0b000901 0b000a01 10133 100 6291456 39022170 503777 127557
0b000a01 0b000b01 10133 100 6291456 39022170 503777 127557
0b001001 0b001101 10134 100 6291456 39022170 503859 127557
0b001301 0b001001 10132 100 6291456 39022211 503859 127557
0b000801 0b000901 10132 100 6291456 39022211 503777 127557
0b001701 0b001401 10135 100 6291456 39022211 503859 127557
0b000d01 0b000e01 10133 100 6291456 39022211 503777 127557
0b001601 0b001701 10132 100 6291456 39022211 503859 127557
0b000e01 0b000f01 10133 100 6291456 39022211 503777 127557
0b001201 0b001301 10132 100 6291456 39022211 503859 127557
0b000f01 0b000c01 10133 100 6291456 39022129 503859 127557
0b001401 0b001501 10132 100 6291456 39022211 503859 127557
0b000901 0b000a01 10132 100 6291456 39022170 503859 127557
0b000a01 0b000b01 10132 100 6291456 39022170 503859 127557
0b000801 0b000901 10135 100 6291456 39022211 503859 127557
0b000d01 0b000e01 10132 100 6291456 39022211 503859 127557
0b000e01 0b000f01 10132 100 6291456 39022211 503859 127557
0b001b01 0b001801 10135 100 6291456 39022645 503613 127557
0b000001 0b000101 10134 100 6291456 39022522 503695 127557
0b001b01 0b001801 10134 100 6291456 39022645 503695 127557
0b001b01 0b001801 10133 100 6291456 39022645 503777 127557
0b000001 0b000101 10133 100 6291456 39022522 503777 127557
0b001b01 0b001801 10132 100 6291456 39022645 503859 127557
0b000001 0b000101 10132 100 6291456 39022522 503859 127557
0b000401 0b000501 10135 100 6291456 39022932 503613 127557
0b000401 0b000501 10134 100 6291456 39022932 503695 127557
0b000401 0b000501 10133 100 6291456 39022932 503777 127557
0b000401 0b000501 10132 100 6291456 39022932 503859 127557
0b000301 0b000001 10136 100 6291456 39529593 503613 127557
0b001901 0b001a01 10136 100 6291456 39529593 503613 127557
0b000701 0b000401 10136 100 6291456 39529593 503613 127557
0b001b01 0b001801 10136 100 6291456 39529593 503613 127557
0b001a01 0b001b01 10136 100 6291456 39529593 503613 127557
0b001d01 0b001e01 10136 100 6291456 39529593 503613 127557
0b001c01 0b001d01 10136 100 6291456 39529593 503613 127557
0b001f01 0b001c01 10136 100 6291456 39529593 503613 127557
0b001e01 0b001f01 10136 100 6291456 39529593 503613 127557
0b000801 0b000901 10136 100 6291456 39529593 503613 127557
0b001601 0b001701 10136 100 6291456 39529593 503613 127557
0b000d01 0b000e01 10136 100 6291456 39529593 503613 127557
0b001601 0b001701 10137 100 6291456 39529675 503613 127557
0b000801 0b000901 10137 100 6291456 39529675 503613 127557
0b000d01 0b000e01 10137 100 6291456 39529675 503613 127557
0b001901 0b001a01 10137 100 6291456 39529675 503613 127557
0b000301 0b000001 10137 100 6291456 39529675 503613 127557
0b001b01 0b001801 10137 100 6291456 39529675 503613 127557
0b000701 0b000401 10137 100 6291456 39529675 503613 127557
0b001a01 0b001b01 10137 100 6291456 39529675 503613 127557
0b001d01 0b001e01 10137 100 6291456 39529675 503613 127557
0b001c01 0b001d01 10137 100 6291456 39529675 503613 127557
0b001601 0b001701 10138 100 6291456 39529757 503613 127557
0b001f01 0b001c01 10137 100 6291456 39529675 503613 127557
0b000801 0b000901 10138 100 6291456 39529757 503613 127557
0b001e01 0b001f01 10137 100 6291456 39529675 503613 127557
0b000d01 0b000e01 10138 100 6291456 39529757 503613 127557
0b001601 0b001701 10139 100 6291456 39529839 503613 127557
0b000801 0b000901 10139 100 6291456 39529839 503613 127557
0b000d01 0b000e01 10139 100 6291456 39529839 503613 127557
0b000301 0b000001 10138 100 6291456 39529757 503613 127557
0b000701 0b000401 10138 100 6291456 39529757 503613 127557
0b000301 0b000001 10139 100 6291456 39529839 503613 127557
0b000701 0b000401 10139 100 6291456 39529839 503613 127557
0b001901 0b001a01 10138 100 6291456 39529757 503613 127557
0b001b01 0b001801 10138 100 6291456 39529757 503613 127557
0b001a01 0b001b01 10138 100 6291456 39529757 503613 127557
0b001d01 0b001e01 10138 100 6291456 39529757 503613 127557
0b001c01 0b001d01 10138 100 6291456 39529757 503613 127557
0b001f01 0b001c01 10138 100 6291456 39529757 503613 127557
0b001e01 0b001f01 10138 100 6291456 39529757 503613 127557
0b001901 0b001a01 10139 100 6291456 39529839 503613 127557
0b001b01 0b001801 10139 100 6291456 39529839 503613 127557
0b001a01 0b001b01 10139 100 6291456 39529839 503613 127557
0b001d01 0b001e01 10139 100 6291456 39529839 503613 127557
0b001c01 0b001d01 10139 100 6291456 39529839 503613 127557
0b001f01 0b001c01 10139 100 6291456 39529839 503613 127557
0b001e01 0b001f01 10139 100 6291456 39529839 503613 127557
0b000601 0b000701 10136 100 6291456 39531038 503613 127557
0b000601 0b000701 10137 100 6291456 39531120 503613 127557
0b000601 0b000701 10138 100 6291456 39531202 503613 127557
0b000601 0b000701 10139 100 6291456 39531284 503613 127557
0b000401 0b000501 10136 100 6291456 39531547 503613 127557
0b000401 0b000501 10137 100 6291456 39531629 503613 127557
0b001201 0b001301 10136 100 6291456 39531629 503613 127557
0b000c01 0b000d01 10136 100 6291456 39531752 503613 127557
0b000401 0b000501 10138 100 6291456 39531711 503613 127557
0b001201 0b001301 10137 100 6291456 39531711 503613 127557
0b000a01 0b000b01 10136 100 6291456 39531793 503613 127557
0b000b01 0b000801 10136 100 6291456 39531793 503613 127557
0b000401 0b000501 10139 100 6291456 39531793 503613 127557
0b000901 0b000a01 10136 100 6291456 39531834 503613 127557
0b000e01 0b000f01 10136 100 6291456 39531834 503613 127557
0b001101 0b001201 10136 100 6291456 39531793 503613 127557
0b000f01 0b000c01 10136 100 6291456 39531834 503613 127557
0b000c01 0b000d01 10137 100 6291456 39531834 503613 127557
0b001201 0b001301 10138 100 6291456 39531793 503613 127557
0b000201 0b000301 10136 100 6291456 39531834 503613 127557
0b000001 0b000101 10136 100 6291456 39531834 503613 127557
0b001001 0b001101 10136 100 6291456 39531834 503613 127557
0b000a01 0b000b01 10137 100 6291456 39531875 503613 127557
0b001401 0b001501 10136 100 6291456 39531834 503613 127557
0b000b01 0b000801 10137 100 6291456 39531875 503613 127557
0b001701 0b001401 10136 100 6291456 39531834 503613 127557
0b001301 0b001001 10136 100 6291456 39531834 503613 127557
0b001501 0b001601 10136 100 6291456 39531834 503613 127557
0b000201 0b000301 10137 100 6291456 39531916 503613 127557
0b000901 0b000a01 10137 100 6291456 39531916 503613 127557
0b000e01 0b000f01 10137 100 6291456 39531916 503613 127557
0b000001 0b000101 10137 100 6291456 39531916 503613 127557
0b000f01 0b000c01 10137 100 6291456 39531916 503613 127557
0b000c01 0b000d01 10138 100 6291456 39531916 503613 127557
0b001101 0b001201 10137 100 6291456 39531875 503613 127557
0b001201 0b001301 10139 100 6291456 39531875 503613 127557
0b000a01 0b000b01 10138 100 6291456 39531957 503613 127557
0b000b01 0b000801 10138 100 6291456 39531957 503613 127557
0b000201 0b000301 10138 100 6291456 39531998 503613 127557
0b000001 0b000101 10138 100 6291456 39531998 503613 127557
0b001001 0b001101 10137 100 6291456 39531916 503613 127557
0b000901 0b000a01 10138 100 6291456 39531998 503613 127557
0b001401 0b001501 10137 100 6291456 39531916 503613 127557
0b000e01 0b000f01 10138 100 6291456 39531998 503613 127557
0b000f01 0b000c01 10138 100 6291456 39531998 503613 127557
0b001701 0b001401 10137 100 6291456 39531916 503613 127557
0b000c01 0b000d01 10139 100 6291456 39531998 503613 127557
0b001301 0b001001 10137 100 6291456 39531916 503613 127557
0b001501 0b001601 10137 100 6291456 39531916 503613 127557
0b000201 0b000301 10139 100 6291456 39532080 503613 127557
0b000a01 0b000b01 10139 100 6291456 39532039 503613 127557
0b000001 0b000101 10139 100 6291456 39532080 503613 127557
0b000b01 0b000801 10139 100 6291456 39532039 503613 127557
0b000901 0b000a01 10139 100 6291456 39532080 503613 127557
0b000e01 0b000f01 10139 100 6291456 39532080 503613 127557
0b000f01 0b000c01 10139 100 6291456 39532080 503613 127557
0b000101 0b000201 10136 100 6291456 39532145 503613 127557
0b001101 0b001201 10138 100 6291456 39531957 503613 127557
0b001001 0b001101 10138 100 6291456 39531998 503613 127557
0b001401 0b001501 10138 100 6291456 39531998 503613 127557
0b001701 0b001401 10138 100 6291456 39531998 503613 127557
0b001301 0b001001 10138 100 6291456 39531998 503613 127557
0b001501 0b001601 10138 100 6291456 39531998 503613 127557
0b001101 0b001201 10139 100 6291456 39532039 503613 127557
0b001001 0b001101 10139 100 6291456 39532080 503613 127557
0b001401 0b001501 10139 100 6291456 39532080 503613 127557
0b001701 0b001401 10139 100 6291456 39532080 503613 127557
0b001301 0b001001 10139 100 6291456 39532080 503613 127557
0b001501 0b001601 10139 100 6291456 39532080 503613 127557
0b000101 0b000201 10137 100 6291456 39532227 503613 127557
0b001801 0b001901 10136 100 6291456 39532268 503613 127557
0b001801 0b001901 10137 100 6291456 39532350 503613 127557
0b000101 0b000201 10138 100 6291456 39532309 503613 127557
0b001801 0b001901 10138 100 6291456 39532432 503613 127557
0b000101 0b000201 10139 100 6291456 39532391 503613 127557
0b001801 0b001901 10139 100 6291456 39532514 503613 127557
0b000501 0b000601 10136 100 6291456 39532555 503613 127557
0b000501 0b000601 10137 100 6291456 39532637 503613 127557
0b000501 0b000601 10138 100 6291456 39532719 503613 127557
0b000501 0b000601 10139 100 6291456 39532801 503613 127557
0b001a01 0b001b01 10140 100 6291456 40039216 503613 127557
0b001701 0b001401 10140 100 6291456 40039216 503613 127557
0b001801 0b001901 10140 100 6291456 40039216 503613 127557
0b001b01 0b001801 10140 100 6291456 40039216 503613 127557
0b001e01 0b001f01 10140 100 6291456 40039216 503613 127557
0b001d01 0b001e01 10140 100 6291456 40039216 503613 127557
0b001c01 0b001d01 10140 100 6291456 40039216 503613 127557
0b001f01 0b001c01 10140 100 6291456 40039216 503613 127557
0b000001 0b000101 10140 100 6291456 40039216 503613 127557
0b000901 0b000a01 10140 100 6291456 40039216 503613 127557
0b000401 0b000501 10140 100 6291456 40039216 503613 127557
0b000e01 0b000f01 10140 100 6291456 40039216 503613 127557
0b001701 0b001401 10141 100 6291456 40039298 503613 127557
0b000901 0b000a01 10141 100 6291456 40039298 503613 127557
0b001a01 0b001b01 10141 100 6291456 40039298 503613 127557
0b000e01 0b000f01 10141 100 6291456 40039298 503613 127557
0b001801 0b001901 10141 100 6291456 40039298 503613 127557
0b000001 0b000101 10141 100 6291456 40039298 503613 127557
0b001b01 0b001801 10141 100 6291456 40039298 503613 127557
0b000401 0b000501 10141 100 6291456 40039298 503613 127557
0b001e01 0b001f01 10141 100 6291456 40039298 503613 127557
0b001701 0b001401 10142 100 6291456 40039380 503613 127557
0b001d01 0b001e01 10141 100 6291456 40039298 503613 127557
0b001c01 0b001d01 10141 100 6291456 40039298 503613 127557
0b001f01 0b001c01 10141 100 6291456 40039298 503613 127557
0b001701 0b001401 10143 100 6291456 40039462 503613 127557
0b000901 0b000a01 10142 100 6291456 40039380 503613 127557
0b000e01 0b000f01 10142 100 6291456 40039380 503613 127557
0b000001 0b000101 10142 100 6291456 40039380 503613 127557
0b000401 0b000501 10142 100 6291456 40039380 503613 127557
0b001a01 0b001b01 10142 100 6291456 40039380 503613 127557
0b001801 0b001901 10142 100 6291456 40039380 503613 127557
0b001b01 0b001801 10142 100 6291456 40039380 503613 127557
0b001e01 0b001f01 10142 100 6291456 40039380 503613 127557
0b000901 0b000a01 10143 100 6291456 40039462 503613 127557
0b001d01 0b001e01 10142 100 6291456 40039380 503613 127557
0b001c01 0b001d01 10142 100 6291456 40039380 503613 127557
0b001f01 0b001c01 10142 100 6291456 40039380 503613 127557
0b000001 0b000101 10143 100 6291456 40039462 503613 127557
0b000e01 0b000f01 10143 100 6291456 40039462 503613 127557
0b000401 0b000501 10143 100 6291456 40039462 503613 127557
0b001a01 0b001b01 10143 100 6291456 40039462 503613 127557
0b001801 0b001901 10143 100 6291456 40039462 503613 127557
0b001b01 0b001801 10143 100 6291456 40039462 503613 127557
0b001e01 0b001f01 10143 100 6291456 40039462 503613 127557
0b001d01 0b001e01 10143 100 6291456 40039462 503613 127557
0b001c01 0b001d01 10143 100 6291456 40039462 503613 127557
0b001f01 0b001c01 10143 100 6291456 40039462 503613 127557
0b000701 0b000401 10140 100 6291456 40040661 503613 127557
0b000701 0b000401 10141 100 6291456 40040743 503613 127557
0b000701 0b000401 10142 100 6291456 40040825 503613 127557
0b000701 0b000401 10143 100 6291456 40040907 503613 127557
0b000501 0b000601 10140 100 6291456 40041170 503613 127557
0b000501 0b000601 10141 100 6291456 40041252 503613 127557
0b001301 0b001001 10140 100 6291456 40041252 503613 127557
0b000501 0b000601 10142 100 6291456 40041334 503613 127557
0b001301 0b001001 10141 100 6291456 40041334 503613 127557
0b000501 0b000601 10143 100 6291456 40041416 503613 127557
0b001201 0b001301 10140 100 6291456 40041416 503613 127557
0b000301 0b000001 10140 100 6291456 40041457 503613 127557
0b001301 0b001001 10142 100 6291456 40041416 503613 127557
0b000101 0b000201 10140 100 6291456 40041457 503613 127557
0b000d01 0b000e01 10140 100 6291456 40041375 503613 127557
0b001101 0b001201 10140 100 6291456 40041457 503613 127557
0b001501 0b001601 10140 100 6291456 40041457 503613 127557
0b001401 0b001501 10140 100 6291456 40041457 503613 127557
0b001001 0b001101 10140 100 6291456 40041457 503613 127557
0b000b01 0b000801 10140 100 6291456 40041416 503613 127557
0b001601 0b001701 10140 100 6291456 40041457 503613 127557
0b000801 0b000901 10140 100 6291456 40041416 503613 127557
0b000301 0b000001 10141 100 6291456 40041539 503613 127557
0b000101 0b000201 10141 100 6291456 40041539 503613 127557
0b001201 0b001301 10141 100 6291456 40041498 503613 127557
0b000a01 0b000b01 10140 100 6291456 40041457 503613 127557
0b001301 0b001001 10143 100 6291456 40041498 503613 127557
0b000f01 0b000c01 10140 100 6291456 40041457 503613 127557
0b000301 0b000001 10142 100 6291456 40041621 503613 127557
0b000101 0b000201 10142 100 6291456 40041621 503613 127557
0b000c01 0b000d01 10140 100 6291456 40041457 503613 127557
0b000d01 0b000e01 10141 100 6291456 40041457 503613 127557
0b000301 0b000001 10143 100 6291456 40041703 503613 127557
0b001101 0b001201 10141 100 6291456 40041539 503613 127557
0b000101 0b000201 10143 100 6291456 40041703 503613 127557
0b001501 0b001601 10141 100 6291456 40041539 503613 127557
0b001401 0b001501 10141 100 6291456 40041539 503613 127557
0b000b01 0b000801 10141 100 6291456 40041498 503613 127557
0b001001 0b001101 10141 100 6291456 40041539 503613 127557
0b001601 0b001701 10141 100 6291456 40041539 503613 127557
0b000201 0b000301 10140 100 6291456 40041768 503613 127557
0b000801 0b000901 10141 100 6291456 40041498 503613 127557
0b001201 0b001301 10142 100 6291456 40041580 503613 127557
0b000a01 0b000b01 10141 100 6291456 40041539 503613 127557
0b000f01 0b000c01 10141 100 6291456 40041539 503613 127557
0b000c01 0b000d01 10141 100 6291456 40041539 503613 127557
0b000d01 0b000e01 10142 100 6291456 40041539 503613 127557
0b000b01 0b000801 10142 100 6291456 40041580 503613 127557
0b000801 0b000901 10142 100 6291456 40041580 503613 127557
0b000a01 0b000b01 10142 100 6291456 40041621 503613 127557
0b000f01 0b000c01 10142 100 6291456 40041621 503613 127557
0b000c01 0b000d01 10142 100 6291456 40041621 503613 127557
0b000d01 0b000e01 10143 100 6291456 40041621 503613 127557
0b000b01 0b000801 10143 100 6291456 40041662 503613 127557
0b000801 0b000901 10143 100 6291456 40041662 503613 127557
0b000a01 0b000b01 10143 100 6291456 40041703 503613 127557
0b000f01 0b000c01 10143 100 6291456 40041703 503613 127557
0b000c01 0b000d01 10143 100 6291456 40041703 503613 127557
0b001101 0b001201 10142 100 6291456 40041621 503613 127557
0b001501 0b001601 10142 100 6291456 40041621 503613 127557
0b001401 0b001501 10142 100 6291456 40041621 503613 127557
0b001001 0b001101 10142 100 6291456 40041621 503613 127557
0b001601 0b001701 10142 100 6291456 40041621 503613 127557
0b001201 0b001301 10143 100 6291456 40041662 503613 127557
0b001101 0b001201 10143 100 6291456 40041703 503613 127557
0b001501 0b001601 10143 100 6291456 40041703 503613 127557
0b001401 0b001501 10143 100 6291456 40041703 503613 127557
0b001001 0b001101 10143 100 6291456 40041703 503613 127557
0b001601 0b001701 10143 100 6291456 40041703 503613 127557
0b001901 0b001a01 10140 100 6291456 40041891 503613 127557
0b001901 0b001a01 10141 100 6291456 40041973 503613 127557
0b001901 0b001a01 10142 100 6291456 40042055 503613 127557
0b001901 0b001a01 10143 100 6291456 40042137 503613 127557
0b000201 0b000301 10141 100 6291456 40041850 503613 127557
0b000201 0b000301 10142 100 6291456 40041932 503613 127557
0b000201 0b000301 10143 100 6291456 40042014 503613 127557
0b000601 0b000701 10140 100 6291456 40042178 503613 127557
0b000601 0b000701 10141 100 6291456 40042260 503613 127557
0b000601 0b000701 10142 100 6291456 40042342 503613 127557
0b000601 0b000701 10143 100 6291456 40042424 503613 127557
0b001401 0b001501 10144 100 6291456 40549187 503613 127557
0b000101 0b000201 10144 100 6291456 40549187 503613 127557
0b000501 0b000601 10144 100 6291456 40549187 503613 127557
0b000a01 0b000b01 10144 100 6291456 40549187 503613 127557
0b001b01 0b001801 10144 100 6291456 40549187 503613 127557
0b000f01 0b000c01 10144 100 6291456 40549187 503613 127557
0b001901 0b001a01 10144 100 6291456 40549187 503613 127557
0b001801 0b001901 10144 100 6291456 40549187 503613 127557
0b001f01 0b001c01 10144 100 6291456 40549187 503613 127557
0b001e01 0b001f01 10144 100 6291456 40549187 503613 127557
0b001d01 0b001e01 10144 100 6291456 40549187 503613 127557
0b001c01 0b001d01 10144 100 6291456 40549187 503613 127557
0b000a01 0b000b01 10145 100 6291456 40549187 503695 127557
0b001b01 0b001801 10145 100 6291456 40549187 503695 127557
0b001401 0b001501 10145 100 6291456 40549187 503695 127557
0b000101 0b000201 10145 100 6291456 40549187 503695 127557
0b001901 0b001a01 10145 100 6291456 40549187 503695 127557
0b000f01 0b000c01 10145 100 6291456 40549187 503695 127557
0b000501 0b000601 10145 100 6291456 40549187 503695 127557
0b001801 0b001901 10145 100 6291456 40549187 503695 127557
0b001f01 0b001c01 10145 100 6291456 40549187 503695 127557
0b001e01 0b001f01 10145 100 6291456 40549187 503695 127557
0b001d01 0b001e01 10145 100 6291456 40549187 503695 127557
0b001401 0b001501 10146 100 6291456 40549187 503777 127557
0b001c01 0b001d01 10145 100 6291456 40549187 503695 127557
0b000101 0b000201 10146 100 6291456 40549187 503777 127557
0b000501 0b000601 10146 100 6291456 40549187 503777 127557
0b001401 0b001501 10147 100 6291456 40549187 503859 127557
0b000101 0b000201 10147 100 6291456 40549187 503859 127557
0b000a01 0b000b01 10146 100 6291456 40549187 503777 127557
0b000501 0b000601 10147 100 6291456 40549187 503859 127557
0b000f01 0b000c01 10146 100 6291456 40549187 503777 127557
0b000a01 0b000b01 10147 100 6291456 40549187 503859 127557
0b001b01 0b001801 10146 100 6291456 40549187 503777 127557
0b000f01 0b000c01 10147 100 6291456 40549187 503859 127557
0b001901 0b001a01 10146 100 6291456 40549187 503777 127557
0b001801 0b001901 10146 100 6291456 40549187 503777 127557
0b001f01 0b001c01 10146 100 6291456 40549187 503777 127557
0b001e01 0b001f01 10146 100 6291456 40549187 503777 127557
0b001d01 0b001e01 10146 100 6291456 40549187 503777 127557
0b001c01 0b001d01 10146 100 6291456 40549187 503777 127557
0b001b01 0b001801 10147 100 6291456 40549187 503859 127557
0b001901 0b001a01 10147 100 6291456 40549187 503859 127557
0b001801 0b001901 10147 100 6291456 40549187 503859 127557
0b001f01 0b001c01 10147 100 6291456 40549187 503859 127557
0b001e01 0b001f01 10147 100 6291456 40549187 503859 127557
0b001d01 0b001e01 10147 100 6291456 40549187 503859 127557
0b001c01 0b001d01 10147 100 6291456 40549187 503859 127557
0b000401 0b000501 10144 100 6291456 40550632 503613 127557
0b000401 0b000501 10145 100 6291456 40550632 503695 127557
0b000401 0b000501 10146 100 6291456 40550632 503777 127557
0b000401 0b000501 10147 100 6291456 40550632 503859 127557
0b001001 0b001101 10144 100 6291456 40551223 503613 127557
0b000601 0b000701 10144 100 6291456 40551141 503613 127557
0b000601 0b000701 10145 100 6291456 40551141 503695 127557
0b001001 0b001101 10145 100 6291456 40551223 503695 127557
0b000601 0b000701 10146 100 6291456 40551141 503777 127557
0b000e01 0b000f01 10144 100 6291456 40551346 503613 127557
0b001301 0b001001 10144 100 6291456 40551387 503613 127557
0b001001 0b001101 10146 100 6291456 40551223 503777 127557
0b000601 0b000701 10147 100 6291456 40551141 503859 127557
0b000001 0b000101 10144 100 6291456 40551428 503613 127557
0b000201 0b000301 10144 100 6291456 40551428 503613 127557
0b001201 0b001301 10144 100 6291456 40551428 503613 127557
0b000801 0b000901 10144 100 6291456 40551387 503613 127557
0b001601 0b001701 10144 100 6291456 40551428 503613 127557
0b000901 0b000a01 10144 100 6291456 40551387 503613 127557
0b001501 0b001601 10144 100 6291456 40551428 503613 127557
0b000001 0b000101 10145 100 6291456 40551428 503695 127557
0b001101 0b001201 10144 100 6291456 40551428 503613 127557
0b000201 0b000301 10145 100 6291456 40551428 503695 127557
0b001701 0b001401 10144 100 6291456 40551428 503613 127557
0b000001 0b000101 10146 100 6291456 40551428 503777 127557
0b000b01 0b000801 10144 100 6291456 40551428 503613 127557
0b000201 0b000301 10146 100 6291456 40551428 503777 127557
0b000c01 0b000d01 10144 100 6291456 40551428 503613 127557
0b000d01 0b000e01 10144 100 6291456 40551428 503613 127557
0b000e01 0b000f01 10145 100 6291456 40551346 503695 127557
0b000001 0b000101 10147 100 6291456 40551428 503859 127557
0b000201 0b000301 10147 100 6291456 40551428 503859 127557
0b000301 0b000001 10144 100 6291456 40551739 503613 127557
0b001301 0b001001 10145 100 6291456 40551387 503695 127557
0b001001 0b001101 10147 100 6291456 40551223 503859 127557
0b000801 0b000901 10145 100 6291456 40551387 503695 127557
0b000901 0b000a01 10145 100 6291456 40551387 503695 127557
0b001201 0b001301 10145 100 6291456 40551428 503695 127557
0b001601 0b001701 10145 100 6291456 40551428 503695 127557
0b001501 0b001601 10145 100 6291456 40551428 503695 127557
0b001101 0b001201 10145 100 6291456 40551428 503695 127557
0b000b01 0b000801 10145 100 6291456 40551428 503695 127557
0b001701 0b001401 10145 100 6291456 40551428 503695 127557
0b000c01 0b000d01 10145 100 6291456 40551428 503695 127557
0b000d01 0b000e01 10145 100 6291456 40551428 503695 127557
0b000e01 0b000f01 10146 100 6291456 40551346 503777 127557
0b000801 0b000901 10146 100 6291456 40551387 503777 127557
0b001301 0b001001 10146 100 6291456 40551387 503777 127557
0b000901 0b000a01 10146 100 6291456 40551387 503777 127557
0b001201 0b001301 10146 100 6291456 40551428 503777 127557
0b001601 0b001701 10146 100 6291456 40551428 503777 127557
0b001501 0b001601 10146 100 6291456 40551428 503777 127557
0b000b01 0b000801 10146 100 6291456 40551428 503777 127557
0b001101 0b001201 10146 100 6291456 40551428 503777 127557
0b000c01 0b000d01 10146 100 6291456 40551428 503777 127557
0b001701 0b001401 10146 100 6291456 40551428 503777 127557
0b000d01 0b000e01 10146 100 6291456 40551428 503777 127557
0b000e01 0b000f01 10147 100 6291456 40551346 503859 127557
0b000801 0b000901 10147 100 6291456 40551387 503859 127557
0b000901 0b000a01 10147 100 6291456 40551387 503859 127557
0b001301 0b001001 10147 100 6291456 40551387 503859 127557
0b001201 0b001301 10147 100 6291456 40551428 503859 127557
0b001601 0b001701 10147 100 6291456 40551428 503859 127557
0b000b01 0b000801 10147 100 6291456 40551428 503859 127557
0b001501 0b001601 10147 100 6291456 40551428 503859 127557
0b000c01 0b000d01 10147 100 6291456 40551428 503859 127557
0b001101 0b001201 10147 100 6291456 40551428 503859 127557
0b000d01 0b000e01 10147 100 6291456 40551428 503859 127557
0b001701 0b001401 10147 100 6291456 40551428 503859 127557
0b001a01 0b001b01 10144 100 6291456 40551862 503613 127557
0b001a01 0b001b01 10145 100 6291456 40551862 503695 127557
0b000301 0b000001 10145 100 6291456 40551739 503695 127557
0b001a01 0b001b01 10146 100 6291456 40551862 503777 127557
0b001a01 0b001b01 10147 100 6291456 40551862 503859 127557
0b000301 0b000001 10146 100 6291456 40551739 503777 127557
0b000301 0b000001 10147 100 6291456 40551739 503859 127557
0b000701 0b000401 10144 100 6291456 40552149 503613 127557
0b000701 0b000401 10145 100 6291456 40552149 503695 127557
0b000701 0b000401 10146 100 6291456 40552149 503777 127557
0b000701 0b000401 10147 100 6291456 40552149 503859 127557
0b001801 0b001901 10148 100 6291456 41058840 503613 127557
0b000201 0b000301 10148 100 6291456 41058840 503613 127557
0b001a01 0b001b01 10148 100 6291456 41058840 503613 127557
0b000601 0b000701 10148 100 6291456 41058840 503613 127557
0b001901 0b001a01 10148 100 6291456 41058840 503613 127557
0b001c01 0b001d01 10148 100 6291456 41058840 503613 127557
0b001f01 0b001c01 10148 100 6291456 41058840 503613 127557
0b001e01 0b001f01 10148 100 6291456 41058840 503613 127557
0b001d01 0b001e01 10148 100 6291456 41058840 503613 127557
0b000b01 0b000801 10148 100 6291456 41058840 503613 127557
0b000c01 0b000d01 10148 100 6291456 41058840 503613 127557
0b001501 0b001601 10148 100 6291456 41058840 503613 127557
0b001501 0b001601 10149 100 6291456 41058922 503613 127557
0b000b01 0b000801 10149 100 6291456 41058922 503613 127557
0b001801 0b001901 10149 100 6291456 41058922 503613 127557
0b000201 0b000301 10149 100 6291456 41058922 503613 127557
0b000c01 0b000d01 10149 100 6291456 41058922 503613 127557
0b001a01 0b001b01 10149 100 6291456 41058922 503613 127557
0b000601 0b000701 10149 100 6291456 41058922 503613 127557
0b001901 0b001a01 10149 100 6291456 41058922 503613 127557
0b001c01 0b001d01 10149 100 6291456 41058922 503613 127557
0b001f01 0b001c01 10149 100 6291456 41058922 503613 127557
0b001e01 0b001f01 10149 100 6291456 41058922 503613 127557
0b001d01 0b001e01 10149 100 6291456 41058922 503613 127557
0b001501 0b001601 10150 100 6291456 41059004 503613 127557
0b001501 0b001601 10151 100 6291456 41059086 503613 127557
0b000b01 0b000801 10150 100 6291456 41059004 503613 127557
0b000201 0b000301 10150 100 6291456 41059004 503613 127557
0b000c01 0b000d01 10150 100 6291456 41059004 503613 127557
0b000601 0b000701 10150 100 6291456 41059004 503613 127557
0b001801 0b001901 10150 100 6291456 41059004 503613 127557
0b001a01 0b001b01 10150 100 6291456 41059004 503613 127557
0b001901 0b001a01 10150 100 6291456 41059004 503613 127557
0b001c01 0b001d01 10150 100 6291456 41059004 503613 127557
0b001f01 0b001c01 10150 100 6291456 41059004 503613 127557
0b001e01 0b001f01 10150 100 6291456 41059004 503613 127557
0b001d01 0b001e01 10150 100 6291456 41059004 503613 127557
0b000b01 0b000801 10151 100 6291456 41059086 503613 127557
0b000201 0b000301 10151 100 6291456 41059086 503613 127557
0b000c01 0b000d01 10151 100 6291456 41059086 503613 127557
0b000601 0b000701 10151 100 6291456 41059086 503613 127557
0b001801 0b001901 10151 100 6291456 41059086 503613 127557
0b001a01 0b001b01 10151 100 6291456 41059086 503613 127557
0b001901 0b001a01 10151 100 6291456 41059086 503613 127557
0b001c01 0b001d01 10151 100 6291456 41059086 503613 127557
0b001f01 0b001c01 10151 100 6291456 41059086 503613 127557
0b001e01 0b001f01 10151 100 6291456 41059086 503613 127557
0b001d01 0b001e01 10151 100 6291456 41059086 503613 127557
0b000501 0b000601 10148 100 6291456 41060285 503613 127557
0b000501 0b000601 10149 100 6291456 41060367 503613 127557
0b000501 0b000601 10150 100 6291456 41060449 503613 127557
0b000501 0b000601 10151 100 6291456 41060531 503613 127557
0b001101 0b001201 10148 100 6291456 41060876 503613 127557
0b000701 0b000401 10148 100 6291456 41060794 503613 127557
0b000701 0b000401 10149 100 6291456 41060876 503613 127557
0b001101 0b001201 10149 100 6291456 41060958 503613 127557
0b000f01 0b000c01 10148 100 6291456 41060999 503613 127557
0b000701 0b000401 10150 100 6291456 41060958 503613 127557
0b000901 0b000a01 10148 100 6291456 41061040 503613 127557
0b001001 0b001101 10148 100 6291456 41061040 503613 127557
0b000a01 0b000b01 10148 100 6291456 41061040 503613 127557
0b001101 0b001201 10150 100 6291456 41061040 503613 127557
0b000801 0b000901 10148 100 6291456 41061081 503613 127557
0b001301 0b001001 10148 100 6291456 41061081 503613 127557
0b000d01 0b000e01 10148 100 6291456 41061081 503613 127557
0b001701 0b001401 10148 100 6291456 41061081 503613 127557
0b000e01 0b000f01 10148 100 6291456 41061081 503613 127557
0b001601 0b001701 10148 100 6291456 41061081 503613 127557
0b000f01 0b000c01 10149 100 6291456 41061081 503613 127557
0b000701 0b000401 10151 100 6291456 41061040 503613 127557
0b001201 0b001301 10148 100 6291456 41061081 503613 127557
0b001401 0b001501 10148 100 6291456 41061081 503613 127557
0b000101 0b000201 10148 100 6291456 41061081 503613 127557
0b000301 0b000001 10148 100 6291456 41061081 503613 127557
0b000901 0b000a01 10149 100 6291456 41061122 503613 127557
0b000a01 0b000b01 10149 100 6291456 41061122 503613 127557
0b001001 0b001101 10149 100 6291456 41061122 503613 127557
0b001101 0b001201 10151 100 6291456 41061122 503613 127557
0b000801 0b000901 10149 100 6291456 41061163 503613 127557
0b000d01 0b000e01 10149 100 6291456 41061163 503613 127557
0b000e01 0b000f01 10149 100 6291456 41061163 503613 127557
0b000f01 0b000c01 10150 100 6291456 41061163 503613 127557
0b001301 0b001001 10149 100 6291456 41061163 503613 127557
0b001701 0b001401 10149 100 6291456 41061163 503613 127557
0b000101 0b000201 10149 100 6291456 41061163 503613 127557
0b001601 0b001701 10149 100 6291456 41061163 503613 127557
0b001201 0b001301 10149 100 6291456 41061163 503613 127557
0b000301 0b000001 10149 100 6291456 41061163 503613 127557
0b001401 0b001501 10149 100 6291456 41061163 503613 127557
0b000901 0b000a01 10150 100 6291456 41061204 503613 127557
0b000a01 0b000b01 10150 100 6291456 41061204 503613 127557
0b000101 0b000201 10150 100 6291456 41061245 503613 127557
0b001001 0b001101 10150 100 6291456 41061204 503613 127557
0b000801 0b000901 10150 100 6291456 41061245 503613 127557
0b000d01 0b000e01 10150 100 6291456 41061245 503613 127557
0b000301 0b000001 10150 100 6291456 41061245 503613 127557
0b000e01 0b000f01 10150 100 6291456 41061245 503613 127557
0b000f01 0b000c01 10151 100 6291456 41061245 503613 127557
0b001301 0b001001 10150 100 6291456 41061245 503613 127557
0b001701 0b001401 10150 100 6291456 41061245 503613 127557
0b001601 0b001701 10150 100 6291456 41061245 503613 127557
0b001201 0b001301 10150 100 6291456 41061245 503613 127557
0b001401 0b001501 10150 100 6291456 41061245 503613 127557
0b000101 0b000201 10151 100 6291456 41061327 503613 127557
0b000301 0b000001 10151 100 6291456 41061327 503613 127557
0b001001 0b001101 10151 100 6291456 41061286 503613 127557
0b000901 0b000a01 10151 100 6291456 41061286 503613 127557
0b000a01 0b000b01 10151 100 6291456 41061286 503613 127557
0b001301 0b001001 10151 100 6291456 41061327 503613 127557
0b000001 0b000101 10148 100 6291456 41061392 503613 127557
0b001701 0b001401 10151 100 6291456 41061327 503613 127557
0b001601 0b001701 10151 100 6291456 41061327 503613 127557
0b001201 0b001301 10151 100 6291456 41061327 503613 127557
0b001401 0b001501 10151 100 6291456 41061327 503613 127557
0b000801 0b000901 10151 100 6291456 41061327 503613 127557
0b000d01 0b000e01 10151 100 6291456 41061327 503613 127557
0b000e01 0b000f01 10151 100 6291456 41061327 503613 127557
0b001b01 0b001801 10148 100 6291456 41061515 503613 127557
0b000001 0b000101 10149 100 6291456 41061474 503613 127557
0b001b01 0b001801 10149 100 6291456 41061597 503613 127557
0b000001 0b000101 10150 100 6291456 41061556 503613 127557
0b001b01 0b001801 10150 100 6291456 41061679 503613 127557
0b001b01 0b001801 10151 100 6291456 41061761 503613 127557
0b000001 0b000101 10151 100 6291456 41061638 503613 127557
0b000401 0b000501 10148 100 6291456 41061802 503613 127557
0b000401 0b000501 10149 100 6291456 41061884 503613 127557
0b000401 0b000501 10150 100 6291456 41061966 503613 127557
0b000401 0b000501 10151 100 6291456 41062048 503613 127557
0b000801 0b000901 10152 100 6291456 41568493 503613 127557
0b001901 0b001a01 10152 100 6291456 41568493 503613 127557
0b000d01 0b000e01 10152 100 6291456 41568493 503613 127557
0b001b01 0b001801 10152 100 6291456 41568493 503613 127557
0b001a01 0b001b01 10152 100 6291456 41568493 503613 127557
0b001d01 0b001e01 10152 100 6291456 41568493 503613 127557
0b001c01 0b001d01 10152 100 6291456 41568493 503613 127557
0b001f01 0b001c01 10152 100 6291456 41568493 503613 127557
0b001e01 0b001f01 10152 100 6291456 41568493 503613 127557
0b000301 0b000001 10152 100 6291456 41568493 503613 127557
0b001601 0b001701 10152 100 6291456 41568493 503613 127557
0b000701 0b000401 10152 100 6291456 41568493 503613 127557
0b000801 0b000901 10153 100 6291456 41568575 503613 127557
0b001601 0b001701 10153 100 6291456 41568575 503613 127557
0b001901 0b001a01 10153 100 6291456 41568575 503613 127557
0b000d01 0b000e01 10153 100 6291456 41568575 503613 127557
0b001b01 0b001801 10153 100 6291456 41568575 503613 127557
0b000301 0b000001 10153 100 6291456 41568575 503613 127557
0b001a01 0b001b01 10153 100 6291456 41568575 503613 127557
0b000701 0b000401 10153 100 6291456 41568575 503613 127557
0b001d01 0b001e01 10153 100 6291456 41568575 503613 127557
0b001c01 0b001d01 10153 100 6291456 41568575 503613 127557
0b001f01 0b001c01 10153 100 6291456 41568575 503613 127557
0b000801 0b000901 10154 100 6291456 41568657 503613 127557
0b001e01 0b001f01 10153 100 6291456 41568575 503613 127557
0b000d01 0b000e01 10154 100 6291456 41568657 503613 127557
0b001601 0b001701 10154 100 6291456 41568657 503613 127557
0b000301 0b000001 10154 100 6291456 41568657 503613 127557
0b000701 0b000401 10154 100 6291456 41568657 503613 127557
0b000301 0b000001 10155 100 6291456 41568739 503613 127557
0b000701 0b000401 10155 100 6291456 41568739 503613 127557
0b001901 0b001a01 10154 100 6291456 41568657 503613 127557
0b000801 0b000901 10155 100 6291456 41568739 503613 127557
0b001b01 0b001801 10154 100 6291456 41568657 503613 127557
0b001a01 0b001b01 10154 100 6291456 41568657 503613 127557
0b000d01 0b000e01 10155 100 6291456 41568739 503613 127557
0b001601 0b001701 10155 100 6291456 41568739 503613 127557
0b001d01 0b001e01 10154 100 6291456 41568657 503613 127557
0b001c01 0b001d01 10154 100 6291456 41568657 503613 127557
0b001f01 0b001c01 10154 100 6291456 41568657 503613 127557
0b001e01 0b001f01 10154 100 6291456 41568657 503613 127557
0b001901 0b001a01 10155 100 6291456 41568739 503613 127557
0b001b01 0b001801 10155 100 6291456 41568739 503613 127557
0b001a01 0b001b01 10155 100 6291456 41568739 503613 127557
0b001d01 0b001e01 10155 100 6291456 41568739 503613 127557
0b001c01 0b001d01 10155 100 6291456 41568739 503613 127557
0b001f01 0b001c01 10155 100 6291456 41568739 503613 127557
0b001e01 0b001f01 10155 100 6291456 41568739 503613 127557
0b000601 0b000701 10152 100 6291456 41569938 503613 127557
0b000601 0b000701 10153 100 6291456 41570020 503613 127557
0b000601 0b000701 10154 100 6291456 41570102 503613 127557
0b000601 0b000701 10155 100 6291456 41570184 503613 127557
0b000401 0b000501 10152 100 6291456 41570447 503613 127557
0b000401 0b000501 10153 100 6291456 41570529 503613 127557
0b001201 0b001301 10152 100 6291456 41570529 503613 127557
0b000401 0b000501 10154 100 6291456 41570611 503613 127557
0b001201 0b001301 10153 100 6291456 41570611 503613 127557
0b000401 0b000501 10155 100 6291456 41570693 503613 127557
0b000201 0b000301 10152 100 6291456 41570734 503613 127557
0b001101 0b001201 10152 100 6291456 41570693 503613 127557
0b001201 0b001301 10154 100 6291456 41570693 503613 127557
0b000001 0b000101 10152 100 6291456 41570734 503613 127557
0b000c01 0b000d01 10152 100 6291456 41570652 503613 127557
0b001001 0b001101 10152 100 6291456 41570734 503613 127557
0b001401 0b001501 10152 100 6291456 41570734 503613 127557
0b001701 0b001401 10152 100 6291456 41570734 503613 127557
0b001301 0b001001 10152 100 6291456 41570734 503613 127557
0b001501 0b001601 10152 100 6291456 41570734 503613 127557
0b000a01 0b000b01 10152 100 6291456 41570693 503613 127557
0b000b01 0b000801 10152 100 6291456 41570693 503613 127557
0b001101 0b001201 10153 100 6291456 41570775 503613 127557
0b001201 0b001301 10155 100 6291456 41570775 503613 127557
0b000201 0b000301 10153 100 6291456 41570816 503613 127557
0b000001 0b000101 10153 100 6291456 41570816 503613 127557
0b001001 0b001101 10153 100 6291456 41570816 503613 127557
0b000901 0b000a01 10152 100 6291456 41570734 503613 127557
0b001401 0b001501 10153 100 6291456 41570816 503613 127557
0b000201 0b000301 10154 100 6291456 41570898 503613 127557
0b001701 0b001401 10153 100 6291456 41570816 503613 127557
0b000e01 0b000f01 10152 100 6291456 41570734 503613 127557
0b001301 0b001001 10153 100 6291456 41570816 503613 127557
0b000001 0b000101 10154 100 6291456 41570898 503613 127557
0b001501 0b001601 10153 100 6291456 41570816 503613 127557
0b000f01 0b000c01 10152 100 6291456 41570734 503613 127557
0b000c01 0b000d01 10153 100 6291456 41570734 503613 127557
0b000201 0b000301 10155 100 6291456 41570980 503613 127557
0b001101 0b001201 10154 100 6291456 41570857 503613 127557
0b000001 0b000101 10155 100 6291456 41570980 503613 127557
0b000101 0b000201 10152 100 6291456 41571045 503613 127557
0b000a01 0b000b01 10153 100 6291456 41570775 503613 127557
0b000b01 0b000801 10153 100 6291456 41570775 503613 127557
0b001001 0b001101 10154 100 6291456 41570898 503613 127557
0b000901 0b000a01 10153 100 6291456 41570816 503613 127557
0b001401 0b001501 10154 100 6291456 41570898 503613 127557
0b000e01 0b000f01 10153 100 6291456 41570816 503613 127557
0b001701 0b001401 10154 100 6291456 41570898 503613 127557
0b001301 0b001001 10154 100 6291456 41570898 503613 127557
0b000f01 0b000c01 10153 100 6291456 41570816 503613 127557
0b001501 0b001601 10154 100 6291456 41570898 503613 127557
0b000c01 0b000d01 10154 100 6291456 41570816 503613 127557
0b001101 0b001201 10155 100 6291456 41570939 503613 127557
0b001001 0b001101 10155 100 6291456 41570980 503613 127557
0b001401 0b001501 10155 100 6291456 41570980 503613 127557
0b000a01 0b000b01 10154 100 6291456 41570857 503613 127557
0b001701 0b001401 10155 100 6291456 41570980 503613 127557
0b000b01 0b000801 10154 100 6291456 41570857 503613 127557
0b001301 0b001001 10155 100 6291456 41570980 503613 127557
0b001501 0b001601 10155 100 6291456 41570980 503613 127557
0b000901 0b000a01 10154 100 6291456 41570898 503613 127557
0b000e01 0b000f01 10154 100 6291456 41570898 503613 127557
0b000f01 0b000c01 10154 100 6291456 41570898 503613 127557
0b000c01 0b000d01 10155 100 6291456 41570898 503613 127557
0b000a01 0b000b01 10155 100 6291456 41570939 503613 127557
0b000b01 0b000801 10155 100 6291456 41570939 503613 127557
0b000901 0b000a01 10155 100 6291456 41570980 503613 127557
0b000e01 0b000f01 10155 100 6291456 41570980 503613 127557
0b000f01 0b000c01 10155 100 6291456 41570980 503613 127557
0b001801 0b001901 10152 100 6291456 41571168 503613 127557
0b001801 0b001901 10153 100 6291456 41571250 503613 127557
0b001801 0b001901 10154 100 6291456 41571332 503613 127557
0b001801 0b001901 10155 100 6291456 41571414 503613 127557
0b000101 0b000201 10153 100 6291456 41571127 503613 127557
0b000101 0b000201 10154 100 6291456 41571209 503613 127557
0b000101 0b000201 10155 100 6291456 41571291 503613 127557
0b000501 0b000601 10152 100 6291456 41571455 503613 127557
0b000501 0b000601 10153 100 6291456 41571537 503613 127557
0b000501 0b000601 10154 100 6291456 41571619 503613 127557
0b000501 0b000601 10155 100 6291456 41571701 503613 127557
0b001d01 0b001101 10001 100 6291456 42078464 66058 66833
0b001a01 0b001201 10001 100 6291456 42078464 66058 66833
0b001d01 0b001501 10001 100 6291456 42078464 66058 66833
0b001b01 0b001701 10001 100 6291456 42078464 66058 66833
0b001e01 0b001201 10001 100 6291456 42078464 66099 66833
0b000901 0b000501 10001 100 6291456 42078464 66085 66833
0b000001 0b000c01 10001 100 6291456 42078464 66058 66833
0b001201 0b001a01 10001 100 6291456 42080664 66096 66833
0b001601 0b001a01 10001 100 6291456 42080705 66058 66833
0b001001 0b001c01 10001 100 6291456 42080705 66058 66833
0b001001 0b001801 10001 100 6291456 42080705 66058 66833
0b001501 0b001901 10001 100 6291456 42080705 66058 66833
0b001401 0b001801 10001 100 6291456 42080705 66058 66833
0b001601 0b001e01 10001 100 6291456 42080705 66065 66833
0b000d01 0b000501 10001 100 6291456 42080623 66058 66833
0b001401 0b001c01 10001 100 6291456 42080705 66130 66833
0b000801 0b000001 10001 100 6291456 42080664 66058 66833
0b000c01 0b000401 10001 100 6291456 42080705 66058 66833
0b000301 0b000f01 10001 100 6291456 42080705 66058 66833
0b000201 0b000e01 10001 100 6291456 42081016 66065 66833
0b000601 0b000e01 10001 100 6291456 42081426 66058 66833
0b001901 0b001101 10001 100 6291456 42081139 66837 66833
0b001c01 0b001001 10001 100 6291456 42078464 99883 66833
0b000401 0b000c01 10001 100 6291456 42078464 104475 66833
0b001f01 0b001701 10001 100 6291456 42078464 107468 66833
0b000201 0b000a01 10001 100 6291456 42081016 109723 66833
0b000301 0b000b01 10001 100 6291456 42080705 111114 66833
0b001701 0b001b01 10001 100 6291456 42078464 126984 66833
0b001701 0b001f01 10001 100 6291456 42078464 127493 66833
0b001d01 0b001901 10001 100 6291456 42078464 127532 127557
0b001a01 0b001e01 10001 100 6291456 42078464 127537 127557
0b001801 0b001c01 10001 100 6291456 42078464 127537 127557
0b001701 0b001301 10001 100 6291456 42078464 127557 127557
0b001b01 0b001f01 10001 100 6291456 42078464 127537 127557
0b001e01 0b001a01 10001 100 6291456 42078464 127537 127557
0b001c01 0b001801 10001 100 6291456 42078464 127537 127557
0b001f01 0b001b01 10001 100 6291456 42078464 127537 127557
0b000001 0b000401 10001 100 6291456 42078464 127537 127557
0b000401 0b000001 10001 100 6291456 42078464 127537 127557
0b000e01 0b000a01 10001 100 6291456 42078464 127513 127557
0b000901 0b000d01 10001 100 6291456 42078464 127514 127557
0b000b01 0b000301 10001 100 6291456 42080664 125850 66833
0b000101 0b000d01 10001 100 6291456 42080705 126188 66833
0b001a01 0b001601 10001 100 6291456 42078464 128993 66833
0b001801 0b001401 10001 100 6291456 42078464 129034 66833
0b001301 0b001b01 10001 100 6291456 42080500 126998 66833
0b000001 0b000801 10001 100 6291456 42078464 128993 66833
0b000701 0b000301 10001 100 6291456 42079909 127562 127557
0b000e01 0b000201 10001 100 6291456 42078464 128993 66833
0b000401 0b000801 10001 100 6291456 42078464 129058 66833
0b001301 0b001701 10001 100 6291456 42080500 127515 127557
0b001801 0b001001 10001 100 6291456 42078464 129529 66833
0b001e01 0b001601 10001 100 6291456 42078464 129693 66833
0b000d01 0b000901 10001 100 6291456 42080623 127513 127557
0b000501 0b000101 10001 100 6291456 42080418 127551 127557
0b000a01 0b000e01 10001 100 6291456 42080705 127512 127557
0b000b01 0b000f01 10001 100 6291456 42080664 127554 127557
0b000301 0b000701 10001 100 6291456 42080705 127530 127557
0b000801 0b000c01 10001 100 6291456 42080664 127554 127557
0b000101 0b000501 10001 100 6291456 42080705 127536 127557
0b000f01 0b000b01 10001 100 6291456 42080705 127538 127557
0b000c01 0b000801 10001 100 6291456 42080705 127538 127557
0b001201 0b001601 10001 100 6291456 42080664 127554 127557
0b001101 0b001501 10001 100 6291456 42080705 127537 127557
0b001501 0b001101 10001 100 6291456 42080705 127537 127557
0b001401 0b001001 10001 100 6291456 42080705 127537 127557
0b001001 0b001401 10001 100 6291456 42080705 127537 127557
0b001601 0b001201 10001 100 6291456 42080705 127538 127557
0b000e01 0b000601 10001 100 6291456 42078464 130141 66833
0b001901 0b001d01 10001 100 6291456 42081139 127507 127557
0b000201 0b000601 10001 100 6291456 42081016 127591 127557
0b000601 0b000201 10001 100 6291456 42081426 127535 127557
0b000501 0b000901 10001 100 6291456 42080418 128706 66833
0b000701 0b000f01 10001 100 6291456 42079909 129280 66833
0b000b01 0b000701 10001 100 6291456 42080664 128788 66833
0b000101 0b000901 10001 100 6291456 42080705 128747 66833
0b000d01 0b000101 10001 100 6291456 42080623 128952 66833
0b000f01 0b000701 10001 100 6291456 42080705 128952 66833
0b000501 0b000d01 10001 100 6291456 42080418 129181 66833
0b001201 0b001e01 10001 100 6291456 42080664 128993 66833
0b001501 0b001d01 10001 100 6291456 42080705 128993 66833
0b000c01 0b000001 10001 100 6291456 42080705 128993 66833
0b001101 0b001901 10001 100 6291456 42080705 128993 66833
0b000a01 0b000201 10001 100 6291456 42080705 128993 66833
0b001101 0b001d01 10001 100 6291456 42080705 129034 66833
0b000a01 0b000601 10001 100 6291456 42080705 129034 66833
0b000601 0b000a01 10001 100 6291456 42081426 128624 66833
0b000701 0b000b01 10001 100 6291456 42079909 141457 66833
0b001901 0b001501 10001 100 6291456 42081139 140473 66833
0b000901 0b000101 10001 100 6291456 42078464 175036 66833
0b000801 0b000401 10001 100 6291456 42080664 177510 66833
0b001b01 0b001301 10001 100 6291456 42078464 188771 66833
0b001301 0b001f01 10001 100 6291456 42080500 188433 66833
0b001f01 0b001301 10001 100 6291456 42078464 191969 66833
0b000f01 0b000301 10001 100 6291456 42080705 189769 66833
0b001c01 0b001401 10001 100 6291456 42078464 192010 66833
0b001c01 0b001d01 10156 100 1048576 42872460 83773 21368
0b001a01 0b001b01 10156 100 1048576 42872460 83773 21368
0b001801 0b001901 10156 100 1048576 42872460 83773 21368
0b001c01 0b001d01 10157 100 1048576 42872460 83855 21368
0b001a01 0b001b01 10157 100 1048576 42872460 83855 21368
0b001801 0b001901 10157 100 1048576 42872460 83855 21368
0b001c01 0b001d01 10158 100 1048576 42872460 83937 21368
0b001a01 0b001b01 10158 100 1048576 42872460 83937 21368
0b001801 0b001901 10158 100 1048576 42872460 83937 21368
0b001c01 0b001d01 10159 100 1048576 42872460 84019 21368
0b001a01 0b001b01 10159 100 1048576 42872460 84019 21368
0b001801 0b001901 10159 100 1048576 42872460 84019 21368
0b001b01 0b001801 10159 100 1048576 42873957 83773 21368
0b001b01 0b001801 10158 100 1048576 42873957 83855 21368
0b001b01 0b001801 10157 100 1048576 42873957 83937 21368
0b001b01 0b001801 10156 100 1048576 42873957 84019 21368
0b001701 0b001401 10156 100 1048576 42874474 83773 21368
0b001701 0b001401 10157 100 1048576 42874474 83855 21368
0b000e01 0b000f01 10156 100 1048576 42874676 83773 21368
0b000c01 0b000d01 10156 100 1048576 42874677 83773 21368
0b001701 0b001401 10158 100 1048576 42874474 83937 21368
0b000801 0b000901 10156 100 1048576 42874702 83773 21368
0b001601 0b001701 10156 100 1048576 42874677 83773 21368
0b001101 0b001201 10156 100 1048576 42874701 83773 21368
0b001001 0b001101 10156 100 1048576 42874701 83773 21368
0b001201 0b001301 10156 100 1048576 42874702 83773 21368
0b000e01 0b000f01 10157 100 1048576 42874676 83855 21368
0b000c01 0b000d01 10157 100 1048576 42874677 83855 21368
0b001701 0b001401 10159 100 1048576 42874474 84019 21368
0b000801 0b000901 10157 100 1048576 42874702 83855 21368
0b001601 0b001701 10157 100 1048576 42874677 83855 21368
0b000e01 0b000f01 10158 100 1048576 42874676 83937 21368
0b000c01 0b000d01 10158 100 1048576 42874677 83937 21368
0b001101 0b001201 10157 100 1048576 42874701 83855 21368
0b000501 0b000601 10156 100 1048576 42874700 83773 21368
0b001001 0b001101 10157 100 1048576 42874701 83855 21368
0b001201 0b001301 10157 100 1048576 42874702 83855 21368
0b000801 0b000901 10158 100 1048576 42874702 83937 21368
0b000501 0b000601 10157 100 1048576 42874700 83855 21368
0b001601 0b001701 10158 100 1048576 42874677 83937 21368
0b001101 0b001201 10158 100 1048576 42874701 83937 21368
0b001001 0b001101 10158 100 1048576 42874701 83937 21368
0b001201 0b001301 10158 100 1048576 42874702 83937 21368
0b000501 0b000601 10158 100 1048576 42874700 83937 21368
0b000e01 0b000f01 10159 100 1048576 42874676 84019 21368
0b000c01 0b000d01 10159 100 1048576 42874677 84019 21368
0b000801 0b000901 10159 100 1048576 42874702 84019 21368
0b000501 0b000601 10159 100 1048576 42874700 84019 21368
0b001601 0b001701 10159 100 1048576 42874677 84019 21368
0b001101 0b001201 10159 100 1048576 42874701 84019 21368
0b001001 0b001101 10159 100 1048576 42874701 84019 21368
0b001201 0b001301 10159 100 1048576 42874702 84019 21368
0b000f01 0b000c01 10159 100 1048576 42875648 83773 21368
0b000f01 0b000c01 10158 100 1048576 42875648 83855 21368
0b000f01 0b000c01 10157 100 1048576 42875648 83937 21368
0b000f01 0b000c01 10156 100 1048576 42875648 84019 21368
0b000901 0b000a01 10159 100 1048576 42875911 83773 21368
0b000901 0b000a01 10158 100 1048576 42875911 83855 21368
0b000d01 0b000e01 10159 100 1048576 42876058 83773 21368
0b000901 0b000a01 10157 100 1048576 42875911 83937 21368
0b001e01 0b001f01 10159 100 1048576 42876116 83773 21368
0b000d01 0b000e01 10158 100 1048576 42876058 83855 21368
0b000901 0b000a01 10156 100 1048576 42875911 84019 21368
0b000d01 0b000e01 10157 100 1048576 42876058 83937 21368
0b001901 0b001a01 10159 100 1048576 42876157 83773 21368
0b000701 0b000401 10159 100 1048576 42876116 83773 21368
0b000d01 0b000e01 10156 100 1048576 42876058 84019 21368
0b001d01 0b001e01 10159 100 1048576 42876198 83773 21368
0b001e01 0b001f01 10158 100 1048576 42876116 83855 21368
0b000201 0b000301 10159 100 1048576 42876157 83773 21368
0b000001 0b000101 10159 100 1048576 42876157 83773 21368
0b001901 0b001a01 10158 100 1048576 42876157 83855 21368
0b000601 0b000701 10159 100 1048576 42876198 83773 21368
0b000701 0b000401 10158 100 1048576 42876116 83855 21368
0b001d01 0b001e01 10158 100 1048576 42876198 83855 21368
0b001e01 0b001f01 10157 100 1048576 42876116 83937 21368
0b001901 0b001a01 10157 100 1048576 42876157 83937 21368
0b001d01 0b001e01 10157 100 1048576 42876198 83937 21368
0b001e01 0b001f01 10156 100 1048576 42876116 84019 21368
0b000201 0b000301 10158 100 1048576 42876157 83855 21368
0b000001 0b000101 10158 100 1048576 42876157 83855 21368
0b000601 0b000701 10158 100 1048576 42876198 83855 21368
0b000701 0b000401 10157 100 1048576 42876116 83937 21368
0b000201 0b000301 10157 100 1048576 42876157 83937 21368
0b000001 0b000101 10157 100 1048576 42876157 83937 21368
0b000601 0b000701 10157 100 1048576 42876198 83937 21368
0b000701 0b000401 10156 100 1048576 42876116 84019 21368
0b001901 0b001a01 10156 100 1048576 42876157 84019 21368
0b000a01 0b000b01 10159 100 1048576 42876509 83773 21368
0b000201 0b000301 10156 100 1048576 42876157 84019 21368
0b001d01 0b001e01 10156 100 1048576 42876198 84019 21368
0b000001 0b000101 10156 100 1048576 42876157 84019 21368
0b000a01 0b000b01 10158 100 1048576 42876509 83855 21368
0b000a01 0b000b01 10157 100 1048576 42876509 83937 21368
0b000601 0b000701 10156 100 1048576 42876198 84019 21368
0b000a01 0b000b01 10156 100 1048576 42876509 84019 21368
0b001501 0b001601 10159 100 1048576 42888071 83773 21368
0b001501 0b001601 10158 100 1048576 42888071 83855 21368
0b001501 0b001601 10157 100 1048576 42888071 83937 21368
0b001501 0b001601 10156 100 1048576 42888071 84019 21368
0b000b01 0b000801 10159 100 1048576 42887825 89021 21368
0b000b01 0b000801 10158 100 1048576 42887825 89103 21368
0b000b01 0b000801 10157 100 1048576 42887825 89185 21368
0b000b01 0b000801 10156 100 1048576 42887825 89267 21368
0b000101 0b000201 10159 100 1048576 42919959 121493 21368
0b000101 0b000201 10158 100 1048576 42919959 121575 21368
0b000101 0b000201 10157 100 1048576 42919959 121657 21368
0b000101 0b000201 10156 100 1048576 42919959 121739 21368
0b001d01 0b001e01 10160 100 1048576 42962243 83773 21368
0b001b01 0b001801 10160 100 1048576 42962243 83773 21368
0b001901 0b001a01 10160 100 1048576 42962243 83773 21368
0b001d01 0b001e01 10161 100 1048576 42962325 83773 21368
0b001b01 0b001801 10161 100 1048576 42962325 83773 21368
0b001901 0b001a01 10161 100 1048576 42962325 83773 21368
0b001d01 0b001e01 10162 100 1048576 42962407 83773 21368
0b001b01 0b001801 10162 100 1048576 42962407 83773 21368
0b001901 0b001a01 10162 100 1048576 42962407 83773 21368
0b001d01 0b001e01 10163 100 1048576 42962489 83773 21368
0b001b01 0b001801 10163 100 1048576 42962489 83773 21368
0b001901 0b001a01 10163 100 1048576 42962489 83773 21368
0b001801 0b001901 10160 100 1048576 42963740 83773 21368
0b001801 0b001901 10161 100 1048576 42963822 83773 21368
0b001801 0b001901 10162 100 1048576 42963904 83773 21368
0b001801 0b001901 10163 100 1048576 42963986 83773 21368
0b000601 0b000701 10160 100 1048576 42964483 83773 21368
0b000601 0b000701 10161 100 1048576 42964565 83773 21368
0b001701 0b001401 10160 100 1048576 42964460 83773 21368
0b000601 0b000701 10162 100 1048576 42964647 83773 21368
0b000f01 0b000c01 10160 100 1048576 42964459 83773 21368
0b000d01 0b000e01 10160 100 1048576 42964460 83773 21368
0b001201 0b001301 10160 100 1048576 42964484 83773 21368
0b001101 0b001201 10160 100 1048576 42964484 83773 21368
0b000601 0b000701 10163 100 1048576 42964729 83773 21368
0b000901 0b000a01 10160 100 1048576 42964485 83773 21368
0b001701 0b001401 10161 100 1048576 42964542 83773 21368
0b001201 0b001301 10161 100 1048576 42964566 83773 21368
0b000f01 0b000c01 10161 100 1048576 42964541 83773 21368
0b001101 0b001201 10161 100 1048576 42964566 83773 21368
0b000d01 0b000e01 10161 100 1048576 42964542 83773 21368
0b000901 0b000a01 10161 100 1048576 42964567 83773 21368
0b001701 0b001401 10162 100 1048576 42964624 83773 21368
0b001201 0b001301 10162 100 1048576 42964648 83773 21368
0b001101 0b001201 10162 100 1048576 42964648 83773 21368
0b000f01 0b000c01 10162 100 1048576 42964623 83773 21368
0b000d01 0b000e01 10162 100 1048576 42964624 83773 21368
0b001701 0b001401 10163 100 1048576 42964706 83773 21368
0b000901 0b000a01 10162 100 1048576 42964649 83773 21368
0b001201 0b001301 10163 100 1048576 42964730 83773 21368
0b001101 0b001201 10163 100 1048576 42964730 83773 21368
0b000f01 0b000c01 10163 100 1048576 42964705 83773 21368
0b000d01 0b000e01 10163 100 1048576 42964706 83773 21368
0b000901 0b000a01 10163 100 1048576 42964731 83773 21368
0b000c01 0b000d01 10160 100 1048576 42965431 83773 21368
0b000c01 0b000d01 10161 100 1048576 42965513 83773 21368
0b000c01 0b000d01 10162 100 1048576 42965595 83773 21368
0b000c01 0b000d01 10163 100 1048576 42965677 83773 21368
0b000a01 0b000b01 10160 100 1048576 42965694 83773 21368
0b000a01 0b000b01 10161 100 1048576 42965776 83773 21368
0b000e01 0b000f01 10160 100 1048576 42965841 83773 21368
0b001a01 0b001b01 10160 100 1048576 42965940 83773 21368
0b000a01 0b000b01 10162 100 1048576 42965858 83773 21368
0b001e01 0b001f01 10160 100 1048576 42965981 83773 21368
0b000701 0b000401 10160 100 1048576 42965981 83773 21368
0b000e01 0b000f01 10161 100 1048576 42965923 83773 21368
0b000a01 0b000b01 10163 100 1048576 42965940 83773 21368
0b001a01 0b001b01 10161 100 1048576 42966022 83773 21368
0b000701 0b000401 10161 100 1048576 42966063 83773 21368
0b001e01 0b001f01 10161 100 1048576 42966063 83773 21368
0b000e01 0b000f01 10162 100 1048576 42966005 83773 21368
0b000701 0b000401 10162 100 1048576 42966145 83773 21368
0b001a01 0b001b01 10162 100 1048576 42966104 83773 21368
0b000e01 0b000f01 10163 100 1048576 42966087 83773 21368
0b001e01 0b001f01 10162 100 1048576 42966145 83773 21368
0b000701 0b000401 10163 100 1048576 42966227 83773 21368
0b001a01 0b001b01 10163 100 1048576 42966186 83773 21368
0b001e01 0b001f01 10163 100 1048576 42966227 83773 21368
0b000401 0b000501 10159 100 1048576 42924633 126413 21368
0b000401 0b000501 10158 100 1048576 42924633 126495 21368
0b000401 0b000501 10157 100 1048576 42924633 126577 21368
0b000401 0b000501 10156 100 1048576 42924633 126659 21368
0b000b01 0b000801 10160 100 1048576 42966292 89274 21368
0b000b01 0b000801 10161 100 1048576 42966374 89274 21368
0b000b01 0b000801 10162 100 1048576 42966456 89274 21368
0b000b01 0b000801 10163 100 1048576 42966538 89274 21368
0b001601 0b001701 10160 100 1048576 42977854 83773 21368
0b001601 0b001701 10161 100 1048576 42977936 83773 21368
0b001601 0b001701 10162 100 1048576 42978018 83773 21368
0b001601 0b001701 10163 100 1048576 42978100 83773 21368
0b000801 0b000901 10160 100 1048576 42982856 89021 21368
0b000801 0b000901 10161 100 1048576 42982938 89021 21368
0b000801 0b000901 10162 100 1048576 42983020 89021 21368
0b000801 0b000901 10163 100 1048576 42983102 89021 21368
0b000301 0b000001 10159 100 1048576 42936933 138549 21368
0b000301 0b000001 10158 100 1048576 42936933 138631 21368
0b000301 0b000001 10157 100 1048576 42936933 138713 21368
0b000301 0b000001 10156 100 1048576 42936933 138795 21368
0b001f01 0b001c01 10159 100 1048576 42935392 145437 21368
0b001f01 0b001c01 10158 100 1048576 42935392 145519 21368
0b001f01 0b001c01 10157 100 1048576 42935392 145601 21368
0b001f01 0b001c01 10156 100 1048576 42935392 145683 21368
0b000101 0b000201 10160 100 1048576 42965940 121760 21368
0b000101 0b000201 10161 100 1048576 42966022 121760 21368
0b000101 0b000201 10162 100 1048576 42966104 121760 21368
0b000101 0b000201 10163 100 1048576 42966186 121760 21368
0b001301 0b001001 10159 100 1048576 42936892 151341 21368
0b001301 0b001001 10158 100 1048576 42936892 151423 21368
0b001301 0b001001 10157 100 1048576 42936892 151505 21368
0b001301 0b001001 10156 100 1048576 42936892 151587 21368
0b001401 0b001501 10159 100 1048576 42936933 151669 21368
0b001401 0b001501 10158 100 1048576 42936933 151751 21368
0b001401 0b001501 10157 100 1048576 42936933 151833 21368
0b001401 0b001501 10156 100 1048576 42936933 151915 21368
0b000301 0b000001 10160 100 1048576 42965940 138734 21368
0b000301 0b000001 10161 100 1048576 42966022 138734 21368
0b000301 0b000001 10162 100 1048576 42966104 138734 21368
0b000301 0b000001 10163 100 1048576 42966186 138734 21368
0b000401 0b000501 10160 100 1048576 42965899 163211 21368
0b000401 0b000501 10161 100 1048576 42965981 163211 21368
0b000401 0b000501 10162 100 1048576 42966063 163211 21368
0b000401 0b000501 10163 100 1048576 42966145 163211 21368
0b001e01 0b001f01 10164 100 1048576 43052026 83773 21368
0b001801 0b001901 10164 100 1048576 43052026 83773 21368
0b001a01 0b001b01 10164 100 1048576 43052026 83773 21368
0b001e01 0b001f01 10165 100 1048576 43052108 83773 21368
0b001801 0b001901 10165 100 1048576 43052108 83773 21368
0b001a01 0b001b01 10165 100 1048576 43052108 83773 21368
0b001e01 0b001f01 10166 100 1048576 43052190 83773 21368
0b001801 0b001901 10166 100 1048576 43052190 83773 21368
0b001a01 0b001b01 10166 100 1048576 43052190 83773 21368
0b001e01 0b001f01 10167 100 1048576 43052272 83773 21368
0b001801 0b001901 10167 100 1048576 43052272 83773 21368
0b001a01 0b001b01 10167 100 1048576 43052272 83773 21368
0b001901 0b001a01 10164 100 1048576 43053523 83773 21368
0b001901 0b001a01 10165 100 1048576 43053605 83773 21368
0b001901 0b001a01 10166 100 1048576 43053687 83773 21368
0b001901 0b001a01 10167 100 1048576 43053769 83773 21368
0b000701 0b000401 10164 100 1048576 43054266 83773 21368
0b000c01 0b000d01 10164 100 1048576 43054242 83773 21368
0b000e01 0b000f01 10164 100 1048576 43054243 83773 21368
0b000701 0b000401 10165 100 1048576 43054348 83773 21368
0b000a01 0b000b01 10164 100 1048576 43054268 83773 21368
0b000701 0b000401 10166 100 1048576 43054430 83773 21368
0b001201 0b001301 10164 100 1048576 43054267 83773 21368
0b000c01 0b000d01 10165 100 1048576 43054324 83773 21368
0b000e01 0b000f01 10165 100 1048576 43054325 83773 21368
0b000701 0b000401 10167 100 1048576 43054512 83773 21368
0b000a01 0b000b01 10165 100 1048576 43054350 83773 21368
0b001201 0b001301 10165 100 1048576 43054349 83773 21368
0b000c01 0b000d01 10166 100 1048576 43054406 83773 21368
0b000e01 0b000f01 10166 100 1048576 43054407 83773 21368
0b001201 0b001301 10166 100 1048576 43054431 83773 21368
0b000a01 0b000b01 10166 100 1048576 43054432 83773 21368
0b001201 0b001301 10167 100 1048576 43054513 83773 21368
0b000c01 0b000d01 10167 100 1048576 43054488 83773 21368
0b000e01 0b000f01 10167 100 1048576 43054489 83773 21368
0b000a01 0b000b01 10167 100 1048576 43054514 83773 21368
0b000d01 0b000e01 10164 100 1048576 43055214 83773 21368
0b000d01 0b000e01 10165 100 1048576 43055296 83773 21368
0b000d01 0b000e01 10166 100 1048576 43055378 83773 21368
0b000d01 0b000e01 10167 100 1048576 43055460 83773 21368
0b000f01 0b000c01 10164 100 1048576 43055624 83773 21368
0b000f01 0b000c01 10165 100 1048576 43055706 83773 21368
0b001b01 0b001801 10164 100 1048576 43055723 83773 21368
0b000b01 0b000801 10164 100 1048576 43055477 84057 21368
0b000f01 0b000c01 10166 100 1048576 43055788 83773 21368
0b001b01 0b001801 10165 100 1048576 43055805 83773 21368
0b000b01 0b000801 10165 100 1048576 43055559 84057 21368
0b001b01 0b001801 10166 100 1048576 43055887 83773 21368
0b000f01 0b000c01 10167 100 1048576 43055870 83773 21368
0b001b01 0b001801 10167 100 1048576 43055969 83773 21368
0b000b01 0b000801 10166 100 1048576 43055641 84057 21368
0b000b01 0b000801 10167 100 1048576 43055723 84057 21368
0b001f01 0b001c01 10160 100 1048576 42965899 176266 21368
0b001f01 0b001c01 10161 100 1048576 42965981 176266 21368
0b001f01 0b001c01 10162 100 1048576 42966063 176266 21368
0b001f01 0b001c01 10163 100 1048576 42966145 176266 21368
0b001401 0b001501 10160 100 1048576 42964257 179121 21368
0b001401 0b001501 10161 100 1048576 42964339 179121 21368
0b001401 0b001501 10162 100 1048576 42964421 179121 21368
0b001401 0b001501 10163 100 1048576 42964503 179121 21368
0b001301 0b001001 10160 100 1048576 42964485 179180 21368
0b001301 0b001001 10161 100 1048576 42964567 179180 21368
0b001301 0b001001 10162 100 1048576 42964649 179180 21368
0b001301 0b001001 10163 100 1048576 42964731 179180 21368
0b000501 0b000601 10160 100 1048576 43057056 89677 21368
0b000501 0b000601 10161 100 1048576 43057138 89677 21368
0b000501 0b000601 10162 100 1048576 43057220 89677 21368
0b000501 0b000601 10163 100 1048576 43057302 89677 21368
0b000801 0b000901 10164 100 1048576 43061576 89021 21368
0b000801 0b000901 10165 100 1048576 43061658 89021 21368
0b000801 0b000901 10166 100 1048576 43061740 89021 21368
0b000801 0b000901 10167 100 1048576 43061822 89021 21368
0b001701 0b001401 10164 100 1048576 43067637 83773 21368
0b001701 0b001401 10165 100 1048576 43067719 83773 21368
0b001701 0b001401 10166 100 1048576 43067801 83773 21368
0b001701 0b001401 10167 100 1048576 43067883 83773 21368
0b000901 0b000a01 10164 100 1048576 43077887 83773 21368
0b000901 0b000a01 10165 100 1048576 43077969 83773 21368
0b000901 0b000a01 10166 100 1048576 43078051 83773 21368
0b000901 0b000a01 10167 100 1048576 43078133 83773 21368
0b000201 0b000301 10160 100 1048576 43047462 121493 21368
0b000201 0b000301 10161 100 1048576 43047544 121493 21368
0b000201 0b000301 10162 100 1048576 43047626 121493 21368
0b000201 0b000301 10163 100 1048576 43047708 121493 21368
0b000401 0b000501 10164 100 1048576 43055764 120578 21368
0b000401 0b000501 10165 100 1048576 43055846 120578 21368
0b000401 0b000501 10166 100 1048576 43055928 120578 21368
0b000401 0b000501 10167 100 1048576 43056010 120578 21368
0b001f01 0b001c01 10164 100 1048576 43055764 131337 21368
0b001f01 0b001c01 10165 100 1048576 43055846 131337 21368
0b001f01 0b001c01 10166 100 1048576 43055928 131337 21368
0b001f01 0b001c01 10167 100 1048576 43056010 131337 21368
0b001301 0b001001 10164 100 1048576 43054267 134334 21368
0b001401 0b001501 10164 100 1048576 43054243 134399 21368
0b001301 0b001001 10165 100 1048576 43054349 134334 21368
0b001401 0b001501 10165 100 1048576 43054325 134399 21368
0b001301 0b001001 10166 100 1048576 43054431 134334 21368
0b001401 0b001501 10166 100 1048576 43054407 134399 21368
0b001301 0b001001 10167 100 1048576 43054513 134334 21368
0b001401 0b001501 10167 100 1048576 43054489 134399 21368
0b001c01 0b001d01 10160 100 1048576 43086839 106405 21368
0b001c01 0b001d01 10161 100 1048576 43086921 106405 21368
0b001c01 0b001d01 10162 100 1048576 43087003 106405 21368
0b001c01 0b001d01 10163 100 1048576 43087085 106405 21368
0b001001 0b001101 10160 100 1048576 43094243 112309 21368
0b001001 0b001101 10161 100 1048576 43094325 112309 21368
0b001001 0b001101 10162 100 1048576 43094407 112309 21368
0b001001 0b001101 10163 100 1048576 43094489 112309 21368
0b001501 0b001601 10160 100 1048576 43094612 112965 21368
0b001501 0b001601 10161 100 1048576 43094694 112965 21368
0b001501 0b001601 10162 100 1048576 43094776 112965 21368
0b001501 0b001601 10163 100 1048576 43094858 112965 21368
0b000201 0b000301 10164 100 1048576 43093710 121493 21368
0b000201 0b000301 10165 100 1048576 43093792 121493 21368
0b000201 0b000301 10166 100 1048576 43093874 121493 21368
0b000201 0b000301 10167 100 1048576 43093956 121493 21368
0b000001 0b000101 10160 100 1048576 43081492 138549 21368
0b000001 0b000101 10161 100 1048576 43081574 138549 21368
0b000001 0b000101 10162 100 1048576 43081656 138549 21368
0b000001 0b000101 10163 100 1048576 43081738 138549 21368
0b000501 0b000601 10164 100 1048576 43135120 89677 21368
0b000501 0b000601 10165 100 1048576 43135202 89677 21368
0b000501 0b000601 10166 100 1048576 43135284 89677 21368
0b000501 0b000601 10167 100 1048576 43135366 89677 21368
0b000601 0b000701 10164 100 1048576 43152743 83773 21368
0b000601 0b000701 10165 100 1048576 43152825 83773 21368
0b000601 0b000701 10166 100 1048576 43152907 83773 21368
0b000601 0b000701 10167 100 1048576 43152989 83773 21368
0b000001 0b000101 10164 100 1048576 43110684 138549 21368
0b000001 0b000101 10165 100 1048576 43110766 138549 21368
0b000001 0b000101 10166 100 1048576 43110848 138549 21368
0b000001 0b000101 10167 100 1048576 43110930 138549 21368
0b001c01 0b001d01 10164 100 1048576 43148175 106405 21368
0b001c01 0b001d01 10165 100 1048576 43148257 106405 21368
0b001c01 0b001d01 10166 100 1048576 43148339 106405 21368
0b001c01 0b001d01 10167 100 1048576 43148421 106405 21368
0b000301 0b000001 10164 100 1048576 43174965 83773 21368
0b000301 0b000001 10165 100 1048576 43175047 83773 21368
0b000301 0b000001 10166 100 1048576 43175129 83773 21368
0b000301 0b000001 10167 100 1048576 43175211 83773 21368
0b001001 0b001101 10164 100 1048576 43149675 112309 21368
0b001001 0b001101 10165 100 1048576 43149757 112309 21368
0b001001 0b001101 10166 100 1048576 43149839 112309 21368
0b001001 0b001101 10167 100 1048576 43149921 112309 21368
0b001501 0b001601 10164 100 1048576 43149388 112965 21368
0b001501 0b001601 10165 100 1048576 43149470 112965 21368
0b001501 0b001601 10166 100 1048576 43149552 112965 21368
0b001501 0b001601 10167 100 1048576 43149634 112965 21368
0b001d01 0b001e01 10164 100 1048576 43199254 83773 21368
0b001d01 0b001e01 10165 100 1048576 43199336 83773 21368
0b001d01 0b001e01 10166 100 1048576 43199418 83773 21368
0b001d01 0b001e01 10167 100 1048576 43199500 83773 21368
0b001101 0b001201 10164 100 1048576 43212562 83773 21368
0b001101 0b001201 10165 100 1048576 43212644 83773 21368
0b001101 0b001201 10166 100 1048576 43212726 83773 21368
0b001101 0b001201 10167 100 1048576 43212808 83773 21368
0b001601 0b001701 10164 100 1048576 43213587 83773 21368
0b001601 0b001701 10165 100 1048576 43213669 83773 21368
0b001601 0b001701 10166 100 1048576 43213751 83773 21368
0b001601 0b001701 10167 100 1048576 43213833 83773 21368
0b000101 0b000201 10164 100 1048576 43226051 83773 21368
0b000101 0b000201 10165 100 1048576 43226133 83773 21368
0b000101 0b000201 10166 100 1048576 43226215 83773 21368
0b000101 0b000201 10167 100 1048576 43226297 83773 21368
0b001f01 0b001c01 10168 100 1048576 43802504 83773 21368
0b001901 0b001a01 10168 100 1048576 43802504 83773 21368
0b001b01 0b001801 10168 100 1048576 43802504 83773 21368
0b001f01 0b001c01 10169 100 1048576 43802504 83855 21368
0b001901 0b001a01 10169 100 1048576 43802504 83855 21368
0b001b01 0b001801 10169 100 1048576 43802504 83855 21368
0b001f01 0b001c01 10170 100 1048576 43802504 83937 21368
0b001901 0b001a01 10170 100 1048576 43802504 83937 21368
0b001b01 0b001801 10170 100 1048576 43802504 83937 21368
0b001f01 0b001c01 10171 100 1048576 43802504 84019 21368
0b001901 0b001a01 10171 100 1048576 43802504 84019 21368
0b001b01 0b001801 10171 100 1048576 43802504 84019 21368
0b001a01 0b001b01 10168 100 1048576 43804001 83773 21368
0b001a01 0b001b01 10169 100 1048576 43804001 83855 21368
0b001a01 0b001b01 10170 100 1048576 43804001 83937 21368
0b001a01 0b001b01 10171 100 1048576 43804001 84019 21368
0b000d01 0b000e01 10168 100 1048576 43804720 83773 21368
0b000f01 0b000c01 10168 100 1048576 43804721 83773 21368
0b000401 0b000501 10168 100 1048576 43804744 83773 21368
0b001301 0b001001 10168 100 1048576 43804745 83773 21368
0b000b01 0b000801 10168 100 1048576 43804746 83773 21368
0b000401 0b000501 10169 100 1048576 43804744 83855 21368
0b001301 0b001001 10169 100 1048576 43804745 83855 21368
0b000401 0b000501 10170 100 1048576 43804744 83937 21368
0b001301 0b001001 10170 100 1048576 43804745 83937 21368
0b000401 0b000501 10171 100 1048576 43804744 84019 21368
0b001301 0b001001 10171 100 1048576 43804745 84019 21368
0b000d01 0b000e01 10169 100 1048576 43804720 83855 21368
0b000f01 0b000c01 10169 100 1048576 43804721 83855 21368
0b000b01 0b000801 10169 100 1048576 43804746 83855 21368
0b000d01 0b000e01 10170 100 1048576 43804720 83937 21368
0b000f01 0b000c01 10170 100 1048576 43804721 83937 21368
0b000b01 0b000801 10170 100 1048576 43804746 83937 21368
0b000d01 0b000e01 10171 100 1048576 43804720 84019 21368
0b000f01 0b000c01 10171 100 1048576 43804721 84019 21368
0b000b01 0b000801 10171 100 1048576 43804746 84019 21368
0b000e01 0b000f01 10168 100 1048576 43805692 83773 21368
0b000e01 0b000f01 10169 100 1048576 43805692 83855 21368
0b001801 0b001901 10168 100 1048576 43806201 83773 21368
0b000e01 0b000f01 10170 100 1048576 43805692 83937 21368
0b000e01 0b000f01 10171 100 1048576 43805692 84019 21368
0b000c01 0b000d01 10168 100 1048576 43806102 83773 21368
0b000c01 0b000d01 10169 100 1048576 43806102 83855 21368
0b000801 0b000901 10168 100 1048576 43806239 83773 21368
0b000c01 0b000d01 10170 100 1048576 43806102 83937 21368
0b001801 0b001901 10169 100 1048576 43806201 83855 21368
0b000801 0b000901 10169 100 1048576 43806239 83855 21368
0b000c01 0b000d01 10171 100 1048576 43806102 84019 21368
0b001801 0b001901 10170 100 1048576 43806201 83937 21368
0b000801 0b000901 10170 100 1048576 43806239 83937 21368
0b001801 0b001901 10171 100 1048576 43806201 84019 21368
0b000801 0b000901 10171 100 1048576 43806239 84019 21368
0b001401 0b001501 10168 100 1048576 43818115 83773 21368
0b001401 0b001501 10169 100 1048576 43818115 83855 21368
0b001401 0b001501 10170 100 1048576 43818115 83937 21368
0b001401 0b001501 10171 100 1048576 43818115 84019 21368
0b000901 0b000a01 10168 100 1048576 43817302 88693 21368
0b000901 0b000a01 10169 100 1048576 43817302 88775 21368
0b000901 0b000a01 10170 100 1048576 43817302 88857 21368
0b000901 0b000a01 10171 100 1048576 43817302 88939 21368
0b000a01 0b000b01 10168 100 1048576 43828365 83773 21368
0b000a01 0b000b01 10169 100 1048576 43828365 83855 21368
0b000a01 0b000b01 10170 100 1048576 43828365 83937 21368
0b000a01 0b000b01 10171 100 1048576 43828365 84019 21368
0b000501 0b000601 10168 100 1048576 43843047 115917 21368
0b000501 0b000601 10169 100 1048576 43843047 115999 21368
0b000501 0b000601 10170 100 1048576 43843047 116081 21368
0b000501 0b000601 10171 100 1048576 43843047 116163 21368
0b000301 0b000001 10168 100 1048576 43881908 83773 21368
0b000301 0b000001 10169 100 1048576 43881908 83855 21368
0b000301 0b000001 10170 100 1048576 43881908 83937 21368
0b000301 0b000001 10171 100 1048576 43881908 84019 21368
0b001501 0b001601 10168 100 1048576 43855347 114933 21368
0b001501 0b001601 10169 100 1048576 43855347 115015 21368
0b001501 0b001601 10170 100 1048576 43855347 115097 21368
0b001501 0b001601 10171 100 1048576 43855347 115179 21368
0b001a01 0b001b01 10172 100 1048576 43892317 83773 21368
0b001801 0b001901 10172 100 1048576 43892317 83773 21368
0b001a01 0b001b01 10173 100 1048576 43892399 83773 21368
0b001801 0b001901 10173 100 1048576 43892399 83773 21368
0b001a01 0b001b01 10174 100 1048576 43892481 83773 21368
0b001801 0b001901 10174 100 1048576 43892481 83773 21368
0b001a01 0b001b01 10175 100 1048576 43892563 83773 21368
0b001801 0b001901 10175 100 1048576 43892563 83773 21368
0b001b01 0b001801 10172 100 1048576 43893814 83773 21368
0b001b01 0b001801 10173 100 1048576 43893896 83773 21368
0b001b01 0b001801 10174 100 1048576 43893978 83773 21368
0b001b01 0b001801 10175 100 1048576 43894060 83773 21368
0b000e01 0b000f01 10172 100 1048576 43894533 83773 21368
0b000c01 0b000d01 10172 100 1048576 43894534 83773 21368
0b000801 0b000901 10172 100 1048576 43894559 83773 21368
0b000e01 0b000f01 10173 100 1048576 43894615 83773 21368
0b000c01 0b000d01 10173 100 1048576 43894616 83773 21368
0b000801 0b000901 10173 100 1048576 43894641 83773 21368
0b000e01 0b000f01 10174 100 1048576 43894697 83773 21368
0b000c01 0b000d01 10174 100 1048576 43894698 83773 21368
0b000801 0b000901 10174 100 1048576 43894723 83773 21368
0b000e01 0b000f01 10175 100 1048576 43894779 83773 21368
0b000c01 0b000d01 10175 100 1048576 43894780 83773 21368
0b000801 0b000901 10175 100 1048576 43894805 83773 21368
0b000f01 0b000c01 10172 100 1048576 43895505 83773 21368
0b000f01 0b000c01 10173 100 1048576 43895587 83773 21368
0b000f01 0b000c01 10174 100 1048576 43895669 83773 21368
0b000f01 0b000c01 10175 100 1048576 43895751 83773 21368
0b001901 0b001a01 10172 100 1048576 43896014 83773 21368
0b000d01 0b000e01 10172 100 1048576 43895915 83773 21368
0b001901 0b001a01 10173 100 1048576 43896096 83773 21368
0b000d01 0b000e01 10173 100 1048576 43895997 83773 21368
0b000d01 0b000e01 10174 100 1048576 43896079 83773 21368
0b000d01 0b000e01 10175 100 1048576 43896161 83773 21368
0b001901 0b001a01 10174 100 1048576 43896178 83773 21368
0b001901 0b001a01 10175 100 1048576 43896260 83773 21368
0b001c01 0b001d01 10168 100 1048576 43853806 129037 21368
0b001c01 0b001d01 10169 100 1048576 43853806 129119 21368
0b001c01 0b001d01 10170 100 1048576 43853806 129201 21368
0b001c01 0b001d01 10171 100 1048576 43853806 129283 21368
0b001001 0b001101 10168 100 1048576 43855306 128381 21368
0b001001 0b001101 10169 100 1048576 43855306 128463 21368
0b001001 0b001101 10170 100 1048576 43855306 128545 21368
0b001001 0b001101 10171 100 1048576 43855306 128627 21368
0b000601 0b000701 10168 100 1048576 43891502 93941 21368
0b000901 0b000a01 10172 100 1048576 43896052 89647 21368
0b000601 0b000701 10169 100 1048576 43891502 94023 21368
0b000901 0b000a01 10173 100 1048576 43896134 89647 21368
0b000601 0b000701 10170 100 1048576 43891502 94105 21368
0b000901 0b000a01 10174 100 1048576 43896216 89647 21368
0b000601 0b000701 10171 100 1048576 43891502 94187 21368
0b000901 0b000a01 10175 100 1048576 43896298 89647 21368
0b000701 0b000401 10168 100 1048576 43903221 83773 21368
0b000701 0b000401 10169 100 1048576 43903221 83855 21368
0b000701 0b000401 10170 100 1048576 43903221 83937 21368
0b000701 0b000401 10171 100 1048576 43903221 84019 21368
0b000101 0b000201 10168 100 1048576 43915938 83773 21368
0b000101 0b000201 10169 100 1048576 43915938 83855 21368
0b000101 0b000201 10170 100 1048576 43915938 83937 21368
0b000101 0b000201 10171 100 1048576 43915938 84019 21368
0b000a01 0b000b01 10172 100 1048576 43912035 88335 21368
0b000a01 0b000b01 10173 100 1048576 43912117 88335 21368
0b000a01 0b000b01 10174 100 1048576 43912199 88335 21368
0b000a01 0b000b01 10175 100 1048576 43912281 88335 21368
0b000b01 0b000801 10172 100 1048576 43918178 83773 21368
0b000b01 0b000801 10173 100 1048576 43918260 83773 21368
0b000b01 0b000801 10174 100 1048576 43918342 83773 21368
0b000b01 0b000801 10175 100 1048576 43918424 83773 21368
0b000501 0b000601 10172 100 1048576 43894557 116231 21368
0b000501 0b000601 10173 100 1048576 43894639 116231 21368
0b000501 0b000601 10174 100 1048576 43894721 116231 21368
0b000501 0b000601 10175 100 1048576 43894803 116231 21368
0b001d01 0b001e01 10168 100 1048576 43921285 99845 21368
0b001d01 0b001e01 10169 100 1048576 43921285 99927 21368
0b001d01 0b001e01 10170 100 1048576 43921285 100009 21368
0b001d01 0b001e01 10171 100 1048576 43921285 100091 21368
0b001c01 0b001d01 10172 100 1048576 43892317 129230 21368
0b001c01 0b001d01 10173 100 1048576 43892399 129230 21368
0b001c01 0b001d01 10174 100 1048576 43892481 129230 21368
0b001c01 0b001d01 10175 100 1048576 43892563 129230 21368
0b001001 0b001101 10172 100 1048576 43894558 128489 21368
0b001501 0b001601 10172 100 1048576 43907928 115160 21368
0b001001 0b001101 10173 100 1048576 43894640 128489 21368
0b001501 0b001601 10173 100 1048576 43908010 115160 21368
0b001001 0b001101 10174 100 1048576 43894722 128489 21368
0b001501 0b001601 10174 100 1048576 43908092 115160 21368
0b001001 0b001101 10175 100 1048576 43894804 128489 21368
0b001501 0b001601 10175 100 1048576 43908174 115160 21368
0b001101 0b001201 10168 100 1048576 43928689 109357 21368
0b001101 0b001201 10169 100 1048576 43928689 109439 21368
0b001101 0b001201 10170 100 1048576 43928689 109521 21368
0b001101 0b001201 10171 100 1048576 43928689 109603 21368
0b001e01 0b001f01 10168 100 1048576 43949732 90005 21368
0b001e01 0b001f01 10169 100 1048576 43949732 90087 21368
0b001e01 0b001f01 10170 100 1048576 43949732 90169 21368
0b001e01 0b001f01 10171 100 1048576 43949732 90251 21368
0b000001 0b000101 10168 100 1048576 43925443 121165 21368
0b000001 0b000101 10169 100 1048576 43925443 121247 21368
0b000001 0b000101 10170 100 1048576 43925443 121329 21368
0b000001 0b000101 10171 100 1048576 43925443 121411 21368
0b001701 0b001401 10168 100 1048576 43964065 83773 21368
0b001701 0b001401 10169 100 1048576 43964065 83855 21368
0b001701 0b001401 10170 100 1048576 43964065 83937 21368
0b001701 0b001401 10171 100 1048576 43964065 84019 21368
0b001201 0b001301 10168 100 1048576 43963040 86397 21368
0b001201 0b001301 10169 100 1048576 43963040 86479 21368
0b001201 0b001301 10170 100 1048576 43963040 86561 21368
0b001201 0b001301 10171 100 1048576 43963040 86643 21368
0b001601 0b001701 10168 100 1048576 43929058 130349 21368
0b001601 0b001701 10169 100 1048576 43929058 130431 21368
0b001601 0b001701 10170 100 1048576 43929058 130513 21368
0b001601 0b001701 10171 100 1048576 43929058 130595 21368
0b001b01 0b001801 10176 100 1048576 43982130 83773 21368
0b001901 0b001a01 10176 100 1048576 43982130 83773 21368
0b001b01 0b001801 10177 100 1048576 43982212 83773 21368
0b001901 0b001a01 10177 100 1048576 43982212 83773 21368
0b001b01 0b001801 10178 100 1048576 43982294 83773 21368
0b001901 0b001a01 10178 100 1048576 43982294 83773 21368
0b001b01 0b001801 10179 100 1048576 43982376 83773 21368
0b001901 0b001a01 10179 100 1048576 43982376 83773 21368
0b001801 0b001901 10176 100 1048576 43983627 83773 21368
0b001801 0b001901 10177 100 1048576 43983709 83773 21368
0b001801 0b001901 10178 100 1048576 43983791 83773 21368
0b001801 0b001901 10179 100 1048576 43983873 83773 21368
0b000f01 0b000c01 10176 100 1048576 43984346 83773 21368
0b000d01 0b000e01 10176 100 1048576 43984347 83773 21368
0b000f01 0b000c01 10177 100 1048576 43984428 83773 21368
0b000d01 0b000e01 10177 100 1048576 43984429 83773 21368
0b000f01 0b000c01 10178 100 1048576 43984510 83773 21368
0b000d01 0b000e01 10178 100 1048576 43984511 83773 21368
0b000f01 0b000c01 10179 100 1048576 43984592 83773 21368
0b000d01 0b000e01 10179 100 1048576 43984593 83773 21368
0b000901 0b000a01 10176 100 1048576 43984372 84639 21368
0b000c01 0b000d01 10176 100 1048576 43985318 83773 21368
0b000901 0b000a01 10177 100 1048576 43984454 84639 21368
0b000c01 0b000d01 10177 100 1048576 43985400 83773 21368
0b000901 0b000a01 10178 100 1048576 43984536 84639 21368
0b000c01 0b000d01 10178 100 1048576 43985482 83773 21368
0b000901 0b000a01 10179 100 1048576 43984618 84639 21368
0b000c01 0b000d01 10179 100 1048576 43985564 83773 21368
0b001a01 0b001b01 10176 100 1048576 43985827 83773 21368
0b001a01 0b001b01 10177 100 1048576 43985909 83773 21368
0b000e01 0b000f01 10176 100 1048576 43985728 83773 21368
0b000e01 0b000f01 10177 100 1048576 43985810 83773 21368
0b000e01 0b000f01 10178 100 1048576 43985892 83773 21368
0b001a01 0b001b01 10178 100 1048576 43985991 83773 21368
0b000e01 0b000f01 10179 100 1048576 43985974 83773 21368
0b001a01 0b001b01 10179 100 1048576 43986073 83773 21368
0b000701 0b000401 10172 100 1048576 43991483 83773 21368
0b000701 0b000401 10173 100 1048576 43991565 83773 21368
0b000701 0b000401 10174 100 1048576 43991647 83773 21368
0b000701 0b000401 10175 100 1048576 43991729 83773 21368
0b000401 0b000501 10172 100 1048576 43993034 83773 21368
0b000401 0b000501 10173 100 1048576 43993116 83773 21368
0b000401 0b000501 10174 100 1048576 43993198 83773 21368
0b000401 0b000501 10175 100 1048576 43993280 83773 21368
0b000a01 0b000b01 10176 100 1048576 43991739 92927 21368
0b000a01 0b000b01 10177 100 1048576 43991821 92927 21368
0b000a01 0b000b01 10178 100 1048576 43991903 92927 21368
0b000a01 0b000b01 10179 100 1048576 43991985 92927 21368
0b000b01 0b000801 10176 100 1048576 44006410 83773 21368
0b000b01 0b000801 10177 100 1048576 44006492 83773 21368
0b000b01 0b000801 10178 100 1048576 44006574 83773 21368
0b000b01 0b000801 10179 100 1048576 44006656 83773 21368
0b000801 0b000901 10176 100 1048576 44007991 83773 21368
0b000801 0b000901 10177 100 1048576 44008073 83773 21368
0b000801 0b000901 10178 100 1048576 44008155 83773 21368
0b000801 0b000901 10179 100 1048576 44008237 83773 21368
0b000001 0b000101 10172 100 1048576 43971721 121463 21368
0b000001 0b000101 10173 100 1048576 43971803 121463 21368
0b000001 0b000101 10174 100 1048576 43971885 121463 21368
0b000001 0b000101 10175 100 1048576 43971967 121463 21368
0b000601 0b000701 10172 100 1048576 43965004 136551 21368
0b000601 0b000701 10173 100 1048576 43965086 136551 21368
0b000601 0b000701 10174 100 1048576 43965168 136551 21368
0b000601 0b000701 10175 100 1048576 43965250 136551 21368
0b000201 0b000301 10168 100 1048576 43976529 138221 21368
0b000201 0b000301 10169 100 1048576 43976529 138303 21368
0b000201 0b000301 10170 100 1048576 43976529 138385 21368
0b000201 0b000301 10171 100 1048576 43976529 138467 21368
0b001e01 0b001f01 10172 100 1048576 44027170 90303 21368
0b001e01 0b001f01 10173 100 1048576 44027252 90303 21368
0b001e01 0b001f01 10174 100 1048576 44027334 90303 21368
0b001e01 0b001f01 10175 100 1048576 44027416 90303 21368
0b001201 0b001301 10172 100 1048576 44044086 86695 21368
0b001201 0b001301 10173 100 1048576 44044168 86695 21368
0b001201 0b001301 10174 100 1048576 44044250 86695 21368
0b001201 0b001301 10175 100 1048576 44044332 86695 21368
0b001f01 0b001c01 10172 100 1048576 44045777 90005 21368
0b001f01 0b001c01 10173 100 1048576 44045859 90005 21368
0b001f01 0b001c01 10174 100 1048576 44045941 90005 21368
0b001f01 0b001c01 10175 100 1048576 44046023 90005 21368
0b001401 0b001501 10172 100 1048576 44053878 83773 21368
0b001401 0b001501 10173 100 1048576 44053960 83773 21368
0b001401 0b001501 10174 100 1048576 44054042 83773 21368
0b001401 0b001501 10175 100 1048576 44054124 83773 21368
0b001301 0b001001 10172 100 1048576 44055477 86397 21368
0b001301 0b001001 10173 100 1048576 44055559 86397 21368
0b001301 0b001001 10174 100 1048576 44055641 86397 21368
0b001301 0b001001 10175 100 1048576 44055723 86397 21368
0b000601 0b000701 10176 100 1048576 44016828 126383 21368
0b000601 0b000701 10177 100 1048576 44016910 126383 21368
0b000601 0b000701 10178 100 1048576 44016992 126383 21368
0b000601 0b000701 10179 100 1048576 44017074 126383 21368
0b000201 0b000301 10172 100 1048576 44005751 138519 21368
0b000201 0b000301 10173 100 1048576 44005833 138519 21368
0b000201 0b000301 10174 100 1048576 44005915 138519 21368
0b000201 0b000301 10175 100 1048576 44005997 138519 21368
0b001701 0b001401 10172 100 1048576 44065447 83773 21368
0b001701 0b001401 10173 100 1048576 44065529 83773 21368
0b001701 0b001401 10174 100 1048576 44065611 83773 21368
0b001701 0b001401 10175 100 1048576 44065693 83773 21368
0b001d01 0b001e01 10172 100 1048576 43988883 161479 21368
0b001d01 0b001e01 10173 100 1048576 43988965 161479 21368
0b001d01 0b001e01 10174 100 1048576 43989047 161479 21368
0b001d01 0b001e01 10175 100 1048576 43989129 161479 21368
0b001601 0b001701 10172 100 1048576 43976320 177879 21368
0b001601 0b001701 10173 100 1048576 43976402 177879 21368
0b001601 0b001701 10174 100 1048576 43976484 177879 21368
0b001601 0b001701 10175 100 1048576 43976566 177879 21368
0b001801 0b001901 10180 100 1048576 44072261 83773 21368
0b001a01 0b001b01 10180 100 1048576 44072261 83773 21368
0b001801 0b001901 10181 100 1048576 44072261 83855 21368
0b001a01 0b001b01 10181 100 1048576 44072261 83855 21368
0b001801 0b001901 10182 100 1048576 44072261 83937 21368
0b001a01 0b001b01 10182 100 1048576 44072261 83937 21368
0b001801 0b001901 10183 100 1048576 44072261 84019 21368
0b001a01 0b001b01 10183 100 1048576 44072261 84019 21368
0b001901 0b001a01 10180 100 1048576 44073758 83773 21368
0b001901 0b001a01 10181 100 1048576 44073758 83855 21368
0b001901 0b001a01 10182 100 1048576 44073758 83937 21368
0b001901 0b001a01 10183 100 1048576 44073758 84019 21368
0b000c01 0b000d01 10180 100 1048576 44074477 83773 21368
0b000e01 0b000f01 10180 100 1048576 44074478 83773 21368
0b000c01 0b000d01 10181 100 1048576 44074477 83855 21368
0b000e01 0b000f01 10181 100 1048576 44074478 83855 21368
0b000c01 0b000d01 10182 100 1048576 44074477 83937 21368
0b000e01 0b000f01 10182 100 1048576 44074478 83937 21368
0b000c01 0b000d01 10183 100 1048576 44074477 84019 21368
0b000e01 0b000f01 10183 100 1048576 44074478 84019 21368
0b000d01 0b000e01 10180 100 1048576 44075449 83773 21368
0b000d01 0b000e01 10181 100 1048576 44075449 83855 21368
0b000d01 0b000e01 10182 100 1048576 44075449 83937 21368
0b000d01 0b000e01 10183 100 1048576 44075449 84019 21368
0b000f01 0b000c01 10180 100 1048576 44075859 83773 21368
0b001b01 0b001801 10180 100 1048576 44075958 83773 21368
0b000f01 0b000c01 10181 100 1048576 44075859 83855 21368
0b001b01 0b001801 10181 100 1048576 44075958 83855 21368
0b000f01 0b000c01 10182 100 1048576 44075859 83937 21368
0b001b01 0b001801 10182 100 1048576 44075958 83937 21368
0b000f01 0b000c01 10183 100 1048576 44075859 84019 21368
0b001b01 0b001801 10183 100 1048576 44075958 84019 21368
0b001101 0b001201 10172 100 1048576 43989727 170663 21368
0b001101 0b001201 10173 100 1048576 43989809 170663 21368
0b001101 0b001201 10174 100 1048576 43989891 170663 21368
0b001101 0b001201 10175 100 1048576 43989973 170663 21368
0b000a01 0b000b01 10180 100 1048576 44075369 88673 21368
0b000a01 0b000b01 10181 100 1048576 44075369 88755 21368
0b000a01 0b000b01 10182 100 1048576 44075369 88837 21368
0b000a01 0b000b01 10183 100 1048576 44075369 88919 21368
0b000401 0b000501 10176 100 1048576 44081296 83773 21368
0b000401 0b000501 10177 100 1048576 44081378 83773 21368
0b000401 0b000501 10178 100 1048576 44081460 83773 21368
0b000401 0b000501 10179 100 1048576 44081542 83773 21368
0b000501 0b000601 10176 100 1048576 44082847 83773 21368
0b000501 0b000601 10177 100 1048576 44082929 83773 21368
0b000501 0b000601 10178 100 1048576 44083011 83773 21368
0b000501 0b000601 10179 100 1048576 44083093 83773 21368
0b001d01 0b001e01 10176 100 1048576 44027587 145407 21368
0b001d01 0b001e01 10177 100 1048576 44027669 145407 21368
0b001d01 0b001e01 10178 100 1048576 44027751 145407 21368
0b001d01 0b001e01 10179 100 1048576 44027833 145407 21368
0b000101 0b000201 10172 100 1048576 44052648 121165 21368
0b000101 0b000201 10173 100 1048576 44052730 121165 21368
0b000101 0b000201 10174 100 1048576 44052812 121165 21368
0b000101 0b000201 10175 100 1048576 44052894 121165 21368
0b000b01 0b000801 10180 100 1048576 44091024 88693 21368
0b000b01 0b000801 10181 100 1048576 44091024 88775 21368
0b000b01 0b000801 10182 100 1048576 44091024 88857 21368
0b000b01 0b000801 10183 100 1048576 44091024 88939 21368
0b000801 0b000901 10180 100 1048576 44096541 83773 21368
0b001101 0b001201 10176 100 1048576 44029087 151311 21368
0b000801 0b000901 10181 100 1048576 44096541 83855 21368
0b001101 0b001201 10177 100 1048576 44029169 151311 21368
0b000801 0b000901 10182 100 1048576 44096541 83937 21368
0b000801 0b000901 10183 100 1048576 44096541 84019 21368
0b001101 0b001201 10178 100 1048576 44029251 151311 21368
0b001101 0b001201 10179 100 1048576 44029333 151311 21368
0b001601 0b001701 10176 100 1048576 44029128 151639 21368
0b001601 0b001701 10177 100 1048576 44029210 151639 21368
0b001601 0b001701 10178 100 1048576 44029292 151639 21368
0b001601 0b001701 10179 100 1048576 44029374 151639 21368
0b000901 0b000a01 10180 100 1048576 44098122 83773 21368
0b000901 0b000a01 10181 100 1048576 44098122 83855 21368
0b000901 0b000a01 10182 100 1048576 44098122 83937 21368
0b000901 0b000a01 10183 100 1048576 44098122 84019 21368
0b001f01 0b001c01 10176 100 1048576 44123513 90005 21368
0b001f01 0b001c01 10177 100 1048576 44123595 90005 21368
0b001f01 0b001c01 10178 100 1048576 44123677 90005 21368
0b001f01 0b001c01 10179 100 1048576 44123759 90005 21368
0b000101 0b000201 10176 100 1048576 44099224 121165 21368
0b000101 0b000201 10177 100 1048576 44099306 121165 21368
0b000101 0b000201 10178 100 1048576 44099388 121165 21368
0b000101 0b000201 10179 100 1048576 44099470 121165 21368
0b001301 0b001001 10176 100 1048576 44136821 86397 21368
0b001301 0b001001 10177 100 1048576 44136903 86397 21368
0b001301 0b001001 10178 100 1048576 44136985 86397 21368
0b001301 0b001001 10179 100 1048576 44137067 86397 21368
0b001501 0b001601 10176 100 1048576 44143691 83773 21368
0b001501 0b001601 10177 100 1048576 44143773 83773 21368
0b001501 0b001601 10178 100 1048576 44143855 83773 21368
0b001501 0b001601 10179 100 1048576 44143937 83773 21368
0b001c01 0b001d01 10176 100 1048576 44141822 89677 21368
0b001c01 0b001d01 10177 100 1048576 44141904 89677 21368
0b001c01 0b001d01 10178 100 1048576 44141986 89677 21368
0b001c01 0b001d01 10179 100 1048576 44142068 89677 21368
0b000701 0b000401 10176 100 1048576 44107595 125757 21368
0b000701 0b000401 10177 100 1048576 44107677 125757 21368
0b000701 0b000401 10178 100 1048576 44107759 125757 21368
0b000701 0b000401 10179 100 1048576 44107841 125757 21368
0b001001 0b001101 10176 100 1048576 44147914 86069 21368
0b001001 0b001101 10177 100 1048576 44147996 86069 21368
0b001001 0b001101 10178 100 1048576 44148078 86069 21368
0b001001 0b001101 10179 100 1048576 44148160 86069 21368
0b001401 0b001501 10176 100 1048576 44155260 83773 21368
0b001401 0b001501 10177 100 1048576 44155342 83773 21368
0b001401 0b001501 10178 100 1048576 44155424 83773 21368
0b001401 0b001501 10179 100 1048576 44155506 83773 21368
0b001901 0b001a01 10184 100 1048576 44162044 83773 21368
0b001b01 0b001801 10184 100 1048576 44162044 83773 21368
0b001901 0b001a01 10185 100 1048576 44162126 83773 21368
0b001b01 0b001801 10185 100 1048576 44162126 83773 21368
0b001901 0b001a01 10186 100 1048576 44162208 83773 21368
0b001b01 0b001801 10186 100 1048576 44162208 83773 21368
0b001901 0b001a01 10187 100 1048576 44162290 83773 21368
0b001b01 0b001801 10187 100 1048576 44162290 83773 21368
0b001a01 0b001b01 10184 100 1048576 44163541 83773 21368
0b001a01 0b001b01 10185 100 1048576 44163623 83773 21368
0b001a01 0b001b01 10186 100 1048576 44163705 83773 21368
0b001a01 0b001b01 10187 100 1048576 44163787 83773 21368
0b000d01 0b000e01 10184 100 1048576 44164260 83773 21368
0b000f01 0b000c01 10184 100 1048576 44164261 83773 21368
0b000d01 0b000e01 10185 100 1048576 44164342 83773 21368
0b000f01 0b000c01 10185 100 1048576 44164343 83773 21368
0b000d01 0b000e01 10186 100 1048576 44164424 83773 21368
0b000f01 0b000c01 10186 100 1048576 44164425 83773 21368
0b000d01 0b000e01 10187 100 1048576 44164506 83773 21368
0b000f01 0b000c01 10187 100 1048576 44164507 83773 21368
0b000e01 0b000f01 10184 100 1048576 44165232 83773 21368
0b000e01 0b000f01 10185 100 1048576 44165314 83773 21368
0b000e01 0b000f01 10186 100 1048576 44165396 83773 21368
0b000e01 0b000f01 10187 100 1048576 44165478 83773 21368
0b001801 0b001901 10184 100 1048576 44165741 83773 21368
0b001801 0b001901 10185 100 1048576 44165823 83773 21368
0b001801 0b001901 10186 100 1048576 44165905 83773 21368
0b000c01 0b000d01 10184 100 1048576 44165642 83773 21368
0b000c01 0b000d01 10185 100 1048576 44165724 83773 21368
0b000c01 0b000d01 10186 100 1048576 44165806 83773 21368
0b000c01 0b000d01 10187 100 1048576 44165888 83773 21368
0b001801 0b001901 10187 100 1048576 44165987 83773 21368
0b000501 0b000601 10180 100 1048576 44171427 83773 21368
0b000501 0b000601 10181 100 1048576 44171427 83855 21368
0b000501 0b000601 10182 100 1048576 44171427 83937 21368
0b000501 0b000601 10183 100 1048576 44171427 84019 21368
0b000601 0b000701 10180 100 1048576 44172978 83773 21368
0b000601 0b000701 10181 100 1048576 44172978 83855 21368
0b000601 0b000701 10182 100 1048576 44172978 83937 21368
0b000601 0b000701 10183 100 1048576 44172978 84019 21368
0b000b01 0b000801 10184 100 1048576 44170052 88713 21368
0b000b01 0b000801 10185 100 1048576 44170134 88713 21368
0b000b01 0b000801 10186 100 1048576 44170216 88713 21368
0b000301 0b000001 10172 100 1048576 44120790 138221 21368
0b000b01 0b000801 10187 100 1048576 44170298 88713 21368
0b000301 0b000001 10173 100 1048576 44120872 138221 21368
0b000301 0b000001 10174 100 1048576 44120954 138221 21368
0b000301 0b000001 10175 100 1048576 44121036 138221 21368
0b000901 0b000a01 10184 100 1048576 44186324 83773 21368
0b000901 0b000a01 10185 100 1048576 44186406 83773 21368
0b000901 0b000a01 10186 100 1048576 44186488 83773 21368
0b000901 0b000a01 10187 100 1048576 44186570 83773 21368
0b000a01 0b000b01 10184 100 1048576 44187905 83773 21368
0b000a01 0b000b01 10185 100 1048576 44187987 83773 21368
0b000a01 0b000b01 10186 100 1048576 44188069 83773 21368
0b000a01 0b000b01 10187 100 1048576 44188151 83773 21368
0b000801 0b000901 10184 100 1048576 44185727 88693 21368
0b000801 0b000901 10185 100 1048576 44185809 88693 21368
0b000801 0b000901 10186 100 1048576 44185891 88693 21368
0b000801 0b000901 10187 100 1048576 44185973 88693 21368
0b000701 0b000401 10180 100 1048576 44149569 138231 21368
0b000701 0b000401 10181 100 1048576 44149569 138313 21368
0b000701 0b000401 10182 100 1048576 44149569 138395 21368
0b000701 0b000401 10183 100 1048576 44149569 138477 21368
0b000301 0b000001 10176 100 1048576 44150310 138221 21368
0b000301 0b000001 10177 100 1048576 44150392 138221 21368
0b000301 0b000001 10178 100 1048576 44150474 138221 21368
0b000301 0b000001 10179 100 1048576 44150556 138221 21368
0b000201 0b000301 10176 100 1048576 44179853 120837 21368
0b000201 0b000301 10177 100 1048576 44179935 120837 21368
0b000201 0b000301 10178 100 1048576 44180017 120837 21368
0b000201 0b000301 10179 100 1048576 44180099 120837 21368
0b001701 0b001401 10176 100 1048576 44160239 140845 21368
0b001701 0b001401 10177 100 1048576 44160321 140845 21368
0b001701 0b001401 10178 100 1048576 44160403 140845 21368
0b001701 0b001401 10179 100 1048576 44160485 140845 21368
0b001e01 0b001f01 10176 100 1048576 44156402 144781 21368
0b001e01 0b001f01 10177 100 1048576 44156484 144781 21368
0b001e01 0b001f01 10178 100 1048576 44156566 144781 21368
0b001e01 0b001f01 10179 100 1048576 44156648 144781 21368
0b001c01 0b001d01 10180 100 1048576 44219876 89687 21368
0b001c01 0b001d01 10181 100 1048576 44219876 89769 21368
0b001c01 0b001d01 10182 100 1048576 44219876 89851 21368
0b001c01 0b001d01 10183 100 1048576 44219876 89933 21368
0b001201 0b001301 10176 100 1048576 44166430 147405 21368
0b001201 0b001301 10177 100 1048576 44166512 147405 21368
0b001201 0b001301 10178 100 1048576 44166594 147405 21368
0b001201 0b001301 10179 100 1048576 44166676 147405 21368
0b001001 0b001101 10180 100 1048576 44229576 86079 21368
0b001001 0b001101 10181 100 1048576 44229576 86161 21368
0b001001 0b001101 10182 100 1048576 44229576 86243 21368
0b001001 0b001101 10183 100 1048576 44229576 86325 21368
0b001601 0b001701 10180 100 1048576 44233822 83773 21368
0b001601 0b001701 10181 100 1048576 44233822 83855 21368
0b001601 0b001701 10182 100 1048576 44233822 83937 21368
0b001601 0b001701 10183 100 1048576 44233822 84019 21368
0b001e01 0b001f01 10180 100 1048576 44179352 144791 21368
0b001e01 0b001f01 10181 100 1048576 44179352 144873 21368
0b001e01 0b001f01 10182 100 1048576 44179352 144955 21368
0b001e01 0b001f01 10183 100 1048576 44179352 145037 21368
0b001101 0b001201 10180 100 1048576 44240341 86397 21368
0b001101 0b001201 10181 100 1048576 44240341 86479 21368
0b001101 0b001201 10182 100 1048576 44240341 86561 21368
0b001101 0b001201 10183 100 1048576 44240341 86643 21368
0b001d01 0b001e01 10180 100 1048576 44237857 90005 21368
0b001d01 0b001e01 10181 100 1048576 44237857 90087 21368
0b001d01 0b001e01 10182 100 1048576 44237857 90169 21368
0b001d01 0b001e01 10183 100 1048576 44237857 90251 21368
0b001501 0b001601 10180 100 1048576 44245391 83773 21368
0b001501 0b001601 10181 100 1048576 44245391 83855 21368
0b001501 0b001601 10182 100 1048576 44245391 83937 21368
0b001501 0b001601 10183 100 1048576 44245391 84019 21368
0b001701 0b001401 10180 100 1048576 44187125 145119 21368
0b001701 0b001401 10181 100 1048576 44187125 145201 21368
0b001701 0b001401 10182 100 1048576 44187125 145283 21368
0b001701 0b001401 10183 100 1048576 44187125 145365 21368
0b001201 0b001301 10180 100 1048576 44186756 148727 21368
0b001201 0b001301 10181 100 1048576 44186756 148809 21368
0b001201 0b001301 10182 100 1048576 44186756 148891 21368
0b001a01 0b001b01 10188 100 1048576 44251827 83773 21368
0b001801 0b001901 10188 100 1048576 44251827 83773 21368
0b001201 0b001301 10183 100 1048576 44186756 148973 21368
0b001a01 0b001b01 10189 100 1048576 44251909 83773 21368
0b001801 0b001901 10189 100 1048576 44251909 83773 21368
0b001a01 0b001b01 10190 100 1048576 44251991 83773 21368
0b001801 0b001901 10190 100 1048576 44251991 83773 21368
0b001a01 0b001b01 10191 100 1048576 44252073 83773 21368
0b001801 0b001901 10191 100 1048576 44252073 83773 21368
0b001b01 0b001801 10188 100 1048576 44253324 83773 21368
0b001b01 0b001801 10189 100 1048576 44253406 83773 21368
0b001b01 0b001801 10190 100 1048576 44253488 83773 21368
0b001b01 0b001801 10191 100 1048576 44253570 83773 21368
0b000e01 0b000f01 10188 100 1048576 44254043 83773 21368
0b000c01 0b000d01 10188 100 1048576 44254044 83773 21368
0b000e01 0b000f01 10189 100 1048576 44254125 83773 21368
0b000c01 0b000d01 10189 100 1048576 44254126 83773 21368
0b000e01 0b000f01 10190 100 1048576 44254207 83773 21368
0b000c01 0b000d01 10190 100 1048576 44254208 83773 21368
0b000e01 0b000f01 10191 100 1048576 44254289 83773 21368
0b000c01 0b000d01 10191 100 1048576 44254290 83773 21368
0b000f01 0b000c01 10188 100 1048576 44255015 83773 21368
0b000f01 0b000c01 10189 100 1048576 44255097 83773 21368
0b000f01 0b000c01 10190 100 1048576 44255179 83773 21368
0b000f01 0b000c01 10191 100 1048576 44255261 83773 21368
0b000d01 0b000e01 10188 100 1048576 44255425 83773 21368
0b001901 0b001a01 10188 100 1048576 44255524 83773 21368
0b000d01 0b000e01 10189 100 1048576 44255507 83773 21368
0b001901 0b001a01 10189 100 1048576 44255606 83773 21368
0b000d01 0b000e01 10190 100 1048576 44255589 83773 21368
0b001901 0b001a01 10190 100 1048576 44255688 83773 21368
0b000d01 0b000e01 10191 100 1048576 44255671 83773 21368
0b001901 0b001a01 10191 100 1048576 44255770 83773 21368
0b000601 0b000701 10184 100 1048576 44261210 83773 21368
0b000601 0b000701 10185 100 1048576 44261292 83773 21368
0b000601 0b000701 10186 100 1048576 44261374 83773 21368
0b000601 0b000701 10187 100 1048576 44261456 83773 21368
0b000201 0b000301 10180 100 1048576 44226747 120847 21368
0b000201 0b000301 10181 100 1048576 44226747 120929 21368
0b000201 0b000301 10182 100 1048576 44226747 121011 21368
0b000201 0b000301 10183 100 1048576 44226747 121093 21368
0b000401 0b000501 10180 100 1048576 44239710 113621 21368
0b000401 0b000501 10181 100 1048576 44239710 113703 21368
0b000401 0b000501 10182 100 1048576 44239710 113785 21368
0b000801 0b000901 10188 100 1048576 44264775 88693 21368
0b000801 0b000901 10189 100 1048576 44264857 88693 21368
0b000401 0b000501 10183 100 1048576 44239710 113867 21368
0b000801 0b000901 10190 100 1048576 44264939 88693 21368
0b000801 0b000901 10191 100 1048576 44265021 88693 21368
0b000a01 0b000b01 10188 100 1048576 44276107 83773 21368
0b000a01 0b000b01 10189 100 1048576 44276189 83773 21368
0b000a01 0b000b01 10190 100 1048576 44276271 83773 21368
0b000a01 0b000b01 10191 100 1048576 44276353 83773 21368
0b000b01 0b000801 10188 100 1048576 44277688 83773 21368
0b000b01 0b000801 10189 100 1048576 44277770 83773 21368
0b000b01 0b000801 10190 100 1048576 44277852 83773 21368
0b000b01 0b000801 10191 100 1048576 44277934 83773 21368
0b000701 0b000401 10184 100 1048576 44262761 104743 21368
0b000701 0b000401 10185 100 1048576 44262843 104743 21368
0b000701 0b000401 10186 100 1048576 44262925 104743 21368
0b000701 0b000401 10187 100 1048576 44263007 104743 21368
0b000901 0b000a01 10188 100 1048576 44280430 88037 21368
0b000901 0b000a01 10189 100 1048576 44280512 88037 21368
0b000901 0b000a01 10190 100 1048576 44280594 88037 21368
0b000901 0b000a01 10191 100 1048576 44280676 88037 21368
0b000001 0b000101 10176 100 1048576 44265051 137893 21368
0b000001 0b000101 10177 100 1048576 44265133 137893 21368
0b000001 0b000101 10178 100 1048576 44265215 137893 21368
0b000001 0b000101 10179 100 1048576 44265297 137893 21368
0b001d01 0b001e01 10184 100 1048576 44315573 90025 21368
0b001d01 0b001e01 10185 100 1048576 44315655 90025 21368
0b001d01 0b001e01 10186 100 1048576 44315737 90025 21368
0b001d01 0b001e01 10187 100 1048576 44315819 90025 21368
0b001101 0b001201 10184 100 1048576 44321665 86417 21368
0b001101 0b001201 10185 100 1048576 44321747 86417 21368
0b001101 0b001201 10186 100 1048576 44321829 86417 21368
0b001101 0b001201 10187 100 1048576 44321911 86417 21368
0b001701 0b001401 10184 100 1048576 44323605 88343 21368
0b001701 0b001401 10185 100 1048576 44323687 88343 21368
0b001701 0b001401 10186 100 1048576 44323769 88343 21368
0b001701 0b001401 10187 100 1048576 44323851 88343 21368
0b001601 0b001701 10184 100 1048576 44335174 83773 21368
0b001601 0b001701 10185 100 1048576 44335256 83773 21368
0b001601 0b001701 10186 100 1048576 44335338 83773 21368
0b001601 0b001701 10187 100 1048576 44335420 83773 21368
0b001201 0b001301 10184 100 1048576 44332748 89327 21368
0b001201 0b001301 10185 100 1048576 44332830 89327 21368
0b001201 0b001301 10186 100 1048576 44332912 89327 21368
0b001201 0b001301 10187 100 1048576 44332994 89327 21368
0b001e01 0b001f01 10184 100 1048576 44333872 90005 21368
0b001e01 0b001f01 10185 100 1048576 44333954 90005 21368
0b001e01 0b001f01 10186 100 1048576 44334036 90005 21368
0b001e01 0b001f01 10187 100 1048576 44334118 90005 21368
0b001b01 0b001801 10192 100 1048576 44341958 83773 21368
0b001901 0b001a01 10192 100 1048576 44341958 83773 21368
0b001b01 0b001801 10193 100 1048576 44341958 83855 21368
0b001901 0b001a01 10193 100 1048576 44341958 83855 21368
0b001b01 0b001801 10194 100 1048576 44341958 83937 21368
0b001901 0b001a01 10194 100 1048576 44341958 83937 21368
0b001b01 0b001801 10195 100 1048576 44341958 84019 21368
0b001901 0b001a01 10195 100 1048576 44341958 84019 21368
0b001801 0b001901 10192 100 1048576 44343455 83773 21368
0b001801 0b001901 10193 100 1048576 44343455 83855 21368
0b001801 0b001901 10194 100 1048576 44343455 83937 21368
0b001801 0b001901 10195 100 1048576 44343455 84019 21368
0b000f01 0b000c01 10192 100 1048576 44344174 83773 21368
0b000d01 0b000e01 10192 100 1048576 44344175 83773 21368
0b000f01 0b000c01 10193 100 1048576 44344174 83855 21368
0b000d01 0b000e01 10193 100 1048576 44344175 83855 21368
0b000f01 0b000c01 10194 100 1048576 44344174 83937 21368
0b000d01 0b000e01 10194 100 1048576 44344175 83937 21368
0b000f01 0b000c01 10195 100 1048576 44344174 84019 21368
0b000301 0b000001 10180 100 1048576 44307048 121165 21368
0b000d01 0b000e01 10195 100 1048576 44344175 84019 21368
0b000301 0b000001 10181 100 1048576 44307048 121247 21368
0b000301 0b000001 10182 100 1048576 44307048 121329 21368
0b000301 0b000001 10183 100 1048576 44307048 121411 21368
0b000c01 0b000d01 10192 100 1048576 44345146 83773 21368
0b000c01 0b000d01 10193 100 1048576 44345146 83855 21368
0b000c01 0b000d01 10194 100 1048576 44345146 83937 21368
0b000c01 0b000d01 10195 100 1048576 44345146 84019 21368
0b000e01 0b000f01 10192 100 1048576 44345556 83773 21368
0b001a01 0b001b01 10192 100 1048576 44345655 83773 21368
0b001a01 0b001b01 10193 100 1048576 44345655 83855 21368
0b001a01 0b001b01 10194 100 1048576 44345655 83937 21368
0b000e01 0b000f01 10193 100 1048576 44345556 83855 21368
0b001a01 0b001b01 10195 100 1048576 44345655 84019 21368
0b000e01 0b000f01 10194 100 1048576 44345556 83937 21368
0b000e01 0b000f01 10195 100 1048576 44345556 84019 21368
0b000001 0b000101 10180 100 1048576 44294889 137903 21368
0b000001 0b000101 10181 100 1048576 44294889 137985 21368
0b000001 0b000101 10182 100 1048576 44294889 138067 21368
0b000001 0b000101 10183 100 1048576 44294889 138149 21368
0b000401 0b000501 10184 100 1048576 44293810 147753 21368
0b000401 0b000501 10185 100 1048576 44293892 147753 21368
0b000401 0b000501 10186 100 1048576 44293974 147753 21368
0b000401 0b000501 10187 100 1048576 44294056 147753 21368
0b000501 0b000601 10184 100 1048576 44359341 83773 21368
0b000501 0b000601 10185 100 1048576 44359423 83773 21368
0b000701 0b000401 10188 100 1048576 44350993 92279 21368
0b000501 0b000601 10186 100 1048576 44359505 83773 21368
0b000701 0b000401 10189 100 1048576 44351075 92279 21368
0b000501 0b000601 10187 100 1048576 44359587 83773 21368
0b000701 0b000401 10190 100 1048576 44351157 92279 21368
0b000701 0b000401 10191 100 1048576 44351239 92279 21368
0b000901 0b000a01 10192 100 1048576 44359826 88345 21368
0b000901 0b000a01 10193 100 1048576 44359826 88427 21368
0b000901 0b000a01 10194 100 1048576 44359826 88509 21368
0b000901 0b000a01 10195 100 1048576 44359826 88591 21368
0b000b01 0b000801 10192 100 1048576 44366238 83773 21368
0b000b01 0b000801 10193 100 1048576 44366238 83855 21368
0b000b01 0b000801 10194 100 1048576 44366238 83937 21368
0b000b01 0b000801 10195 100 1048576 44366238 84019 21368
0b000801 0b000901 10192 100 1048576 44367819 83773 21368
0b000801 0b000901 10193 100 1048576 44367819 83855 21368
0b000801 0b000901 10194 100 1048576 44367819 83937 21368
0b000801 0b000901 10195 100 1048576 44367819 84019 21368
0b001401 0b001501 10180 100 1048576 44307442 150357 21368
0b001401 0b001501 10181 100 1048576 44307442 150439 21368
0b001401 0b001501 10182 100 1048576 44307442 150521 21368
0b001401 0b001501 10183 100 1048576 44307442 150603 21368
0b000a01 0b000b01 10192 100 1048576 44374825 88365 21368
0b000a01 0b000b01 10193 100 1048576 44374825 88447 21368
0b000a01 0b000b01 10194 100 1048576 44374825 88529 21368
0b000a01 0b000b01 10195 100 1048576 44374825 88611 21368
0b001f01 0b001c01 10180 100 1048576 44307541 156589 21368
0b001f01 0b001c01 10181 100 1048576 44307541 156671 21368
0b001f01 0b001c01 10182 100 1048576 44307541 156753 21368
0b001f01 0b001c01 10183 100 1048576 44307541 156835 21368
0b000301 0b000001 10184 100 1048576 44353604 121185 21368
0b000301 0b000001 10185 100 1048576 44353686 121185 21368
0b000301 0b000001 10186 100 1048576 44353768 121185 21368
0b000301 0b000001 10187 100 1048576 44353850 121185 21368
0b001301 0b001001 10180 100 1048576 44320193 165773 21368
0b001301 0b001001 10181 100 1048576 44320193 165855 21368
0b001301 0b001001 10182 100 1048576 44320193 165937 21368
0b001301 0b001001 10183 100 1048576 44320193 166019 21368
0b001e01 0b001f01 10188 100 1048576 44411608 90005 21368
0b001e01 0b001f01 10189 100 1048576 44411690 90005 21368
0b001e01 0b001f01 10190 100 1048576 44411772 90005 21368
0b001e01 0b001f01 10191 100 1048576 44411854 90005 21368
0b001201 0b001301 10188 100 1048576 44414092 88015 21368
0b001201 0b001301 10189 100 1048576 44414174 88015 21368
0b001201 0b001301 10190 100 1048576 44414256 88015 21368
0b001201 0b001301 10191 100 1048576 44414338 88015 21368
0b001701 0b001401 10188 100 1048576 44424957 83773 21368
0b001701 0b001401 10189 100 1048576 44425039 83773 21368
0b001701 0b001401 10190 100 1048576 44425121 83773 21368
0b001701 0b001401 10191 100 1048576 44425203 83773 21368
0b001f01 0b001c01 10184 100 1048576 44330153 179569 21368
0b001f01 0b001c01 10185 100 1048576 44330235 179569 21368
0b001f01 0b001c01 10186 100 1048576 44330317 179569 21368
0b001f01 0b001c01 10187 100 1048576 44330399 179569 21368
0b001801 0b001901 10196 100 1048576 44431741 83773 21368
0b001a01 0b001b01 10196 100 1048576 44431741 83773 21368
0b001801 0b001901 10197 100 1048576 44431823 83773 21368
0b001a01 0b001b01 10197 100 1048576 44431823 83773 21368
0b001801 0b001901 10198 100 1048576 44431905 83773 21368
0b001a01 0b001b01 10198 100 1048576 44431905 83773 21368
0b001801 0b001901 10199 100 1048576 44431987 83773 21368
0b001a01 0b001b01 10199 100 1048576 44431987 83773 21368
0b001901 0b001a01 10196 100 1048576 44433238 83773 21368
0b001901 0b001a01 10197 100 1048576 44433320 83773 21368
0b001901 0b001a01 10198 100 1048576 44433402 83773 21368
0b001901 0b001a01 10199 100 1048576 44433484 83773 21368
0b000c01 0b000d01 10196 100 1048576 44433957 83773 21368
0b000e01 0b000f01 10196 100 1048576 44433958 83773 21368
0b000c01 0b000d01 10197 100 1048576 44434039 83773 21368
0b000e01 0b000f01 10197 100 1048576 44434040 83773 21368
0b000c01 0b000d01 10198 100 1048576 44434121 83773 21368
0b000e01 0b000f01 10198 100 1048576 44434122 83773 21368
0b000c01 0b000d01 10199 100 1048576 44434203 83773 21368
0b000e01 0b000f01 10199 100 1048576 44434204 83773 21368
0b000d01 0b000e01 10196 100 1048576 44434929 83773 21368
0b000d01 0b000e01 10197 100 1048576 44435011 83773 21368
0b000d01 0b000e01 10198 100 1048576 44435093 83773 21368
0b000d01 0b000e01 10199 100 1048576 44435175 83773 21368
0b000f01 0b000c01 10196 100 1048576 44435339 83773 21368
0b001b01 0b001801 10196 100 1048576 44435438 83773 21368
0b001b01 0b001801 10197 100 1048576 44435520 83773 21368
0b000f01 0b000c01 10197 100 1048576 44435421 83773 21368
0b001b01 0b001801 10198 100 1048576 44435602 83773 21368
0b001b01 0b001801 10199 100 1048576 44435684 83773 21368
0b000f01 0b000c01 10198 100 1048576 44435503 83773 21368
0b000f01 0b000c01 10199 100 1048576 44435585 83773 21368
0b001401 0b001501 10184 100 1048576 44338254 182849 21368
0b001401 0b001501 10185 100 1048576 44338336 182849 21368
0b001401 0b001501 10186 100 1048576 44338418 182849 21368
0b001401 0b001501 10187 100 1048576 44338500 182849 21368
0b000501 0b000601 10188 100 1048576 44447573 83773 21368
0b000501 0b000601 10189 100 1048576 44447655 83773 21368
0b000501 0b000601 10190 100 1048576 44447737 83773 21368
0b000501 0b000601 10191 100 1048576 44447819 83773 21368
0b000601 0b000701 10188 100 1048576 44449124 83773 21368
0b000601 0b000701 10189 100 1048576 44449206 83773 21368
0b000601 0b000701 10190 100 1048576 44449288 83773 21368
0b000601 0b000701 10191 100 1048576 44449370 83773 21368
0b000401 0b000501 10188 100 1048576 44373514 159889 21368
0b000401 0b000501 10189 100 1048576 44373596 159889 21368
0b000401 0b000501 10190 100 1048576 44373678 159889 21368
0b000401 0b000501 10191 100 1048576 44373760 159889 21368
0b001301 0b001001 10184 100 1048576 44341493 196953 21368
0b001301 0b001001 10185 100 1048576 44341575 196953 21368
0b001301 0b001001 10186 100 1048576 44341657 196953 21368
0b001301 0b001001 10187 100 1048576 44341739 196953 21368
0b000801 0b000901 10196 100 1048576 44456021 83773 21368
0b000801 0b000901 10197 100 1048576 44456103 83773 21368
0b000801 0b000901 10198 100 1048576 44456185 83773 21368
0b000801 0b000901 10199 100 1048576 44456267 83773 21368
0b000901 0b000a01 10196 100 1048576 44457602 83773 21368
0b000901 0b000a01 10197 100 1048576 44457684 83773 21368
0b000901 0b000a01 10198 100 1048576 44457766 83773 21368
0b000901 0b000a01 10199 100 1048576 44457848 83773 21368
0b000a01 0b000b01 10196 100 1048576 44454181 88385 21368
0b000a01 0b000b01 10197 100 1048576 44454263 88385 21368
0b000a01 0b000b01 10198 100 1048576 44454345 88385 21368
0b000a01 0b000b01 10199 100 1048576 44454427 88385 21368
0b000101 0b000201 10180 100 1048576 44409302 138221 21368
0b000101 0b000201 10181 100 1048576 44409302 138303 21368
0b000101 0b000201 10182 100 1048576 44409302 138385 21368
0b000101 0b000201 10183 100 1048576 44409302 138467 21368
0b000001 0b000101 10184 100 1048576 44434223 121165 21368
0b000001 0b000101 10185 100 1048576 44434305 121165 21368
0b000001 0b000101 10186 100 1048576 44434387 121165 21368
0b000001 0b000101 10187 100 1048576 44434469 121165 21368
0b000b01 0b000801 10196 100 1048576 44469200 88365 21368
0b000b01 0b000801 10197 100 1048576 44469282 88365 21368
0b000b01 0b000801 10198 100 1048576 44469364 88365 21368
0b000b01 0b000801 10199 100 1048576 44469446 88365 21368
0b001501 0b001601 10184 100 1048576 44463809 104437 21368
0b001501 0b001601 10185 100 1048576 44463891 104437 21368
0b001501 0b001601 10186 100 1048576 44463973 104437 21368
0b001501 0b001601 10187 100 1048576 44464055 104437 21368
0b000401 0b000501 10192 100 1048576 44449630 125757 21368
0b000401 0b000501 10193 100 1048576 44449630 125839 21368
0b000401 0b000501 10194 100 1048576 44449630 125921 21368
0b000401 0b000501 10195 100 1048576 44449630 126003 21368
0b001c01 0b001d01 10184 100 1048576 44470140 122149 21368
0b001c01 0b001d01 10185 100 1048576 44470222 122149 21368
0b001c01 0b001d01 10186 100 1048576 44470304 122149 21368
0b001c01 0b001d01 10187 100 1048576 44470386 122149 21368
0b000101 0b000201 10184 100 1048576 44438802 153985 21368
0b000101 0b000201 10185 100 1048576 44438884 153985 21368
0b000101 0b000201 10186 100 1048576 44438966 153985 21368
0b000101 0b000201 10187 100 1048576 44439048 153985 21368
0b001401 0b001501 10188 100 1048576 44417958 182849 21368
0b001401 0b001501 10189 100 1048576 44418040 182849 21368
0b001401 0b001501 10190 100 1048576 44418122 182849 21368
0b001401 0b001501 10191 100 1048576 44418204 182849 21368
0b000001 0b000101 10188 100 1048576 44480799 121165 21368
0b000001 0b000101 10189 100 1048576 44480881 121165 21368
0b000001 0b000101 10190 100 1048576 44480963 121165 21368
0b000001 0b000101 10191 100 1048576 44481045 121165 21368
0b001901 0b001a01 10200 100 1048576 44521524 83773 21368
0b001b01 0b001801 10200 100 1048576 44521524 83773 21368
0b001901 0b001a01 10201 100 1048576 44521606 83773 21368
0b001b01 0b001801 10201 100 1048576 44521606 83773 21368
0b001901 0b001a01 10202 100 1048576 44521688 83773 21368
0b001b01 0b001801 10202 100 1048576 44521688 83773 21368
0b001901 0b001a01 10203 100 1048576 44521770 83773 21368
0b001b01 0b001801 10203 100 1048576 44521770 83773 21368
0b001a01 0b001b01 10200 100 1048576 44523021 83773 21368
0b001a01 0b001b01 10201 100 1048576 44523103 83773 21368
0b001a01 0b001b01 10202 100 1048576 44523185 83773 21368
0b001a01 0b001b01 10203 100 1048576 44523267 83773 21368
0b001001 0b001101 10184 100 1048576 44491976 115261 21368
0b001001 0b001101 10185 100 1048576 44492058 115261 21368
0b001001 0b001101 10186 100 1048576 44492140 115261 21368
0b000d01 0b000e01 10200 100 1048576 44523740 83773 21368
0b000f01 0b000c01 10200 100 1048576 44523741 83773 21368
0b000d01 0b000e01 10201 100 1048576 44523822 83773 21368
0b001001 0b001101 10187 100 1048576 44492222 115261 21368
0b000f01 0b000c01 10201 100 1048576 44523823 83773 21368
0b000d01 0b000e01 10202 100 1048576 44523904 83773 21368
0b000f01 0b000c01 10202 100 1048576 44523905 83773 21368
0b000d01 0b000e01 10203 100 1048576 44523986 83773 21368
0b000f01 0b000c01 10203 100 1048576 44523987 83773 21368
0b000e01 0b000f01 10200 100 1048576 44524712 83773 21368
0b000e01 0b000f01 10201 100 1048576 44524794 83773 21368
0b000e01 0b000f01 10202 100 1048576 44524876 83773 21368
0b000e01 0b000f01 10203 100 1048576 44524958 83773 21368
0b000c01 0b000d01 10200 100 1048576 44525122 83773 21368
0b001801 0b001901 10200 100 1048576 44525221 83773 21368
0b001801 0b001901 10201 100 1048576 44525303 83773 21368
0b001801 0b001901 10202 100 1048576 44525385 83773 21368
0b000c01 0b000d01 10201 100 1048576 44525204 83773 21368
0b001801 0b001901 10203 100 1048576 44525467 83773 21368
0b000c01 0b000d01 10202 100 1048576 44525286 83773 21368
0b000c01 0b000d01 10203 100 1048576 44525368 83773 21368
0b001f01 0b001c01 10188 100 1048576 44429887 179875 21368
0b001f01 0b001c01 10189 100 1048576 44429969 179875 21368
0b001f01 0b001c01 10190 100 1048576 44430051 179875 21368
0b001f01 0b001c01 10191 100 1048576 44430133 179875 21368
0b000601 0b000701 10192 100 1048576 44537704 83773 21368
0b000601 0b000701 10193 100 1048576 44537704 83855 21368
0b000601 0b000701 10194 100 1048576 44537704 83937 21368
0b000601 0b000701 10195 100 1048576 44537704 84019 21368
0b000701 0b000401 10192 100 1048576 44539255 83773 21368
0b000701 0b000401 10193 100 1048576 44539255 83855 21368
0b000701 0b000401 10194 100 1048576 44539255 83937 21368
0b000701 0b000401 10195 100 1048576 44539255 84019 21368
0b001301 0b001001 10188 100 1048576 44428085 197281 21368
0b001301 0b001001 10189 100 1048576 44428167 197281 21368
0b001301 0b001001 10190 100 1048576 44428249 197281 21368
0b001301 0b001001 10191 100 1048576 44428331 197281 21368
0b000901 0b000a01 10200 100 1048576 44545804 83773 21368
0b000901 0b000a01 10201 100 1048576 44545886 83773 21368
0b000901 0b000a01 10202 100 1048576 44545968 83773 21368
0b000901 0b000a01 10203 100 1048576 44546050 83773 21368
0b000a01 0b000b01 10200 100 1048576 44547385 83773 21368
0b000a01 0b000b01 10201 100 1048576 44547467 83773 21368
0b000a01 0b000b01 10202 100 1048576 44547549 83773 21368
0b000a01 0b000b01 10203 100 1048576 44547631 83773 21368
0b000b01 0b000801 10200 100 1048576 44548576 88365 21368
0b000b01 0b000801 10201 100 1048576 44548658 88365 21368
0b000b01 0b000801 10202 100 1048576 44548740 88365 21368
0b000b01 0b000801 10203 100 1048576 44548822 88365 21368
0b001401 0b001501 10192 100 1048576 44515088 128031 21368
0b001401 0b001501 10193 100 1048576 44515088 128113 21368
0b001401 0b001501 10194 100 1048576 44515088 128195 21368
0b001f01 0b001c01 10192 100 1048576 44507971 135247 21368
0b001401 0b001501 10195 100 1048576 44515088 128277 21368
0b001f01 0b001c01 10193 100 1048576 44507971 135329 21368
0b001f01 0b001c01 10194 100 1048576 44507971 135411 21368
0b001f01 0b001c01 10195 100 1048576 44507971 135493 21368
0b000801 0b000901 10200 100 1048576 44563575 87709 21368
0b000801 0b000901 10201 100 1048576 44563657 87709 21368
0b000801 0b000901 10202 100 1048576 44563739 87709 21368
0b000801 0b000901 10203 100 1048576 44563821 87709 21368
0b001301 0b001001 10192 100 1048576 44508465 147405 21368
0b001301 0b001001 10193 100 1048576 44508465 147487 21368
0b001301 0b001001 10194 100 1048576 44508465 147569 21368
0b001301 0b001001 10195 100 1048576 44508465 147651 21368
0b001601 0b001701 10188 100 1048576 44574256 83773 21368
0b001601 0b001701 10189 100 1048576 44574338 83773 21368
0b001601 0b001701 10190 100 1048576 44574420 83773 21368
0b001601 0b001701 10191 100 1048576 44574502 83773 21368
0b001501 0b001601 10188 100 1048576 44527113 132317 21368
0b001501 0b001601 10189 100 1048576 44527195 132317 21368
0b001501 0b001601 10190 100 1048576 44527277 132317 21368
0b001501 0b001601 10191 100 1048576 44527359 132317 21368
0b001c01 0b001d01 10188 100 1048576 44515732 149045 21368
0b001c01 0b001d01 10189 100 1048576 44515814 149045 21368
0b001c01 0b001d01 10190 100 1048576 44515896 149045 21368
0b001c01 0b001d01 10191 100 1048576 44515978 149045 21368
0b000501 0b000601 10192 100 1048576 44539761 126085 21368
0b000501 0b000601 10193 100 1048576 44539761 126167 21368
0b000501 0b000601 10194 100 1048576 44539761 126249 21368
0b000501 0b000601 10195 100 1048576 44539761 126331 21368
0b000201 0b000301 10184 100 1048576 44553533 122477 21368
0b000201 0b000301 10185 100 1048576 44553615 122477 21368
0b000201 0b000301 10186 100 1048576 44553697 122477 21368
0b000201 0b000301 10187 100 1048576 44553779 122477 21368
0b001d01 0b001e01 10188 100 1048576 44598299 94597 21368
0b001d01 0b001e01 10189 100 1048576 44598381 94597 21368
0b001d01 0b001e01 10190 100 1048576 44598463 94597 21368
0b001d01 0b001e01 10191 100 1048576 44598545 94597 21368
0b001a01 0b001b01 10204 100 1048576 44611654 83773 21368
0b001801 0b001901 10204 100 1048576 44611654 83773 21368
0b001a01 0b001b01 10205 100 1048576 44611654 83855 21368
0b001801 0b001901 10205 100 1048576 44611654 83855 21368
0b001a01 0b001b01 10206 100 1048576 44611654 83937 21368
0b001801 0b001901 10206 100 1048576 44611654 83937 21368
0b001a01 0b001b01 10207 100 1048576 44611654 84019 21368
0b001801 0b001901 10207 100 1048576 44611654 84019 21368
0b001101 0b001201 10188 100 1048576 44613247 83773 21368
0b001b01 0b001801 10204 100 1048576 44613151 83773 21368
0b001b01 0b001801 10205 100 1048576 44613151 83855 21368
0b001b01 0b001801 10206 100 1048576 44613151 83937 21368
0b001101 0b001201 10189 100 1048576 44613329 83773 21368
0b001b01 0b001801 10207 100 1048576 44613151 84019 21368
0b001101 0b001201 10190 100 1048576 44613411 83773 21368
0b001101 0b001201 10191 100 1048576 44613493 83773 21368
0b000e01 0b000f01 10204 100 1048576 44613870 83773 21368
0b000c01 0b000d01 10204 100 1048576 44613871 83773 21368
0b000e01 0b000f01 10205 100 1048576 44613870 83855 21368
0b000c01 0b000d01 10205 100 1048576 44613871 83855 21368
0b000e01 0b000f01 10206 100 1048576 44613870 83937 21368
0b000c01 0b000d01 10206 100 1048576 44613871 83937 21368
0b000e01 0b000f01 10207 100 1048576 44613870 84019 21368
0b000c01 0b000d01 10207 100 1048576 44613871 84019 21368
0b000f01 0b000c01 10204 100 1048576 44614842 83773 21368
0b000f01 0b000c01 10205 100 1048576 44614842 83855 21368
0b000f01 0b000c01 10206 100 1048576 44614842 83937 21368
0b000f01 0b000c01 10207 100 1048576 44614842 84019 21368
0b000d01 0b000e01 10204 100 1048576 44615252 83773 21368
0b000d01 0b000e01 10205 100 1048576 44615252 83855 21368
0b001901 0b001a01 10204 100 1048576 44615351 83773 21368
0b000d01 0b000e01 10206 100 1048576 44615252 83937 21368
0b001901 0b001a01 10205 100 1048576 44615351 83855 21368
0b000d01 0b000e01 10207 100 1048576 44615252 84019 21368
0b001901 0b001a01 10206 100 1048576 44615351 83937 21368
0b001901 0b001a01 10207 100 1048576 44615351 84019 21368
0b001001 0b001101 10188 100 1048576 44544456 156261 21368
0b001001 0b001101 10189 100 1048576 44544538 156261 21368
0b001001 0b001101 10190 100 1048576 44544620 156261 21368
0b001001 0b001101 10191 100 1048576 44544702 156261 21368
0b000501 0b000601 10196 100 1048576 44581397 126105 21368
0b000501 0b000601 10197 100 1048576 44581479 126105 21368
0b000501 0b000601 10198 100 1048576 44581561 126105 21368
0b000501 0b000601 10199 100 1048576 44581643 126105 21368
0b000701 0b000401 10196 100 1048576 44627487 83773 21368
0b000701 0b000401 10197 100 1048576 44627569 83773 21368
0b000701 0b000401 10198 100 1048576 44627651 83773 21368
0b000701 0b000401 10199 100 1048576 44627733 83773 21368
0b000401 0b000501 10196 100 1048576 44629038 83773 21368
0b000401 0b000501 10197 100 1048576 44629120 83773 21368
0b000401 0b000501 10198 100 1048576 44629202 83773 21368
0b000401 0b000501 10199 100 1048576 44629284 83773 21368
0b000101 0b000201 10188 100 1048576 44561398 152421 21368
0b000101 0b000201 10189 100 1048576 44561480 152421 21368
0b000101 0b000201 10190 100 1048576 44561562 152421 21368
0b000101 0b000201 10191 100 1048576 44561644 152421 21368
0b000a01 0b000b01 10204 100 1048576 44635934 83773 21368
0b000a01 0b000b01 10205 100 1048576 44635934 83855 21368
0b000a01 0b000b01 10206 100 1048576 44635934 83937 21368
0b000a01 0b000b01 10207 100 1048576 44635934 84019 21368
0b000b01 0b000801 10204 100 1048576 44637515 83773 21368
0b000b01 0b000801 10205 100 1048576 44637515 83855 21368
0b000b01 0b000801 10206 100 1048576 44637515 83937 21368
0b000b01 0b000801 10207 100 1048576 44637515 84019 21368
0b000201 0b000301 10188 100 1048576 44598797 123461 21368
0b000201 0b000301 10189 100 1048576 44598879 123461 21368
0b000201 0b000301 10190 100 1048576 44598961 123461 21368
0b000201 0b000301 10191 100 1048576 44599043 123461 21368
0b000801 0b000901 10204 100 1048576 44643298 91954 21368
0b000801 0b000901 10205 100 1048576 44643298 92036 21368
0b000801 0b000901 10206 100 1048576 44643298 92118 21368
0b000801 0b000901 10207 100 1048576 44643298 92200 21368
0b000901 0b000a01 10204 100 1048576 44657641 83773 21368
0b000901 0b000a01 10205 100 1048576 44657641 83855 21368
0b000901 0b000a01 10206 100 1048576 44657641 83937 21368
0b000901 0b000a01 10207 100 1048576 44657641 84019 21368
0b000101 0b000201 10192 100 1048576 44608322 136657 21368
0b000101 0b000201 10193 100 1048576 44608322 136739 21368
0b000101 0b000201 10194 100 1048576 44608322 136821 21368
0b000101 0b000201 10195 100 1048576 44608322 136903 21368
0b001701 0b001401 10192 100 1048576 44664387 83773 21368
0b001701 0b001401 10193 100 1048576 44664387 83855 21368
0b001701 0b001401 10194 100 1048576 44664387 83937 21368
0b001701 0b001401 10195 100 1048576 44664387 84019 21368
0b001601 0b001701 10192 100 1048576 44665788 83773 21368
0b001601 0b001701 10193 100 1048576 44665788 83855 21368
0b001601 0b001701 10194 100 1048576 44665788 83937 21368
0b001601 0b001701 10195 100 1048576 44665788 84019 21368
0b001d01 0b001e01 10192 100 1048576 44671135 94905 21368
0b001d01 0b001e01 10193 100 1048576 44671135 94987 21368
0b001d01 0b001e01 10194 100 1048576 44671135 95069 21368
0b001d01 0b001e01 10195 100 1048576 44671135 95151 21368
0b001501 0b001601 10192 100 1048576 44607165 171329 21368
0b001501 0b001601 10193 100 1048576 44607165 171411 21368
0b001501 0b001601 10194 100 1048576 44607165 171493 21368
0b001501 0b001601 10195 100 1048576 44607165 171575 21368
0b001b01 0b001801 10208 100 1048576 44701467 83773 21368
0b001901 0b001a01 10208 100 1048576 44701467 83773 21368
0b001b01 0b001801 10209 100 1048576 44701549 83773 21368
0b001901 0b001a01 10209 100 1048576 44701549 83773 21368
0b001b01 0b001801 10210 100 1048576 44701631 83773 21368
0b001901 0b001a01 10210 100 1048576 44701631 83773 21368
0b001b01 0b001801 10211 100 1048576 44701713 83773 21368
0b001901 0b001a01 10211 100 1048576 44701713 83773 21368
0b001801 0b001901 10208 100 1048576 44702964 83773 21368
0b001801 0b001901 10209 100 1048576 44703046 83773 21368
0b001801 0b001901 10210 100 1048576 44703128 83773 21368
0b001801 0b001901 10211 100 1048576 44703210 83773 21368
0b001201 0b001301 10192 100 1048576 44703378 83773 21368
0b001201 0b001301 10193 100 1048576 44703378 83855 21368
0b001201 0b001301 10194 100 1048576 44703378 83937 21368
0b001201 0b001301 10195 100 1048576 44703378 84019 21368
0b000f01 0b000c01 10208 100 1048576 44703683 83773 21368
0b000d01 0b000e01 10208 100 1048576 44703684 83773 21368
0b000f01 0b000c01 10209 100 1048576 44703765 83773 21368
0b000d01 0b000e01 10209 100 1048576 44703766 83773 21368
0b000f01 0b000c01 10210 100 1048576 44703847 83773 21368
0b000d01 0b000e01 10210 100 1048576 44703848 83773 21368
0b000f01 0b000c01 10211 100 1048576 44703929 83773 21368
0b000d01 0b000e01 10211 100 1048576 44703930 83773 21368
0b000c01 0b000d01 10208 100 1048576 44704655 83773 21368
0b000c01 0b000d01 10209 100 1048576 44704737 83773 21368
0b000c01 0b000d01 10210 100 1048576 44704819 83773 21368
0b000c01 0b000d01 10211 100 1048576 44704901 83773 21368
0b000e01 0b000f01 10208 100 1048576 44705065 83773 21368
0b000e01 0b000f01 10209 100 1048576 44705147 83773 21368
0b001a01 0b001b01 10208 100 1048576 44705164 83773 21368
0b000e01 0b000f01 10210 100 1048576 44705229 83773 21368
0b001a01 0b001b01 10209 100 1048576 44705246 83773 21368
0b000e01 0b000f01 10211 100 1048576 44705311 83773 21368
0b001c01 0b001d01 10192 100 1048576 44616120 172969 21368
0b001a01 0b001b01 10210 100 1048576 44705328 83773 21368
0b001c01 0b001d01 10193 100 1048576 44616120 173051 21368
0b001a01 0b001b01 10211 100 1048576 44705410 83773 21368
0b001c01 0b001d01 10194 100 1048576 44616120 173133 21368
0b001c01 0b001d01 10195 100 1048576 44616120 173215 21368
0b001101 0b001201 10192 100 1048576 44707075 83773 21368
0b001101 0b001201 10193 100 1048576 44707075 83855 21368
0b001101 0b001201 10194 100 1048576 44707075 83937 21368
0b001101 0b001201 10195 100 1048576 44707075 84019 21368
0b001e01 0b001f01 10192 100 1048576 44699254 94925 21368
0b001e01 0b001f01 10193 100 1048576 44699254 95007 21368
0b001e01 0b001f01 10194 100 1048576 44699254 95089 21368
0b001e01 0b001f01 10195 100 1048576 44699254 95171 21368
0b000601 0b000701 10196 100 1048576 44671856 126085 21368
0b000601 0b000701 10197 100 1048576 44671938 126085 21368
0b000601 0b000701 10198 100 1048576 44672020 126085 21368
0b000601 0b000701 10199 100 1048576 44672102 126085 21368
0b001501 0b001601 10196 100 1048576 44649129 150357 21368
0b001501 0b001601 10197 100 1048576 44649211 150357 21368
0b001501 0b001601 10198 100 1048576 44649293 150357 21368
0b001501 0b001601 10199 100 1048576 44649375 150357 21368
0b000401 0b000501 10200 100 1048576 44717270 83773 21368
0b000401 0b000501 10201 100 1048576 44717352 83773 21368
0b000401 0b000501 10202 100 1048576 44717434 83773 21368
0b000401 0b000501 10203 100 1048576 44717516 83773 21368
0b000501 0b000601 10200 100 1048576 44718821 83773 21368
0b000501 0b000601 10201 100 1048576 44718903 83773 21368
0b000501 0b000601 10202 100 1048576 44718985 83773 21368
0b000501 0b000601 10203 100 1048576 44719067 83773 21368
0b000301 0b000001 10188 100 1048576 44682020 120837 21368
0b000301 0b000001 10189 100 1048576 44682102 120837 21368
0b000301 0b000001 10190 100 1048576 44682184 120837 21368
0b000301 0b000001 10191 100 1048576 44682266 120837 21368
0b001c01 0b001d01 10196 100 1048576 44649228 156589 21368
0b001c01 0b001d01 10197 100 1048576 44649310 156589 21368
0b001c01 0b001d01 10198 100 1048576 44649392 156589 21368
0b001c01 0b001d01 10199 100 1048576 44649474 156589 21368
0b000b01 0b000801 10208 100 1048576 44725747 83773 21368
0b000b01 0b000801 10209 100 1048576 44725829 83773 21368
0b000b01 0b000801 10210 100 1048576 44725911 83773 21368
0b000b01 0b000801 10211 100 1048576 44725993 83773 21368
0b001001 0b001101 10192 100 1048576 44631724 180841 21368
0b001001 0b001101 10193 100 1048576 44631724 180923 21368
0b001001 0b001101 10194 100 1048576 44631724 181005 21368
0b001001 0b001101 10195 100 1048576 44631724 181087 21368
0b000801 0b000901 10208 100 1048576 44727328 87956 21368
0b000801 0b000901 10209 100 1048576 44727410 87956 21368
0b000801 0b000901 10210 100 1048576 44727492 87956 21368
0b000801 0b000901 10211 100 1048576 44727574 87956 21368
0b001001 0b001101 10196 100 1048576 44661880 165773 21368
0b001001 0b001101 10197 100 1048576 44661962 165773 21368
0b001001 0b001101 10198 100 1048576 44662044 165773 21368
0b001001 0b001101 10199 100 1048576 44662126 165773 21368
0b000901 0b000a01 10208 100 1048576 44741292 88026 21368
0b000901 0b000a01 10209 100 1048576 44741374 88026 21368
0b000901 0b000a01 10210 100 1048576 44741456 88026 21368
0b000901 0b000a01 10211 100 1048576 44741538 88026 21368
0b000a01 0b000b01 10208 100 1048576 44747454 83773 21368
0b000a01 0b000b01 10209 100 1048576 44747536 83773 21368
0b000a01 0b000b01 10210 100 1048576 44747618 83773 21368
0b000a01 0b000b01 10211 100 1048576 44747700 83773 21368
0b001401 0b001501 10196 100 1048576 44754170 83773 21368
0b001401 0b001501 10197 100 1048576 44754252 83773 21368
0b001401 0b001501 10198 100 1048576 44754334 83773 21368
0b001401 0b001501 10199 100 1048576 44754416 83773 21368
0b001701 0b001401 10196 100 1048576 44755571 83773 21368
0b001701 0b001401 10197 100 1048576 44755653 83773 21368
0b001701 0b001401 10198 100 1048576 44755735 83773 21368
0b001701 0b001401 10199 100 1048576 44755817 83773 21368
0b000301 0b000001 10192 100 1048576 44728616 121145 21368
0b000301 0b000001 10193 100 1048576 44728616 121227 21368
0b000301 0b000001 10194 100 1048576 44728616 121309 21368
0b000301 0b000001 10195 100 1048576 44728616 121391 21368
0b000201 0b000301 10192 100 1048576 44720177 139513 21368
0b000201 0b000301 10193 100 1048576 44720177 139595 21368
0b000201 0b000301 10194 100 1048576 44720177 139677 21368
0b000201 0b000301 10195 100 1048576 44720177 139759 21368
0b001e01 0b001f01 10196 100 1048576 44772050 94945 21368
0b001e01 0b001f01 10197 100 1048576 44772132 94945 21368
0b001e01 0b001f01 10198 100 1048576 44772214 94945 21368
0b001e01 0b001f01 10199 100 1048576 44772296 94945 21368
0b000601 0b000701 10200 100 1048576 44713512 156917 21368
0b000601 0b000701 10201 100 1048576 44713594 156917 21368
0b000601 0b000701 10202 100 1048576 44713676 156917 21368
0b000601 0b000701 10203 100 1048576 44713758 156917 21368
0b001801 0b001901 10212 100 1048576 44791280 83773 21368
0b001a01 0b001b01 10212 100 1048576 44791280 83773 21368
0b001801 0b001901 10213 100 1048576 44791362 83773 21368
0b001a01 0b001b01 10213 100 1048576 44791362 83773 21368
0b001801 0b001901 10214 100 1048576 44791444 83773 21368
0b001a01 0b001b01 10214 100 1048576 44791444 83773 21368
0b001801 0b001901 10215 100 1048576 44791526 83773 21368
0b001a01 0b001b01 10215 100 1048576 44791526 83773 21368
0b001901 0b001a01 10212 100 1048576 44792777 83773 21368
0b001901 0b001a01 10213 100 1048576 44792859 83773 21368
0b001901 0b001a01 10214 100 1048576 44792941 83773 21368
0b001901 0b001a01 10215 100 1048576 44793023 83773 21368
0b001301 0b001001 10196 100 1048576 44793161 83773 21368
0b001301 0b001001 10197 100 1048576 44793243 83773 21368
0b001301 0b001001 10198 100 1048576 44793325 83773 21368
0b000c01 0b000d01 10212 100 1048576 44793496 83773 21368
0b000e01 0b000f01 10212 100 1048576 44793497 83773 21368
0b001301 0b001001 10199 100 1048576 44793407 83773 21368
0b000c01 0b000d01 10213 100 1048576 44793578 83773 21368
0b000e01 0b000f01 10213 100 1048576 44793579 83773 21368
0b000c01 0b000d01 10214 100 1048576 44793660 83773 21368
0b000e01 0b000f01 10214 100 1048576 44793661 83773 21368
0b000c01 0b000d01 10215 100 1048576 44793742 83773 21368
0b000e01 0b000f01 10215 100 1048576 44793743 83773 21368
0b000d01 0b000e01 10212 100 1048576 44794468 83773 21368
0b000d01 0b000e01 10213 100 1048576 44794550 83773 21368
0b000d01 0b000e01 10214 100 1048576 44794632 83773 21368
0b000d01 0b000e01 10215 100 1048576 44794714 83773 21368
0b001b01 0b001801 10212 100 1048576 44794977 83773 21368
0b000f01 0b000c01 10212 100 1048576 44794878 83773 21368
0b001b01 0b001801 10213 100 1048576 44795059 83773 21368
0b001b01 0b001801 10214 100 1048576 44795141 83773 21368
0b001b01 0b001801 10215 100 1048576 44795223 83773 21368
0b000f01 0b000c01 10213 100 1048576 44794960 83773 21368
0b000f01 0b000c01 10214 100 1048576 44795042 83773 21368
0b000f01 0b000c01 10215 100 1048576 44795124 83773 21368
0b001201 0b001301 10196 100 1048576 44796858 83773 21368
0b001201 0b001301 10197 100 1048576 44796940 83773 21368
0b001201 0b001301 10198 100 1048576 44797022 83773 21368
0b001201 0b001301 10199 100 1048576 44797104 83773 21368
0b000201 0b000301 10196 100 1048576 44750989 138221 21368
0b000201 0b000301 10197 100 1048576 44751071 138221 21368
0b000201 0b000301 10198 100 1048576 44751153 138221 21368
0b000201 0b000301 10199 100 1048576 44751235 138221 21368
0b000501 0b000601 10204 100 1048576 44807400 83773 21368
0b000501 0b000601 10205 100 1048576 44807400 83855 21368
0b000501 0b000601 10206 100 1048576 44807400 83937 21368
0b000501 0b000601 10207 100 1048576 44807400 84019 21368
0b001f01 0b001c01 10196 100 1048576 44800189 94925 21368
0b001f01 0b001c01 10197 100 1048576 44800271 94925 21368
0b001f01 0b001c01 10198 100 1048576 44800353 94925 21368
0b001f01 0b001c01 10199 100 1048576 44800435 94925 21368
0b000701 0b000401 10200 100 1048576 44803951 94597 21368
0b000701 0b000401 10201 100 1048576 44804033 94597 21368
0b000701 0b000401 10202 100 1048576 44804115 94597 21368
0b000701 0b000401 10203 100 1048576 44804197 94597 21368
0b000801 0b000901 10212 100 1048576 44815560 83773 21368
0b000801 0b000901 10213 100 1048576 44815642 83773 21368
0b000801 0b000901 10214 100 1048576 44815724 83773 21368
0b000801 0b000901 10215 100 1048576 44815806 83773 21368
0b000901 0b000a01 10212 100 1048576 44821324 88026 21368
0b000901 0b000a01 10213 100 1048576 44821406 88026 21368
0b000901 0b000a01 10214 100 1048576 44821488 88026 21368
0b000901 0b000a01 10215 100 1048576 44821570 88026 21368
0b000a01 0b000b01 10212 100 1048576 44835358 83773 21368
0b000a01 0b000b01 10213 100 1048576 44835440 83773 21368
0b000a01 0b000b01 10214 100 1048576 44835522 83773 21368
0b000a01 0b000b01 10215 100 1048576 44835604 83773 21368
0b000b01 0b000801 10212 100 1048576 44837267 83773 21368
0b000b01 0b000801 10213 100 1048576 44837349 83773 21368
0b000b01 0b000801 10214 100 1048576 44837431 83773 21368
0b000b01 0b000801 10215 100 1048576 44837513 83773 21368
0b001501 0b001601 10200 100 1048576 44843953 83773 21368
0b001501 0b001601 10201 100 1048576 44844035 83773 21368
0b001501 0b001601 10202 100 1048576 44844117 83773 21368
0b001501 0b001601 10203 100 1048576 44844199 83773 21368
0b001401 0b001501 10200 100 1048576 44845354 83773 21368
0b001401 0b001501 10201 100 1048576 44845436 83773 21368
0b001401 0b001501 10202 100 1048576 44845518 83773 21368
0b001401 0b001501 10203 100 1048576 44845600 83773 21368
0b000001 0b000101 10192 100 1048576 44809215 121165 21368
0b000001 0b000101 10193 100 1048576 44809215 121247 21368
0b000001 0b000101 10194 100 1048576 44809215 121329 21368
0b000001 0b000101 10195 100 1048576 44809215 121411 21368
0b001601 0b001701 10196 100 1048576 44784504 146749 21368
0b001601 0b001701 10197 100 1048576 44784586 146749 21368
0b001601 0b001701 10198 100 1048576 44784668 146749 21368
0b001601 0b001701 10199 100 1048576 44784750 146749 21368
0b001d01 0b001e01 10196 100 1048576 44795099 151013 21368
0b001d01 0b001e01 10197 100 1048576 44795181 151013 21368
0b001d01 0b001e01 10198 100 1048576 44795263 151013 21368
0b001d01 0b001e01 10199 100 1048576 44795345 151013 21368
0b000601 0b000701 10204 100 1048576 44808951 140854 21368
0b000601 0b000701 10205 100 1048576 44808951 140936 21368
0b000601 0b000701 10206 100 1048576 44808951 141018 21368
0b000601 0b000701 10207 100 1048576 44808951 141100 21368
0b001d01 0b001e01 10200 100 1048576 44811827 151013 21368
0b001d01 0b001e01 10201 100 1048576 44811909 151013 21368
0b001d01 0b001e01 10202 100 1048576 44811991 151013 21368
0b001d01 0b001e01 10203 100 1048576 44812073 151013 21368
0b001001 0b001101 10200 100 1048576 44882944 83773 21368
0b001001 0b001101 10201 100 1048576 44883026 83773 21368
0b001001 0b001101 10202 100 1048576 44883108 83773 21368
0b001001 0b001101 10203 100 1048576 44883190 83773 21368
0b001f01 0b001c01 10200 100 1048576 44873005 94925 21368
0b001f01 0b001c01 10201 100 1048576 44873087 94925 21368
0b001f01 0b001c01 10202 100 1048576 44873169 94925 21368
0b001f01 0b001c01 10203 100 1048576 44873251 94925 21368
0b001601 0b001701 10200 100 1048576 44805496 164789 21368
0b001601 0b001701 10201 100 1048576 44805578 164789 21368
0b001301 0b001001 10200 100 1048576 44886641 83773 21368
0b001601 0b001701 10202 100 1048576 44805660 164789 21368
0b001301 0b001001 10201 100 1048576 44886723 83773 21368
0b001601 0b001701 10203 100 1048576 44805742 164789 21368
0b001301 0b001001 10202 100 1048576 44886805 83773 21368
0b001301 0b001001 10203 100 1048576 44886887 83773 21368
0b001101 0b001201 10196 100 1048576 44818575 152653 21368
0b001101 0b001201 10197 100 1048576 44818657 152653 21368
0b001101 0b001201 10198 100 1048576 44818739 152653 21368
0b001101 0b001201 10199 100 1048576 44818821 152653 21368
0b000001 0b000101 10196 100 1048576 44855771 121185 21368
0b000001 0b000101 10197 100 1048576 44855853 121185 21368
0b000001 0b000101 10198 100 1048576 44855935 121185 21368
0b000001 0b000101 10199 100 1048576 44856017 121185 21368
0b000701 0b000401 10204 100 1048576 44876786 110650 21368
0b000701 0b000401 10205 100 1048576 44876786 110732 21368
0b000701 0b000401 10206 100 1048576 44876786 110814 21368
0b000701 0b000401 10207 100 1048576 44876786 110896 21368
0b000401 0b000501 10204 100 1048576 44904905 83773 21368
0b000401 0b000501 10205 100 1048576 44904905 83855 21368
0b000401 0b000501 10206 100 1048576 44904905 83937 21368
0b000401 0b000501 10207 100 1048576 44904905 84019 21368
0b001c01 0b001d01 10200 100 1048576 44901124 94269 21368
0b001c01 0b001d01 10201 100 1048576 44901206 94269 21368
0b001c01 0b001d01 10202 100 1048576 44901288 94269 21368
0b001c01 0b001d01 10203 100 1048576 44901370 94269 21368
0b001101 0b001201 10200 100 1048576 44833663 165773 21368
0b001101 0b001201 10201 100 1048576 44833745 165773 21368
0b001101 0b001201 10202 100 1048576 44833827 165773 21368
0b001101 0b001201 10203 100 1048576 44833909 165773 21368
0b000301 0b000001 10196 100 1048576 44865700 138221 21368
0b000301 0b000001 10197 100 1048576 44865782 138221 21368
0b000301 0b000001 10198 100 1048576 44865864 138221 21368
0b000301 0b000001 10199 100 1048576 44865946 138221 21368
0b000601 0b000701 10208 100 1048576 44897213 110320 21368
0b000601 0b000701 10209 100 1048576 44897295 110320 21368
0b000601 0b000701 10210 100 1048576 44897377 110320 21368
0b000601 0b000701 10211 100 1048576 44897459 110320 21368
0b001501 0b001601 10204 100 1048576 44935484 83773 21368
0b001501 0b001601 10205 100 1048576 44935484 83855 21368
0b001501 0b001601 10206 100 1048576 44935484 83937 21368
0b001501 0b001601 10207 100 1048576 44935484 84019 21368
0b000301 0b000001 10200 100 1048576 44895220 138221 21368
0b000301 0b000001 10201 100 1048576 44895302 138221 21368
0b000301 0b000001 10202 100 1048576 44895384 138221 21368
0b000301 0b000001 10203 100 1048576 44895466 138221 21368
0b001601 0b001701 10204 100 1048576 44934083 112954 21368
0b001601 0b001701 10205 100 1048576 44934083 113036 21368
0b001601 0b001701 10206 100 1048576 44934083 113118 21368
0b001601 0b001701 10207 100 1048576 44934083 113200 21368
0b000101 0b000201 10196 100 1048576 44936390 121165 21368
0b000101 0b000201 10197 100 1048576 44936472 121165 21368
0b000101 0b000201 10198 100 1048576 44936554 121165 21368
0b000101 0b000201 10199 100 1048576 44936636 121165 21368
0b001001 0b001101 10204 100 1048576 44976771 83773 21368
0b001001 0b001101 10205 100 1048576 44976771 83855 21368
0b001001 0b001101 10206 100 1048576 44976771 83937 21368
0b001001 0b001101 10207 100 1048576 44976771 84019 21368
0b001c01 0b001d01 10204 100 1048576 44974287 94578 21368
0b001c01 0b001d01 10205 100 1048576 44974287 94660 21368
0b001c01 0b001d01 10206 100 1048576 44974287 94742 21368
0b001c01 0b001d01 10207 100 1048576 44974287 94824 21368
0b001701 0b001401 10200 100 1048576 44937263 134285 21368
0b001701 0b001401 10201 100 1048576 44937345 134285 21368
0b001701 0b001401 10202 100 1048576 44937427 134285 21368
0b001701 0b001401 10203 100 1048576 44937509 134285 21368
0b001101 0b001201 10204 100 1048576 44973074 100818 21368
0b001101 0b001201 10205 100 1048576 44973074 100900 21368
0b001101 0b001201 10206 100 1048576 44973074 100982 21368
0b001101 0b001201 10207 100 1048576 44973074 101064 21368
0b000401 0b000501 10208 100 1048576 44993476 83773 21368
0b000401 0b000501 10209 100 1048576 44993558 83773 21368
0b000401 0b000501 10210 100 1048576 44993640 83773 21368
0b000401 0b000501 10211 100 1048576 44993722 83773 21368
0b000501 0b000601 10208 100 1048576 44994718 83773 21368
0b000501 0b000601 10209 100 1048576 44994800 83773 21368
0b000501 0b000601 10210 100 1048576 44994882 83773 21368
0b000501 0b000601 10211 100 1048576 44994964 83773 21368
0b001d01 0b001e01 10204 100 1048576 45001750 94269 21368
0b001d01 0b001e01 10205 100 1048576 45001750 94351 21368
0b001d01 0b001e01 10206 100 1048576 45001750 94433 21368
0b001d01 0b001e01 10207 100 1048576 45001750 94515 21368
0b000701 0b000401 10208 100 1048576 44955845 141799 21368
0b000701 0b000401 10209 100 1048576 44955927 141799 21368
0b000701 0b000401 10210 100 1048576 44956009 141799 21368
0b000701 0b000401 10211 100 1048576 44956091 141799 21368
0b001e01 0b001f01 10200 100 1048576 44952122 150685 21368
0b001e01 0b001f01 10201 100 1048576 44952204 150685 21368
0b001e01 0b001f01 10202 100 1048576 44952286 150685 21368
0b001e01 0b001f01 10203 100 1048576 44952368 150685 21368
0b000101 0b000201 10200 100 1048576 44982966 121165 21368
0b000101 0b000201 10201 100 1048576 44983048 121165 21368
0b000101 0b000201 10202 100 1048576 44983130 121165 21368
0b000101 0b000201 10203 100 1048576 44983212 121165 21368
0b001601 0b001701 10208 100 1048576 45025297 94884 21368
0b001601 0b001701 10209 100 1048576 45025379 94884 21368
0b001601 0b001701 10210 100 1048576 45025461 94884 21368
0b001601 0b001701 10211 100 1048576 45025543 94884 21368
0b001201 0b001301 10200 100 1048576 44977238 156917 21368
0b001201 0b001301 10201 100 1048576 44977320 156917 21368
0b001201 0b001301 10202 100 1048576 44977402 156917 21368
0b001201 0b001301 10203 100 1048576 44977484 156917 21368
0b001e01 0b001f01 10204 100 1048576 44969197 168050 21368
0b001e01 0b001f01 10205 100 1048576 44969197 168132 21368
0b001e01 0b001f01 10206 100 1048576 44969197 168214 21368
0b001e01 0b001f01 10207 100 1048576 44969197 168296 21368
0b000701 0b000401 10212 100 1048576 45013573 126055 21368
0b000701 0b000401 10213 100 1048576 45013655 126055 21368
0b000701 0b000401 10214 100 1048576 45013737 126055 21368
0b000701 0b000401 10215 100 1048576 45013819 126055 21368
0b000001 0b000101 10200 100 1048576 45009931 137565 21368
0b000001 0b000101 10201 100 1048576 45010013 137565 21368
0b000001 0b000101 10202 100 1048576 45010095 137565 21368
0b000001 0b000101 10203 100 1048576 45010177 137565 21368
0b001101 0b001201 10208 100 1048576 45066584 87668 21368
0b001101 0b001201 10209 100 1048576 45066666 87668 21368
0b001101 0b001201 10210 100 1048576 45066748 87668 21368
0b001101 0b001201 10211 100 1048576 45066830 87668 21368
0b001401 0b001501 10204 100 1048576 45077905 83773 21368
0b001401 0b001501 10205 100 1048576 45077905 83855 21368
0b001401 0b001501 10206 100 1048576 45077905 83937 21368
0b001401 0b001501 10207 100 1048576 45077905 84019 21368
0b001701 0b001401 10204 100 1048576 44976642 186090 21368
0b001701 0b001401 10205 100 1048576 44976642 186172 21368
0b001701 0b001401 10206 100 1048576 44976642 186254 21368
0b001701 0b001401 10207 100 1048576 44976642 186336 21368
0b000501 0b000601 10212 100 1048576 45083289 83773 21368
0b000501 0b000601 10213 100 1048576 45083371 83773 21368
0b000501 0b000601 10214 100 1048576 45083453 83773 21368
0b000501 0b000601 10215 100 1048576 45083535 83773 21368
0b000601 0b000701 10212 100 1048576 45084531 83773 21368
0b000601 0b000701 10213 100 1048576 45084613 83773 21368
0b000601 0b000701 10214 100 1048576 45084695 83773 21368
0b000601 0b000701 10215 100 1048576 45084777 83773 21368
0b001d01 0b001e01 10208 100 1048576 45074905 94586 21368
0b001d01 0b001e01 10209 100 1048576 45074987 94586 21368
0b001d01 0b001e01 10210 100 1048576 45075069 94586 21368
0b001d01 0b001e01 10211 100 1048576 45075151 94586 21368
0b000001 0b000101 10204 100 1048576 45039798 137874 21368
0b000001 0b000101 10205 100 1048576 45039798 137956 21368
0b000001 0b000101 10206 100 1048576 45039798 138038 21368
0b000001 0b000101 10207 100 1048576 45039798 138120 21368
0b000201 0b000301 10200 100 1048576 45063565 120509 21368
0b000201 0b000301 10201 100 1048576 45063647 120509 21368
0b000201 0b000301 10202 100 1048576 45063729 120509 21368
0b000201 0b000301 10203 100 1048576 45063811 120509 21368
0b000401 0b000501 10212 100 1048576 45103684 83773 21368
0b000401 0b000501 10213 100 1048576 45103766 83773 21368
0b000401 0b000501 10214 100 1048576 45103848 83773 21368
0b000401 0b000501 10215 100 1048576 45103930 83773 21368
0b001201 0b001301 10204 100 1048576 45005793 201506 21368
0b001201 0b001301 10205 100 1048576 45005793 201588 21368
0b001201 0b001301 10206 100 1048576 45005793 201670 21368
0b001201 0b001301 10207 100 1048576 45005793 201752 21368
0b000201 0b000301 10204 100 1048576 45110488 120818 21368
0b000201 0b000301 10205 100 1048576 45110488 120900 21368
0b000201 0b000301 10206 100 1048576 45110488 120982 21368
0b000201 0b000301 10207 100 1048576 45110488 121064 21368
0b001e01 0b001f01 10208 100 1048576 45102059 129980 21368
0b001e01 0b001f01 10209 100 1048576 45102141 129980 21368
0b001e01 0b001f01 10210 100 1048576 45102223 129980 21368
0b001e01 0b001f01 10211 100 1048576 45102305 129980 21368
0b001301 0b001001 10204 100 1048576 45140512 94597 21368
0b001301 0b001001 10205 100 1048576 45140512 94679 21368
0b001301 0b001001 10206 100 1048576 45140512 94761 21368
0b001301 0b001001 10207 100 1048576 45140512 94843 21368
0b001701 0b001401 10208 100 1048576 45053077 186079 21368
0b001701 0b001401 10209 100 1048576 45053159 186079 21368
0b001701 0b001401 10210 100 1048576 45053241 186079 21368
0b001701 0b001401 10211 100 1048576 45053323 186079 21368
0b001f01 0b001c01 10204 100 1048576 45109164 135597 21368
0b001f01 0b001c01 10205 100 1048576 45109164 135679 21368
0b001f01 0b001c01 10206 100 1048576 45109164 135761 21368
0b001f01 0b001c01 10207 100 1048576 45109164 135843 21368
0b001501 0b001601 10208 100 1048576 45167718 83773 21368
0b001501 0b001601 10209 100 1048576 45167800 83773 21368
0b001501 0b001601 10210 100 1048576 45167882 83773 21368
0b001501 0b001601 10211 100 1048576 45167964 83773 21368
0b001401 0b001501 10208 100 1048576 45168772 91317 21368
0b001401 0b001501 10209 100 1048576 45168854 91317 21368
0b001401 0b001501 10210 100 1048576 45168936 91317 21368
0b001401 0b001501 10211 100 1048576 45169018 91317 21368
0b001701 0b001401 10212 100 1048576 45126221 146719 21368
0b001701 0b001401 10213 100 1048576 45126303 146719 21368
0b001701 0b001401 10214 100 1048576 45126385 146719 21368
0b001701 0b001401 10215 100 1048576 45126467 146719 21368
0b001201 0b001301 10208 100 1048576 45079932 201823 21368
0b001201 0b001301 10209 100 1048576 45080014 201823 21368
0b001201 0b001301 10210 100 1048576 45080096 201823 21368
0b001201 0b001301 10211 100 1048576 45080178 201823 21368
0b001e01 0b001f01 10212 100 1048576 45175531 112268 21368
0b001e01 0b001f01 10213 100 1048576 45175613 112268 21368
0b001e01 0b001f01 10214 100 1048576 45175695 112268 21368
0b001e01 0b001f01 10215 100 1048576 45175777 112268 21368
0b000101 0b000201 10204 100 1048576 45153853 137565 21368
0b000101 0b000201 10205 100 1048576 45153853 137647 21368
0b000101 0b000201 10206 100 1048576 45153853 137729 21368
0b000101 0b000201 10207 100 1048576 45153853 137811 21368
0b000301 0b000001 10204 100 1048576 45190431 120509 21368
0b000301 0b000001 10205 100 1048576 45190431 120591 21368
0b000301 0b000001 10206 100 1048576 45190431 120673 21368
0b000301 0b000001 10207 100 1048576 45190431 120755 21368
0b001201 0b001301 10212 100 1048576 45160292 152623 21368
0b001201 0b001301 10213 100 1048576 45160374 152623 21368
0b001201 0b001301 10214 100 1048576 45160456 152623 21368
0b001201 0b001301 10215 100 1048576 45160538 152623 21368
0b001f01 0b001c01 10208 100 1048576 45143287 170026 21368
0b001f01 0b001c01 10209 100 1048576 45143369 170026 21368
0b001f01 0b001c01 10210 100 1048576 45143451 170026 21368
0b001f01 0b001c01 10211 100 1048576 45143533 170026 21368
0b000101 0b000201 10208 100 1048576 45183712 137882 21368
0b000101 0b000201 10209 100 1048576 45183794 137882 21368
0b000101 0b000201 10210 100 1048576 45183876 137882 21368
0b000101 0b000201 10211 100 1048576 45183958 137882 21368
0b001001 0b001101 10208 100 1048576 45241149 83773 21368
0b001001 0b001101 10209 100 1048576 45241231 83773 21368
0b001001 0b001101 10210 100 1048576 45241313 83773 21368
0b001001 0b001101 10211 100 1048576 45241395 83773 21368
0b001301 0b001001 10208 100 1048576 45213339 115250 21368
0b001301 0b001001 10209 100 1048576 45213421 115250 21368
0b001301 0b001001 10210 100 1048576 45213503 115250 21368
0b001301 0b001001 10211 100 1048576 45213585 115250 21368
0b001401 0b001501 10212 100 1048576 45245196 91317 21368
0b001401 0b001501 10213 100 1048576 45245278 91317 21368
0b001401 0b001501 10214 100 1048576 45245360 91317 21368
0b001401 0b001501 10215 100 1048576 45245442 91317 21368
0b001601 0b001701 10212 100 1048576 45257531 83773 21368
0b001601 0b001701 10213 100 1048576 45257613 83773 21368
0b001601 0b001701 10214 100 1048576 45257695 83773 21368
0b001601 0b001701 10215 100 1048576 45257777 83773 21368
0b001c01 0b001d01 10208 100 1048576 45250801 99189 21368
0b001501 0b001601 10212 100 1048576 45266129 83773 21368
0b001c01 0b001d01 10209 100 1048576 45250883 99189 21368
0b001501 0b001601 10213 100 1048576 45266211 83773 21368
0b001c01 0b001d01 10210 100 1048576 45250965 99189 21368
0b001501 0b001601 10214 100 1048576 45266293 83773 21368
0b001501 0b001601 10215 100 1048576 45266375 83773 21368
0b001c01 0b001d01 10211 100 1048576 45251047 99189 21368
0b000301 0b000001 10208 100 1048576 45237346 120826 21368
0b000301 0b000001 10209 100 1048576 45237428 120826 21368
0b000301 0b000001 10210 100 1048576 45237510 120826 21368
0b000301 0b000001 10211 100 1048576 45237592 120826 21368
0b001f01 0b001c01 10212 100 1048576 45238079 122794 21368
0b001f01 0b001c01 10213 100 1048576 45238161 122794 21368
0b001f01 0b001c01 10214 100 1048576 45238243 122794 21368
0b001f01 0b001c01 10215 100 1048576 45238325 122794 21368
0b001301 0b001001 10212 100 1048576 45287795 104426 21368
0b001301 0b001001 10213 100 1048576 45287877 104426 21368
0b001301 0b001001 10214 100 1048576 45287959 104426 21368
0b001301 0b001001 10215 100 1048576 45288041 104426 21368
0b001101 0b001201 10212 100 1048576 45330962 83773 21368
0b001101 0b001201 10213 100 1048576 45331044 83773 21368
0b001101 0b001201 10214 100 1048576 45331126 83773 21368
0b001101 0b001201 10215 100 1048576 45331208 83773 21368
0b001001 0b001101 10212 100 1048576 45334629 83773 21368
0b001001 0b001101 10213 100 1048576 45334711 83773 21368
0b001c01 0b001d01 10212 100 1048576 45319353 99189 21368
0b001001 0b001101 10214 100 1048576 45334793 83773 21368
0b001c01 0b001d01 10213 100 1048576 45319435 99189 21368
0b001001 0b001101 10215 100 1048576 45334875 83773 21368
0b001c01 0b001d01 10214 100 1048576 45319517 99189 21368
0b001c01 0b001d01 10215 100 1048576 45319599 99189 21368
0b000201 0b000301 10208 100 1048576 45297458 137565 21368
0b000201 0b000301 10209 100 1048576 45297540 137565 21368
0b000201 0b000301 10210 100 1048576 45297622 137565 21368
0b000201 0b000301 10211 100 1048576 45297704 137565 21368
0b000001 0b000101 10208 100 1048576 45316980 120509 21368
0b000001 0b000101 10209 100 1048576 45317062 120509 21368
0b000001 0b000101 10210 100 1048576 45317144 120509 21368
0b000001 0b000101 10211 100 1048576 45317226 120509 21368
0b001d01 0b001e01 10212 100 1048576 45356030 83773 21368
0b001d01 0b001e01 10213 100 1048576 45356112 83773 21368
0b001d01 0b001e01 10214 100 1048576 45356194 83773 21368
0b001d01 0b001e01 10215 100 1048576 45356276 83773 21368
0b000201 0b000301 10212 100 1048576 45327634 137565 21368
0b000201 0b000301 10213 100 1048576 45327716 137565 21368
0b000201 0b000301 10214 100 1048576 45327798 137565 21368
0b000201 0b000301 10215 100 1048576 45327880 137565 21368
0b000001 0b000101 10212 100 1048576 45364212 120509 21368
0b000001 0b000101 10213 100 1048576 45364294 120509 21368
0b000001 0b000101 10214 100 1048576 45364376 120509 21368
0b000001 0b000101 10215 100 1048576 45364458 120509 21368
0b000301 0b000001 10212 100 1048576 45441063 83773 21368
0b000301 0b000001 10213 100 1048576 45441145 83773 21368
0b000301 0b000001 10214 100 1048576 45441227 83773 21368
0b000301 0b000001 10215 100 1048576 45441309 83773 21368
0b000101 0b000201 10212 100 1048576 45443529 83773 21368
0b000101 0b000201 10213 100 1048576 45443611 83773 21368
0b000101 0b000201 10214 100 1048576 45443693 83773 21368
0b000101 0b000201 10215 100 1048576 45443775 83773 21368
0b001901 0b001a01 10216 100 256 46202107 57 137
0b001b01 0b001801 10216 100 256 46202107 57 137
0b001901 0b001a01 10217 100 256 46202107 63 137
0b001b01 0b001801 10217 100 256 46202107 63 137
0b001901 0b001a01 10218 100 256 46202107 69 137
0b001b01 0b001801 10218 100 256 46202107 69 137
0b001901 0b001a01 10219 100 256 46202107 75 137
0b001b01 0b001801 10219 100 256 46202107 75 137
0b001a01 0b001b01 10216 100 256 46203604 57 137
0b001a01 0b001b01 10217 100 256 46203604 63 137
0b001a01 0b001b01 10218 100 256 46203604 69 137
0b001a01 0b001b01 10219 100 256 46203604 75 137
0b000d01 0b000e01 10216 100 256 46204323 57 137
0b000f01 0b000c01 10216 100 256 46204324 57 137
0b000d01 0b000e01 10217 100 256 46204323 63 137
0b000f01 0b000c01 10217 100 256 46204324 63 137
0b000d01 0b000e01 10218 100 256 46204323 69 137
0b000f01 0b000c01 10218 100 256 46204324 69 137
0b000d01 0b000e01 10219 100 256 46204323 75 137
0b000f01 0b000c01 10219 100 256 46204324 75 137
0b000e01 0b000f01 10216 100 256 46205295 57 137
0b000e01 0b000f01 10217 100 256 46205295 63 137
0b000e01 0b000f01 10218 100 256 46205295 69 137
0b000e01 0b000f01 10219 100 256 46205295 75 137
0b000c01 0b000d01 10216 100 256 46205705 57 137
0b000c01 0b000d01 10217 100 256 46205705 63 137
0b000c01 0b000d01 10218 100 256 46205705 69 137
0b000c01 0b000d01 10219 100 256 46205705 75 137
0b001801 0b001901 10216 100 256 46205804 57 137
0b001801 0b001901 10217 100 256 46205804 63 137
0b001801 0b001901 10218 100 256 46205804 69 137
0b001801 0b001901 10219 100 256 46205804 75 137
0b001a01 0b001b01 10220 100 256 46208174 57 137
0b001801 0b001901 10220 100 256 46208174 57 137
0b001a01 0b001b01 10221 100 256 46208180 57 137
0b001801 0b001901 10221 100 256 46208180 57 137
0b001a01 0b001b01 10222 100 256 46208186 57 137
0b001801 0b001901 10222 100 256 46208186 57 137
0b001a01 0b001b01 10223 100 256 46208192 57 137
0b001801 0b001901 10223 100 256 46208192 57 137
0b001b01 0b001801 10220 100 256 46209671 57 137
0b001b01 0b001801 10221 100 256 46209677 57 137
0b001b01 0b001801 10222 100 256 46209683 57 137
0b001b01 0b001801 10223 100 256 46209689 57 137
0b000e01 0b000f01 10220 100 256 46210390 57 137
0b000c01 0b000d01 10220 100 256 46210391 57 137
0b000e01 0b000f01 10221 100 256 46210396 57 137
0b000c01 0b000d01 10221 100 256 46210397 57 137
0b000e01 0b000f01 10222 100 256 46210402 57 137
0b000c01 0b000d01 10222 100 256 46210403 57 137
0b000e01 0b000f01 10223 100 256 46210408 57 137
0b000c01 0b000d01 10223 100 256 46210409 57 137
0b000f01 0b000c01 10220 100 256 46211362 57 137
0b000f01 0b000c01 10221 100 256 46211368 57 137
0b000f01 0b000c01 10222 100 256 46211374 57 137
0b000f01 0b000c01 10223 100 256 46211380 57 137
0b000d01 0b000e01 10220 100 256 46211772 57 137
0b000d01 0b000e01 10221 100 256 46211778 57 137
0b000d01 0b000e01 10222 100 256 46211784 57 137
0b000d01 0b000e01 10223 100 256 46211790 57 137
0b001901 0b001a01 10220 100 256 46211871 57 137
0b001901 0b001a01 10221 100 256 46211877 57 137
0b001901 0b001a01 10222 100 256 46211883 57 137
0b001901 0b001a01 10223 100 256 46211889 57 137
0b001b01 0b001801 10224 100 256 46214241 57 137
0b001901 0b001a01 10224 100 256 46214241 57 137
0b001b01 0b001801 10225 100 256 46214247 57 137
0b001901 0b001a01 10225 100 256 46214247 57 137
0b001b01 0b001801 10226 100 256 46214253 57 137
0b001901 0b001a01 10226 100 256 46214253 57 137
0b001b01 0b001801 10227 100 256 46214259 57 137
0b001901 0b001a01 10227 100 256 46214259 57 137
0b001801 0b001901 10224 100 256 46215738 57 137
0b001801 0b001901 10225 100 256 46215744 57 137
0b001801 0b001901 10226 100 256 46215750 57 137
0b001801 0b001901 10227 100 256 46215756 57 137
0b000f01 0b000c01 10224 100 256 46216457 57 137
0b000d01 0b000e01 10224 100 256 46216458 57 137
0b000f01 0b000c01 10225 100 256 46216463 57 137
0b000d01 0b000e01 10225 100 256 46216464 57 137
0b000f01 0b000c01 10226 100 256 46216469 57 137
0b000d01 0b000e01 10226 100 256 46216470 57 137
0b000f01 0b000c01 10227 100 256 46216475 57 137
0b000d01 0b000e01 10227 100 256 46216476 57 137
0b000c01 0b000d01 10224 100 256 46217429 57 137
0b000c01 0b000d01 10225 100 256 46217435 57 137
0b000c01 0b000d01 10226 100 256 46217441 57 137
0b000c01 0b000d01 10227 100 256 46217447 57 137
0b000e01 0b000f01 10224 100 256 46217839 57 137
0b000e01 0b000f01 10225 100 256 46217845 57 137
0b000e01 0b000f01 10226 100 256 46217851 57 137
0b000e01 0b000f01 10227 100 256 46217857 57 137
0b001a01 0b001b01 10224 100 256 46217938 57 137
0b001a01 0b001b01 10225 100 256 46217944 57 137
0b001a01 0b001b01 10226 100 256 46217950 57 137
0b001a01 0b001b01 10227 100 256 46217956 57 137
0b000901 0b000a01 10216 100 256 46226387 57 137
0b000901 0b000a01 10217 100 256 46226387 63 137
0b000901 0b000a01 10218 100 256 46226387 69 137
0b000901 0b000a01 10219 100 256 46226387 75 137
0b000a01 0b000b01 10216 100 256 46236404 57 137
0b000a01 0b000b01 10217 100 256 46236404 63 137
0b000a01 0b000b01 10218 100 256 46236404 69 137
0b000a01 0b000b01 10219 100 256 46236404 75 137
0b000a01 0b000b01 10220 100 256 46236414 71 137
0b000a01 0b000b01 10221 100 256 46236414 77 137
0b000a01 0b000b01 10222 100 256 46236414 83 137
0b000a01 0b000b01 10223 100 256 46236414 89 137
0b000b01 0b000801 10216 100 256 46246185 57 137
0b000b01 0b000801 10217 100 256 46246185 63 137
0b000b01 0b000801 10218 100 256 46246185 69 137
0b000b01 0b000801 10219 100 256 46246185 75 137
0b000b01 0b000801 10220 100 256 46246195 71 137
0b000b01 0b000801 10221 100 256 46246195 77 137
0b000b01 0b000801 10222 100 256 46246195 83 137
0b000b01 0b000801 10223 100 256 46246195 89 137
0b000b01 0b000801 10224 100 256 46246205 85 137
0b000b01 0b000801 10225 100 256 46246205 91 137
0b000b01 0b000801 10226 100 256 46246205 97 137
0b000b01 0b000801 10227 100 256 46246205 103 137
0b000801 0b000901 10216 100 256 46248094 57 137
0b000801 0b000901 10217 100 256 46248094 63 137
0b000801 0b000901 10218 100 256 46248094 69 137
0b000801 0b000901 10219 100 256 46248094 75 137
0b000801 0b000901 10220 100 256 46252252 57 137
0b000801 0b000901 10221 100 256 46252258 57 137
0b000801 0b000901 10222 100 256 46252264 57 137
0b000801 0b000901 10223 100 256 46252270 57 137
0b000801 0b000901 10224 100 256 46252276 57 137
0b000801 0b000901 10225 100 256 46252282 57 137
0b000801 0b000901 10226 100 256 46252288 57 137
0b000801 0b000901 10227 100 256 46252294 57 137
0b000901 0b000a01 10220 100 256 46254161 57 137
0b000901 0b000a01 10221 100 256 46254167 57 137
0b000901 0b000a01 10222 100 256 46254173 57 137
0b000901 0b000a01 10223 100 256 46254179 57 137
0b001801 0b001001 10002 100 3244032 46221874 35554 35972
0b001801 0b001401 10002 100 3244032 46221874 35554 35972
0b001901 0b001101 10002 100 3244032 46221925 35554 35972
0b001901 0b001501 10002 100 3244032 46221925 35554 35972
0b000901 0b000a01 10224 100 256 46258319 57 137
0b000901 0b000a01 10225 100 256 46258325 57 137
0b000901 0b000a01 10226 100 256 46258331 57 137
0b000901 0b000a01 10227 100 256 46258337 57 137
0b000c01 0b000401 10002 100 3244032 46223565 35554 35972
0b000c01 0b000001 10002 100 3244032 46223565 35554 35972
0b000d01 0b000501 10002 100 3244032 46223616 35554 35972
0b000d01 0b000101 10002 100 3244032 46223616 35554 35972
0b000e01 0b000201 10002 100 3244032 46223975 35554 35972
0b000e01 0b000601 10002 100 3244032 46223975 35554 35972
0b001a01 0b001601 10002 100 3244032 46224074 35554 35972
0b001a01 0b001201 10002 100 3244032 46224074 35554 35972
0b000f01 0b000301 10002 100 3244032 46224026 35554 35972
0b000f01 0b000701 10002 100 3244032 46224026 35554 35972
0b001b01 0b001701 10002 100 3244032 46224125 35554 35972
0b001b01 0b001301 10002 100 3244032 46224125 35554 35972
0b000a01 0b000b01 10224 100 256 46260228 57 137
0b000a01 0b000b01 10225 100 256 46260234 57 137
0b000a01 0b000b01 10226 100 256 46260240 57 137
0b000a01 0b000b01 10227 100 256 46260246 57 137
0b001801 0b001c01 10002 100 3244032 46221874 64995 65835
0b001901 0b001d01 10002 100 3244032 46221925 64995 65835
0b000d01 0b000901 10002 100 3244032 46223616 65349 65835
0b000c01 0b000801 10002 100 3244032 46223565 65416 65835
0b001a01 0b001e01 10002 100 3244032 46224074 64995 65835
0b001b01 0b001f01 10002 100 3244032 46224125 64995 65835
0b000e01 0b000a01 10002 100 3244032 46223975 65322 65835
0b000f01 0b000b01 10002 100 3244032 46224026 65322 65835
0b000801 0b000401 10002 100 3244032 46258412 35554 35972
0b000801 0b000001 10002 100 3244032 46258412 35554 35972
0b000901 0b000101 10002 100 3244032 46264455 35554 35972
0b000901 0b000501 10002 100 3244032 46264455 35554 35972
0b000a01 0b000201 10002 100 3244032 46266364 35554 35972
0b000a01 0b000601 10002 100 3244032 46266364 35554 35972
0b000801 0b000c01 10002 100 3244032 46258412 65363 65835
0b000901 0b000d01 10002 100 3244032 46264455 65290 65835
0b000a01 0b000e01 10002 100 3244032 46266364 65271 65835
0b000b01 0b000f01 10002 100 3244032 46266415 65271 65835
0b000b01 0b000301 10002 100 3244032 46266415 67985 35972
0b000b01 0b000701 10002 100 3244032 46266415 68026 35972
0b000401 0b000501 10216 100 256 46466682 57 137
0b000401 0b000501 10217 100 256 46466682 63 137
0b000401 0b000501 10218 100 256 46466682 69 137
0b000401 0b000501 10219 100 256 46466682 75 137
0b000601 0b000701 10216 100 256 46494116 57 137
0b000601 0b000701 10217 100 256 46494116 63 137
0b000601 0b000701 10218 100 256 46494116 69 137
0b000601 0b000701 10219 100 256 46494116 75 137
0b000701 0b000401 10216 100 256 46495358 57 137
0b000701 0b000401 10217 100 256 46495358 63 137
0b000701 0b000401 10218 100 256 46495358 69 137
0b000701 0b000401 10219 100 256 46495358 75 137
0b000701 0b000401 10220 100 256 46500183 57 137
0b000701 0b000401 10221 100 256 46500189 57 137
0b000701 0b000401 10222 100 256 46500195 57 137
0b000701 0b000401 10223 100 256 46500201 57 137
0b000401 0b000501 10220 100 256 46501425 57 137
0b000401 0b000501 10221 100 256 46501431 57 137
0b000401 0b000501 10222 100 256 46501437 57 137
0b000401 0b000501 10223 100 256 46501443 57 137
0b000401 0b000501 10224 100 256 46506250 57 137
0b000401 0b000501 10225 100 256 46506256 57 137
0b000401 0b000501 10226 100 256 46506262 57 137
0b000401 0b000501 10227 100 256 46506268 57 137
0b000501 0b000601 10216 100 256 46514511 57 137
0b000501 0b000601 10217 100 256 46514511 63 137
0b000501 0b000601 10218 100 256 46514511 69 137
0b000501 0b000601 10219 100 256 46514511 75 137
0b000501 0b000601 10220 100 256 46514521 71 137
0b000501 0b000601 10221 100 256 46514521 77 137
0b000501 0b000601 10222 100 256 46514521 83 137
0b000501 0b000601 10223 100 256 46514521 89 137
0b000501 0b000601 10224 100 256 46514531 85 137
0b000501 0b000601 10225 100 256 46514531 91 137
0b000501 0b000601 10226 100 256 46514531 97 137
0b000501 0b000601 10227 100 256 46514531 103 137
0b000601 0b000701 10220 100 256 46520578 57 137
0b000601 0b000701 10221 100 256 46520584 57 137
0b000601 0b000701 10222 100 256 46520590 57 137
0b000601 0b000701 10223 100 256 46520596 57 137
0b000601 0b000701 10224 100 256 46520602 57 137
0b000601 0b000701 10225 100 256 46520608 57 137
0b000601 0b000701 10226 100 256 46520614 57 137
0b000601 0b000701 10227 100 256 46520620 57 137
0b000701 0b000401 10224 100 256 46526645 57 137
0b000701 0b000401 10225 100 256 46526651 57 137
0b000701 0b000401 10226 100 256 46526657 57 137
0b000701 0b000401 10227 100 256 46526663 57 137
0b000501 0b000d01 10002 100 3244032 46520695 35554 35972
0b000701 0b000f01 10002 100 3244032 46532781 35554 35972
0b000701 0b000b01 10002 100 3244032 46532781 35554 35972
0b000401 0b000c01 10002 100 3244032 46532832 35554 35972
0b000501 0b000901 10002 100 3244032 46520695 55849 35972
0b000501 0b000101 10002 100 3244032 46520695 64995 65835
0b000401 0b000801 10002 100 3244032 46532832 55889 35972
0b000601 0b000201 10002 100 3244032 46526738 64995 65835
0b000601 0b000a01 10002 100 3244032 46526738 67985 35972
0b000601 0b000e01 10002 100 3244032 46526738 68026 35972
0b000701 0b000301 10002 100 3244032 46532781 64995 65835
0b000401 0b000001 10002 100 3244032 46532832 64995 65835
0b001401 0b001501 10216 100 256 46599994 57 137
0b001401 0b001501 10217 100 256 46599994 63 137
0b001401 0b001501 10218 100 256 46599994 69 137
0b001401 0b001501 10219 100 256 46599994 75 137
0b001f01 0b001c01 10216 100 256 46614853 57 137
0b001f01 0b001c01 10217 100 256 46614853 63 137
0b001f01 0b001c01 10218 100 256 46614853 69 137
0b001f01 0b001c01 10219 100 256 46614853 75 137
0b001301 0b001001 10216 100 256 46639969 57 137
0b001301 0b001001 10217 100 256 46639969 63 137
0b001301 0b001001 10218 100 256 46639969 69 137
0b001301 0b001001 10219 100 256 46639969 75 137
0b001501 0b001601 10216 100 256 46663567 57 137
0b001501 0b001601 10217 100 256 46663567 63 137
0b001501 0b001601 10218 100 256 46663567 69 137
0b001501 0b001601 10219 100 256 46663567 75 137
0b001501 0b001601 10220 100 256 46663577 71 137
0b001501 0b001601 10221 100 256 46663577 77 137
0b001501 0b001601 10222 100 256 46663577 83 137
0b001501 0b001601 10223 100 256 46663577 89 137
0b001701 0b001401 10216 100 256 46668358 57 137
0b001701 0b001401 10217 100 256 46668358 63 137
0b001701 0b001401 10218 100 256 46668358 69 137
0b001701 0b001401 10219 100 256 46668358 75 137
0b001401 0b001501 10220 100 256 46674425 57 137
0b001401 0b001501 10221 100 256 46674431 57 137
0b001401 0b001501 10222 100 256 46674437 57 137
0b001401 0b001501 10223 100 256 46674443 57 137
0b001601 0b001701 10216 100 256 46676956 57 137
0b001601 0b001701 10217 100 256 46676956 63 137
0b001601 0b001701 10218 100 256 46676956 69 137
0b001601 0b001701 10219 100 256 46676956 75 137
0b001601 0b001701 10220 100 256 46676966 71 137
0b001601 0b001701 10221 100 256 46676966 77 137
0b001601 0b001701 10222 100 256 46676966 83 137
0b001601 0b001701 10223 100 256 46676966 89 137
0b001601 0b001701 10224 100 256 46676976 85 137
0b001601 0b001701 10225 100 256 46676976 91 137
0b001601 0b001701 10226 100 256 46676976 97 137
0b001601 0b001701 10227 100 256 46676976 103 137
0b001501 0b001601 10224 100 256 46680492 57 137
0b001501 0b001601 10225 100 256 46680498 57 137
0b001501 0b001601 10226 100 256 46680504 57 137
0b001501 0b001601 10227 100 256 46680510 57 137
0b001701 0b001401 10220 100 256 46683023 57 137
0b001701 0b001401 10221 100 256 46683029 57 137
0b001701 0b001401 10222 100 256 46683035 57 137
0b001701 0b001401 10223 100 256 46683041 57 137
0b001701 0b001401 10224 100 256 46683047 57 137
0b001701 0b001401 10225 100 256 46683053 57 137
0b001701 0b001401 10226 100 256 46683059 57 137
0b001701 0b001401 10227 100 256 46683065 57 137
0b001c01 0b001d01 10216 100 256 46687927 57 137
0b001c01 0b001d01 10217 100 256 46687927 63 137
0b001c01 0b001d01 10218 100 256 46687927 69 137
0b001c01 0b001d01 10219 100 256 46687927 75 137
0b001c01 0b001d01 10220 100 256 46687937 71 137
0b001c01 0b001d01 10221 100 256 46687937 77 137
0b001c01 0b001d01 10222 100 256 46687937 83 137
0b001c01 0b001d01 10223 100 256 46687937 89 137
0b001401 0b001501 10224 100 256 46689090 57 137
0b001401 0b001501 10225 100 256 46689096 57 137
0b001401 0b001501 10226 100 256 46689102 57 137
0b001401 0b001501 10227 100 256 46689108 57 137
0b001001 0b001101 10216 100 256 46719275 57 137
0b001001 0b001101 10217 100 256 46719275 63 137
0b001001 0b001101 10218 100 256 46719275 69 137
0b001001 0b001101 10219 100 256 46719275 75 137
0b001001 0b001101 10220 100 256 46719285 71 137
0b001001 0b001101 10221 100 256 46719285 77 137
0b001001 0b001101 10222 100 256 46719285 83 137
0b001001 0b001101 10223 100 256 46719285 89 137
0b001601 0b001e01 10002 100 3244032 46686679 35554 35972
0b001601 0b001a01 10002 100 3244032 46686679 35554 35972
0b001701 0b001f01 10002 100 3244032 46689183 35554 35972
0b001701 0b001b01 10002 100 3244032 46689183 35554 35972
0b001401 0b001801 10002 100 3244032 46695226 35554 35972
0b001401 0b001c01 10002 100 3244032 46695226 35554 35972
0b001501 0b001d01 10002 100 3244032 46695277 35554 35972
0b001501 0b001901 10002 100 3244032 46695277 35554 35972
0b001201 0b001301 10216 100 256 46741789 57 137
0b001201 0b001301 10217 100 256 46741789 63 137
0b001201 0b001301 10218 100 256 46741789 69 137
0b001201 0b001301 10219 100 256 46741789 75 137
0b001101 0b001201 10216 100 256 46745456 57 137
0b001101 0b001201 10217 100 256 46745456 63 137
0b001101 0b001201 10218 100 256 46745456 69 137
0b001101 0b001201 10219 100 256 46745456 75 137
0b001101 0b001201 10220 100 256 46745466 71 137
0b001d01 0b001e01 10216 100 256 46745596 57 137
0b001101 0b001201 10221 100 256 46745466 77 137
0b001d01 0b001e01 10217 100 256 46745596 63 137
0b001101 0b001201 10222 100 256 46745466 83 137
0b001d01 0b001e01 10218 100 256 46745596 69 137
0b001101 0b001201 10223 100 256 46745466 89 137
0b001d01 0b001e01 10219 100 256 46745596 75 137
0b001101 0b001201 10224 100 256 46745476 85 137
0b001d01 0b001e01 10220 100 256 46745606 71 137
0b001101 0b001201 10225 100 256 46745476 91 137
0b001101 0b001201 10226 100 256 46745476 97 137
0b001d01 0b001e01 10221 100 256 46745606 77 137
0b001101 0b001201 10227 100 256 46745476 103 137
0b001d01 0b001e01 10222 100 256 46745606 83 137
0b001d01 0b001e01 10223 100 256 46745606 89 137
0b001d01 0b001e01 10224 100 256 46745616 85 137
0b001d01 0b001e01 10225 100 256 46745616 91 137
0b001d01 0b001e01 10226 100 256 46745616 97 137
0b001d01 0b001e01 10227 100 256 46745616 103 137
0b001301 0b001001 10220 100 256 46747856 57 137
0b001301 0b001001 10221 100 256 46747862 57 137
0b001301 0b001001 10222 100 256 46747868 57 137
0b001301 0b001001 10223 100 256 46747874 57 137
0b001201 0b001301 10220 100 256 46751523 57 137
0b001201 0b001301 10221 100 256 46751529 57 137
0b001201 0b001301 10222 100 256 46751535 57 137
0b001201 0b001301 10223 100 256 46751541 57 137
0b001201 0b001301 10224 100 256 46751547 57 137
0b001201 0b001301 10225 100 256 46751553 57 137
0b001201 0b001301 10226 100 256 46751559 57 137
0b001201 0b001301 10227 100 256 46751565 57 137
0b001601 0b001201 10002 100 3244032 46686679 64995 65835
0b001001 0b001101 10224 100 256 46753923 57 137
0b001001 0b001101 10225 100 256 46753929 57 137
0b001001 0b001101 10226 100 256 46753935 57 137
0b001001 0b001101 10227 100 256 46753941 57 137
0b001701 0b001301 10002 100 3244032 46689183 64995 65835
0b001301 0b001001 10224 100 256 46757590 57 137
0b001301 0b001001 10225 100 256 46757596 57 137
0b001301 0b001001 10226 100 256 46757602 57 137
0b001301 0b001001 10227 100 256 46757608 57 137
0b001401 0b001001 10002 100 3244032 46695226 64995 65835
0b001501 0b001101 10002 100 3244032 46695277 65024 65835
0b001e01 0b001f01 10216 100 256 46766857 57 137
0b001e01 0b001f01 10217 100 256 46766857 63 137
0b001e01 0b001f01 10218 100 256 46766857 69 137
0b001e01 0b001f01 10219 100 256 46766857 75 137
0b001e01 0b001f01 10220 100 256 46766867 71 137
0b001e01 0b001f01 10221 100 256 46766867 77 137
0b001e01 0b001f01 10222 100 256 46766867 83 137
0b001e01 0b001f01 10223 100 256 46766867 89 137
0b001e01 0b001f01 10224 100 256 46766877 85 137
0b001e01 0b001f01 10225 100 256 46766877 91 137
0b001e01 0b001f01 10226 100 256 46766877 97 137
0b001e01 0b001f01 10227 100 256 46766877 103 137
0b001f01 0b001c01 10220 100 256 46772924 57 137
0b001f01 0b001c01 10221 100 256 46772930 57 137
0b001f01 0b001c01 10222 100 256 46772936 57 137
0b001f01 0b001c01 10223 100 256 46772942 57 137
0b001f01 0b001c01 10224 100 256 46772948 57 137
0b001f01 0b001c01 10225 100 256 46772954 57 137
0b001f01 0b001c01 10226 100 256 46772960 57 137
0b001f01 0b001c01 10227 100 256 46772966 57 137
0b001c01 0b001d01 10224 100 256 46778991 57 137
0b001c01 0b001d01 10225 100 256 46778997 57 137
0b001c01 0b001d01 10226 100 256 46779003 57 137
0b001c01 0b001d01 10227 100 256 46779009 57 137
0b000301 0b000001 10216 100 256 46792253 57 137
0b000301 0b000001 10217 100 256 46792253 63 137
0b000301 0b000001 10218 100 256 46792253 69 137
0b000301 0b000001 10219 100 256 46792253 75 137
0b001201 0b001a01 10002 100 3244032 46757683 35554 35972
0b001201 0b001e01 10002 100 3244032 46757683 35554 35972
0b001101 0b001901 10002 100 3244032 46760110 35554 35972
0b001101 0b001d01 10002 100 3244032 46760110 35569 35972
0b001301 0b001f01 10002 100 3244032 46763726 35554 35972
0b001301 0b001b01 10002 100 3244032 46763726 35602 35972
0b001e01 0b001601 10002 100 3244032 46773041 35554 35972
0b001e01 0b001201 10002 100 3244032 46773041 35554 35972
0b000101 0b000201 10216 100 256 46811775 57 137
0b000101 0b000201 10217 100 256 46811775 63 137
0b000101 0b000201 10218 100 256 46811775 69 137
0b000101 0b000201 10219 100 256 46811775 75 137
0b001001 0b001801 10002 100 3244032 46763777 48418 35972
0b001001 0b001c01 10002 100 3244032 46763777 48623 35972
0b001f01 0b001301 10002 100 3244032 46779084 35561 35972
0b001c01 0b001001 10002 100 3244032 46785127 35554 35972
0b001d01 0b001101 10002 100 3244032 46785178 35554 35972
0b001d01 0b001501 10002 100 3244032 46785178 35561 35972
0b001201 0b001601 10002 100 3244032 46757683 64995 65835
0b001101 0b001501 10002 100 3244032 46760110 64997 65835
0b001301 0b001701 10002 100 3244032 46763726 64995 65835
0b001001 0b001401 10002 100 3244032 46763777 64995 65835
0b001e01 0b001a01 10002 100 3244032 46773041 64995 65835
0b001f01 0b001701 10002 100 3244032 46779084 61958 35972
0b001f01 0b001b01 10002 100 3244032 46779084 64995 65835
0b001c01 0b001401 10002 100 3244032 46785127 61983 35972
0b001c01 0b001801 10002 100 3244032 46785127 64995 65835
0b001d01 0b001901 10002 100 3244032 46785178 64995 65835
0b000001 0b000101 10216 100 256 46851890 57 137
0b000001 0b000101 10217 100 256 46851890 63 137
0b000001 0b000101 10218 100 256 46851890 69 137
0b000001 0b000101 10219 100 256 46851890 75 137
0b000001 0b000101 10220 100 256 46851900 71 137
0b000001 0b000101 10221 100 256 46851900 77 137
0b000001 0b000101 10222 100 256 46851900 83 137
0b000001 0b000101 10223 100 256 46851900 89 137
0b000201 0b000301 10216 100 256 46854356 57 137
0b000201 0b000301 10217 100 256 46854356 63 137
0b000201 0b000301 10218 100 256 46854356 69 137
0b000201 0b000301 10219 100 256 46854356 75 137
0b000201 0b000301 10220 100 256 46854366 71 137
0b000201 0b000301 10221 100 256 46854366 77 137
0b000201 0b000301 10222 100 256 46854366 83 137
0b000201 0b000301 10223 100 256 46854366 89 137
0b000101 0b000201 10220 100 256 46857957 57 137
0b000101 0b000201 10221 100 256 46857963 57 137
0b000101 0b000201 10222 100 256 46857969 57 137
0b000101 0b000201 10223 100 256 46857975 57 137
0b000101 0b000201 10224 100 256 46857981 57 137
0b000101 0b000201 10225 100 256 46857987 57 137
0b000101 0b000201 10226 100 256 46857993 57 137
0b000101 0b000201 10227 100 256 46857999 57 137
0b000301 0b000001 10220 100 256 46860423 57 137
0b000301 0b000001 10221 100 256 46860429 57 137
0b000301 0b000001 10222 100 256 46860435 57 137
0b000301 0b000001 10223 100 256 46860441 57 137
0b000301 0b000001 10224 100 256 46860447 57 137
0b000301 0b000001 10225 100 256 46860453 57 137
0b000301 0b000001 10226 100 256 46860459 57 137
0b000301 0b000001 10227 100 256 46860465 57 137
0b000201 0b000301 10224 100 256 46864024 57 137
0b000201 0b000301 10225 100 256 46864030 57 137
0b000201 0b000301 10226 100 256 46864036 57 137
0b000201 0b000301 10227 100 256 46864042 57 137
0b000001 0b000101 10224 100 256 46866490 57 137
0b000001 0b000101 10225 100 256 46866496 57 137
0b000001 0b000101 10226 100 256 46866502 57 137
0b000001 0b000101 10227 100 256 46866508 57 137
0b000201 0b000a01 10002 100 3244032 46870160 35554 35972
0b000201 0b000e01 10002 100 3244032 46870160 35554 35972
0b000301 0b000b01 10002 100 3244032 46870211 35554 35972
0b000301 0b000f01 10002 100 3244032 46870211 35554 35972
0b000001 0b000801 10002 100 3244032 46872626 35554 35972
0b000001 0b000c01 10002 100 3244032 46872626 35554 35972
0b000101 0b000d01 10002 100 3244032 46872677 35554 35972
0b000101 0b000901 10002 100 3244032 46872677 35554 35972
0b000201 0b000601 10002 100 3244032 46870160 64995 65835
0b000301 0b000701 10002 100 3244032 46870211 64995 65835
0b000001 0b000401 10002 100 3244032 46872626 64995 65835
0b000101 0b000501 10002 100 3244032 46872677 64995 65835
0b001e01 0b001f01 10231 100 6291456 46799349 503613 127557
0b001e01 0b001f01 10230 100 6291456 46799349 503695 127557
0b001e01 0b001f01 10229 100 6291456 46799349 503777 127557
0b001e01 0b001f01 10228 100 6291456 46799349 503859 127557
0b001d01 0b001e01 10231 100 6291456 46801791 503613 127557
0b001d01 0b001e01 10230 100 6291456 46801791 503695 127557
0b001d01 0b001e01 10229 100 6291456 46801791 503777 127557
0b001d01 0b001e01 10228 100 6291456 46801791 503859 127557
0b001f01 0b001c01 10231 100 6291456 46805392 503613 127557
0b001f01 0b001c01 10230 100 6291456 46805392 503695 127557
0b001f01 0b001c01 10229 100 6291456 46805392 503777 127557
0b001f01 0b001c01 10228 100 6291456 46805392 503859 127557
0b001201 0b001301 10231 100 6291456 46814707 503613 127557
0b001201 0b001301 10230 100 6291456 46814707 503695 127557
0b001201 0b001301 10229 100 6291456 46814707 503777 127557
0b001201 0b001301 10228 100 6291456 46814707 503859 127557
0b001301 0b001001 10231 100 6291456 46820757 503613 127557
0b001301 0b001001 10230 100 6291456 46820757 503695 127557
0b001301 0b001001 10229 100 6291456 46820757 503777 127557
0b001301 0b001001 10228 100 6291456 46820757 503859 127557
0b001c01 0b001d01 10231 100 6291456 46818512 510829 127557
0b001c01 0b001d01 10230 100 6291456 46818512 510911 127557
0b001c01 0b001d01 10229 100 6291456 46818512 510993 127557
0b001c01 0b001d01 10228 100 6291456 46818512 511075 127557
0b001001 0b001101 10231 100 6291456 46826793 503613 127557
0b001101 0b001201 10231 100 6291456 46826844 503613 127557
0b001001 0b001101 10230 100 6291456 46826793 503695 127557
0b001101 0b001201 10230 100 6291456 46826844 503695 127557
0b001001 0b001101 10229 100 6291456 46826793 503777 127557
0b001101 0b001201 10229 100 6291456 46826844 503777 127557
0b001001 0b001101 10228 100 6291456 46826793 503859 127557
0b001101 0b001201 10228 100 6291456 46826844 503859 127557
0b001601 0b001701 10228 100 6291456 46828790 503613 127557
0b001601 0b001701 10229 100 6291456 46828790 503695 127557
0b001601 0b001701 10230 100 6291456 46828790 503777 127557
0b001601 0b001701 10231 100 6291456 46828790 503859 127557
0b001501 0b001601 10228 100 6291456 46831219 503613 127557
0b001501 0b001601 10229 100 6291456 46831219 503695 127557
0b001501 0b001601 10230 100 6291456 46831219 503777 127557
0b001501 0b001601 10231 100 6291456 46831219 503859 127557
0b001a01 0b001b01 10228 100 6291456 46844148 503613 127557
0b001a01 0b001b01 10229 100 6291456 46844148 503695 127557
0b001a01 0b001b01 10230 100 6291456 46844148 503777 127557
0b001a01 0b001b01 10231 100 6291456 46844148 503859 127557
0b001b01 0b001801 10228 100 6291456 46850191 503613 127557
0b001b01 0b001801 10229 100 6291456 46850191 503695 127557
0b001b01 0b001801 10230 100 6291456 46850191 503777 127557
0b001b01 0b001801 10231 100 6291456 46850191 503859 127557
0b001401 0b001501 10231 100 6291456 46853222 503613 127557
0b001401 0b001501 10230 100 6291456 46853222 503695 127557
0b001401 0b001501 10229 100 6291456 46853222 503777 127557
0b001401 0b001501 10228 100 6291456 46853222 503859 127557
0b001801 0b001901 10228 100 6291456 46856234 503613 127557
0b001901 0b001a01 10228 100 6291456 46856285 503613 127557
0b001801 0b001901 10229 100 6291456 46856234 503695 127557
0b001901 0b001a01 10229 100 6291456 46856285 503695 127557
0b001801 0b001901 10230 100 6291456 46856234 503777 127557
0b001901 0b001a01 10230 100 6291456 46856285 503777 127557
0b001801 0b001901 10231 100 6291456 46856234 503859 127557
0b001901 0b001a01 10231 100 6291456 46856285 503859 127557
0b001701 0b001401 10231 100 6291456 46847154 516077 127557
0b001701 0b001401 10230 100 6291456 46847154 516159 127557
0b001701 0b001401 10229 100 6291456 46847154 516241 127557
0b001701 0b001401 10228 100 6291456 46847154 516323 127557
0b000201 0b000301 10228 100 6291456 46876354 503613 127557
0b000301 0b000001 10228 100 6291456 46876405 503613 127557
0b000201 0b000301 10229 100 6291456 46876354 503695 127557
0b000301 0b000001 10229 100 6291456 46876405 503695 127557
0b000201 0b000301 10230 100 6291456 46876354 503777 127557
0b000301 0b000001 10230 100 6291456 46876405 503777 127557
0b000201 0b000301 10231 100 6291456 46876354 503859 127557
0b000301 0b000001 10231 100 6291456 46876405 503859 127557
0b000001 0b000101 10228 100 6291456 46878820 503613 127557
0b000101 0b000201 10228 100 6291456 46878871 503613 127557
0b000001 0b000101 10229 100 6291456 46878820 503695 127557
0b000101 0b000201 10229 100 6291456 46878871 503695 127557
0b000001 0b000101 10230 100 6291456 46878820 503777 127557
0b000101 0b000201 10230 100 6291456 46878871 503777 127557
0b000001 0b000101 10231 100 6291456 46878820 503859 127557
0b000101 0b000201 10231 100 6291456 46878871 503859 127557
0b000e01 0b000f01 10231 100 6291456 46911826 503613 127557
0b000a01 0b000b01 10231 100 6291456 46911826 503613 127557
0b000f01 0b000c01 10231 100 6291456 46911877 503613 127557
0b000b01 0b000801 10231 100 6291456 46911877 503613 127557
0b000e01 0b000f01 10230 100 6291456 46911826 503695 127557
0b000a01 0b000b01 10230 100 6291456 46911826 503695 127557
0b000f01 0b000c01 10230 100 6291456 46911877 503695 127557
0b000b01 0b000801 10230 100 6291456 46911877 503695 127557
0b000e01 0b000f01 10229 100 6291456 46911826 503777 127557
0b000a01 0b000b01 10229 100 6291456 46911826 503777 127557
0b000f01 0b000c01 10229 100 6291456 46911877 503777 127557
0b000b01 0b000801 10229 100 6291456 46911877 503777 127557
0b000e01 0b000f01 10228 100 6291456 46911826 503859 127557
0b000a01 0b000b01 10228 100 6291456 46911826 503859 127557
0b000f01 0b000c01 10228 100 6291456 46911877 503859 127557
0b000b01 0b000801 10228 100 6291456 46911877 503859 127557
0b000c01 0b000d01 10231 100 6291456 46914292 503613 127557
0b000801 0b000901 10231 100 6291456 46914292 503613 127557
0b000901 0b000a01 10231 100 6291456 46914343 503613 127557
0b000d01 0b000e01 10231 100 6291456 46914343 503613 127557
0b000c01 0b000d01 10230 100 6291456 46914292 503695 127557
0b000801 0b000901 10230 100 6291456 46914292 503695 127557
0b000901 0b000a01 10230 100 6291456 46914343 503695 127557
0b000d01 0b000e01 10230 100 6291456 46914343 503695 127557
0b000c01 0b000d01 10229 100 6291456 46914292 503777 127557
0b000801 0b000901 10229 100 6291456 46914292 503777 127557
0b000901 0b000a01 10229 100 6291456 46914343 503777 127557
0b000d01 0b000e01 10229 100 6291456 46914343 503777 127557
0b000c01 0b000d01 10228 100 6291456 46914292 503859 127557
0b000801 0b000901 10228 100 6291456 46914292 503859 127557
0b000901 0b000a01 10228 100 6291456 46914343 503859 127557
0b000d01 0b000e01 10228 100 6291456 46914343 503859 127557
0b000601 0b000701 10228 100 6291456 46941267 503613 127557
0b000701 0b000401 10228 100 6291456 46941318 503613 127557
0b000601 0b000701 10229 100 6291456 46941267 503695 127557
0b000701 0b000401 10229 100 6291456 46941318 503695 127557
0b000601 0b000701 10230 100 6291456 46941267 503777 127557
0b000701 0b000401 10230 100 6291456 46941318 503777 127557
0b000601 0b000701 10231 100 6291456 46941267 503859 127557
0b000701 0b000401 10231 100 6291456 46941318 503859 127557
0b000401 0b000501 10228 100 6291456 46943733 503613 127557
0b000501 0b000601 10228 100 6291456 46943784 503613 127557
0b000401 0b000501 10229 100 6291456 46943733 503695 127557
0b000501 0b000601 10229 100 6291456 46943784 503695 127557
0b000401 0b000501 10230 100 6291456 46943733 503777 127557
0b000501 0b000601 10230 100 6291456 46943784 503777 127557
0b000401 0b000501 10231 100 6291456 46943733 503859 127557
0b000501 0b000601 10231 100 6291456 46943784 503859 127557
0b001f01 0b001c01 10232 100 6291456 47308972 503841 127557
0b001f01 0b001c01 10233 100 6291456 47309054 503841 127557
0b001f01 0b001c01 10234 100 6291456 47309136 503841 127557
0b001f01 0b001c01 10235 100 6291456 47309218 503841 127557
0b001e01 0b001f01 10232 100 6291456 47311414 503613 127557
0b001e01 0b001f01 10233 100 6291456 47311496 503613 127557
0b001e01 0b001f01 10234 100 6291456 47311578 503613 127557
0b001e01 0b001f01 10235 100 6291456 47311660 503613 127557
0b001301 0b001001 10232 100 6291456 47324330 503848 127557
0b001301 0b001001 10233 100 6291456 47324412 503848 127557
0b001301 0b001001 10234 100 6291456 47324494 503848 127557
0b001301 0b001001 10235 100 6291456 47324576 503848 127557
0b001c01 0b001d01 10232 100 6291456 47315015 518134 127557
0b001c01 0b001d01 10233 100 6291456 47315097 518134 127557
0b001c01 0b001d01 10234 100 6291456 47315179 518134 127557
0b001c01 0b001d01 10235 100 6291456 47315261 518134 127557
0b001001 0b001101 10232 100 6291456 47330380 503834 127557
0b001001 0b001101 10233 100 6291456 47330462 503834 127557
0b001001 0b001101 10234 100 6291456 47330544 503834 127557
0b001001 0b001101 10235 100 6291456 47330626 503834 127557
0b001d01 0b001e01 10232 100 6291456 47335351 503613 127557
0b001d01 0b001e01 10233 100 6291456 47335433 503613 127557
0b001d01 0b001e01 10234 100 6291456 47335515 503613 127557
0b001d01 0b001e01 10235 100 6291456 47335597 503613 127557
0b001101 0b001201 10232 100 6291456 47336416 503613 127557
0b001201 0b001301 10232 100 6291456 47336467 503613 127557
0b001101 0b001201 10233 100 6291456 47336498 503613 127557
0b001201 0b001301 10233 100 6291456 47336549 503613 127557
0b001101 0b001201 10234 100 6291456 47336580 503613 127557
0b001201 0b001301 10234 100 6291456 47336631 503613 127557
0b001101 0b001201 10235 100 6291456 47336662 503613 127557
0b001201 0b001301 10235 100 6291456 47336713 503613 127557
0b001601 0b001701 10232 100 6291456 47340842 503613 127557
0b001601 0b001701 10233 100 6291456 47340924 503613 127557
0b001601 0b001701 10234 100 6291456 47341006 503613 127557
0b001601 0b001701 10235 100 6291456 47341088 503613 127557
0b001b01 0b001801 10232 100 6291456 47353771 503841 127557
0b001b01 0b001801 10233 100 6291456 47353853 503841 127557
0b001b01 0b001801 10234 100 6291456 47353935 503841 127557
0b001b01 0b001801 10235 100 6291456 47354017 503841 127557
0b001701 0b001401 10232 100 6291456 47338413 520426 127557
0b001701 0b001401 10233 100 6291456 47338495 520426 127557
0b001701 0b001401 10234 100 6291456 47338577 520426 127557
0b001701 0b001401 10235 100 6291456 47338659 520426 127557
0b001801 0b001901 10232 100 6291456 47359814 503841 127557
0b001801 0b001901 10233 100 6291456 47359896 503841 127557
0b001801 0b001901 10234 100 6291456 47359978 503841 127557
0b001801 0b001901 10235 100 6291456 47360060 503841 127557
0b001501 0b001601 10232 100 6291456 47362845 503613 127557
0b001501 0b001601 10233 100 6291456 47362927 503613 127557
0b001501 0b001601 10234 100 6291456 47363009 503613 127557
0b001501 0b001601 10235 100 6291456 47363091 503613 127557
0b001901 0b001a01 10232 100 6291456 47365857 503613 127557
0b001a01 0b001b01 10232 100 6291456 47365908 503613 127557
0b001901 0b001a01 10233 100 6291456 47365939 503613 127557
0b001a01 0b001b01 10233 100 6291456 47365990 503613 127557
0b001901 0b001a01 10234 100 6291456 47366021 503613 127557
0b001a01 0b001b01 10234 100 6291456 47366072 503613 127557
0b001901 0b001a01 10235 100 6291456 47366103 503613 127557
0b001a01 0b001b01 10235 100 6291456 47366154 503613 127557
0b001401 0b001501 10232 100 6291456 47369241 511813 127557
0b001401 0b001501 10233 100 6291456 47369323 511813 127557
0b001401 0b001501 10234 100 6291456 47369405 511813 127557
0b001401 0b001501 10235 100 6291456 47369487 511813 127557
0b000301 0b000001 10232 100 6291456 47385977 503613 127557
0b000001 0b000101 10232 100 6291456 47386028 503613 127557
0b000301 0b000001 10233 100 6291456 47386059 503613 127557
0b000001 0b000101 10233 100 6291456 47386110 503613 127557
0b000301 0b000001 10234 100 6291456 47386141 503613 127557
0b000001 0b000101 10234 100 6291456 47386192 503613 127557
0b000301 0b000001 10235 100 6291456 47386223 503613 127557
0b000001 0b000101 10235 100 6291456 47386274 503613 127557
0b000101 0b000201 10232 100 6291456 47388443 503613 127557
0b000201 0b000301 10232 100 6291456 47388494 503613 127557
0b000101 0b000201 10233 100 6291456 47388525 503613 127557
0b000201 0b000301 10233 100 6291456 47388576 503613 127557
0b000101 0b000201 10234 100 6291456 47388607 503613 127557
0b000201 0b000301 10234 100 6291456 47388658 503613 127557
0b000101 0b000201 10235 100 6291456 47388689 503613 127557
0b000201 0b000301 10235 100 6291456 47388740 503613 127557
0b000f01 0b000c01 10232 100 6291456 47421449 503613 127557
0b000b01 0b000801 10232 100 6291456 47421449 503613 127557
0b000c01 0b000d01 10232 100 6291456 47421500 503613 127557
0b000801 0b000901 10232 100 6291456 47421500 503613 127557
0b000f01 0b000c01 10233 100 6291456 47421531 503613 127557
0b000b01 0b000801 10233 100 6291456 47421531 503613 127557
0b000c01 0b000d01 10233 100 6291456 47421582 503613 127557
0b000801 0b000901 10233 100 6291456 47421582 503613 127557
0b000f01 0b000c01 10234 100 6291456 47421613 503613 127557
0b000b01 0b000801 10234 100 6291456 47421613 503613 127557
0b000c01 0b000d01 10234 100 6291456 47421664 503613 127557
0b000801 0b000901 10234 100 6291456 47421664 503613 127557
0b000f01 0b000c01 10235 100 6291456 47421695 503613 127557
0b000b01 0b000801 10235 100 6291456 47421695 503613 127557
0b000c01 0b000d01 10235 100 6291456 47421746 503613 127557
0b000801 0b000901 10235 100 6291456 47421746 503613 127557
0b000d01 0b000e01 10232 100 6291456 47423915 503613 127557
0b000901 0b000a01 10232 100 6291456 47423915 503613 127557
0b000a01 0b000b01 10232 100 6291456 47423966 503613 127557
0b000e01 0b000f01 10232 100 6291456 47423966 503613 127557
0b000d01 0b000e01 10233 100 6291456 47423997 503613 127557
0b000901 0b000a01 10233 100 6291456 47423997 503613 127557
0b000a01 0b000b01 10233 100 6291456 47424048 503613 127557
0b000e01 0b000f01 10233 100 6291456 47424048 503613 127557
0b000d01 0b000e01 10234 100 6291456 47424079 503613 127557
0b000901 0b000a01 10234 100 6291456 47424079 503613 127557
0b000a01 0b000b01 10234 100 6291456 47424130 503613 127557
0b000e01 0b000f01 10234 100 6291456 47424130 503613 127557
0b000d01 0b000e01 10235 100 6291456 47424161 503613 127557
0b000901 0b000a01 10235 100 6291456 47424161 503613 127557
0b000a01 0b000b01 10235 100 6291456 47424212 503613 127557
0b000e01 0b000f01 10235 100 6291456 47424212 503613 127557
0b000701 0b000401 10232 100 6291456 47450890 503613 127557
0b000401 0b000501 10232 100 6291456 47450941 503613 127557
0b000701 0b000401 10233 100 6291456 47450972 503613 127557
0b000401 0b000501 10233 100 6291456 47451023 503613 127557
0b000701 0b000401 10234 100 6291456 47451054 503613 127557
0b000401 0b000501 10234 100 6291456 47451105 503613 127557
0b000701 0b000401 10235 100 6291456 47451136 503613 127557
0b000401 0b000501 10235 100 6291456 47451187 503613 127557
0b000501 0b000601 10232 100 6291456 47453356 503613 127557
0b000601 0b000701 10232 100 6291456 47453407 503613 127557
0b000501 0b000601 10233 100 6291456 47453438 503613 127557
0b000601 0b000701 10233 100 6291456 47453489 503613 127557
0b000501 0b000601 10234 100 6291456 47453520 503613 127557
0b000601 0b000701 10234 100 6291456 47453571 503613 127557
0b000501 0b000601 10235 100 6291456 47453602 503613 127557
0b000601 0b000701 10235 100 6291456 47453653 503613 127557
0b001f01 0b001c01 10236 100 6291456 47821037 503613 127557
0b001f01 0b001c01 10237 100 6291456 47821119 503613 127557
0b001f01 0b001c01 10238 100 6291456 47821201 503613 127557
0b001f01 0b001c01 10239 100 6291456 47821283 503613 127557
0b001c01 0b001d01 10236 100 6291456 47818823 510918 127557
0b001c01 0b001d01 10237 100 6291456 47818905 510918 127557
0b001c01 0b001d01 10238 100 6291456 47818987 510918 127557
0b001c01 0b001d01 10239 100 6291456 47819069 510918 127557
0b001001 0b001101 10236 100 6291456 47834188 503834 127557
0b001001 0b001101 10237 100 6291456 47834270 503834 127557
0b001001 0b001101 10238 100 6291456 47834352 503834 127557
0b001001 0b001101 10239 100 6291456 47834434 503834 127557
0b001101 0b001201 10236 100 6291456 47840224 503613 127557
0b001101 0b001201 10237 100 6291456 47840306 503613 127557
0b001101 0b001201 10238 100 6291456 47840388 503613 127557
0b001101 0b001201 10239 100 6291456 47840470 503613 127557
0b001e01 0b001f01 10236 100 6291456 47844974 503613 127557
0b001e01 0b001f01 10237 100 6291456 47845056 503613 127557
0b001e01 0b001f01 10238 100 6291456 47845138 503613 127557
0b001e01 0b001f01 10239 100 6291456 47845220 503613 127557
0b001d01 0b001e01 10236 100 6291456 47839159 510173 127557
0b001d01 0b001e01 10237 100 6291456 47839241 510173 127557
0b001d01 0b001e01 10238 100 6291456 47839323 510173 127557
0b001d01 0b001e01 10239 100 6291456 47839405 510173 127557
0b001201 0b001301 10236 100 6291456 47846039 503613 127557
0b001301 0b001001 10236 100 6291456 47846090 503613 127557
0b001201 0b001301 10237 100 6291456 47846121 503613 127557
0b001301 0b001001 10237 100 6291456 47846172 503613 127557
0b001201 0b001301 10238 100 6291456 47846203 503613 127557
0b001301 0b001001 10238 100 6291456 47846254 503613 127557
0b001201 0b001301 10239 100 6291456 47846285 503613 127557
0b001301 0b001001 10239 100 6291456 47846336 503613 127557
0b001701 0b001401 10236 100 6291456 47850465 507918 127557
0b001701 0b001401 10237 100 6291456 47850547 507918 127557
0b001701 0b001401 10238 100 6291456 47850629 507918 127557
0b001701 0b001401 10239 100 6291456 47850711 507918 127557
0b001801 0b001901 10236 100 6291456 47863622 503841 127557
0b001801 0b001901 10237 100 6291456 47863704 503841 127557
0b001801 0b001901 10238 100 6291456 47863786 503841 127557
0b001801 0b001901 10239 100 6291456 47863868 503841 127557
0b001901 0b001a01 10236 100 6291456 47869665 503613 127557
0b001901 0b001a01 10237 100 6291456 47869747 503613 127557
0b001901 0b001a01 10238 100 6291456 47869829 503613 127557
0b001901 0b001a01 10239 100 6291456 47869911 503613 127557
0b001601 0b001701 10236 100 6291456 47872468 503613 127557
0b001601 0b001701 10237 100 6291456 47872550 503613 127557
0b001601 0b001701 10238 100 6291456 47872632 503613 127557
0b001601 0b001701 10239 100 6291456 47872714 503613 127557
0b001a01 0b001b01 10236 100 6291456 47875480 503613 127557
0b001b01 0b001801 10236 100 6291456 47875531 503613 127557
0b001a01 0b001b01 10237 100 6291456 47875562 503613 127557
0b001b01 0b001801 10237 100 6291456 47875613 503613 127557
0b001a01 0b001b01 10238 100 6291456 47875644 503613 127557
0b001b01 0b001801 10238 100 6291456 47875695 503613 127557
0b001a01 0b001b01 10239 100 6291456 47875726 503613 127557
0b001b01 0b001801 10239 100 6291456 47875777 503613 127557
0b001401 0b001501 10236 100 6291456 47864849 523621 127557
0b001401 0b001501 10237 100 6291456 47864931 523621 127557
0b001401 0b001501 10238 100 6291456 47865013 523621 127557
0b001401 0b001501 10239 100 6291456 47865095 523621 127557
0b001501 0b001601 10236 100 6291456 47887064 503613 127557
0b001501 0b001601 10237 100 6291456 47887146 503613 127557
0b001501 0b001601 10238 100 6291456 47887228 503613 127557
0b001501 0b001601 10239 100 6291456 47887310 503613 127557
0b000001 0b000101 10236 100 6291456 47895600 503613 127557
0b000101 0b000201 10236 100 6291456 47895651 503613 127557
0b000001 0b000101 10237 100 6291456 47895682 503613 127557
0b000101 0b000201 10237 100 6291456 47895733 503613 127557
0b000001 0b000101 10238 100 6291456 47895764 503613 127557
0b000101 0b000201 10238 100 6291456 47895815 503613 127557
0b000001 0b000101 10239 100 6291456 47895846 503613 127557
0b000101 0b000201 10239 100 6291456 47895897 503613 127557
0b000201 0b000301 10236 100 6291456 47898066 503613 127557
0b000301 0b000001 10236 100 6291456 47898117 503613 127557
0b000201 0b000301 10237 100 6291456 47898148 503613 127557
0b000301 0b000001 10237 100 6291456 47898199 503613 127557
0b000201 0b000301 10238 100 6291456 47898230 503613 127557
0b000301 0b000001 10238 100 6291456 47898281 503613 127557
0b000201 0b000301 10239 100 6291456 47898312 503613 127557
0b000301 0b000001 10239 100 6291456 47898363 503613 127557
0b000c01 0b000d01 10236 100 6291456 47931072 503613 127557
0b000801 0b000901 10236 100 6291456 47931072 503613 127557
0b000d01 0b000e01 10236 100 6291456 47931123 503613 127557
0b000901 0b000a01 10236 100 6291456 47931123 503613 127557
0b000c01 0b000d01 10237 100 6291456 47931154 503613 127557
0b000801 0b000901 10237 100 6291456 47931154 503613 127557
0b000d01 0b000e01 10237 100 6291456 47931205 503613 127557
0b000901 0b000a01 10237 100 6291456 47931205 503613 127557
0b000c01 0b000d01 10238 100 6291456 47931236 503613 127557
0b000801 0b000901 10238 100 6291456 47931236 503613 127557
0b000d01 0b000e01 10238 100 6291456 47931287 503613 127557
0b000901 0b000a01 10238 100 6291456 47931287 503613 127557
0b000c01 0b000d01 10239 100 6291456 47931318 503613 127557
0b000801 0b000901 10239 100 6291456 47931318 503613 127557
0b000d01 0b000e01 10239 100 6291456 47931369 503613 127557
0b000901 0b000a01 10239 100 6291456 47931369 503613 127557
0b000e01 0b000f01 10236 100 6291456 47933538 503613 127557
0b000a01 0b000b01 10236 100 6291456 47933538 503613 127557
0b000b01 0b000801 10236 100 6291456 47933589 503613 127557
0b000f01 0b000c01 10236 100 6291456 47933589 503613 127557
0b000e01 0b000f01 10237 100 6291456 47933620 503613 127557
0b000a01 0b000b01 10237 100 6291456 47933620 503613 127557
0b000b01 0b000801 10237 100 6291456 47933671 503613 127557
0b000f01 0b000c01 10237 100 6291456 47933671 503613 127557
0b000e01 0b000f01 10238 100 6291456 47933702 503613 127557
0b000a01 0b000b01 10238 100 6291456 47933702 503613 127557
0b000b01 0b000801 10238 100 6291456 47933753 503613 127557
0b000f01 0b000c01 10238 100 6291456 47933753 503613 127557
0b000e01 0b000f01 10239 100 6291456 47933784 503613 127557
0b000a01 0b000b01 10239 100 6291456 47933784 503613 127557
0b000b01 0b000801 10239 100 6291456 47933835 503613 127557
0b000f01 0b000c01 10239 100 6291456 47933835 503613 127557
0b000401 0b000501 10236 100 6291456 47960513 503613 127557
0b000501 0b000601 10236 100 6291456 47960564 503613 127557
0b000401 0b000501 10237 100 6291456 47960595 503613 127557
0b000501 0b000601 10237 100 6291456 47960646 503613 127557
0b000401 0b000501 10238 100 6291456 47960677 503613 127557
0b000501 0b000601 10238 100 6291456 47960728 503613 127557
0b000401 0b000501 10239 100 6291456 47960759 503613 127557
0b000501 0b000601 10239 100 6291456 47960810 503613 127557
0b000601 0b000701 10236 100 6291456 47962979 503613 127557
0b000701 0b000401 10236 100 6291456 47963030 503613 127557
0b000601 0b000701 10237 100 6291456 47963061 503613 127557
0b000701 0b000401 10237 100 6291456 47963112 503613 127557
0b000601 0b000701 10238 100 6291456 47963143 503613 127557
0b000701 0b000401 10238 100 6291456 47963194 503613 127557
0b000601 0b000701 10239 100 6291456 47963225 503613 127557
0b000701 0b000401 10239 100 6291456 47963276 503613 127557
0b001c01 0b001d01 10240 100 6291456 48331008 503613 127557
0b001c01 0b001d01 10241 100 6291456 48331008 503695 127557
0b001c01 0b001d01 10242 100 6291456 48331008 503777 127557
0b001c01 0b001d01 10243 100 6291456 48331008 503859 127557
0b001101 0b001201 10240 100 6291456 48344380 503613 127557
0b001101 0b001201 10241 100 6291456 48344380 503695 127557
0b001101 0b001201 10242 100 6291456 48344380 503777 127557
0b001101 0b001201 10243 100 6291456 48344380 503859 127557
0b001d01 0b001e01 10240 100 6291456 48336099 516385 127557
0b001d01 0b001e01 10241 100 6291456 48336099 516467 127557
0b001d01 0b001e01 10242 100 6291456 48336099 516549 127557
0b001d01 0b001e01 10243 100 6291456 48336099 516631 127557
0b001201 0b001301 10240 100 6291456 48350195 503613 127557
0b001201 0b001301 10241 100 6291456 48350195 503695 127557
0b001201 0b001301 10242 100 6291456 48350195 503777 127557
0b001201 0b001301 10243 100 6291456 48350195 503859 127557
0b001f01 0b001c01 10240 100 6291456 48354945 503613 127557
0b001f01 0b001c01 10241 100 6291456 48354945 503695 127557
0b001f01 0b001c01 10242 100 6291456 48354945 503777 127557
0b001f01 0b001c01 10243 100 6291456 48354945 503859 127557
0b001301 0b001001 10240 100 6291456 48356010 503613 127557
0b001001 0b001101 10240 100 6291456 48356061 503613 127557
0b001301 0b001001 10241 100 6291456 48356010 503695 127557
0b001001 0b001101 10241 100 6291456 48356061 503695 127557
0b001301 0b001001 10242 100 6291456 48356010 503777 127557
0b001001 0b001101 10242 100 6291456 48356061 503777 127557
0b001e01 0b001f01 10240 100 6291456 48355690 504269 127557
0b001301 0b001001 10243 100 6291456 48356010 503859 127557
0b001e01 0b001f01 10241 100 6291456 48355690 504351 127557
0b001001 0b001101 10243 100 6291456 48356061 503859 127557
0b001e01 0b001f01 10242 100 6291456 48355690 504433 127557
0b001e01 0b001f01 10243 100 6291456 48355690 504515 127557
0b001901 0b001a01 10240 100 6291456 48373821 503613 127557
0b001901 0b001a01 10241 100 6291456 48373821 503695 127557
0b001901 0b001a01 10242 100 6291456 48373821 503777 127557
0b001901 0b001a01 10243 100 6291456 48373821 503859 127557
0b001401 0b001501 10240 100 6291456 48364741 515729 127557
0b001401 0b001501 10241 100 6291456 48364741 515811 127557
0b001401 0b001501 10242 100 6291456 48364741 515893 127557
0b001401 0b001501 10243 100 6291456 48364741 515975 127557
0b001a01 0b001b01 10240 100 6291456 48379636 503613 127557
0b001a01 0b001b01 10241 100 6291456 48379636 503695 127557
0b001a01 0b001b01 10242 100 6291456 48379636 503777 127557
0b001a01 0b001b01 10243 100 6291456 48379636 503859 127557
0b001701 0b001401 10240 100 6291456 48382439 503613 127557
0b001701 0b001401 10241 100 6291456 48382439 503695 127557
0b001701 0b001401 10242 100 6291456 48382439 503777 127557
0b001701 0b001401 10243 100 6291456 48382439 503859 127557
0b001b01 0b001801 10240 100 6291456 48385451 503613 127557
0b001801 0b001901 10240 100 6291456 48385502 503613 127557
0b001b01 0b001801 10241 100 6291456 48385451 503695 127557
0b001801 0b001901 10241 100 6291456 48385502 503695 127557
0b001b01 0b001801 10242 100 6291456 48385451 503777 127557
0b001801 0b001901 10242 100 6291456 48385502 503777 127557
0b001b01 0b001801 10243 100 6291456 48385451 503859 127557
0b001801 0b001901 10243 100 6291456 48385502 503859 127557
0b001601 0b001701 10240 100 6291456 48397035 503613 127557
0b001601 0b001701 10241 100 6291456 48397035 503695 127557
0b001601 0b001701 10242 100 6291456 48397035 503777 127557
0b001601 0b001701 10243 100 6291456 48397035 503859 127557
0b000101 0b000201 10240 100 6291456 48405571 503613 127557
0b000201 0b000301 10240 100 6291456 48405622 503613 127557
0b000101 0b000201 10241 100 6291456 48405571 503695 127557
0b000201 0b000301 10241 100 6291456 48405622 503695 127557
0b000101 0b000201 10242 100 6291456 48405571 503777 127557
0b000201 0b000301 10242 100 6291456 48405622 503777 127557
0b000101 0b000201 10243 100 6291456 48405571 503859 127557
0b000201 0b000301 10243 100 6291456 48405622 503859 127557
0b001501 0b001601 10240 100 6291456 48394828 515421 127557
0b001501 0b001601 10241 100 6291456 48394828 515503 127557
0b001501 0b001601 10242 100 6291456 48394828 515585 127557
0b001501 0b001601 10243 100 6291456 48394828 515667 127557
0b000301 0b000001 10240 100 6291456 48408037 503613 127557
0b000001 0b000101 10240 100 6291456 48408088 503613 127557
0b000301 0b000001 10241 100 6291456 48408037 503695 127557
0b000001 0b000101 10241 100 6291456 48408088 503695 127557
0b000301 0b000001 10242 100 6291456 48408037 503777 127557
0b000001 0b000101 10242 100 6291456 48408088 503777 127557
0b000301 0b000001 10243 100 6291456 48408037 503859 127557
0b000001 0b000101 10243 100 6291456 48408088 503859 127557
0b000d01 0b000e01 10240 100 6291456 48441043 503613 127557
0b000901 0b000a01 10240 100 6291456 48441043 503613 127557
0b000e01 0b000f01 10240 100 6291456 48441094 503613 127557
0b000a01 0b000b01 10240 100 6291456 48441094 503613 127557
0b000d01 0b000e01 10241 100 6291456 48441043 503695 127557
0b000901 0b000a01 10241 100 6291456 48441043 503695 127557
0b000e01 0b000f01 10241 100 6291456 48441094 503695 127557
0b000a01 0b000b01 10241 100 6291456 48441094 503695 127557
0b000d01 0b000e01 10242 100 6291456 48441043 503777 127557
0b000901 0b000a01 10242 100 6291456 48441043 503777 127557
0b000e01 0b000f01 10242 100 6291456 48441094 503777 127557
0b000a01 0b000b01 10242 100 6291456 48441094 503777 127557
0b000d01 0b000e01 10243 100 6291456 48441043 503859 127557
0b000901 0b000a01 10243 100 6291456 48441043 503859 127557
0b000e01 0b000f01 10243 100 6291456 48441094 503859 127557
0b000a01 0b000b01 10243 100 6291456 48441094 503859 127557
0b000f01 0b000c01 10240 100 6291456 48443509 503613 127557
0b000b01 0b000801 10240 100 6291456 48443509 503613 127557
0b000801 0b000901 10240 100 6291456 48443560 503613 127557
0b000c01 0b000d01 10240 100 6291456 48443560 503613 127557
0b000f01 0b000c01 10241 100 6291456 48443509 503695 127557
0b000b01 0b000801 10241 100 6291456 48443509 503695 127557
0b000801 0b000901 10241 100 6291456 48443560 503695 127557
0b000c01 0b000d01 10241 100 6291456 48443560 503695 127557
0b000f01 0b000c01 10242 100 6291456 48443509 503777 127557
0b000b01 0b000801 10242 100 6291456 48443509 503777 127557
0b000801 0b000901 10242 100 6291456 48443560 503777 127557
0b000c01 0b000d01 10242 100 6291456 48443560 503777 127557
0b000f01 0b000c01 10243 100 6291456 48443509 503859 127557
0b000b01 0b000801 10243 100 6291456 48443509 503859 127557
0b000801 0b000901 10243 100 6291456 48443560 503859 127557
0b000c01 0b000d01 10243 100 6291456 48443560 503859 127557
0b000501 0b000601 10240 100 6291456 48470484 503613 127557
0b000601 0b000701 10240 100 6291456 48470535 503613 127557
0b000501 0b000601 10241 100 6291456 48470484 503695 127557
0b000601 0b000701 10241 100 6291456 48470535 503695 127557
0b000501 0b000601 10242 100 6291456 48470484 503777 127557
0b000601 0b000701 10242 100 6291456 48470535 503777 127557
0b000501 0b000601 10243 100 6291456 48470484 503859 127557
0b000601 0b000701 10243 100 6291456 48470535 503859 127557
0b000701 0b000401 10240 100 6291456 48472950 503613 127557
0b000401 0b000501 10240 100 6291456 48473001 503613 127557
0b000701 0b000401 10241 100 6291456 48472950 503695 127557
0b000401 0b000501 10241 100 6291456 48473001 503695 127557
0b000701 0b000401 10242 100 6291456 48472950 503777 127557
0b000401 0b000501 10242 100 6291456 48473001 503777 127557
0b000701 0b000401 10243 100 6291456 48472950 503859 127557
0b000401 0b000501 10243 100 6291456 48473001 503859 127557
0b001d01 0b001e01 10244 100 6291456 48840661 509727 127557
0b001d01 0b001e01 10245 100 6291456 48840743 509727 127557
0b001d01 0b001e01 10246 100 6291456 48840825 509727 127557
0b001d01 0b001e01 10247 100 6291456 48840907 509727 127557
0b001201 0b001301 10244 100 6291456 48854033 503613 127557
0b001201 0b001301 10245 100 6291456 48854115 503613 127557
0b001201 0b001301 10246 100 6291456 48854197 503613 127557
0b001201 0b001301 10247 100 6291456 48854279 503613 127557
0b001301 0b001001 10244 100 6291456 48859848 503613 127557
0b001301 0b001001 10245 100 6291456 48859930 503613 127557
0b001301 0b001001 10246 100 6291456 48860012 503613 127557
0b001301 0b001001 10247 100 6291456 48860094 503613 127557
0b001c01 0b001d01 10244 100 6291456 48864598 503613 127557
0b001c01 0b001d01 10245 100 6291456 48864680 503613 127557
0b001c01 0b001d01 10246 100 6291456 48864762 503613 127557
0b001c01 0b001d01 10247 100 6291456 48864844 503613 127557
0b001001 0b001101 10244 100 6291456 48865663 503613 127557
0b001101 0b001201 10244 100 6291456 48865714 503613 127557
0b001001 0b001101 10245 100 6291456 48865745 503613 127557
0b001101 0b001201 10245 100 6291456 48865796 503613 127557
0b001001 0b001101 10246 100 6291456 48865827 503613 127557
0b001101 0b001201 10246 100 6291456 48865878 503613 127557
0b001001 0b001101 10247 100 6291456 48865909 503613 127557
0b001f01 0b001c01 10244 100 6291456 48865999 503613 127557
0b001101 0b001201 10247 100 6291456 48865960 503613 127557
0b001e01 0b001f01 10244 100 6291456 48858524 511147 127557
0b001f01 0b001c01 10245 100 6291456 48866081 503613 127557
0b001e01 0b001f01 10245 100 6291456 48858606 511147 127557
0b001f01 0b001c01 10246 100 6291456 48866163 503613 127557
0b001e01 0b001f01 10246 100 6291456 48858688 511147 127557
0b001f01 0b001c01 10247 100 6291456 48866245 503613 127557
0b001e01 0b001f01 10247 100 6291456 48858770 511147 127557
0b001a01 0b001b01 10244 100 6291456 48883474 503613 127557
0b001a01 0b001b01 10245 100 6291456 48883556 503613 127557
0b001a01 0b001b01 10246 100 6291456 48883638 503613 127557
0b001a01 0b001b01 10247 100 6291456 48883720 503613 127557
0b001b01 0b001801 10244 100 6291456 48889289 503613 127557
0b001b01 0b001801 10245 100 6291456 48889371 503613 127557
0b001b01 0b001801 10246 100 6291456 48889453 503613 127557
0b001b01 0b001801 10247 100 6291456 48889535 503613 127557
0b001401 0b001501 10244 100 6291456 48892092 503613 127557
0b001401 0b001501 10245 100 6291456 48892174 503613 127557
0b001401 0b001501 10246 100 6291456 48892256 503613 127557
0b001401 0b001501 10247 100 6291456 48892338 503613 127557
0b001801 0b001901 10244 100 6291456 48895104 503613 127557
0b001901 0b001a01 10244 100 6291456 48895155 503613 127557
0b001801 0b001901 10245 100 6291456 48895186 503613 127557
0b001901 0b001a01 10245 100 6291456 48895237 503613 127557
0b001801 0b001901 10246 100 6291456 48895268 503613 127557
0b001901 0b001a01 10246 100 6291456 48895319 503613 127557
0b001801 0b001901 10247 100 6291456 48895350 503613 127557
0b001901 0b001a01 10247 100 6291456 48895401 503613 127557
0b001501 0b001601 10244 100 6291456 48886510 516395 127557
0b001501 0b001601 10245 100 6291456 48886592 516395 127557
0b001501 0b001601 10246 100 6291456 48886674 516395 127557
0b001501 0b001601 10247 100 6291456 48886756 516395 127557
0b001701 0b001401 10244 100 6291456 48906688 503613 127557
0b001701 0b001401 10245 100 6291456 48906770 503613 127557
0b001701 0b001401 10246 100 6291456 48906852 503613 127557
0b001701 0b001401 10247 100 6291456 48906934 503613 127557
0b000201 0b000301 10244 100 6291456 48915224 503613 127557
0b000301 0b000001 10244 100 6291456 48915275 503613 127557
0b000201 0b000301 10245 100 6291456 48915306 503613 127557
0b000301 0b000001 10245 100 6291456 48915357 503613 127557
0b000201 0b000301 10246 100 6291456 48915388 503613 127557
0b000301 0b000001 10246 100 6291456 48915439 503613 127557
0b000201 0b000301 10247 100 6291456 48915470 503613 127557
0b000301 0b000001 10247 100 6291456 48915521 503613 127557
0b000001 0b000101 10244 100 6291456 48917690 503613 127557
0b000101 0b000201 10244 100 6291456 48917741 503613 127557
0b000001 0b000101 10245 100 6291456 48917772 503613 127557
0b000101 0b000201 10245 100 6291456 48917823 503613 127557
0b000001 0b000101 10246 100 6291456 48917854 503613 127557
0b000101 0b000201 10246 100 6291456 48917905 503613 127557
0b000001 0b000101 10247 100 6291456 48917936 503613 127557
0b000101 0b000201 10247 100 6291456 48917987 503613 127557
0b001601 0b001701 10244 100 6291456 48916289 514765 127557
0b001601 0b001701 10245 100 6291456 48916371 514765 127557
0b001601 0b001701 10246 100 6291456 48916453 514765 127557
0b001601 0b001701 10247 100 6291456 48916535 514765 127557
0b000e01 0b000f01 10244 100 6291456 48950696 503613 127557
0b000a01 0b000b01 10244 100 6291456 48950696 503613 127557
0b000f01 0b000c01 10244 100 6291456 48950747 503613 127557
0b000b01 0b000801 10244 100 6291456 48950747 503613 127557
0b000e01 0b000f01 10245 100 6291456 48950778 503613 127557
0b000a01 0b000b01 10245 100 6291456 48950778 503613 127557
0b000f01 0b000c01 10245 100 6291456 48950829 503613 127557
0b000b01 0b000801 10245 100 6291456 48950829 503613 127557
0b000e01 0b000f01 10246 100 6291456 48950860 503613 127557
0b000a01 0b000b01 10246 100 6291456 48950860 503613 127557
0b000f01 0b000c01 10246 100 6291456 48950911 503613 127557
0b000b01 0b000801 10246 100 6291456 48950911 503613 127557
0b000e01 0b000f01 10247 100 6291456 48950942 503613 127557
0b000a01 0b000b01 10247 100 6291456 48950942 503613 127557
0b000f01 0b000c01 10247 100 6291456 48950993 503613 127557
0b000b01 0b000801 10247 100 6291456 48950993 503613 127557
0b000c01 0b000d01 10244 100 6291456 48953162 503613 127557
0b000801 0b000901 10244 100 6291456 48953162 503613 127557
0b000901 0b000a01 10244 100 6291456 48953213 503613 127557
0b000d01 0b000e01 10244 100 6291456 48953213 503613 127557
0b000c01 0b000d01 10245 100 6291456 48953244 503613 127557
0b000801 0b000901 10245 100 6291456 48953244 503613 127557
0b000901 0b000a01 10245 100 6291456 48953295 503613 127557
0b000d01 0b000e01 10245 100 6291456 48953295 503613 127557
0b000c01 0b000d01 10246 100 6291456 48953326 503613 127557
0b000801 0b000901 10246 100 6291456 48953326 503613 127557
0b000901 0b000a01 10246 100 6291456 48953377 503613 127557
0b000d01 0b000e01 10246 100 6291456 48953377 503613 127557
0b000c01 0b000d01 10247 100 6291456 48953408 503613 127557
0b000801 0b000901 10247 100 6291456 48953408 503613 127557
0b000901 0b000a01 10247 100 6291456 48953459 503613 127557
0b000d01 0b000e01 10247 100 6291456 48953459 503613 127557
0b000601 0b000701 10244 100 6291456 48980137 503613 127557
0b000701 0b000401 10244 100 6291456 48980188 503613 127557
0b000601 0b000701 10245 100 6291456 48980219 503613 127557
0b000701 0b000401 10245 100 6291456 48980270 503613 127557
0b000601 0b000701 10246 100 6291456 48980301 503613 127557
0b000701 0b000401 10246 100 6291456 48980352 503613 127557
0b000601 0b000701 10247 100 6291456 48980383 503613 127557
0b000701 0b000401 10247 100 6291456 48980434 503613 127557
0b000401 0b000501 10244 100 6291456 48982603 503613 127557
0b000501 0b000601 10244 100 6291456 48982654 503613 127557
0b000401 0b000501 10245 100 6291456 48982685 503613 127557
0b000501 0b000601 10245 100 6291456 48982736 503613 127557
0b000401 0b000501 10246 100 6291456 48982767 503613 127557
0b000501 0b000601 10246 100 6291456 48982818 503613 127557
0b000401 0b000501 10247 100 6291456 48982849 503613 127557
0b000501 0b000601 10247 100 6291456 48982900 503613 127557
0b001e01 0b001f01 10248 100 6291456 49356428 510491 127557
0b001e01 0b001f01 10249 100 6291456 49356510 510491 127557
0b001e01 0b001f01 10250 100 6291456 49356592 510491 127557
0b001e01 0b001f01 10251 100 6291456 49356674 510491 127557
0b001301 0b001001 10248 100 6291456 49363686 503613 127557
0b001301 0b001001 10249 100 6291456 49363768 503613 127557
0b001301 0b001001 10250 100 6291456 49363850 503613 127557
0b001301 0b001001 10251 100 6291456 49363932 503613 127557
0b001001 0b001101 10248 100 6291456 49369501 503613 127557
0b001001 0b001101 10249 100 6291456 49369583 503613 127557
0b001001 0b001101 10250 100 6291456 49369665 503613 127557
0b001001 0b001101 10251 100 6291456 49369747 503613 127557
0b001d01 0b001e01 10248 100 6291456 49374251 503613 127557
0b001d01 0b001e01 10249 100 6291456 49374333 503613 127557
0b001d01 0b001e01 10250 100 6291456 49374415 503613 127557
0b001d01 0b001e01 10251 100 6291456 49374497 503613 127557
0b001101 0b001201 10248 100 6291456 49375316 503613 127557
0b001201 0b001301 10248 100 6291456 49375367 503613 127557
0b001101 0b001201 10249 100 6291456 49375398 503613 127557
0b001201 0b001301 10249 100 6291456 49375449 503613 127557
0b001101 0b001201 10250 100 6291456 49375480 503613 127557
0b001201 0b001301 10250 100 6291456 49375531 503613 127557
0b001101 0b001201 10251 100 6291456 49375562 503613 127557
0b001201 0b001301 10251 100 6291456 49375613 503613 127557
0b001c01 0b001d01 10248 100 6291456 49375652 503613 127557
0b001f01 0b001c01 10248 100 6291456 49375711 503613 127557
0b001c01 0b001d01 10249 100 6291456 49375734 503613 127557
0b001f01 0b001c01 10249 100 6291456 49375793 503613 127557
0b001c01 0b001d01 10250 100 6291456 49375816 503613 127557
0b001f01 0b001c01 10250 100 6291456 49375875 503613 127557
0b001c01 0b001d01 10251 100 6291456 49375898 503613 127557
0b001f01 0b001c01 10251 100 6291456 49375957 503613 127557
0b001b01 0b001801 10248 100 6291456 49393127 503613 127557
0b001b01 0b001801 10249 100 6291456 49393209 503613 127557
0b001b01 0b001801 10250 100 6291456 49393291 503613 127557
0b001b01 0b001801 10251 100 6291456 49393373 503613 127557
0b001801 0b001901 10248 100 6291456 49398942 503613 127557
0b001801 0b001901 10249 100 6291456 49399024 503613 127557
0b001801 0b001901 10250 100 6291456 49399106 503613 127557
0b001801 0b001901 10251 100 6291456 49399188 503613 127557
0b001501 0b001601 10248 100 6291456 49401745 504312 127557
0b001501 0b001601 10249 100 6291456 49401827 504312 127557
0b001501 0b001601 10250 100 6291456 49401909 504312 127557
0b001501 0b001601 10251 100 6291456 49401991 504312 127557
0b001901 0b001a01 10248 100 6291456 49404757 503613 127557
0b001a01 0b001b01 10248 100 6291456 49404808 503613 127557
0b001901 0b001a01 10249 100 6291456 49404839 503613 127557
0b001a01 0b001b01 10249 100 6291456 49404890 503613 127557
0b001901 0b001a01 10250 100 6291456 49404921 503613 127557
0b001a01 0b001b01 10250 100 6291456 49404972 503613 127557
0b001901 0b001a01 10251 100 6291456 49405003 503613 127557
0b001a01 0b001b01 10251 100 6291456 49405054 503613 127557
0b001401 0b001501 10248 100 6291456 49416341 503613 127557
0b001401 0b001501 10249 100 6291456 49416423 503613 127557
0b001401 0b001501 10250 100 6291456 49416505 503613 127557
0b001401 0b001501 10251 100 6291456 49416587 503613 127557
0b001601 0b001701 10248 100 6291456 49408945 514765 127557
0b001601 0b001701 10249 100 6291456 49409027 514765 127557
0b001601 0b001701 10250 100 6291456 49409109 514765 127557
0b001601 0b001701 10251 100 6291456 49409191 514765 127557
0b000301 0b000001 10248 100 6291456 49424877 503613 127557
0b000001 0b000101 10248 100 6291456 49424928 503613 127557
0b000301 0b000001 10249 100 6291456 49424959 503613 127557
0b000001 0b000101 10249 100 6291456 49425010 503613 127557
0b000301 0b000001 10250 100 6291456 49425041 503613 127557
0b000001 0b000101 10250 100 6291456 49425092 503613 127557
0b000301 0b000001 10251 100 6291456 49425123 503613 127557
0b000001 0b000101 10251 100 6291456 49425174 503613 127557
0b000101 0b000201 10248 100 6291456 49427343 503613 127557
0b000201 0b000301 10248 100 6291456 49427394 503613 127557
0b000101 0b000201 10249 100 6291456 49427425 503613 127557
0b000201 0b000301 10249 100 6291456 49427476 503613 127557
0b000101 0b000201 10250 100 6291456 49427507 503613 127557
0b000201 0b000301 10250 100 6291456 49427558 503613 127557
0b000101 0b000201 10251 100 6291456 49427589 503613 127557
0b000201 0b000301 10251 100 6291456 49427640 503613 127557
0b001f01 0b001301 10003 100 6291456 49873277 66081 66833
0b001f01 0b001701 10003 100 6291456 49873277 66154 66833
0b001001 0b001801 10003 100 6291456 49873657 66058 66833
0b001001 0b001c01 10003 100 6291456 49873657 66058 66833
0b001701 0b001401 10248 100 6291456 49437094 503613 127557
0b001701 0b001401 10249 100 6291456 49437176 503613 127557
0b001701 0b001401 10250 100 6291456 49437258 503613 127557
0b001701 0b001401 10251 100 6291456 49437340 503613 127557
0b001101 0b001901 10003 100 6291456 49879472 66060 66833
0b001101 0b001d01 10003 100 6291456 49879472 66078 66833
0b001e01 0b001601 10003 100 6291456 49884222 66083 66833
0b001301 0b001f01 10003 100 6291456 49885338 66082 66833
0b001d01 0b001501 10003 100 6291456 49885623 66058 66833
0b001d01 0b001101 10003 100 6291456 49885623 66092 66833
0b001201 0b001e01 10003 100 6291456 49885287 66495 66833
0b000f01 0b000c01 10248 100 6291456 49460349 503613 127557
0b000b01 0b000801 10248 100 6291456 49460349 503613 127557
0b000c01 0b000d01 10248 100 6291456 49460400 503613 127557
0b000801 0b000901 10248 100 6291456 49460400 503613 127557
0b000f01 0b000c01 10249 100 6291456 49460431 503613 127557
0b000b01 0b000801 10249 100 6291456 49460431 503613 127557
0b000c01 0b000d01 10249 100 6291456 49460482 503613 127557
0b000801 0b000901 10249 100 6291456 49460482 503613 127557
0b000f01 0b000c01 10250 100 6291456 49460513 503613 127557
0b000b01 0b000801 10250 100 6291456 49460513 503613 127557
0b000c01 0b000d01 10250 100 6291456 49460564 503613 127557
0b000801 0b000901 10250 100 6291456 49460564 503613 127557
0b000f01 0b000c01 10251 100 6291456 49460595 503613 127557
0b000b01 0b000801 10251 100 6291456 49460595 503613 127557
0b000c01 0b000d01 10251 100 6291456 49460646 503613 127557
0b000801 0b000901 10251 100 6291456 49460646 503613 127557
0b000d01 0b000e01 10248 100 6291456 49462815 503613 127557
0b000901 0b000a01 10248 100 6291456 49462815 503613 127557
0b000a01 0b000b01 10248 100 6291456 49462866 503613 127557
0b000e01 0b000f01 10248 100 6291456 49462866 503613 127557
0b000d01 0b000e01 10249 100 6291456 49462897 503613 127557
0b000901 0b000a01 10249 100 6291456 49462897 503613 127557
0b000a01 0b000b01 10249 100 6291456 49462948 503613 127557
0b000e01 0b000f01 10249 100 6291456 49462948 503613 127557
0b000d01 0b000e01 10250 100 6291456 49462979 503613 127557
0b000901 0b000a01 10250 100 6291456 49462979 503613 127557
0b000a01 0b000b01 10250 100 6291456 49463030 503613 127557
0b000e01 0b000f01 10250 100 6291456 49463030 503613 127557
0b000d01 0b000e01 10251 100 6291456 49463061 503613 127557
0b000901 0b000a01 10251 100 6291456 49463061 503613 127557
0b000a01 0b000b01 10251 100 6291456 49463112 503613 127557
0b000e01 0b000f01 10251 100 6291456 49463112 503613 127557
0b001801 0b001401 10003 100 6291456 49903098 66058 66833
0b001801 0b001001 10003 100 6291456 49903098 66058 66833
0b001901 0b001101 10003 100 6291456 49908913 66058 66833
0b001901 0b001501 10003 100 6291456 49908913 66450 66833
0b001601 0b001a01 10003 100 6291456 49912415 66058 66833
0b001a01 0b001601 10003 100 6291456 49914728 66058 66833
0b001b01 0b001701 10003 100 6291456 49914779 66058 66833
0b001e01 0b001201 10003 100 6291456 49884222 98489 66833
0b001501 0b001901 10003 100 6291456 49926312 66058 66833
0b000701 0b000401 10248 100 6291456 49489790 503613 127557
0b000401 0b000501 10248 100 6291456 49489841 503613 127557
0b000701 0b000401 10249 100 6291456 49489872 503613 127557
0b000401 0b000501 10249 100 6291456 49489923 503613 127557
0b000701 0b000401 10250 100 6291456 49489954 503613 127557
0b000401 0b000501 10250 100 6291456 49490005 503613 127557
0b000701 0b000401 10251 100 6291456 49490036 503613 127557
0b000401 0b000501 10251 100 6291456 49490087 503613 127557
0b000501 0b000601 10248 100 6291456 49492256 503613 127557
0b000601 0b000701 10248 100 6291456 49492307 503613 127557
0b000501 0b000601 10249 100 6291456 49492338 503613 127557
0b000601 0b000701 10249 100 6291456 49492389 503613 127557
0b001701 0b001f01 10003 100 6291456 49930068 66058 66833
0b000501 0b000601 10250 100 6291456 49492420 503613 127557
0b000601 0b000701 10250 100 6291456 49492471 503613 127557
0b000501 0b000601 10251 100 6291456 49492502 503613 127557
0b000601 0b000701 10251 100 6291456 49492553 503613 127557
0b001f01 0b001b01 10003 100 6291456 49873277 127100 127557
0b001001 0b001401 10003 100 6291456 49873657 126719 127557
0b000101 0b000901 10003 100 6291456 49934899 66058 66833
0b000001 0b000801 10003 100 6291456 49934848 66451 66833
0b000001 0b000c01 10003 100 6291456 49934848 66492 66833
0b001201 0b001a01 10003 100 6291456 49885287 117923 66833
0b001101 0b001501 10003 100 6291456 49879472 127043 127557
0b001e01 0b001a01 10003 100 6291456 49884222 127226 127557
0b001301 0b001701 10003 100 6291456 49885338 127008 127557
0b001201 0b001601 10003 100 6291456 49885287 127251 127557
0b001d01 0b001901 10003 100 6291456 49885623 127314 127557
0b001c01 0b001801 10003 100 6291456 49885682 127333 127557
0b001401 0b001c01 10003 100 6291456 49947065 66058 66833
0b001401 0b001801 10003 100 6291456 49947065 66069 66833
0b001a01 0b001201 10003 100 6291456 49914728 98528 66833
0b001c01 0b001001 10003 100 6291456 49885682 128993 66833
0b001c01 0b001401 10003 100 6291456 49885682 129034 66833
0b001301 0b001b01 10003 100 6291456 49885338 141611 66833
0b001601 0b001e01 10003 100 6291456 49912415 115012 66833
0b001801 0b001c01 10003 100 6291456 49903098 127327 127557
0b000201 0b000a01 10003 100 6291456 49937314 95319 66833
0b001901 0b001d01 10003 100 6291456 49908913 127256 127557
0b000c01 0b000001 10003 100 6291456 49970320 66058 66833
0b000c01 0b000401 10003 100 6291456 49970320 66078 66833
0b000801 0b000001 10003 100 6291456 49970320 66078 66833
0b000801 0b000401 10003 100 6291456 49970320 66084 66833
0b001701 0b001b01 10003 100 6291456 49930068 106680 66833
0b000e01 0b000201 10003 100 6291456 49972786 66058 66833
0b000a01 0b000201 10003 100 6291456 49972786 66058 66833
0b000a01 0b000601 10003 100 6291456 49972786 66078 66833
0b000b01 0b000701 10003 100 6291456 49972837 66058 66833
0b001601 0b001201 10003 100 6291456 49912415 127209 127557
0b001501 0b001d01 10003 100 6291456 49926312 115137 66833
0b001b01 0b001f01 10003 100 6291456 49914779 127034 127557
0b001a01 0b001e01 10003 100 6291456 49914728 127168 127557
0b001b01 0b001301 10003 100 6291456 49914779 128840 66833
0b000201 0b000e01 10003 100 6291456 49937314 112146 66833
0b001501 0b001101 10003 100 6291456 49926312 126969 127557
0b001701 0b001301 10003 100 6291456 49930068 126994 127557
0b000001 0b000401 10003 100 6291456 49934848 126773 127557
0b000101 0b000501 10003 100 6291456 49934899 126773 127557
0b000201 0b000601 10003 100 6291456 49937314 126773 127557
0b000301 0b000701 10003 100 6291456 49937365 126773 127557
0b000401 0b000c01 10003 100 6291456 49999761 66058 66833
0b000501 0b000d01 10003 100 6291456 49999812 66079 66833
0b000301 0b000b01 10003 100 6291456 49937365 128993 66833
0b000301 0b000f01 10003 100 6291456 49937365 129034 66833
0b000501 0b000901 10003 100 6291456 49999812 66899 66833
0b000601 0b000e01 10003 100 6291456 50002227 66058 66833
0b000601 0b000a01 10003 100 6291456 50002227 66058 66833
0b000701 0b000f01 10003 100 6291456 50002278 66058 66833
0b001401 0b001001 10003 100 6291456 49947065 126645 127557
0b000101 0b000d01 10003 100 6291456 49934899 145868 66833
0b000d01 0b000501 10003 100 6291456 49970371 126533 66833
0b000901 0b000501 10003 100 6291456 49970371 126615 66833
0b000c01 0b000801 10003 100 6291456 49970320 127537 127557
0b000801 0b000c01 10003 100 6291456 49970320 127537 127557
0b000d01 0b000901 10003 100 6291456 49970371 127537 127557
0b000901 0b000d01 10003 100 6291456 49970371 127537 127557
0b000d01 0b000101 10003 100 6291456 49970371 128829 66833
0b000901 0b000101 10003 100 6291456 49970371 129034 66833
0b000e01 0b000601 10003 100 6291456 49972786 126619 66833
0b000e01 0b000a01 10003 100 6291456 49972786 127537 127557
0b000a01 0b000e01 10003 100 6291456 49972786 127537 127557
0b000b01 0b000f01 10003 100 6291456 49972837 127537 127557
0b000f01 0b000b01 10003 100 6291456 49972837 127537 127557
0b000b01 0b000301 10003 100 6291456 49972837 127804 66833
0b000f01 0b000701 10003 100 6291456 49972837 129034 66833
0b000f01 0b000301 10003 100 6291456 49972837 129034 66833
0b000401 0b000801 10003 100 6291456 49999761 126492 66833
0b000401 0b000001 10003 100 6291456 49999761 126748 127557
0b000501 0b000101 10003 100 6291456 49999812 126748 127557
0b000701 0b000b01 10003 100 6291456 50002278 126517 66833
0b000601 0b000201 10003 100 6291456 50002227 126748 127557
0b000701 0b000301 10003 100 6291456 50002278 126748 127557
0b001501 0b001601 10252 100 1048576 50672974 83773 21368
0b001501 0b001601 10253 100 1048576 50672974 83855 21368
0b001501 0b001601 10254 100 1048576 50672974 83937 21368
0b001501 0b001601 10255 100 1048576 50672974 84019 21368
0b001a01 0b001b01 10252 100 1048576 50677907 83773 21368
0b001a01 0b001b01 10253 100 1048576 50677907 83855 21368
0b001a01 0b001b01 10254 100 1048576 50677907 83937 21368
0b001a01 0b001b01 10255 100 1048576 50677907 84019 21368
0b001701 0b001401 10252 100 1048576 50678805 83773 21368
0b001701 0b001401 10253 100 1048576 50678805 83855 21368
0b001701 0b001401 10254 100 1048576 50678805 83937 21368
0b001601 0b001701 10252 100 1048576 50678997 83773 21368
0b001701 0b001401 10255 100 1048576 50678805 84019 21368
0b001601 0b001701 10253 100 1048576 50678997 83855 21368
0b001601 0b001701 10254 100 1048576 50678997 83937 21368
0b001901 0b001a01 10252 100 1048576 50679396 83773 21368
0b001601 0b001701 10255 100 1048576 50678997 84019 21368
0b001901 0b001a01 10253 100 1048576 50679396 83855 21368
0b001901 0b001a01 10254 100 1048576 50679396 83937 21368
0b001801 0b001901 10255 100 1048576 50679593 83773 21368
0b001901 0b001a01 10255 100 1048576 50679396 84019 21368
0b001801 0b001901 10254 100 1048576 50679593 83855 21368
0b001801 0b001901 10253 100 1048576 50679593 83937 21368
0b001801 0b001901 10252 100 1048576 50679593 84019 21368
0b001401 0b001501 10255 100 1048576 50681175 83773 21368
0b001401 0b001501 10254 100 1048576 50681175 83855 21368
0b001401 0b001501 10253 100 1048576 50681175 83937 21368
0b001401 0b001501 10252 100 1048576 50681175 84019 21368
0b001c01 0b001d01 10252 100 1048576 50696884 83773 21368
0b001c01 0b001d01 10253 100 1048576 50696884 83855 21368
0b001c01 0b001d01 10254 100 1048576 50696884 83937 21368
0b001c01 0b001d01 10255 100 1048576 50696884 84019 21368
0b001201 0b001301 10252 100 1048576 50706083 83773 21368
0b001201 0b001301 10253 100 1048576 50706083 83855 21368
0b001201 0b001301 10254 100 1048576 50706083 83937 21368
0b001201 0b001301 10255 100 1048576 50706083 84019 21368
0b001f01 0b001c01 10252 100 1048576 50708272 83773 21368
0b001f01 0b001c01 10253 100 1048576 50708272 83855 21368
0b001e01 0b001f01 10252 100 1048576 50708355 83773 21368
0b001f01 0b001c01 10254 100 1048576 50708272 83937 21368
0b001e01 0b001f01 10253 100 1048576 50708355 83855 21368
0b001f01 0b001c01 10255 100 1048576 50708272 84019 21368
0b001e01 0b001f01 10254 100 1048576 50708355 83937 21368
0b001e01 0b001f01 10255 100 1048576 50708355 84019 21368
0b001d01 0b001e01 10255 100 1048576 50707908 88693 21368
0b001d01 0b001e01 10254 100 1048576 50707908 88775 21368
0b001d01 0b001e01 10253 100 1048576 50707908 88857 21368
0b001d01 0b001e01 10252 100 1048576 50707908 88939 21368
0b001101 0b001201 10252 100 1048576 50719740 83773 21368
0b001101 0b001201 10253 100 1048576 50719740 83855 21368
0b001101 0b001201 10254 100 1048576 50719740 83937 21368
0b001101 0b001201 10255 100 1048576 50719740 84019 21368
0b001b01 0b001801 10255 100 1048576 50703207 103125 21368
0b001b01 0b001801 10254 100 1048576 50703207 103207 21368
0b001b01 0b001801 10253 100 1048576 50703207 103289 21368
0b001b01 0b001801 10252 100 1048576 50703207 103371 21368
0b000401 0b000501 10252 100 1048576 50728080 83773 21368
0b000401 0b000501 10253 100 1048576 50728080 83855 21368
0b000401 0b000501 10254 100 1048576 50728080 83937 21368
0b000401 0b000501 10255 100 1048576 50728080 84019 21368
0b001301 0b001001 10252 100 1048576 50723521 95253 21368
0b001301 0b001001 10253 100 1048576 50723521 95335 21368
0b001301 0b001001 10254 100 1048576 50723521 95417 21368
0b001301 0b001001 10255 100 1048576 50723521 95499 21368
0b001001 0b001101 10252 100 1048576 50740169 83773 21368
0b001001 0b001101 10253 100 1048576 50740169 83855 21368
0b001001 0b001101 10254 100 1048576 50740169 83937 21368
0b001001 0b001101 10255 100 1048576 50740169 84019 21368
0b001601 0b001701 10256 100 1048576 50762757 83981 21368
0b001601 0b001701 10257 100 1048576 50762839 83981 21368
0b001601 0b001701 10258 100 1048576 50762921 83981 21368
0b001601 0b001701 10259 100 1048576 50763003 83981 21368
0b000c01 0b000d01 10252 100 1048576 50764316 83773 21368
0b000901 0b000a01 10252 100 1048576 50764367 83773 21368
0b000d01 0b000e01 10252 100 1048576 50764367 83773 21368
0b000c01 0b000d01 10253 100 1048576 50764316 83855 21368
0b000901 0b000a01 10253 100 1048576 50764367 83855 21368
0b000d01 0b000e01 10253 100 1048576 50764367 83855 21368
0b000c01 0b000d01 10254 100 1048576 50764316 83937 21368
0b000901 0b000a01 10254 100 1048576 50764367 83937 21368
0b000d01 0b000e01 10254 100 1048576 50764367 83937 21368
0b000c01 0b000d01 10255 100 1048576 50764316 84019 21368
0b000901 0b000a01 10255 100 1048576 50764367 84019 21368
0b000d01 0b000e01 10255 100 1048576 50764367 84019 21368
0b000601 0b000701 10255 100 1048576 50765864 83773 21368
0b000601 0b000701 10254 100 1048576 50765864 83855 21368
0b000601 0b000701 10253 100 1048576 50765864 83937 21368
0b000601 0b000701 10252 100 1048576 50765864 84019 21368
0b000a01 0b000b01 10252 100 1048576 50766782 83773 21368
0b000e01 0b000f01 10252 100 1048576 50766782 83773 21368
0b000f01 0b000c01 10252 100 1048576 50766833 83773 21368
0b000a01 0b000b01 10253 100 1048576 50766782 83855 21368
0b000e01 0b000f01 10253 100 1048576 50766782 83855 21368
0b000f01 0b000c01 10253 100 1048576 50766833 83855 21368
0b000a01 0b000b01 10254 100 1048576 50766782 83937 21368
0b000e01 0b000f01 10254 100 1048576 50766782 83937 21368
0b000f01 0b000c01 10254 100 1048576 50766833 83937 21368
0b000a01 0b000b01 10255 100 1048576 50766782 84019 21368
0b000e01 0b000f01 10255 100 1048576 50766782 84019 21368
0b000f01 0b000c01 10255 100 1048576 50766833 84019 21368
0b000701 0b000401 10255 100 1048576 50768330 83773 21368
0b001401 0b001501 10256 100 1048576 50768588 83773 21368
0b000701 0b000401 10254 100 1048576 50768330 83855 21368
0b000701 0b000401 10253 100 1048576 50768330 83937 21368
0b000701 0b000401 10252 100 1048576 50768330 84019 21368
0b001401 0b001501 10257 100 1048576 50768670 83773 21368
0b001401 0b001501 10258 100 1048576 50768752 83773 21368
0b001701 0b001401 10256 100 1048576 50768780 83773 21368
0b001401 0b001501 10259 100 1048576 50768834 83773 21368
0b001701 0b001401 10257 100 1048576 50768862 83773 21368
0b001701 0b001401 10258 100 1048576 50768944 83773 21368
0b001701 0b001401 10259 100 1048576 50769026 83773 21368
0b001a01 0b001b01 10256 100 1048576 50769179 83773 21368
0b001a01 0b001b01 10257 100 1048576 50769261 83773 21368
0b001a01 0b001b01 10258 100 1048576 50769343 83773 21368
0b001901 0b001a01 10256 100 1048576 50769376 83773 21368
0b001a01 0b001b01 10259 100 1048576 50769425 83773 21368
0b001901 0b001a01 10257 100 1048576 50769458 83773 21368
0b001901 0b001a01 10258 100 1048576 50769540 83773 21368
0b001901 0b001a01 10259 100 1048576 50769622 83773 21368
0b001501 0b001601 10256 100 1048576 50770958 83773 21368
0b001501 0b001601 10257 100 1048576 50771040 83773 21368
0b001501 0b001601 10258 100 1048576 50771122 83773 21368
0b001501 0b001601 10259 100 1048576 50771204 83773 21368
0b001d01 0b001e01 10256 100 1048576 50786667 88982 21368
0b001d01 0b001e01 10257 100 1048576 50786749 88982 21368
0b001d01 0b001e01 10258 100 1048576 50786831 88982 21368
0b001d01 0b001e01 10259 100 1048576 50786913 88982 21368
0b000801 0b000901 10255 100 1048576 50792712 83773 21368
0b000801 0b000901 10254 100 1048576 50792712 83855 21368
0b000501 0b000601 10255 100 1048576 50763445 113293 21368
0b000001 0b000101 10252 100 1048576 50792968 83773 21368
0b000101 0b000201 10252 100 1048576 50793019 83773 21368
0b000801 0b000901 10253 100 1048576 50792712 83937 21368
0b000501 0b000601 10254 100 1048576 50763445 113375 21368
0b000001 0b000101 10253 100 1048576 50792968 83855 21368
0b000101 0b000201 10253 100 1048576 50793019 83855 21368
0b000501 0b000601 10253 100 1048576 50763445 113457 21368
0b000001 0b000101 10254 100 1048576 50792968 83937 21368
0b000801 0b000901 10252 100 1048576 50792712 84019 21368
0b000101 0b000201 10254 100 1048576 50793019 83937 21368
0b000501 0b000601 10252 100 1048576 50763445 113539 21368
0b000001 0b000101 10255 100 1048576 50792968 84019 21368
0b000101 0b000201 10255 100 1048576 50793019 84019 21368
0b000201 0b000301 10252 100 1048576 50795434 83773 21368
0b000301 0b000001 10252 100 1048576 50795485 83773 21368
0b000201 0b000301 10253 100 1048576 50795434 83855 21368
0b000301 0b000001 10253 100 1048576 50795485 83855 21368
0b000201 0b000301 10254 100 1048576 50795434 83937 21368
0b000301 0b000001 10254 100 1048576 50795485 83937 21368
0b000201 0b000301 10255 100 1048576 50795434 84019 21368
0b000301 0b000001 10255 100 1048576 50795485 84019 21368
0b001c01 0b001d01 10256 100 1048576 50798055 83773 21368
0b001c01 0b001d01 10257 100 1048576 50798137 83773 21368
0b001f01 0b001c01 10256 100 1048576 50798138 83773 21368
0b001c01 0b001d01 10258 100 1048576 50798219 83773 21368
0b001f01 0b001c01 10257 100 1048576 50798220 83773 21368
0b001c01 0b001d01 10259 100 1048576 50798301 83773 21368
0b001f01 0b001c01 10258 100 1048576 50798302 83773 21368
0b001f01 0b001c01 10259 100 1048576 50798384 83773 21368
0b001b01 0b001801 10256 100 1048576 50767690 115394 21368
0b001b01 0b001801 10257 100 1048576 50767772 115394 21368
0b001b01 0b001801 10258 100 1048576 50767854 115394 21368
0b001b01 0b001801 10259 100 1048576 50767936 115394 21368
0b001301 0b001001 10256 100 1048576 50795866 95396 21368
0b001301 0b001001 10257 100 1048576 50795948 95396 21368
0b001e01 0b001f01 10256 100 1048576 50802611 88693 21368
0b001301 0b001001 10258 100 1048576 50796030 95396 21368
0b001e01 0b001f01 10257 100 1048576 50802693 88693 21368
0b001e01 0b001f01 10258 100 1048576 50802775 88693 21368
0b001301 0b001001 10259 100 1048576 50796112 95396 21368
0b001e01 0b001f01 10259 100 1048576 50802857 88693 21368
0b001201 0b001301 10256 100 1048576 50809523 83773 21368
0b001201 0b001301 10257 100 1048576 50809605 83773 21368
0b001201 0b001301 10258 100 1048576 50809687 83773 21368
0b001201 0b001301 10259 100 1048576 50809769 83773 21368
0b000b01 0b000801 10255 100 1048576 50795254 106405 21368
0b000b01 0b000801 10254 100 1048576 50795254 106487 21368
0b000b01 0b000801 10253 100 1048576 50795254 106569 21368
0b000b01 0b000801 10252 100 1048576 50795254 106651 21368
0b001801 0b001901 10256 100 1048576 50812342 90989 21368
0b001801 0b001901 10257 100 1048576 50812424 90989 21368
0b001801 0b001901 10258 100 1048576 50812506 90989 21368
0b001801 0b001901 10259 100 1048576 50812588 90989 21368
0b001101 0b001201 10256 100 1048576 50829952 83773 21368
0b001101 0b001201 10257 100 1048576 50830034 83773 21368
0b001101 0b001201 10258 100 1048576 50830116 83773 21368
0b001101 0b001201 10259 100 1048576 50830198 83773 21368
0b001001 0b001101 10256 100 1048576 50824784 95253 21368
0b001001 0b001101 10257 100 1048576 50824866 95253 21368
0b001001 0b001101 10258 100 1048576 50824948 95253 21368
0b001001 0b001101 10259 100 1048576 50825030 95253 21368
0b000501 0b000601 10256 100 1048576 50817863 113323 21368
0b000501 0b000601 10257 100 1048576 50817945 113323 21368
0b000501 0b000601 10258 100 1048576 50818027 113323 21368
0b000501 0b000601 10259 100 1048576 50818109 113323 21368
0b001701 0b001401 10260 100 1048576 50852748 83773 21368
0b001701 0b001401 10261 100 1048576 50852830 83773 21368
0b001701 0b001401 10262 100 1048576 50852912 83773 21368
0b001701 0b001401 10263 100 1048576 50852994 83773 21368
0b000d01 0b000e01 10256 100 1048576 50854099 83773 21368
0b000a01 0b000b01 10256 100 1048576 50854150 83773 21368
0b000e01 0b000f01 10256 100 1048576 50854150 83773 21368
0b000d01 0b000e01 10257 100 1048576 50854181 83773 21368
0b000a01 0b000b01 10257 100 1048576 50854232 83773 21368
0b000e01 0b000f01 10257 100 1048576 50854232 83773 21368
0b000d01 0b000e01 10258 100 1048576 50854263 83773 21368
0b000a01 0b000b01 10258 100 1048576 50854314 83773 21368
0b000e01 0b000f01 10258 100 1048576 50854314 83773 21368
0b000d01 0b000e01 10259 100 1048576 50854345 83773 21368
0b000a01 0b000b01 10259 100 1048576 50854396 83773 21368
0b000e01 0b000f01 10259 100 1048576 50854396 83773 21368
0b000701 0b000401 10256 100 1048576 50855647 83773 21368
0b000701 0b000401 10257 100 1048576 50855729 83773 21368
0b000701 0b000401 10258 100 1048576 50855811 83773 21368
0b000701 0b000401 10259 100 1048576 50855893 83773 21368
0b000f01 0b000c01 10256 100 1048576 50856565 83773 21368
0b000c01 0b000d01 10256 100 1048576 50856616 83773 21368
0b000f01 0b000c01 10257 100 1048576 50856647 83773 21368
0b000c01 0b000d01 10257 100 1048576 50856698 83773 21368
0b000f01 0b000c01 10258 100 1048576 50856729 83773 21368
0b000c01 0b000d01 10258 100 1048576 50856780 83773 21368
0b000f01 0b000c01 10259 100 1048576 50856811 83773 21368
0b000c01 0b000d01 10259 100 1048576 50856862 83773 21368
0b000401 0b000501 10256 100 1048576 50858113 83773 21368
0b000401 0b000501 10257 100 1048576 50858195 83773 21368
0b000401 0b000501 10258 100 1048576 50858277 83773 21368
0b000401 0b000501 10259 100 1048576 50858359 83773 21368
0b001501 0b001601 10260 100 1048576 50858371 83773 21368
0b001501 0b001601 10261 100 1048576 50858453 83773 21368
0b001501 0b001601 10262 100 1048576 50858535 83773 21368
0b001401 0b001501 10260 100 1048576 50858563 83773 21368
0b001501 0b001601 10263 100 1048576 50858617 83773 21368
0b001401 0b001501 10261 100 1048576 50858645 83773 21368
0b001401 0b001501 10262 100 1048576 50858727 83773 21368
0b001401 0b001501 10263 100 1048576 50858809 83773 21368
0b001a01 0b001b01 10260 100 1048576 50859159 83773 21368
0b001a01 0b001b01 10261 100 1048576 50859241 83773 21368
0b001a01 0b001b01 10262 100 1048576 50859323 83773 21368
0b001a01 0b001b01 10263 100 1048576 50859405 83773 21368
0b001601 0b001701 10260 100 1048576 50860741 83773 21368
0b001601 0b001701 10261 100 1048576 50860823 83773 21368
0b001601 0b001701 10262 100 1048576 50860905 83773 21368
0b001601 0b001701 10263 100 1048576 50860987 83773 21368
0b001b01 0b001801 10260 100 1048576 50858962 95954 21368
0b001b01 0b001801 10261 100 1048576 50859044 95954 21368
0b001b01 0b001801 10262 100 1048576 50859126 95954 21368
0b001b01 0b001801 10263 100 1048576 50859208 95954 21368
0b000901 0b000a01 10256 100 1048576 50882495 83773 21368
0b000901 0b000a01 10257 100 1048576 50882577 83773 21368
0b000901 0b000a01 10258 100 1048576 50882659 83773 21368
0b000101 0b000201 10256 100 1048576 50882751 83773 21368
0b000901 0b000a01 10259 100 1048576 50882741 83773 21368
0b000201 0b000301 10256 100 1048576 50882802 83773 21368
0b000101 0b000201 10257 100 1048576 50882833 83773 21368
0b000201 0b000301 10257 100 1048576 50882884 83773 21368
0b000101 0b000201 10258 100 1048576 50882915 83773 21368
0b000201 0b000301 10258 100 1048576 50882966 83773 21368
0b000101 0b000201 10259 100 1048576 50882997 83773 21368
0b000201 0b000301 10259 100 1048576 50883048 83773 21368
0b000301 0b000001 10256 100 1048576 50885217 83773 21368
0b000001 0b000101 10256 100 1048576 50885268 83773 21368
0b000301 0b000001 10257 100 1048576 50885299 83773 21368
0b000001 0b000101 10257 100 1048576 50885350 83773 21368
0b000301 0b000001 10258 100 1048576 50885381 83773 21368
0b000001 0b000101 10258 100 1048576 50885432 83773 21368
0b000301 0b000001 10259 100 1048576 50885463 83773 21368
0b000001 0b000101 10259 100 1048576 50885514 83773 21368
0b001e01 0b001f01 10260 100 1048576 50881659 88693 21368
0b001e01 0b001f01 10261 100 1048576 50881741 88693 21368
0b001e01 0b001f01 10262 100 1048576 50881823 88693 21368
0b001e01 0b001f01 10263 100 1048576 50881905 88693 21368
0b001d01 0b001e01 10260 100 1048576 50887838 83773 21368
0b001d01 0b001e01 10261 100 1048576 50887920 83773 21368
0b001c01 0b001d01 10260 100 1048576 50887921 83773 21368
0b001d01 0b001e01 10262 100 1048576 50888002 83773 21368
0b001c01 0b001d01 10261 100 1048576 50888003 83773 21368
0b001d01 0b001e01 10263 100 1048576 50888084 83773 21368
0b001c01 0b001d01 10262 100 1048576 50888085 83773 21368
0b001c01 0b001d01 10263 100 1048576 50888167 83773 21368
0b001801 0b001901 10260 100 1048576 50889094 90989 21368
0b001801 0b001901 10261 100 1048576 50889176 90989 21368
0b001801 0b001901 10262 100 1048576 50889258 90989 21368
0b001801 0b001901 10263 100 1048576 50889340 90989 21368
0b001f01 0b001c01 10260 100 1048576 50897314 83773 21368
0b001f01 0b001c01 10261 100 1048576 50897396 83773 21368
0b001f01 0b001c01 10262 100 1048576 50897478 83773 21368
0b001f01 0b001c01 10263 100 1048576 50897560 83773 21368
0b000b01 0b000801 10256 100 1048576 50856565 125454 21368
0b000b01 0b000801 10257 100 1048576 50856647 125454 21368
0b000b01 0b000801 10258 100 1048576 50856729 125454 21368
0b000b01 0b000801 10259 100 1048576 50856811 125454 21368
0b001301 0b001001 10260 100 1048576 50899306 83773 21368
0b001301 0b001001 10261 100 1048576 50899388 83773 21368
0b001301 0b001001 10262 100 1048576 50899470 83773 21368
0b001301 0b001001 10263 100 1048576 50899552 83773 21368
0b001001 0b001101 10260 100 1048576 50897272 95253 21368
0b001001 0b001101 10261 100 1048576 50897354 95253 21368
0b001001 0b001101 10262 100 1048576 50897436 95253 21368
0b001001 0b001101 10263 100 1048576 50897518 95253 21368
0b001901 0b001a01 10260 100 1048576 50909341 83773 21368
0b001901 0b001a01 10261 100 1048576 50909423 83773 21368
0b001901 0b001a01 10262 100 1048576 50909505 83773 21368
0b001901 0b001a01 10263 100 1048576 50909587 83773 21368
0b000801 0b000901 10256 100 1048576 50907669 87381 21368
0b000801 0b000901 10257 100 1048576 50907751 87381 21368
0b000801 0b000901 10258 100 1048576 50907833 87381 21368
0b000801 0b000901 10259 100 1048576 50907915 87381 21368
0b000601 0b000701 10256 100 1048576 50882748 113293 21368
0b000601 0b000701 10257 100 1048576 50882830 113293 21368
0b000601 0b000701 10258 100 1048576 50882912 113293 21368
0b000601 0b000701 10259 100 1048576 50882994 113293 21368
0b001201 0b001301 10260 100 1048576 50919735 83773 21368
0b001201 0b001301 10261 100 1048576 50919817 83773 21368
0b001201 0b001301 10262 100 1048576 50919899 83773 21368
0b001201 0b001301 10263 100 1048576 50919981 83773 21368
0b001101 0b001201 10260 100 1048576 50926047 83773 21368
0b001101 0b001201 10261 100 1048576 50926129 83773 21368
0b001101 0b001201 10262 100 1048576 50926211 83773 21368
0b001101 0b001201 10263 100 1048576 50926293 83773 21368
0b000e01 0b000f01 10260 100 1048576 50943882 83773 21368
0b000f01 0b000c01 10260 100 1048576 50943933 83773 21368
0b000e01 0b000f01 10261 100 1048576 50943964 83773 21368
0b000f01 0b000c01 10261 100 1048576 50944015 83773 21368
0b000e01 0b000f01 10262 100 1048576 50944046 83773 21368
0b000f01 0b000c01 10262 100 1048576 50944097 83773 21368
0b000e01 0b000f01 10263 100 1048576 50944128 83773 21368
0b000f01 0b000c01 10263 100 1048576 50944179 83773 21368
0b000401 0b000501 10260 100 1048576 50945430 83773 21368
0b000401 0b000501 10261 100 1048576 50945512 83773 21368
0b000401 0b000501 10262 100 1048576 50945594 83773 21368
0b000401 0b000501 10263 100 1048576 50945676 83773 21368
0b000c01 0b000d01 10260 100 1048576 50946348 83773 21368
0b000d01 0b000e01 10260 100 1048576 50946399 83773 21368
0b000c01 0b000d01 10261 100 1048576 50946430 83773 21368
0b000d01 0b000e01 10261 100 1048576 50946481 83773 21368
0b000c01 0b000d01 10262 100 1048576 50946512 83773 21368
0b000d01 0b000e01 10262 100 1048576 50946563 83773 21368
0b000c01 0b000d01 10263 100 1048576 50946594 83773 21368
0b000d01 0b000e01 10263 100 1048576 50946645 83773 21368
0b000501 0b000601 10260 100 1048576 50947896 83773 21368
0b000501 0b000601 10261 100 1048576 50947978 83773 21368
0b000501 0b000601 10262 100 1048576 50948060 83773 21368
0b000501 0b000601 10263 100 1048576 50948142 83773 21368
0b000b01 0b000801 10260 100 1048576 50943933 103030 21368
0b000b01 0b000801 10261 100 1048576 50944015 103030 21368
0b000b01 0b000801 10262 100 1048576 50944097 103030 21368
0b000b01 0b000801 10263 100 1048576 50944179 103030 21368
0b000601 0b000701 10260 100 1048576 50937196 113293 21368
0b000601 0b000701 10261 100 1048576 50937278 113293 21368
0b000601 0b000701 10262 100 1048576 50937360 113293 21368
0b000601 0b000701 10263 100 1048576 50937442 113293 21368
0b000a01 0b000b01 10260 100 1048576 50972278 83773 21368
0b000a01 0b000b01 10261 100 1048576 50972360 83773 21368
0b000a01 0b000b01 10262 100 1048576 50972442 83773 21368
0b000a01 0b000b01 10263 100 1048576 50972524 83773 21368
0b000201 0b000301 10260 100 1048576 50972534 83773 21368
0b000301 0b000001 10260 100 1048576 50972585 83773 21368
0b000201 0b000301 10261 100 1048576 50972616 83773 21368
0b000301 0b000001 10261 100 1048576 50972667 83773 21368
0b000201 0b000301 10262 100 1048576 50972698 83773 21368
0b000301 0b000001 10262 100 1048576 50972749 83773 21368
0b000201 0b000301 10263 100 1048576 50972780 83773 21368
0b000301 0b000001 10263 100 1048576 50972831 83773 21368
0b000001 0b000101 10260 100 1048576 50975000 83773 21368
0b000101 0b000201 10260 100 1048576 50975051 83773 21368
0b000001 0b000101 10261 100 1048576 50975082 83773 21368
0b000101 0b000201 10261 100 1048576 50975133 83773 21368
0b000001 0b000101 10262 100 1048576 50975164 83773 21368
0b000101 0b000201 10262 100 1048576 50975215 83773 21368
0b000001 0b000101 10263 100 1048576 50975246 83773 21368
0b000101 0b000201 10263 100 1048576 50975297 83773 21368
0b000801 0b000901 10260 100 1048576 50988029 87381 21368
0b000801 0b000901 10261 100 1048576 50988111 87381 21368
0b000801 0b000901 10262 100 1048576 50988193 87381 21368
0b000801 0b000901 10263 100 1048576 50988275 87381 21368
0b000901 0b000a01 10260 100 1048576 51001060 83773 21368
0b000901 0b000a01 10261 100 1048576 51001142 83773 21368
0b000901 0b000a01 10262 100 1048576 51001224 83773 21368
0b000901 0b000a01 10263 100 1048576 51001306 83773 21368
0b000701 0b000401 10260 100 1048576 51002051 83773 21368
0b000701 0b000401 10261 100 1048576 51002133 83773 21368
0b000701 0b000401 10262 100 1048576 51002215 83773 21368
0b000701 0b000401 10263 100 1048576 51002297 83773 21368
0b001401 0b001501 10264 100 1048576 51603226 83773 21368
0b001401 0b001501 10265 100 1048576 51603226 83855 21368
0b001401 0b001501 10266 100 1048576 51603226 83937 21368
0b001401 0b001501 10267 100 1048576 51603226 84019 21368
0b001601 0b001701 10264 100 1048576 51608849 83773 21368
0b001601 0b001701 10265 100 1048576 51608849 83855 21368
0b001601 0b001701 10266 100 1048576 51608849 83937 21368
0b001501 0b001601 10264 100 1048576 51609041 83773 21368
0b001601 0b001701 10267 100 1048576 51608849 84019 21368
0b001501 0b001601 10265 100 1048576 51609041 83855 21368
0b001501 0b001601 10266 100 1048576 51609041 83937 21368
0b001501 0b001601 10267 100 1048576 51609041 84019 21368
0b001b01 0b001801 10264 100 1048576 51609637 83773 21368
0b001b01 0b001801 10265 100 1048576 51609637 83855 21368
0b001b01 0b001801 10266 100 1048576 51609637 83937 21368
0b001b01 0b001801 10267 100 1048576 51609637 84019 21368
0b001701 0b001401 10264 100 1048576 51611219 83773 21368
0b001701 0b001401 10265 100 1048576 51611219 83855 21368
0b001701 0b001401 10266 100 1048576 51611219 83937 21368
0b001701 0b001401 10267 100 1048576 51611219 84019 21368
0b001801 0b001901 10264 100 1048576 51621621 89677 21368
0b001801 0b001901 10265 100 1048576 51621621 89759 21368
0b001801 0b001901 10266 100 1048576 51621621 89841 21368
0b001801 0b001901 10267 100 1048576 51621621 89923 21368
0b001f01 0b001c01 10264 100 1048576 51637057 83773 21368
0b001f01 0b001c01 10265 100 1048576 51637057 83855 21368
0b001f01 0b001c01 10266 100 1048576 51637057 83937 21368
0b001f01 0b001c01 10267 100 1048576 51637057 84019 21368
0b001e01 0b001f01 10264 100 1048576 51638316 83773 21368
0b001e01 0b001f01 10265 100 1048576 51638316 83855 21368
0b001d01 0b001e01 10264 100 1048576 51638399 83773 21368
0b001e01 0b001f01 10266 100 1048576 51638316 83937 21368
0b001d01 0b001e01 10265 100 1048576 51638399 83855 21368
0b001e01 0b001f01 10267 100 1048576 51638316 84019 21368
0b001d01 0b001e01 10266 100 1048576 51638399 83937 21368
0b001d01 0b001e01 10267 100 1048576 51638399 84019 21368
0b001001 0b001101 10264 100 1048576 51649784 83773 21368
0b001001 0b001101 10265 100 1048576 51649784 83855 21368
0b001001 0b001101 10266 100 1048576 51649784 83937 21368
0b001001 0b001101 10267 100 1048576 51649784 84019 21368
0b001c01 0b001d01 10264 100 1048576 51647792 88365 21368
0b001c01 0b001d01 10265 100 1048576 51647792 88447 21368
0b001c01 0b001d01 10266 100 1048576 51647792 88529 21368
0b001c01 0b001d01 10267 100 1048576 51647792 88611 21368
0b001a01 0b001b01 10264 100 1048576 51659819 83773 21368
0b001a01 0b001b01 10265 100 1048576 51659819 83855 21368
0b001901 0b001a01 10264 100 1048576 51646788 96893 21368
0b001a01 0b001b01 10266 100 1048576 51659819 83937 21368
0b001901 0b001a01 10265 100 1048576 51646788 96975 21368
0b001a01 0b001b01 10267 100 1048576 51659819 84019 21368
0b001901 0b001a01 10266 100 1048576 51646788 97057 21368
0b001901 0b001a01 10267 100 1048576 51646788 97139 21368
0b001101 0b001201 10264 100 1048576 51659230 87053 21368
0b001101 0b001201 10265 100 1048576 51659230 87135 21368
0b001101 0b001201 10266 100 1048576 51659230 87217 21368
0b001101 0b001201 10267 100 1048576 51659230 87299 21368
0b001301 0b001001 10264 100 1048576 51670213 83773 21368
0b001301 0b001001 10265 100 1048576 51670213 83855 21368
0b001301 0b001001 10266 100 1048576 51670213 83937 21368
0b001301 0b001001 10267 100 1048576 51670213 84019 21368
0b001201 0b001301 10264 100 1048576 51676525 91645 21368
0b001201 0b001301 10265 100 1048576 51676525 91727 21368
0b001201 0b001301 10266 100 1048576 51676525 91809 21368
0b001201 0b001301 10267 100 1048576 51676525 91891 21368
0b001501 0b001601 10268 100 1048576 51693039 83773 21368
0b001501 0b001601 10269 100 1048576 51693121 83773 21368
0b001501 0b001601 10270 100 1048576 51693203 83773 21368
0b001501 0b001601 10271 100 1048576 51693285 83773 21368
0b000f01 0b000c01 10264 100 1048576 51694360 83773 21368
0b000c01 0b000d01 10264 100 1048576 51694411 83773 21368
0b000f01 0b000c01 10265 100 1048576 51694360 83855 21368
0b000c01 0b000d01 10265 100 1048576 51694411 83855 21368
0b000f01 0b000c01 10266 100 1048576 51694360 83937 21368
0b000c01 0b000d01 10266 100 1048576 51694411 83937 21368
0b000f01 0b000c01 10267 100 1048576 51694360 84019 21368
0b000c01 0b000d01 10267 100 1048576 51694411 84019 21368
0b000501 0b000601 10264 100 1048576 51695908 83773 21368
0b000501 0b000601 10265 100 1048576 51695908 83855 21368
0b000501 0b000601 10266 100 1048576 51695908 83937 21368
0b000501 0b000601 10267 100 1048576 51695908 84019 21368
0b000d01 0b000e01 10264 100 1048576 51696826 83773 21368
0b000e01 0b000f01 10264 100 1048576 51696877 83773 21368
0b000d01 0b000e01 10265 100 1048576 51696826 83855 21368
0b000e01 0b000f01 10265 100 1048576 51696877 83855 21368
0b000d01 0b000e01 10266 100 1048576 51696826 83937 21368
0b000e01 0b000f01 10266 100 1048576 51696877 83937 21368
0b000d01 0b000e01 10267 100 1048576 51696826 84019 21368
0b000e01 0b000f01 10267 100 1048576 51696877 84019 21368
0b000601 0b000701 10264 100 1048576 51698374 83773 21368
0b000601 0b000701 10265 100 1048576 51698374 83855 21368
0b000601 0b000701 10266 100 1048576 51698374 83937 21368
0b001701 0b001401 10268 100 1048576 51698662 83773 21368
0b000601 0b000701 10267 100 1048576 51698374 84019 21368
0b001701 0b001401 10269 100 1048576 51698744 83773 21368
0b001701 0b001401 10270 100 1048576 51698826 83773 21368
0b001601 0b001701 10268 100 1048576 51698854 83773 21368
0b001701 0b001401 10271 100 1048576 51698908 83773 21368
0b001601 0b001701 10269 100 1048576 51698936 83773 21368
0b001601 0b001701 10270 100 1048576 51699018 83773 21368
0b001601 0b001701 10271 100 1048576 51699100 83773 21368
0b001401 0b001501 10268 100 1048576 51701032 83773 21368
0b001401 0b001501 10269 100 1048576 51701114 83773 21368
0b001401 0b001501 10270 100 1048576 51701196 83773 21368
0b001401 0b001501 10271 100 1048576 51701278 83773 21368
0b001801 0b001901 10268 100 1048576 51699450 89912 21368
0b001801 0b001901 10269 100 1048576 51699532 89912 21368
0b001801 0b001901 10270 100 1048576 51699614 89912 21368
0b001801 0b001901 10271 100 1048576 51699696 89912 21368
0b000801 0b000901 10264 100 1048576 51713668 83773 21368
0b000801 0b000901 10265 100 1048576 51713668 83855 21368
0b000801 0b000901 10266 100 1048576 51713668 83937 21368
0b000801 0b000901 10267 100 1048576 51713668 84019 21368
0b000b01 0b000801 10264 100 1048576 51722756 83773 21368
0b000b01 0b000801 10265 100 1048576 51722756 83855 21368
0b000301 0b000001 10264 100 1048576 51723012 83773 21368
0b000b01 0b000801 10266 100 1048576 51722756 83937 21368
0b000001 0b000101 10264 100 1048576 51723063 83773 21368
0b000b01 0b000801 10267 100 1048576 51722756 84019 21368
0b000301 0b000001 10265 100 1048576 51723012 83855 21368
0b000001 0b000101 10265 100 1048576 51723063 83855 21368
0b000301 0b000001 10266 100 1048576 51723012 83937 21368
0b000001 0b000101 10266 100 1048576 51723063 83937 21368
0b000301 0b000001 10267 100 1048576 51723012 84019 21368
0b000001 0b000101 10267 100 1048576 51723063 84019 21368
0b000101 0b000201 10264 100 1048576 51725478 83773 21368
0b000201 0b000301 10264 100 1048576 51725529 83773 21368
0b000101 0b000201 10265 100 1048576 51725478 83855 21368
0b000201 0b000301 10265 100 1048576 51725529 83855 21368
0b000101 0b000201 10266 100 1048576 51725478 83937 21368
0b000201 0b000301 10266 100 1048576 51725529 83937 21368
0b000101 0b000201 10267 100 1048576 51725478 84019 21368
0b000201 0b000301 10267 100 1048576 51725529 84019 21368
0b001f01 0b001c01 10268 100 1048576 51728129 83773 21368
0b001f01 0b001c01 10269 100 1048576 51728211 83773 21368
0b001e01 0b001f01 10268 100 1048576 51728212 83773 21368
0b001f01 0b001c01 10270 100 1048576 51728293 83773 21368
0b001e01 0b001f01 10269 100 1048576 51728294 83773 21368
0b001f01 0b001c01 10271 100 1048576 51728375 83773 21368
0b001e01 0b001f01 10270 100 1048576 51728376 83773 21368
0b001e01 0b001f01 10271 100 1048576 51728458 83773 21368
0b000701 0b000401 10264 100 1048576 51717194 96565 21368
0b000701 0b000401 10265 100 1048576 51717194 96647 21368
0b000701 0b000401 10266 100 1048576 51717194 96729 21368
0b000701 0b000401 10267 100 1048576 51717194 96811 21368
0b001c01 0b001d01 10268 100 1048576 51726870 88663 21368
0b001c01 0b001d01 10269 100 1048576 51726952 88663 21368
0b001c01 0b001d01 10270 100 1048576 51727034 88663 21368
0b001c01 0b001d01 10271 100 1048576 51727116 88663 21368
0b001101 0b001201 10268 100 1048576 51739597 87374 21368
0b001101 0b001201 10269 100 1048576 51739679 87374 21368
0b001101 0b001201 10270 100 1048576 51739761 87374 21368
0b001101 0b001201 10271 100 1048576 51739843 87374 21368
0b001d01 0b001e01 10268 100 1048576 51742197 88365 21368
0b001d01 0b001e01 10269 100 1048576 51742279 88365 21368
0b001d01 0b001e01 10270 100 1048576 51742361 88365 21368
0b001d01 0b001e01 10271 100 1048576 51742443 88365 21368
0b001b01 0b001801 10268 100 1048576 51749632 83773 21368
0b001b01 0b001801 10269 100 1048576 51749714 83773 21368
0b001a01 0b001b01 10268 100 1048576 51749721 83773 21368
0b001901 0b001a01 10268 100 1048576 51717338 116215 21368
0b001b01 0b001801 10270 100 1048576 51749796 83773 21368
0b001a01 0b001b01 10269 100 1048576 51749803 83773 21368
0b001901 0b001a01 10269 100 1048576 51717420 116215 21368
0b001b01 0b001801 10271 100 1048576 51749878 83773 21368
0b001a01 0b001b01 10270 100 1048576 51749885 83773 21368
0b001901 0b001a01 10270 100 1048576 51717502 116215 21368
0b001a01 0b001b01 10271 100 1048576 51749967 83773 21368
0b001901 0b001a01 10271 100 1048576 51717584 116215 21368
0b000a01 0b000b01 10264 100 1048576 51751538 83773 21368
0b000a01 0b000b01 10265 100 1048576 51751538 83855 21368
0b000a01 0b000b01 10266 100 1048576 51751538 83937 21368
0b000a01 0b000b01 10267 100 1048576 51751538 84019 21368
0b001001 0b001101 10268 100 1048576 51760026 83773 21368
0b001001 0b001101 10269 100 1048576 51760108 83773 21368
0b001001 0b001101 10270 100 1048576 51760190 83773 21368
0b001001 0b001101 10271 100 1048576 51760272 83773 21368
0b000901 0b000a01 10264 100 1048576 51742115 106077 21368
0b000901 0b000a01 10265 100 1048576 51742115 106159 21368
0b000901 0b000a01 10266 100 1048576 51742115 106241 21368
0b000901 0b000a01 10267 100 1048576 51742115 106323 21368
0b000401 0b000501 10264 100 1048576 51752529 100173 21368
0b000401 0b000501 10265 100 1048576 51752529 100255 21368
0b000401 0b000501 10266 100 1048576 51752529 100337 21368
0b000401 0b000501 10267 100 1048576 51752529 100419 21368
0b001201 0b001301 10268 100 1048576 51752323 103095 21368
0b001201 0b001301 10269 100 1048576 51752405 103095 21368
0b001201 0b001301 10270 100 1048576 51752487 103095 21368
0b001201 0b001301 10271 100 1048576 51752569 103095 21368
0b001301 0b001001 10268 100 1048576 51774210 83773 21368
0b001301 0b001001 10269 100 1048576 51774292 83773 21368
0b001301 0b001001 10270 100 1048576 51774374 83773 21368
0b001301 0b001001 10271 100 1048576 51774456 83773 21368
0b001601 0b001701 10272 100 1048576 51782852 83773 21368
0b001601 0b001701 10273 100 1048576 51782934 83773 21368
0b001601 0b001701 10274 100 1048576 51783016 83773 21368
0b001601 0b001701 10275 100 1048576 51783098 83773 21368
0b000c01 0b000d01 10268 100 1048576 51784173 83773 21368
0b000d01 0b000e01 10268 100 1048576 51784224 83773 21368
0b000c01 0b000d01 10269 100 1048576 51784255 83773 21368
0b000d01 0b000e01 10269 100 1048576 51784306 83773 21368
0b000c01 0b000d01 10270 100 1048576 51784337 83773 21368
0b000d01 0b000e01 10270 100 1048576 51784388 83773 21368
0b000c01 0b000d01 10271 100 1048576 51784419 83773 21368
0b000d01 0b000e01 10271 100 1048576 51784470 83773 21368
0b000601 0b000701 10268 100 1048576 51785721 83773 21368
0b000601 0b000701 10269 100 1048576 51785803 83773 21368
0b000601 0b000701 10270 100 1048576 51785885 83773 21368
0b000601 0b000701 10271 100 1048576 51785967 83773 21368
0b000e01 0b000f01 10268 100 1048576 51786639 83773 21368
0b000f01 0b000c01 10268 100 1048576 51786690 83773 21368
0b000e01 0b000f01 10269 100 1048576 51786721 83773 21368
0b000f01 0b000c01 10269 100 1048576 51786772 83773 21368
0b000e01 0b000f01 10270 100 1048576 51786803 83773 21368
0b000f01 0b000c01 10270 100 1048576 51786854 83773 21368
0b000e01 0b000f01 10271 100 1048576 51786885 83773 21368
0b000f01 0b000c01 10271 100 1048576 51786936 83773 21368
0b001401 0b001501 10272 100 1048576 51788475 83773 21368
0b001401 0b001501 10273 100 1048576 51788557 83773 21368
0b001401 0b001501 10274 100 1048576 51788639 83773 21368
0b001701 0b001401 10272 100 1048576 51788667 83773 21368
0b001401 0b001501 10275 100 1048576 51788721 83773 21368
0b001701 0b001401 10273 100 1048576 51788749 83773 21368
0b001701 0b001401 10274 100 1048576 51788831 83773 21368
0b001701 0b001401 10275 100 1048576 51788913 83773 21368
0b001501 0b001601 10272 100 1048576 51790845 83773 21368
0b001501 0b001601 10273 100 1048576 51790927 83773 21368
0b001501 0b001601 10274 100 1048576 51791009 83773 21368
0b001501 0b001601 10275 100 1048576 51791091 83773 21368
0b000701 0b000401 10268 100 1048576 51788187 106260 21368
0b000701 0b000401 10269 100 1048576 51788269 106260 21368
0b000701 0b000401 10270 100 1048576 51788351 106260 21368
0b000701 0b000401 10271 100 1048576 51788433 106260 21368
0b000801 0b000901 10268 100 1048576 51812569 83773 21368
0b000801 0b000901 10269 100 1048576 51812651 83773 21368
0b000001 0b000101 10268 100 1048576 51812825 83773 21368
0b000801 0b000901 10270 100 1048576 51812733 83773 21368
0b000801 0b000901 10271 100 1048576 51812815 83773 21368
0b000101 0b000201 10268 100 1048576 51812876 83773 21368
0b000001 0b000101 10269 100 1048576 51812907 83773 21368
0b000101 0b000201 10269 100 1048576 51812958 83773 21368
0b000001 0b000101 10270 100 1048576 51812989 83773 21368
0b000101 0b000201 10270 100 1048576 51813040 83773 21368
0b000001 0b000101 10271 100 1048576 51813071 83773 21368
0b000101 0b000201 10271 100 1048576 51813122 83773 21368
0b001901 0b001a01 10272 100 1048576 51795402 103095 21368
0b001901 0b001a01 10273 100 1048576 51795484 103095 21368
0b001901 0b001a01 10274 100 1048576 51795566 103095 21368
0b000201 0b000301 10268 100 1048576 51815291 83773 21368
0b001901 0b001a01 10275 100 1048576 51795648 103095 21368
0b000301 0b000001 10268 100 1048576 51815342 83773 21368
0b000201 0b000301 10269 100 1048576 51815373 83773 21368
0b000301 0b000001 10269 100 1048576 51815424 83773 21368
0b000201 0b000301 10270 100 1048576 51815455 83773 21368
0b000301 0b000001 10270 100 1048576 51815506 83773 21368
0b000201 0b000301 10271 100 1048576 51815537 83773 21368
0b000301 0b000001 10271 100 1048576 51815588 83773 21368
0b001c01 0b001d01 10272 100 1048576 51817942 83773 21368
0b001c01 0b001d01 10273 100 1048576 51818024 83773 21368
0b001f01 0b001c01 10272 100 1048576 51818025 83773 21368
0b001c01 0b001d01 10274 100 1048576 51818106 83773 21368
0b001f01 0b001c01 10273 100 1048576 51818107 83773 21368
0b001c01 0b001d01 10275 100 1048576 51818188 83773 21368
0b001f01 0b001c01 10274 100 1048576 51818189 83773 21368
0b001f01 0b001c01 10275 100 1048576 51818271 83773 21368
0b001d01 0b001e01 10272 100 1048576 51821573 90333 21368
0b001d01 0b001e01 10273 100 1048576 51821655 90333 21368
0b001d01 0b001e01 10274 100 1048576 51821737 90333 21368
0b001d01 0b001e01 10275 100 1048576 51821819 90333 21368
0b000901 0b000a01 10268 100 1048576 51803481 113919 21368
0b000901 0b000a01 10269 100 1048576 51803563 113919 21368
0b000901 0b000a01 10270 100 1048576 51803645 113919 21368
0b000901 0b000a01 10271 100 1048576 51803727 113919 21368
0b001e01 0b001f01 10272 100 1048576 51836602 86069 21368
0b001e01 0b001f01 10273 100 1048576 51836684 86069 21368
0b001e01 0b001f01 10274 100 1048576 51836766 86069 21368
0b001e01 0b001f01 10275 100 1048576 51836848 86069 21368
0b001801 0b001901 10272 100 1048576 51839445 83773 21368
0b001801 0b001901 10273 100 1048576 51839527 83773 21368
0b001b01 0b001801 10272 100 1048576 51839534 83773 21368
0b001801 0b001901 10274 100 1048576 51839609 83773 21368
0b001b01 0b001801 10273 100 1048576 51839616 83773 21368
0b001801 0b001901 10275 100 1048576 51839691 83773 21368
0b001b01 0b001801 10274 100 1048576 51839698 83773 21368
0b001b01 0b001801 10275 100 1048576 51839780 83773 21368
0b000b01 0b000801 10268 100 1048576 51841351 83773 21368
0b000b01 0b000801 10269 100 1048576 51841433 83773 21368
0b000b01 0b000801 10270 100 1048576 51841515 83773 21368
0b000b01 0b000801 10271 100 1048576 51841597 83773 21368
0b001201 0b001301 10272 100 1048576 51833011 95223 21368
0b001201 0b001301 10273 100 1048576 51833093 95223 21368
0b001201 0b001301 10274 100 1048576 51833175 95223 21368
0b001201 0b001301 10275 100 1048576 51833257 95223 21368
0b001101 0b001201 10272 100 1048576 51849839 83773 21368
0b001101 0b001201 10273 100 1048576 51849921 83773 21368
0b001101 0b001201 10274 100 1048576 51850003 83773 21368
0b001101 0b001201 10275 100 1048576 51850085 83773 21368
0b000401 0b000501 10268 100 1048576 51819799 120151 21368
0b000401 0b000501 10269 100 1048576 51819881 120151 21368
0b000401 0b000501 10270 100 1048576 51819963 120151 21368
0b000401 0b000501 10271 100 1048576 51820045 120151 21368
0b001a01 0b001b01 10272 100 1048576 51839593 102469 21368
0b001a01 0b001b01 10273 100 1048576 51839675 102469 21368
0b001a01 0b001b01 10274 100 1048576 51839757 102469 21368
0b001a01 0b001b01 10275 100 1048576 51839839 102469 21368
0b000501 0b000601 10268 100 1048576 51858742 83773 21368
0b000501 0b000601 10269 100 1048576 51858824 83773 21368
0b000501 0b000601 10270 100 1048576 51858906 83773 21368
0b000501 0b000601 10271 100 1048576 51858988 83773 21368
0b001001 0b001101 10272 100 1048576 51864023 83773 21368
0b001001 0b001101 10273 100 1048576 51864105 83773 21368
0b001001 0b001101 10274 100 1048576 51864187 83773 21368
0b001001 0b001101 10275 100 1048576 51864269 83773 21368
0b000a01 0b000b01 10268 100 1048576 51854232 98533 21368
0b000a01 0b000b01 10269 100 1048576 51854314 98533 21368
0b000a01 0b000b01 10270 100 1048576 51854396 98533 21368
0b000a01 0b000b01 10271 100 1048576 51854478 98533 21368
0b001301 0b001001 10272 100 1048576 51861458 94597 21368
0b001301 0b001001 10273 100 1048576 51861540 94597 21368
0b001301 0b001001 10274 100 1048576 51861622 94597 21368
0b001301 0b001001 10275 100 1048576 51861704 94597 21368
0b001701 0b001401 10276 100 1048576 51872983 83773 21368
0b001701 0b001401 10277 100 1048576 51872983 83855 21368
0b001701 0b001401 10278 100 1048576 51872983 83937 21368
0b001701 0b001401 10279 100 1048576 51872983 84019 21368
0b000d01 0b000e01 10272 100 1048576 51873986 83773 21368
0b000e01 0b000f01 10272 100 1048576 51874037 83773 21368
0b000d01 0b000e01 10273 100 1048576 51874068 83773 21368
0b000e01 0b000f01 10273 100 1048576 51874119 83773 21368
0b000d01 0b000e01 10274 100 1048576 51874150 83773 21368
0b000e01 0b000f01 10274 100 1048576 51874201 83773 21368
0b000d01 0b000e01 10275 100 1048576 51874232 83773 21368
0b000e01 0b000f01 10275 100 1048576 51874283 83773 21368
0b000f01 0b000c01 10272 100 1048576 51876452 83773 21368
0b000c01 0b000d01 10272 100 1048576 51876503 83773 21368
0b000f01 0b000c01 10273 100 1048576 51876534 83773 21368
0b000c01 0b000d01 10273 100 1048576 51876585 83773 21368
0b000f01 0b000c01 10274 100 1048576 51876616 83773 21368
0b000c01 0b000d01 10274 100 1048576 51876667 83773 21368
0b000f01 0b000c01 10275 100 1048576 51876698 83773 21368
0b000c01 0b000d01 10275 100 1048576 51876749 83773 21368
0b001501 0b001601 10276 100 1048576 51878606 83773 21368
0b001501 0b001601 10277 100 1048576 51878606 83855 21368
0b001501 0b001601 10278 100 1048576 51878606 83937 21368
0b001401 0b001501 10276 100 1048576 51878798 83773 21368
0b001501 0b001601 10279 100 1048576 51878606 84019 21368
0b001401 0b001501 10277 100 1048576 51878798 83855 21368
0b001401 0b001501 10278 100 1048576 51878798 83937 21368
0b001401 0b001501 10279 100 1048576 51878798 84019 21368
0b001601 0b001701 10276 100 1048576 51880976 83773 21368
0b001601 0b001701 10277 100 1048576 51880976 83855 21368
0b001601 0b001701 10278 100 1048576 51880976 83937 21368
0b001601 0b001701 10279 100 1048576 51880976 84019 21368
0b000701 0b000401 10272 100 1048576 51875534 93369 21368
0b000701 0b000401 10273 100 1048576 51875616 93369 21368
0b000701 0b000401 10274 100 1048576 51875698 93369 21368
0b000701 0b000401 10275 100 1048576 51875780 93369 21368
0b000101 0b000201 10272 100 1048576 51902638 83773 21368
0b000201 0b000301 10272 100 1048576 51902689 83773 21368
0b000101 0b000201 10273 100 1048576 51902720 83773 21368
0b000201 0b000301 10273 100 1048576 51902771 83773 21368
0b000101 0b000201 10274 100 1048576 51902802 83773 21368
0b000201 0b000301 10274 100 1048576 51902853 83773 21368
0b000101 0b000201 10275 100 1048576 51902884 83773 21368
0b000201 0b000301 10275 100 1048576 51902935 83773 21368
0b000301 0b000001 10272 100 1048576 51905104 83773 21368
0b000001 0b000101 10272 100 1048576 51905155 83773 21368
0b000301 0b000001 10273 100 1048576 51905186 83773 21368
0b000001 0b000101 10273 100 1048576 51905237 83773 21368
0b000301 0b000001 10274 100 1048576 51905268 83773 21368
0b000001 0b000101 10274 100 1048576 51905319 83773 21368
0b000301 0b000001 10275 100 1048576 51905350 83773 21368
0b000001 0b000101 10275 100 1048576 51905401 83773 21368
0b001c01 0b001d01 10276 100 1048576 51908156 83773 21368
0b001c01 0b001d01 10277 100 1048576 51908156 83855 21368
0b001c01 0b001d01 10278 100 1048576 51908156 83937 21368
0b001c01 0b001d01 10279 100 1048576 51908156 84019 21368
0b000901 0b000a01 10272 100 1048576 51902382 91442 21368
0b001d01 0b001e01 10276 100 1048576 51908073 85833 21368
0b001d01 0b001e01 10277 100 1048576 51908073 85915 21368
0b000901 0b000a01 10273 100 1048576 51902464 91442 21368
0b001d01 0b001e01 10278 100 1048576 51908073 85997 21368
0b001d01 0b001e01 10279 100 1048576 51908073 86079 21368
0b000901 0b000a01 10274 100 1048576 51902546 91442 21368
0b000901 0b000a01 10275 100 1048576 51902628 91442 21368
0b001a01 0b001b01 10276 100 1048576 51904855 102479 21368
0b001a01 0b001b01 10277 100 1048576 51904855 102561 21368
0b001a01 0b001b01 10278 100 1048576 51904855 102643 21368
0b001a01 0b001b01 10279 100 1048576 51904855 102725 21368
0b001e01 0b001f01 10276 100 1048576 51918264 90671 21368
0b001e01 0b001f01 10277 100 1048576 51918264 90753 21368
0b001e01 0b001f01 10278 100 1048576 51918264 90835 21368
0b001e01 0b001f01 10279 100 1048576 51918264 90917 21368
0b001f01 0b001c01 10276 100 1048576 51929029 83773 21368
0b001f01 0b001c01 10277 100 1048576 51929029 83855 21368
0b001f01 0b001c01 10278 100 1048576 51929029 83937 21368
0b001f01 0b001c01 10279 100 1048576 51929029 84019 21368
0b001901 0b001a01 10276 100 1048576 51929576 83773 21368
0b001901 0b001a01 10277 100 1048576 51929576 83855 21368
0b001801 0b001901 10276 100 1048576 51929665 83773 21368
0b001901 0b001a01 10278 100 1048576 51929576 83937 21368
0b001801 0b001901 10277 100 1048576 51929665 83855 21368
0b001901 0b001a01 10279 100 1048576 51929576 84019 21368
0b001801 0b001901 10278 100 1048576 51929665 83937 21368
0b001801 0b001901 10279 100 1048576 51929665 84019 21368
0b000801 0b000901 10272 100 1048576 51931164 83773 21368
0b000801 0b000901 10273 100 1048576 51931246 83773 21368
0b000801 0b000901 10274 100 1048576 51931328 83773 21368
0b000801 0b000901 10275 100 1048576 51931410 83773 21368
0b001201 0b001301 10276 100 1048576 51939970 83773 21368
0b001201 0b001301 10277 100 1048576 51939970 83855 21368
0b001201 0b001301 10278 100 1048576 51939970 83937 21368
0b001201 0b001301 10279 100 1048576 51939970 84019 21368
0b001301 0b001001 10276 100 1048576 51934592 94607 21368
0b001301 0b001001 10277 100 1048576 51934592 94689 21368
0b001301 0b001001 10278 100 1048576 51934592 94771 21368
0b001301 0b001001 10279 100 1048576 51934592 94853 21368
0b000501 0b000601 10272 100 1048576 51945990 83773 21368
0b000501 0b000601 10273 100 1048576 51946072 83773 21368
0b000501 0b000601 10274 100 1048576 51946154 83773 21368
0b000501 0b000601 10275 100 1048576 51946236 83773 21368
0b000601 0b000701 10272 100 1048576 51948555 83773 21368
0b000601 0b000701 10273 100 1048576 51948637 83773 21368
0b000601 0b000701 10274 100 1048576 51948719 83773 21368
0b000601 0b000701 10275 100 1048576 51948801 83773 21368
0b000401 0b000501 10272 100 1048576 51900487 132615 21368
0b000401 0b000501 10273 100 1048576 51900569 132615 21368
0b000401 0b000501 10274 100 1048576 51900651 132615 21368
0b000401 0b000501 10275 100 1048576 51900733 132615 21368
0b001101 0b001201 10276 100 1048576 51954154 83773 21368
0b001101 0b001201 10277 100 1048576 51954154 83855 21368
0b001101 0b001201 10278 100 1048576 51954154 83937 21368
0b001101 0b001201 10279 100 1048576 51954154 84019 21368
0b000b01 0b000801 10272 100 1048576 51958805 83773 21368
0b000b01 0b000801 10273 100 1048576 51958887 83773 21368
0b000b01 0b000801 10274 100 1048576 51958969 83773 21368
0b000b01 0b000801 10275 100 1048576 51959051 83773 21368
0b000a01 0b000b01 10272 100 1048576 51923440 120509 21368
0b000a01 0b000b01 10273 100 1048576 51923522 120509 21368
0b000a01 0b000b01 10274 100 1048576 51923604 120509 21368
0b000a01 0b000b01 10275 100 1048576 51923686 120509 21368
0b001401 0b001501 10280 100 1048576 51962766 83773 21368
0b001401 0b001501 10281 100 1048576 51962848 83773 21368
0b001401 0b001501 10282 100 1048576 51962930 83773 21368
0b001401 0b001501 10283 100 1048576 51963012 83773 21368
0b000e01 0b000f01 10276 100 1048576 51964117 83773 21368
0b000f01 0b000c01 10276 100 1048576 51964168 83773 21368
0b000e01 0b000f01 10277 100 1048576 51964117 83855 21368
0b000f01 0b000c01 10277 100 1048576 51964168 83855 21368
0b000e01 0b000f01 10278 100 1048576 51964117 83937 21368
0b000f01 0b000c01 10278 100 1048576 51964168 83937 21368
0b000e01 0b000f01 10279 100 1048576 51964117 84019 21368
0b000f01 0b000c01 10279 100 1048576 51964168 84019 21368
0b000c01 0b000d01 10276 100 1048576 51966583 83773 21368
0b000d01 0b000e01 10276 100 1048576 51966634 83773 21368
0b000c01 0b000d01 10277 100 1048576 51966583 83855 21368
0b000d01 0b000e01 10277 100 1048576 51966634 83855 21368
0b000c01 0b000d01 10278 100 1048576 51966583 83937 21368
0b000d01 0b000e01 10278 100 1048576 51966634 83937 21368
0b000c01 0b000d01 10279 100 1048576 51966583 84019 21368
0b000d01 0b000e01 10279 100 1048576 51966634 84019 21368
0b001b01 0b001801 10276 100 1048576 51948420 102797 21368
0b001b01 0b001801 10277 100 1048576 51948420 102879 21368
0b001b01 0b001801 10278 100 1048576 51948420 102961 21368
0b001b01 0b001801 10279 100 1048576 51948420 103043 21368
0b001601 0b001701 10280 100 1048576 51968389 83773 21368
0b001601 0b001701 10281 100 1048576 51968471 83773 21368
0b001601 0b001701 10282 100 1048576 51968553 83773 21368
0b001501 0b001601 10280 100 1048576 51968581 83773 21368
0b001601 0b001701 10283 100 1048576 51968635 83773 21368
0b001501 0b001601 10281 100 1048576 51968663 83773 21368
0b001501 0b001601 10282 100 1048576 51968745 83773 21368
0b001501 0b001601 10283 100 1048576 51968827 83773 21368
0b001701 0b001401 10280 100 1048576 51970759 83773 21368
0b001701 0b001401 10281 100 1048576 51970841 83773 21368
0b001701 0b001401 10282 100 1048576 51970923 83773 21368
0b001701 0b001401 10283 100 1048576 51971005 83773 21368
0b001001 0b001101 10276 100 1048576 51962413 94925 21368
0b001001 0b001101 10277 100 1048576 51962413 95007 21368
0b001001 0b001101 10278 100 1048576 51962413 95089 21368
0b001001 0b001101 10279 100 1048576 51962413 95171 21368
0b000201 0b000301 10276 100 1048576 51992769 83773 21368
0b000301 0b000001 10276 100 1048576 51992820 83773 21368
0b000201 0b000301 10277 100 1048576 51992769 83855 21368
0b000301 0b000001 10277 100 1048576 51992820 83855 21368
0b000201 0b000301 10278 100 1048576 51992769 83937 21368
0b000301 0b000001 10278 100 1048576 51992820 83937 21368
0b000201 0b000301 10279 100 1048576 51992769 84019 21368
0b000301 0b000001 10279 100 1048576 51992820 84019 21368
0b000001 0b000101 10276 100 1048576 51995235 83773 21368
0b000101 0b000201 10276 100 1048576 51995286 83773 21368
0b000001 0b000101 10277 100 1048576 51995235 83855 21368
0b000101 0b000201 10277 100 1048576 51995286 83855 21368
0b000001 0b000101 10278 100 1048576 51995235 83937 21368
0b000101 0b000201 10278 100 1048576 51995286 83937 21368
0b000001 0b000101 10279 100 1048576 51995235 84019 21368
0b000101 0b000201 10279 100 1048576 51995286 84019 21368
0b001d01 0b001e01 10280 100 1048576 51997939 83773 21368
0b001d01 0b001e01 10281 100 1048576 51998021 83773 21368
0b001d01 0b001e01 10282 100 1048576 51998103 83773 21368
0b001d01 0b001e01 10283 100 1048576 51998185 83773 21368
0b000401 0b000501 10276 100 1048576 51975261 112945 21368
0b000401 0b000501 10277 100 1048576 51975261 113027 21368
0b000401 0b000501 10278 100 1048576 51975261 113109 21368
0b000401 0b000501 10279 100 1048576 51975261 113191 21368
0b001e01 0b001f01 10280 100 1048576 51999916 89051 21368
0b001e01 0b001f01 10281 100 1048576 51999998 89051 21368
0b001e01 0b001f01 10282 100 1048576 52000080 89051 21368
0b001e01 0b001f01 10283 100 1048576 52000162 89051 21368
0b001c01 0b001d01 10280 100 1048576 52018812 83773 21368
0b001f01 0b001c01 10280 100 1048576 52014945 87709 21368
0b001c01 0b001d01 10281 100 1048576 52018894 83773 21368
0b001f01 0b001c01 10281 100 1048576 52015027 87709 21368
0b001c01 0b001d01 10282 100 1048576 52018976 83773 21368
0b001f01 0b001c01 10282 100 1048576 52015109 87709 21368
0b001c01 0b001d01 10283 100 1048576 52019058 83773 21368
0b001f01 0b001c01 10283 100 1048576 52015191 87709 21368
0b001a01 0b001b01 10280 100 1048576 52019359 83773 21368
0b001a01 0b001b01 10281 100 1048576 52019441 83773 21368
0b001901 0b001a01 10280 100 1048576 52019448 83773 21368
0b001a01 0b001b01 10282 100 1048576 52019523 83773 21368
0b001901 0b001a01 10281 100 1048576 52019530 83773 21368
0b001a01 0b001b01 10283 100 1048576 52019605 83773 21368
0b001901 0b001a01 10282 100 1048576 52019612 83773 21368
0b001901 0b001a01 10283 100 1048576 52019694 83773 21368
0b000901 0b000a01 10276 100 1048576 52021295 83773 21368
0b000901 0b000a01 10277 100 1048576 52021295 83855 21368
0b000901 0b000a01 10278 100 1048576 52021295 83937 21368
0b000901 0b000a01 10279 100 1048576 52021295 84019 21368
0b000a01 0b000b01 10276 100 1048576 52000182 105759 21368
0b000a01 0b000b01 10277 100 1048576 52000182 105841 21368
0b000a01 0b000b01 10278 100 1048576 52000182 105923 21368
0b000a01 0b000b01 10279 100 1048576 52000182 106005 21368
0b001301 0b001001 10280 100 1048576 52029753 83773 21368
0b001301 0b001001 10281 100 1048576 52029835 83773 21368
0b001301 0b001001 10282 100 1048576 52029917 83773 21368
0b001301 0b001001 10283 100 1048576 52029999 83773 21368
0b000601 0b000701 10276 100 1048576 52036121 83773 21368
0b000601 0b000701 10277 100 1048576 52036121 83855 21368
0b000601 0b000701 10278 100 1048576 52036121 83937 21368
0b000601 0b000701 10279 100 1048576 52036121 84019 21368
0b000701 0b000401 10276 100 1048576 52038686 83773 21368
0b000701 0b000401 10277 100 1048576 52038686 83855 21368
0b000701 0b000401 10278 100 1048576 52038686 83937 21368
0b000701 0b000401 10279 100 1048576 52038686 84019 21368
0b001b01 0b001801 10280 100 1048576 52013344 109705 21368
0b001b01 0b001801 10281 100 1048576 52013426 109705 21368
0b001b01 0b001801 10282 100 1048576 52013508 109705 21368
0b001b01 0b001801 10283 100 1048576 52013590 109705 21368
0b001201 0b001301 10280 100 1048576 52043937 83773 21368
0b001201 0b001301 10281 100 1048576 52044019 83773 21368
0b001201 0b001301 10282 100 1048576 52044101 83773 21368
0b001201 0b001301 10283 100 1048576 52044183 83773 21368
0b000801 0b000901 10276 100 1048576 52048936 83773 21368
0b000801 0b000901 10277 100 1048576 52048936 83855 21368
0b000801 0b000901 10278 100 1048576 52048936 83937 21368
0b000801 0b000901 10279 100 1048576 52048936 84019 21368
0b001501 0b001601 10284 100 1048576 52052549 83773 21368
0b001501 0b001601 10285 100 1048576 52052631 83773 21368
0b001501 0b001601 10286 100 1048576 52052713 83773 21368
0b001501 0b001601 10287 100 1048576 52052795 83773 21368
0b000f01 0b000c01 10280 100 1048576 52053900 83773 21368
0b000c01 0b000d01 10280 100 1048576 52053951 83773 21368
0b000f01 0b000c01 10281 100 1048576 52053982 83773 21368
0b000c01 0b000d01 10281 100 1048576 52054033 83773 21368
0b000f01 0b000c01 10282 100 1048576 52054064 83773 21368
0b000c01 0b000d01 10282 100 1048576 52054115 83773 21368
0b000f01 0b000c01 10283 100 1048576 52054146 83773 21368
0b000c01 0b000d01 10283 100 1048576 52054197 83773 21368
0b000d01 0b000e01 10280 100 1048576 52056366 83773 21368
0b000e01 0b000f01 10280 100 1048576 52056417 83773 21368
0b000d01 0b000e01 10281 100 1048576 52056448 83773 21368
0b000e01 0b000f01 10281 100 1048576 52056499 83773 21368
0b001001 0b001101 10280 100 1048576 52035209 105441 21368
0b000d01 0b000e01 10282 100 1048576 52056530 83773 21368
0b000e01 0b000f01 10282 100 1048576 52056581 83773 21368
0b000d01 0b000e01 10283 100 1048576 52056612 83773 21368
0b000e01 0b000f01 10283 100 1048576 52056663 83773 21368
0b001001 0b001101 10281 100 1048576 52035291 105441 21368
0b001001 0b001101 10282 100 1048576 52035373 105441 21368
0b001001 0b001101 10283 100 1048576 52035455 105441 21368
0b001701 0b001401 10284 100 1048576 52058172 83773 21368
0b001701 0b001401 10285 100 1048576 52058254 83773 21368
0b001701 0b001401 10286 100 1048576 52058336 83773 21368
0b001601 0b001701 10284 100 1048576 52058364 83773 21368
0b001701 0b001401 10287 100 1048576 52058418 83773 21368
0b001601 0b001701 10285 100 1048576 52058446 83773 21368
0b001601 0b001701 10286 100 1048576 52058528 83773 21368
0b001601 0b001701 10287 100 1048576 52058610 83773 21368
0b001401 0b001501 10284 100 1048576 52060542 83773 21368
0b001401 0b001501 10285 100 1048576 52060624 83773 21368
0b001401 0b001501 10286 100 1048576 52060706 83773 21368
0b001401 0b001501 10287 100 1048576 52060788 83773 21368
0b001101 0b001201 10280 100 1048576 52063348 84429 21368
0b001101 0b001201 10281 100 1048576 52063430 84429 21368
0b001101 0b001201 10282 100 1048576 52063512 84429 21368
0b001101 0b001201 10283 100 1048576 52063594 84429 21368
0b000501 0b000601 10276 100 1048576 52039460 112965 21368
0b000501 0b000601 10277 100 1048576 52039460 113047 21368
0b000501 0b000601 10278 100 1048576 52039460 113129 21368
0b000501 0b000601 10279 100 1048576 52039460 113211 21368
0b001801 0b001901 10280 100 1048576 52057227 95909 21368
0b001801 0b001901 10281 100 1048576 52057309 95909 21368
0b001801 0b001901 10282 100 1048576 52057391 95909 21368
0b001801 0b001901 10283 100 1048576 52057473 95909 21368
0b000b01 0b000801 10276 100 1048576 52050307 106077 21368
0b000b01 0b000801 10277 100 1048576 52050307 106159 21368
0b000b01 0b000801 10278 100 1048576 52050307 106241 21368
0b000b01 0b000801 10279 100 1048576 52050307 106323 21368
0b000301 0b000001 10280 100 1048576 52082552 83773 21368
0b000001 0b000101 10280 100 1048576 52082603 83773 21368
0b000301 0b000001 10281 100 1048576 52082634 83773 21368
0b000001 0b000101 10281 100 1048576 52082685 83773 21368
0b000301 0b000001 10282 100 1048576 52082716 83773 21368
0b000001 0b000101 10282 100 1048576 52082767 83773 21368
0b000301 0b000001 10283 100 1048576 52082798 83773 21368
0b000001 0b000101 10283 100 1048576 52082849 83773 21368
0b000101 0b000201 10280 100 1048576 52085018 83773 21368
0b000201 0b000301 10280 100 1048576 52085069 83773 21368
0b000101 0b000201 10281 100 1048576 52085100 83773 21368
0b000201 0b000301 10281 100 1048576 52085151 83773 21368
0b000101 0b000201 10282 100 1048576 52085182 83773 21368
0b000201 0b000301 10282 100 1048576 52085233 83773 21368
0b000101 0b000201 10283 100 1048576 52085264 83773 21368
0b000201 0b000301 10283 100 1048576 52085315 83773 21368
0b001e01 0b001f01 10284 100 1048576 52087722 84557 21368
0b001e01 0b001f01 10285 100 1048576 52087804 84557 21368
0b001e01 0b001f01 10286 100 1048576 52087886 84557 21368
0b001e01 0b001f01 10287 100 1048576 52087968 84557 21368
0b001f01 0b001c01 10284 100 1048576 52094977 91645 21368
0b001f01 0b001c01 10285 100 1048576 52095059 91645 21368
0b001f01 0b001c01 10286 100 1048576 52095141 91645 21368
0b001f01 0b001c01 10287 100 1048576 52095223 91645 21368
0b001d01 0b001e01 10284 100 1048576 52108595 83773 21368
0b001c01 0b001d01 10284 100 1048576 52108664 83773 21368
0b001d01 0b001e01 10285 100 1048576 52108677 83773 21368
0b001c01 0b001d01 10285 100 1048576 52108746 83773 21368
0b001d01 0b001e01 10286 100 1048576 52108759 83773 21368
0b001c01 0b001d01 10286 100 1048576 52108828 83773 21368
0b001d01 0b001e01 10287 100 1048576 52108841 83773 21368
0b001c01 0b001d01 10287 100 1048576 52108910 83773 21368
0b001a01 0b001b01 10284 100 1048576 52109231 83773 21368
0b001a01 0b001b01 10285 100 1048576 52109313 83773 21368
0b001a01 0b001b01 10286 100 1048576 52109395 83773 21368
0b001a01 0b001b01 10287 100 1048576 52109477 83773 21368
0b000a01 0b000b01 10280 100 1048576 52111078 83773 21368
0b000a01 0b000b01 10281 100 1048576 52111160 83773 21368
0b000a01 0b000b01 10282 100 1048576 52111242 83773 21368
0b000a01 0b000b01 10283 100 1048576 52111324 83773 21368
0b001b01 0b001801 10284 100 1048576 52109142 91643 21368
0b001b01 0b001801 10285 100 1048576 52109224 91643 21368
0b001b01 0b001801 10286 100 1048576 52109306 91643 21368
0b001b01 0b001801 10287 100 1048576 52109388 91643 21368
0b000501 0b000601 10280 100 1048576 52094216 112985 21368
0b000501 0b000601 10281 100 1048576 52094298 112985 21368
0b000501 0b000601 10282 100 1048576 52094380 112985 21368
0b000501 0b000601 10283 100 1048576 52094462 112985 21368
0b000701 0b000401 10280 100 1048576 52125904 83773 21368
0b000701 0b000401 10281 100 1048576 52125986 83773 21368
0b000701 0b000401 10282 100 1048576 52126068 83773 21368
0b000701 0b000401 10283 100 1048576 52126150 83773 21368
0b000401 0b000501 10280 100 1048576 52128469 83773 21368
0b000401 0b000501 10281 100 1048576 52128551 83773 21368
0b000401 0b000501 10282 100 1048576 52128633 83773 21368
0b000401 0b000501 10283 100 1048576 52128715 83773 21368
0b001001 0b001101 10284 100 1048576 52119536 94586 21368
0b001001 0b001101 10285 100 1048576 52119618 94586 21368
0b001001 0b001101 10286 100 1048576 52119700 94586 21368
0b001001 0b001101 10287 100 1048576 52119782 94586 21368
0b001301 0b001001 10284 100 1048576 52133720 83773 21368
0b001301 0b001001 10285 100 1048576 52133802 83773 21368
0b001301 0b001001 10286 100 1048576 52133884 83773 21368
0b001301 0b001001 10287 100 1048576 52133966 83773 21368
0b000901 0b000a01 10280 100 1048576 52138719 83773 21368
0b000901 0b000a01 10281 100 1048576 52138801 83773 21368
0b000901 0b000a01 10282 100 1048576 52138883 83773 21368
0b000901 0b000a01 10283 100 1048576 52138965 83773 21368
0b001601 0b001701 10288 100 1048576 52142680 83773 21368
0b001601 0b001701 10289 100 1048576 52142680 83855 21368
0b001601 0b001701 10290 100 1048576 52142680 83937 21368
0b001601 0b001701 10291 100 1048576 52142680 84019 21368
0b000c01 0b000d01 10284 100 1048576 52143683 83773 21368
0b000d01 0b000e01 10284 100 1048576 52143734 83773 21368
0b000c01 0b000d01 10285 100 1048576 52143765 83773 21368
0b000d01 0b000e01 10285 100 1048576 52143816 83773 21368
0b000c01 0b000d01 10286 100 1048576 52143847 83773 21368
0b000d01 0b000e01 10286 100 1048576 52143898 83773 21368
0b000c01 0b000d01 10287 100 1048576 52143929 83773 21368
0b000d01 0b000e01 10287 100 1048576 52143980 83773 21368
0b000e01 0b000f01 10284 100 1048576 52146149 83773 21368
0b000f01 0b000c01 10284 100 1048576 52146200 83773 21368
0b000e01 0b000f01 10285 100 1048576 52146231 83773 21368
0b000f01 0b000c01 10285 100 1048576 52146282 83773 21368
0b000e01 0b000f01 10286 100 1048576 52146313 83773 21368
0b000f01 0b000c01 10286 100 1048576 52146364 83773 21368
0b000e01 0b000f01 10287 100 1048576 52146395 83773 21368
0b000f01 0b000c01 10287 100 1048576 52146446 83773 21368
0b001401 0b001501 10288 100 1048576 52148303 83773 21368
0b001401 0b001501 10289 100 1048576 52148303 83855 21368
0b001401 0b001501 10290 100 1048576 52148303 83937 21368
0b001701 0b001401 10288 100 1048576 52148495 83773 21368
0b001401 0b001501 10291 100 1048576 52148303 84019 21368
0b001701 0b001401 10289 100 1048576 52148495 83855 21368
0b001701 0b001401 10290 100 1048576 52148495 83937 21368
0b001701 0b001401 10291 100 1048576 52148495 84019 21368
0b001501 0b001601 10288 100 1048576 52150673 83773 21368
0b001501 0b001601 10289 100 1048576 52150673 83855 21368
0b001501 0b001601 10290 100 1048576 52150673 83937 21368
0b001501 0b001601 10291 100 1048576 52150673 84019 21368
0b000b01 0b000801 10280 100 1048576 52111951 123153 21368
0b000b01 0b000801 10281 100 1048576 52112033 123153 21368
0b000b01 0b000801 10282 100 1048576 52112115 123153 21368
0b000b01 0b000801 10283 100 1048576 52112197 123153 21368
0b001201 0b001301 10284 100 1048576 52153787 83773 21368
0b001201 0b001301 10285 100 1048576 52153869 83773 21368
0b001201 0b001301 10286 100 1048576 52153951 83773 21368
0b001201 0b001301 10287 100 1048576 52154033 83773 21368
0b001101 0b001201 10284 100 1048576 52146660 94925 21368
0b001101 0b001201 10285 100 1048576 52146742 94925 21368
0b001101 0b001201 10286 100 1048576 52146824 94925 21368
0b001101 0b001201 10287 100 1048576 52146906 94925 21368
0b001801 0b001901 10284 100 1048576 52129059 113621 21368
0b001801 0b001901 10285 100 1048576 52129141 113621 21368
0b001801 0b001901 10286 100 1048576 52129223 113621 21368
0b001901 0b001a01 10284 100 1048576 52159146 83773 21368
0b001801 0b001901 10287 100 1048576 52129305 113621 21368
0b001901 0b001a01 10285 100 1048576 52159228 83773 21368
0b001901 0b001a01 10286 100 1048576 52159310 83773 21368
0b001901 0b001a01 10287 100 1048576 52159392 83773 21368
0b000801 0b000901 10280 100 1048576 52162394 89021 21368
0b000801 0b000901 10281 100 1048576 52162476 89021 21368
0b000801 0b000901 10282 100 1048576 52162558 89021 21368
0b000801 0b000901 10283 100 1048576 52162640 89021 21368
0b000001 0b000101 10284 100 1048576 52172335 83773 21368
0b000101 0b000201 10284 100 1048576 52172386 83773 21368
0b000001 0b000101 10285 100 1048576 52172417 83773 21368
0b000101 0b000201 10285 100 1048576 52172468 83773 21368
0b000001 0b000101 10286 100 1048576 52172499 83773 21368
0b000101 0b000201 10286 100 1048576 52172550 83773 21368
0b000001 0b000101 10287 100 1048576 52172581 83773 21368
0b000101 0b000201 10287 100 1048576 52172632 83773 21368
0b000201 0b000301 10284 100 1048576 52174801 83773 21368
0b000301 0b000001 10284 100 1048576 52174852 83773 21368
0b000201 0b000301 10285 100 1048576 52174883 83773 21368
0b000301 0b000001 10285 100 1048576 52174934 83773 21368
0b000201 0b000301 10286 100 1048576 52174965 83773 21368
0b000301 0b000001 10286 100 1048576 52175016 83773 21368
0b000201 0b000301 10287 100 1048576 52175047 83773 21368
0b000301 0b000001 10287 100 1048576 52175098 83773 21368
0b001f01 0b001c01 10288 100 1048576 52178637 88017 21368
0b001f01 0b001c01 10289 100 1048576 52178637 88099 21368
0b001f01 0b001c01 10290 100 1048576 52178637 88181 21368
0b001f01 0b001c01 10291 100 1048576 52178637 88263 21368
0b000601 0b000701 10280 100 1048576 52158435 112965 21368
0b000601 0b000701 10281 100 1048576 52158517 112965 21368
0b000601 0b000701 10282 100 1048576 52158599 112965 21368
0b000601 0b000701 10283 100 1048576 52158681 112965 21368
0b001c01 0b001d01 10288 100 1048576 52192980 88037 21368
0b001c01 0b001d01 10289 100 1048576 52192980 88119 21368
0b001c01 0b001d01 10290 100 1048576 52192980 88201 21368
0b001c01 0b001d01 10291 100 1048576 52192980 88283 21368
0b001e01 0b001f01 10288 100 1048576 52198726 83773 21368
0b001d01 0b001e01 10288 100 1048576 52198795 83773 21368
0b001e01 0b001f01 10289 100 1048576 52198726 83855 21368
0b001d01 0b001e01 10289 100 1048576 52198795 83855 21368
0b001e01 0b001f01 10290 100 1048576 52198726 83937 21368
0b001d01 0b001e01 10290 100 1048576 52198795 83937 21368
0b001e01 0b001f01 10291 100 1048576 52198726 84019 21368
0b001d01 0b001e01 10291 100 1048576 52198795 84019 21368
0b001b01 0b001801 10288 100 1048576 52199362 84735 21368
0b001b01 0b001801 10289 100 1048576 52199362 84817 21368
0b001b01 0b001801 10290 100 1048576 52199362 84899 21368
0b001b01 0b001801 10291 100 1048576 52199362 84981 21368
0b000401 0b000501 10284 100 1048576 52215687 83773 21368
0b000401 0b000501 10285 100 1048576 52215769 83773 21368
0b000401 0b000501 10286 100 1048576 52215851 83773 21368
0b000401 0b000501 10287 100 1048576 52215933 83773 21368
0b000501 0b000601 10284 100 1048576 52218252 83773 21368
0b000b01 0b000801 10284 100 1048576 52200861 101155 21368
0b000b01 0b000801 10285 100 1048576 52200943 101155 21368
0b000501 0b000601 10285 100 1048576 52218334 83773 21368
0b000b01 0b000801 10286 100 1048576 52201025 101155 21368
0b000b01 0b000801 10287 100 1048576 52201107 101155 21368
0b000501 0b000601 10286 100 1048576 52218416 83773 21368
0b000501 0b000601 10287 100 1048576 52218498 83773 21368
0b001001 0b001101 10288 100 1048576 52223851 83773 21368
0b001001 0b001101 10289 100 1048576 52223851 83855 21368
0b001001 0b001101 10290 100 1048576 52223851 83937 21368
0b001001 0b001101 10291 100 1048576 52223851 84019 21368
0b000a01 0b000b01 10284 100 1048576 52228502 83773 21368
0b000a01 0b000b01 10285 100 1048576 52228584 83773 21368
0b000a01 0b000b01 10286 100 1048576 52228666 83773 21368
0b000a01 0b000b01 10287 100 1048576 52228748 83773 21368
0b001701 0b001401 10292 100 1048576 52232463 83773 21368
0b001701 0b001401 10293 100 1048576 52232545 83773 21368
0b001101 0b001201 10288 100 1048576 52220480 95889 21368
0b001701 0b001401 10294 100 1048576 52232627 83773 21368
0b001101 0b001201 10289 100 1048576 52220480 95971 21368
0b001701 0b001401 10295 100 1048576 52232709 83773 21368
0b001101 0b001201 10290 100 1048576 52220480 96053 21368
0b001101 0b001201 10291 100 1048576 52220480 96135 21368
0b000d01 0b000e01 10288 100 1048576 52233814 83773 21368
0b000e01 0b000f01 10288 100 1048576 52233865 83773 21368
0b000d01 0b000e01 10289 100 1048576 52233814 83855 21368
0b000e01 0b000f01 10289 100 1048576 52233865 83855 21368
0b000d01 0b000e01 10290 100 1048576 52233814 83937 21368
0b000e01 0b000f01 10290 100 1048576 52233865 83937 21368
0b000d01 0b000e01 10291 100 1048576 52233814 84019 21368
0b000e01 0b000f01 10291 100 1048576 52233865 84019 21368
0b000f01 0b000c01 10288 100 1048576 52236280 83773 21368
0b000c01 0b000d01 10288 100 1048576 52236331 83773 21368
0b000f01 0b000c01 10289 100 1048576 52236280 83855 21368
0b000c01 0b000d01 10289 100 1048576 52236331 83855 21368
0b000f01 0b000c01 10290 100 1048576 52236280 83937 21368
0b000c01 0b000d01 10290 100 1048576 52236331 83937 21368
0b000f01 0b000c01 10291 100 1048576 52236280 84019 21368
0b000c01 0b000d01 10291 100 1048576 52236331 84019 21368
0b001501 0b001601 10292 100 1048576 52238086 83773 21368
0b001501 0b001601 10293 100 1048576 52238168 83773 21368
0b001501 0b001601 10294 100 1048576 52238250 83773 21368
0b001401 0b001501 10292 100 1048576 52238278 83773 21368
0b001501 0b001601 10295 100 1048576 52238332 83773 21368
0b001401 0b001501 10293 100 1048576 52238360 83773 21368
0b001401 0b001501 10294 100 1048576 52238442 83773 21368
0b001401 0b001501 10295 100 1048576 52238524 83773 21368
0b001601 0b001701 10292 100 1048576 52240456 83773 21368
0b001601 0b001701 10293 100 1048576 52240538 83773 21368
0b001601 0b001701 10294 100 1048576 52240620 83773 21368
0b001601 0b001701 10295 100 1048576 52240702 83773 21368
0b001301 0b001001 10288 100 1048576 52243918 83773 21368
0b001301 0b001001 10289 100 1048576 52243918 83855 21368
0b001301 0b001001 10290 100 1048576 52243918 83937 21368
0b001301 0b001001 10291 100 1048576 52243918 84019 21368
0b001801 0b001901 10288 100 1048576 52207143 120817 21368
0b001801 0b001901 10289 100 1048576 52207143 120899 21368
0b001801 0b001901 10290 100 1048576 52207143 120981 21368
0b001801 0b001901 10291 100 1048576 52207143 121063 21368
0b001901 0b001a01 10288 100 1048576 52249038 83773 21368
0b001901 0b001a01 10289 100 1048576 52249038 83855 21368
0b001901 0b001a01 10290 100 1048576 52249038 83937 21368
0b001a01 0b001b01 10288 100 1048576 52249277 83773 21368
0b001901 0b001a01 10291 100 1048576 52249038 84019 21368
0b001a01 0b001b01 10289 100 1048576 52249277 83855 21368
0b001a01 0b001b01 10290 100 1048576 52249277 83937 21368
0b001a01 0b001b01 10291 100 1048576 52249277 84019 21368
0b000901 0b000a01 10284 100 1048576 52257425 83773 21368
0b001201 0b001301 10288 100 1048576 52247943 93285 21368
0b001201 0b001301 10289 100 1048576 52247943 93367 21368
0b000901 0b000a01 10285 100 1048576 52257507 83773 21368
0b001201 0b001301 10290 100 1048576 52247943 93449 21368
0b000901 0b000a01 10286 100 1048576 52257589 83773 21368
0b001201 0b001301 10291 100 1048576 52247943 93531 21368
0b000901 0b000a01 10287 100 1048576 52257671 83773 21368
0b000601 0b000701 10284 100 1048576 52213211 130677 21368
0b000601 0b000701 10285 100 1048576 52213293 130677 21368
0b000601 0b000701 10286 100 1048576 52213375 130677 21368
0b000601 0b000701 10287 100 1048576 52213457 130677 21368
0b000101 0b000201 10288 100 1048576 52262466 83773 21368
0b000201 0b000301 10288 100 1048576 52262517 83773 21368
0b000101 0b000201 10289 100 1048576 52262466 83855 21368
0b000201 0b000301 10289 100 1048576 52262517 83855 21368
0b000101 0b000201 10290 100 1048576 52262466 83937 21368
0b000201 0b000301 10290 100 1048576 52262517 83937 21368
0b000101 0b000201 10291 100 1048576 52262466 84019 21368
0b000201 0b000301 10291 100 1048576 52262517 84019 21368
0b000301 0b000001 10288 100 1048576 52264932 83773 21368
0b000001 0b000101 10288 100 1048576 52264983 83773 21368
0b000301 0b000001 10289 100 1048576 52264932 83855 21368
0b000001 0b000101 10289 100 1048576 52264983 83855 21368
0b000301 0b000001 10290 100 1048576 52264932 83937 21368
0b000001 0b000101 10290 100 1048576 52264983 83937 21368
0b000301 0b000001 10291 100 1048576 52264932 84019 21368
0b000001 0b000101 10291 100 1048576 52264983 84019 21368
0b000801 0b000901 10284 100 1048576 52241114 110669 21368
0b000801 0b000901 10285 100 1048576 52241196 110669 21368
0b000801 0b000901 10286 100 1048576 52241278 110669 21368
0b000801 0b000901 10287 100 1048576 52241360 110669 21368
0b001c01 0b001d01 10292 100 1048576 52272664 88057 21368
0b001c01 0b001d01 10293 100 1048576 52272746 88057 21368
0b001c01 0b001d01 10294 100 1048576 52272828 88057 21368
0b001c01 0b001d01 10295 100 1048576 52272910 88057 21368
0b000701 0b000401 10284 100 1048576 52277410 94597 21368
0b000701 0b000401 10285 100 1048576 52277492 94597 21368
0b000701 0b000401 10286 100 1048576 52277574 94597 21368
0b000701 0b000401 10287 100 1048576 52277656 94597 21368
0b001f01 0b001c01 10292 100 1048576 52288509 83773 21368
0b001e01 0b001f01 10292 100 1048576 52288578 83773 21368
0b001f01 0b001c01 10293 100 1048576 52288591 83773 21368
0b001e01 0b001f01 10293 100 1048576 52288660 83773 21368
0b001f01 0b001c01 10294 100 1048576 52288673 83773 21368
0b001e01 0b001f01 10294 100 1048576 52288742 83773 21368
0b001f01 0b001c01 10295 100 1048576 52288755 83773 21368
0b001e01 0b001f01 10295 100 1048576 52288824 83773 21368
0b001d01 0b001e01 10292 100 1048576 52287027 88037 21368
0b001d01 0b001e01 10293 100 1048576 52287109 88037 21368
0b001d01 0b001e01 10294 100 1048576 52287191 88037 21368
0b001d01 0b001e01 10295 100 1048576 52287273 88037 21368
0b000501 0b000601 10288 100 1048576 52305818 83773 21368
0b000501 0b000601 10289 100 1048576 52305818 83855 21368
0b000501 0b000601 10290 100 1048576 52305818 83937 21368
0b000501 0b000601 10291 100 1048576 52305818 84019 21368
0b001801 0b001901 10292 100 1048576 52290107 102797 21368
0b001801 0b001901 10293 100 1048576 52290189 102797 21368
0b001801 0b001901 10294 100 1048576 52290271 102797 21368
0b001801 0b001901 10295 100 1048576 52290353 102797 21368
0b001101 0b001201 10292 100 1048576 52313634 85391 21368
0b001101 0b001201 10293 100 1048576 52313716 85391 21368
0b001101 0b001201 10294 100 1048576 52313798 85391 21368
0b001101 0b001201 10295 100 1048576 52313880 85391 21368
0b000b01 0b000801 10288 100 1048576 52318633 83773 21368
0b000b01 0b000801 10289 100 1048576 52318633 83855 21368
0b000b01 0b000801 10290 100 1048576 52318633 83937 21368
0b000b01 0b000801 10291 100 1048576 52318633 84019 21368
0b001401 0b001501 10296 100 1048576 52322246 83773 21368
0b001401 0b001501 10297 100 1048576 52322328 83773 21368
0b001401 0b001501 10298 100 1048576 52322410 83773 21368
0b001401 0b001501 10299 100 1048576 52322492 83773 21368
0b000e01 0b000f01 10292 100 1048576 52323597 83773 21368
0b000f01 0b000c01 10292 100 1048576 52323648 83773 21368
0b000e01 0b000f01 10293 100 1048576 52323679 83773 21368
0b000f01 0b000c01 10293 100 1048576 52323730 83773 21368
0b000e01 0b000f01 10294 100 1048576 52323761 83773 21368
0b000f01 0b000c01 10294 100 1048576 52323812 83773 21368
0b000e01 0b000f01 10295 100 1048576 52323843 83773 21368
0b000f01 0b000c01 10295 100 1048576 52323894 83773 21368
0b000c01 0b000d01 10292 100 1048576 52326063 83773 21368
0b000d01 0b000e01 10292 100 1048576 52326114 83773 21368
0b000c01 0b000d01 10293 100 1048576 52326145 83773 21368
0b000d01 0b000e01 10293 100 1048576 52326196 83773 21368
0b000c01 0b000d01 10294 100 1048576 52326227 83773 21368
0b000d01 0b000e01 10294 100 1048576 52326278 83773 21368
0b000c01 0b000d01 10295 100 1048576 52326309 83773 21368
0b000d01 0b000e01 10295 100 1048576 52326360 83773 21368
0b001601 0b001701 10296 100 1048576 52327869 83773 21368
0b001601 0b001701 10297 100 1048576 52327951 83773 21368
0b001601 0b001701 10298 100 1048576 52328033 83773 21368
0b001501 0b001601 10296 100 1048576 52328061 83773 21368
0b001601 0b001701 10299 100 1048576 52328115 83773 21368
0b001501 0b001601 10297 100 1048576 52328143 83773 21368
0b001501 0b001601 10298 100 1048576 52328225 83773 21368
0b001501 0b001601 10299 100 1048576 52328307 83773 21368
0b001701 0b001401 10296 100 1048576 52330239 83773 21368
0b001701 0b001401 10297 100 1048576 52330321 83773 21368
0b001701 0b001401 10298 100 1048576 52330403 83773 21368
0b001701 0b001401 10299 100 1048576 52330485 83773 21368
0b001001 0b001101 10292 100 1048576 52333701 83773 21368
0b001001 0b001101 10293 100 1048576 52333783 83773 21368
0b001001 0b001101 10294 100 1048576 52333865 83773 21368
0b001001 0b001101 10295 100 1048576 52333947 83773 21368
0b000801 0b000901 10288 100 1048576 52308374 111305 21368
0b000801 0b000901 10289 100 1048576 52308374 111387 21368
0b000801 0b000901 10290 100 1048576 52308374 111469 21368
0b000801 0b000901 10291 100 1048576 52308374 111551 21368
0b001a01 0b001b01 10292 100 1048576 52338821 83773 21368
0b001a01 0b001b01 10293 100 1048576 52338903 83773 21368
0b001a01 0b001b01 10294 100 1048576 52338985 83773 21368
0b001b01 0b001801 10292 100 1048576 52339060 83773 21368
0b001a01 0b001b01 10295 100 1048576 52339067 83773 21368
0b001b01 0b001801 10293 100 1048576 52339142 83773 21368
0b001b01 0b001801 10294 100 1048576 52339224 83773 21368
0b001b01 0b001801 10295 100 1048576 52339306 83773 21368
0b000601 0b000701 10288 100 1048576 52308383 116193 21368
0b000601 0b000701 10289 100 1048576 52308383 116275 21368
0b000601 0b000701 10290 100 1048576 52308383 116357 21368
0b000601 0b000701 10291 100 1048576 52308383 116439 21368
0b001201 0b001301 10292 100 1048576 52322379 104129 21368
0b001201 0b001301 10293 100 1048576 52322461 104129 21368
0b001201 0b001301 10294 100 1048576 52322543 104129 21368
0b001201 0b001301 10295 100 1048576 52322625 104129 21368
0b001301 0b001001 10292 100 1048576 52347238 83773 21368
0b001301 0b001001 10293 100 1048576 52347320 83773 21368
0b001301 0b001001 10294 100 1048576 52347402 83773 21368
0b001301 0b001001 10295 100 1048576 52347484 83773 21368
0b000a01 0b000b01 10288 100 1048576 52347556 83773 21368
0b000a01 0b000b01 10289 100 1048576 52347556 83855 21368
0b000a01 0b000b01 10290 100 1048576 52347556 83937 21368
0b000a01 0b000b01 10291 100 1048576 52347556 84019 21368
0b000201 0b000301 10292 100 1048576 52352249 83773 21368
0b000301 0b000001 10292 100 1048576 52352300 83773 21368
0b000201 0b000301 10293 100 1048576 52352331 83773 21368
0b000301 0b000001 10293 100 1048576 52352382 83773 21368
0b000201 0b000301 10294 100 1048576 52352413 83773 21368
0b000301 0b000001 10294 100 1048576 52352464 83773 21368
0b000201 0b000301 10295 100 1048576 52352495 83773 21368
0b000301 0b000001 10295 100 1048576 52352546 83773 21368
0b001901 0b001a01 10292 100 1048576 52333970 102797 21368
0b001901 0b001a01 10293 100 1048576 52334052 102797 21368
0b001901 0b001a01 10294 100 1048576 52334134 102797 21368
0b001901 0b001a01 10295 100 1048576 52334216 102797 21368
0b000001 0b000101 10292 100 1048576 52354715 83773 21368
0b000101 0b000201 10292 100 1048576 52354766 83773 21368
0b000001 0b000101 10293 100 1048576 52354797 83773 21368
0b000101 0b000201 10293 100 1048576 52354848 83773 21368
0b000001 0b000101 10294 100 1048576 52354879 83773 21368
0b000101 0b000201 10294 100 1048576 52354930 83773 21368
0b000001 0b000101 10295 100 1048576 52354961 83773 21368
0b000101 0b000201 10295 100 1048576 52355012 83773 21368
0b001d01 0b001e01 10296 100 1048576 52366731 88037 21368
0b001d01 0b001e01 10297 100 1048576 52366813 88037 21368
0b001d01 0b001e01 10298 100 1048576 52366895 88037 21368
0b001d01 0b001e01 10299 100 1048576 52366977 88037 21368
0b000901 0b000a01 10288 100 1048576 52358141 100173 21368
0b000901 0b000a01 10289 100 1048576 52358141 100255 21368
0b000901 0b000a01 10290 100 1048576 52358141 100337 21368
0b000901 0b000a01 10291 100 1048576 52358141 100419 21368
0b000701 0b000401 10288 100 1048576 52350246 109665 21368
0b000701 0b000401 10289 100 1048576 52350246 109747 21368
0b000701 0b000401 10290 100 1048576 52350246 109829 21368
0b000701 0b000401 10291 100 1048576 52350246 109911 21368
0b000401 0b000501 10288 100 1048576 52378365 83773 21368
0b001c01 0b001d01 10296 100 1048576 52378292 83773 21368
0b000401 0b000501 10289 100 1048576 52378365 83855 21368
0b001f01 0b001c01 10296 100 1048576 52378361 83773 21368
0b000401 0b000501 10290 100 1048576 52378365 83937 21368
0b001c01 0b001d01 10297 100 1048576 52378374 83773 21368
0b000401 0b000501 10291 100 1048576 52378365 84019 21368
0b001f01 0b001c01 10297 100 1048576 52378443 83773 21368
0b001c01 0b001d01 10298 100 1048576 52378456 83773 21368
0b001f01 0b001c01 10298 100 1048576 52378525 83773 21368
0b001c01 0b001d01 10299 100 1048576 52378538 83773 21368
0b001f01 0b001c01 10299 100 1048576 52378607 83773 21368
0b001e01 0b001f01 10296 100 1048576 52381074 87381 21368
0b001e01 0b001f01 10297 100 1048576 52381156 87381 21368
0b001e01 0b001f01 10298 100 1048576 52381238 87381 21368
0b001e01 0b001f01 10299 100 1048576 52381320 87381 21368
0b000601 0b000701 10292 100 1048576 52395601 98511 21368
0b000601 0b000701 10293 100 1048576 52395683 98511 21368
0b000601 0b000701 10294 100 1048576 52395765 98511 21368
0b000601 0b000701 10295 100 1048576 52395847 98511 21368
0b001501 0b001601 10300 100 1048576 52412376 83773 21368
0b001501 0b001601 10301 100 1048576 52412376 83855 21368
0b001501 0b001601 10302 100 1048576 52412376 83937 21368
0b001501 0b001601 10303 100 1048576 52412376 84019 21368
0b000f01 0b000c01 10296 100 1048576 52413380 83773 21368
0b000c01 0b000d01 10296 100 1048576 52413431 83773 21368
0b000f01 0b000c01 10297 100 1048576 52413462 83773 21368
0b000c01 0b000d01 10297 100 1048576 52413513 83773 21368
0b000f01 0b000c01 10298 100 1048576 52413544 83773 21368
0b000c01 0b000d01 10298 100 1048576 52413595 83773 21368
0b000f01 0b000c01 10299 100 1048576 52413626 83773 21368
0b000c01 0b000d01 10299 100 1048576 52413677 83773 21368
0b000801 0b000901 10292 100 1048576 52408416 89655 21368
0b000801 0b000901 10293 100 1048576 52408498 89655 21368
0b000801 0b000901 10294 100 1048576 52408580 89655 21368
0b000801 0b000901 10295 100 1048576 52408662 89655 21368
0b000d01 0b000e01 10296 100 1048576 52415846 83773 21368
0b001201 0b001301 10296 100 1048576 52405035 94617 21368
0b000e01 0b000f01 10296 100 1048576 52415897 83773 21368
0b000d01 0b000e01 10297 100 1048576 52415928 83773 21368
0b000e01 0b000f01 10297 100 1048576 52415979 83773 21368
0b001201 0b001301 10297 100 1048576 52405117 94617 21368
0b000d01 0b000e01 10298 100 1048576 52416010 83773 21368
0b000e01 0b000f01 10298 100 1048576 52416061 83773 21368
0b001201 0b001301 10298 100 1048576 52405199 94617 21368
0b000d01 0b000e01 10299 100 1048576 52416092 83773 21368
0b000e01 0b000f01 10299 100 1048576 52416143 83773 21368
0b001201 0b001301 10299 100 1048576 52405281 94617 21368
0b001901 0b001a01 10296 100 1048576 52398914 102797 21368
0b001901 0b001a01 10297 100 1048576 52398996 102797 21368
0b001901 0b001a01 10298 100 1048576 52399078 102797 21368
0b001701 0b001401 10300 100 1048576 52417999 83773 21368
0b001901 0b001a01 10299 100 1048576 52399160 102797 21368
0b001701 0b001401 10301 100 1048576 52417999 83855 21368
0b001701 0b001401 10302 100 1048576 52417999 83937 21368
0b001601 0b001701 10300 100 1048576 52418191 83773 21368
0b001701 0b001401 10303 100 1048576 52417999 84019 21368
0b001601 0b001701 10301 100 1048576 52418191 83855 21368
0b001601 0b001701 10302 100 1048576 52418191 83937 21368
0b001601 0b001701 10303 100 1048576 52418191 84019 21368
0b001401 0b001501 10300 100 1048576 52420369 83773 21368
0b001401 0b001501 10301 100 1048576 52420369 83855 21368
0b001401 0b001501 10302 100 1048576 52420369 83937 21368
0b001401 0b001501 10303 100 1048576 52420369 84019 21368
0b001101 0b001201 10296 100 1048576 52423484 83773 21368
0b001101 0b001201 10297 100 1048576 52423566 83773 21368
0b001101 0b001201 10298 100 1048576 52423648 83773 21368
0b001101 0b001201 10299 100 1048576 52423730 83773 21368
0b001b01 0b001801 10296 100 1048576 52428604 83773 21368
0b001b01 0b001801 10297 100 1048576 52428686 83773 21368
0b001b01 0b001801 10298 100 1048576 52428768 83773 21368
0b001801 0b001901 10296 100 1048576 52428843 83773 21368
0b001b01 0b001801 10299 100 1048576 52428850 83773 21368
0b001801 0b001901 10297 100 1048576 52428925 83773 21368
0b001801 0b001901 10298 100 1048576 52429007 83773 21368
0b001801 0b001901 10299 100 1048576 52429089 83773 21368
0b001001 0b001101 10296 100 1048576 52437021 83773 21368
0b001001 0b001101 10297 100 1048576 52437103 83773 21368
0b001001 0b001101 10298 100 1048576 52437185 83773 21368
0b001001 0b001101 10299 100 1048576 52437267 83773 21368
0b000b01 0b000801 10292 100 1048576 52437339 83773 21368
0b000b01 0b000801 10293 100 1048576 52437421 83773 21368
0b000b01 0b000801 10294 100 1048576 52437503 83773 21368
0b000b01 0b000801 10295 100 1048576 52437585 83773 21368
0b000301 0b000001 10296 100 1048576 52442032 83773 21368
0b000001 0b000101 10296 100 1048576 52442083 83773 21368
0b000301 0b000001 10297 100 1048576 52442114 83773 21368
0b000001 0b000101 10297 100 1048576 52442165 83773 21368
0b000301 0b000001 10298 100 1048576 52442196 83773 21368
0b000001 0b000101 10298 100 1048576 52442247 83773 21368
0b000301 0b000001 10299 100 1048576 52442278 83773 21368
0b000001 0b000101 10299 100 1048576 52442329 83773 21368
0b001301 0b001001 10296 100 1048576 52432518 93941 21368
0b001301 0b001001 10297 100 1048576 52432600 93941 21368
0b001301 0b001001 10298 100 1048576 52432682 93941 21368
0b001301 0b001001 10299 100 1048576 52432764 93941 21368
0b000101 0b000201 10296 100 1048576 52444498 83773 21368
0b000201 0b000301 10296 100 1048576 52444549 83773 21368
0b000101 0b000201 10297 100 1048576 52444580 83773 21368
0b000201 0b000301 10297 100 1048576 52444631 83773 21368
0b000101 0b000201 10298 100 1048576 52444662 83773 21368
0b000201 0b000301 10298 100 1048576 52444713 83773 21368
0b000101 0b000201 10299 100 1048576 52444744 83773 21368
0b000201 0b000301 10299 100 1048576 52444795 83773 21368
0b001a01 0b001b01 10296 100 1048576 52442777 102141 21368
0b001a01 0b001b01 10297 100 1048576 52442859 102141 21368
0b001a01 0b001b01 10298 100 1048576 52442941 102141 21368
0b001a01 0b001b01 10299 100 1048576 52443023 102141 21368
0b000901 0b000a01 10292 100 1048576 52425689 122169 21368
0b000901 0b000a01 10293 100 1048576 52425771 122169 21368
0b000901 0b000a01 10294 100 1048576 52425853 122169 21368
0b000a01 0b000b01 10292 100 1048576 52464324 83773 21368
0b000901 0b000a01 10295 100 1048576 52425935 122169 21368
0b000a01 0b000b01 10293 100 1048576 52464406 83773 21368
0b000a01 0b000b01 10294 100 1048576 52464488 83773 21368
0b000a01 0b000b01 10295 100 1048576 52464570 83773 21368
0b001e01 0b001f01 10300 100 1048576 52461125 87690 21368
0b001e01 0b001f01 10301 100 1048576 52461125 87772 21368
0b001e01 0b001f01 10302 100 1048576 52461125 87854 21368
0b001e01 0b001f01 10303 100 1048576 52461125 87936 21368
0b000401 0b000501 10292 100 1048576 52465921 83773 21368
0b000401 0b000501 10293 100 1048576 52466003 83773 21368
0b000401 0b000501 10294 100 1048576 52466085 83773 21368
0b000401 0b000501 10295 100 1048576 52466167 83773 21368
0b000501 0b000601 10292 100 1048576 52468148 83773 21368
0b000501 0b000601 10293 100 1048576 52468230 83773 21368
0b000501 0b000601 10294 100 1048576 52468312 83773 21368
0b000501 0b000601 10295 100 1048576 52468394 83773 21368
0b001d01 0b001e01 10300 100 1048576 52468422 83773 21368
0b001c01 0b001d01 10300 100 1048576 52468491 83773 21368
0b001d01 0b001e01 10301 100 1048576 52468422 83855 21368
0b001c01 0b001d01 10301 100 1048576 52468491 83855 21368
0b001d01 0b001e01 10302 100 1048576 52468422 83937 21368
0b001c01 0b001d01 10302 100 1048576 52468491 83937 21368
0b001d01 0b001e01 10303 100 1048576 52468422 84019 21368
0b001c01 0b001d01 10303 100 1048576 52468491 84019 21368
0b000701 0b000401 10292 100 1048576 52430586 127725 21368
0b000701 0b000401 10293 100 1048576 52430668 127725 21368
0b000701 0b000401 10294 100 1048576 52430750 127725 21368
0b000701 0b000401 10295 100 1048576 52430832 127725 21368
0b001f01 0b001c01 10300 100 1048576 52474812 87381 21368
0b001f01 0b001c01 10301 100 1048576 52474812 87463 21368
0b001f01 0b001c01 10302 100 1048576 52474812 87545 21368
0b001f01 0b001c01 10303 100 1048576 52474812 87627 21368
0b001601 0b001701 10304 100 1048576 52502189 83773 21368
0b001601 0b001701 10305 100 1048576 52502271 83773 21368
0b001601 0b001701 10306 100 1048576 52502353 83773 21368
0b001601 0b001701 10307 100 1048576 52502435 83773 21368
0b000c01 0b000d01 10300 100 1048576 52503510 83773 21368
0b000d01 0b000e01 10300 100 1048576 52503561 83773 21368
0b000c01 0b000d01 10301 100 1048576 52503510 83855 21368
0b000d01 0b000e01 10301 100 1048576 52503561 83855 21368
0b000c01 0b000d01 10302 100 1048576 52503510 83937 21368
0b000d01 0b000e01 10302 100 1048576 52503561 83937 21368
0b000c01 0b000d01 10303 100 1048576 52503510 84019 21368
0b000d01 0b000e01 10303 100 1048576 52503561 84019 21368
0b000e01 0b000f01 10300 100 1048576 52505976 83773 21368
0b000f01 0b000c01 10300 100 1048576 52506027 83773 21368
0b000e01 0b000f01 10301 100 1048576 52505976 83855 21368
0b000f01 0b000c01 10301 100 1048576 52506027 83855 21368
0b000e01 0b000f01 10302 100 1048576 52505976 83937 21368
0b000f01 0b000c01 10302 100 1048576 52506027 83937 21368
0b000e01 0b000f01 10303 100 1048576 52505976 84019 21368
0b000f01 0b000c01 10303 100 1048576 52506027 84019 21368
0b001401 0b001501 10304 100 1048576 52507812 83773 21368
0b001401 0b001501 10305 100 1048576 52507894 83773 21368
0b001401 0b001501 10306 100 1048576 52507976 83773 21368
0b001701 0b001401 10304 100 1048576 52508004 83773 21368
0b001401 0b001501 10307 100 1048576 52508058 83773 21368
0b001701 0b001401 10305 100 1048576 52508086 83773 21368
0b001701 0b001401 10306 100 1048576 52508168 83773 21368
0b001701 0b001401 10307 100 1048576 52508250 83773 21368
0b001501 0b001601 10304 100 1048576 52510182 83773 21368
0b001501 0b001601 10305 100 1048576 52510264 83773 21368
0b001501 0b001601 10306 100 1048576 52510346 83773 21368
0b001501 0b001601 10307 100 1048576 52510428 83773 21368
0b001201 0b001301 10300 100 1048576 52513614 83773 21368
0b001201 0b001301 10301 100 1048576 52513614 83855 21368
0b001201 0b001301 10302 100 1048576 52513614 83937 21368
0b001201 0b001301 10303 100 1048576 52513614 84019 21368
0b001301 0b001001 10300 100 1048576 52506009 94250 21368
0b001301 0b001001 10301 100 1048576 52506009 94332 21368
0b001301 0b001001 10302 100 1048576 52506009 94414 21368
0b001301 0b001001 10303 100 1048576 52506009 94496 21368
0b001801 0b001901 10300 100 1048576 52518734 83773 21368
0b001801 0b001901 10301 100 1048576 52518734 83855 21368
0b001801 0b001901 10302 100 1048576 52518734 83937 21368
0b001901 0b001a01 10300 100 1048576 52518973 83773 21368
0b001801 0b001901 10303 100 1048576 52518734 84019 21368
0b001901 0b001a01 10301 100 1048576 52518973 83855 21368
0b001901 0b001a01 10302 100 1048576 52518973 83937 21368
0b001901 0b001a01 10303 100 1048576 52518973 84019 21368
0b000901 0b000a01 10296 100 1048576 52504081 105769 21368
0b000901 0b000a01 10297 100 1048576 52504163 105769 21368
0b000901 0b000a01 10298 100 1048576 52504245 105769 21368
0b000901 0b000a01 10299 100 1048576 52504327 105769 21368
0b000801 0b000901 10296 100 1048576 52527122 83773 21368
0b001101 0b001201 10300 100 1048576 52527151 83773 21368
0b000801 0b000901 10297 100 1048576 52527204 83773 21368
0b001101 0b001201 10301 100 1048576 52527151 83855 21368
0b000801 0b000901 10298 100 1048576 52527286 83773 21368
0b001101 0b001201 10302 100 1048576 52527151 83937 21368
0b000801 0b000901 10299 100 1048576 52527368 83773 21368
0b001101 0b001201 10303 100 1048576 52527151 84019 21368
0b001a01 0b001b01 10300 100 1048576 52508068 104090 21368
0b001a01 0b001b01 10301 100 1048576 52508068 104172 21368
0b001a01 0b001b01 10302 100 1048576 52508068 104254 21368
0b001a01 0b001b01 10303 100 1048576 52508068 104336 21368
0b000701 0b000401 10296 100 1048576 52500122 112965 21368
0b000701 0b000401 10297 100 1048576 52500204 112965 21368
0b000701 0b000401 10298 100 1048576 52500286 112965 21368
0b000701 0b000401 10299 100 1048576 52500368 112965 21368
0b000001 0b000101 10300 100 1048576 52532162 83773 21368
0b000101 0b000201 10300 100 1048576 52532213 83773 21368
0b000001 0b000101 10301 100 1048576 52532162 83855 21368
0b000101 0b000201 10301 100 1048576 52532213 83855 21368
0b000001 0b000101 10302 100 1048576 52532162 83937 21368
0b000101 0b000201 10302 100 1048576 52532213 83937 21368
0b000001 0b000101 10303 100 1048576 52532162 84019 21368
0b000101 0b000201 10303 100 1048576 52532213 84019 21368
0b000201 0b000301 10300 100 1048576 52534628 83773 21368
0b000301 0b000001 10300 100 1048576 52534679 83773 21368
0b000201 0b000301 10301 100 1048576 52534628 83855 21368
0b000301 0b000001 10301 100 1048576 52534679 83855 21368
0b000201 0b000301 10302 100 1048576 52534628 83937 21368
0b000301 0b000001 10302 100 1048576 52534679 83937 21368
0b000201 0b000301 10303 100 1048576 52534628 84019 21368
0b000301 0b000001 10303 100 1048576 52534679 84019 21368
0b001001 0b001101 10300 100 1048576 52532816 93941 21368
0b001001 0b001101 10301 100 1048576 52532816 94023 21368
0b001001 0b001101 10302 100 1048576 52532816 94105 21368
0b001001 0b001101 10303 100 1048576 52532816 94187 21368
0b000b01 0b000801 10296 100 1048576 52554107 83773 21368
0b000b01 0b000801 10297 100 1048576 52554189 83773 21368
0b000b01 0b000801 10298 100 1048576 52554271 83773 21368
0b000b01 0b000801 10299 100 1048576 52554353 83773 21368
0b000501 0b000601 10296 100 1048576 52555704 83773 21368
0b000501 0b000601 10297 100 1048576 52555786 83773 21368
0b000501 0b000601 10298 100 1048576 52555868 83773 21368
0b000501 0b000601 10299 100 1048576 52555950 83773 21368
0b000601 0b000701 10296 100 1048576 52557931 83773 21368
0b000601 0b000701 10297 100 1048576 52558013 83773 21368
0b000601 0b000701 10298 100 1048576 52558095 83773 21368
0b000601 0b000701 10299 100 1048576 52558177 83773 21368
0b001e01 0b001f01 10304 100 1048576 52558235 83773 21368
0b001d01 0b001e01 10304 100 1048576 52558304 83773 21368
0b001e01 0b001f01 10305 100 1048576 52558317 83773 21368
0b001d01 0b001e01 10305 100 1048576 52558386 83773 21368
0b001e01 0b001f01 10306 100 1048576 52558399 83773 21368
0b001d01 0b001e01 10306 100 1048576 52558468 83773 21368
0b001e01 0b001f01 10307 100 1048576 52558481 83773 21368
0b001d01 0b001e01 10307 100 1048576 52558550 83773 21368
0b001f01 0b001c01 10304 100 1048576 52554855 87698 21368
0b001f01 0b001c01 10305 100 1048576 52554937 87698 21368
0b001f01 0b001c01 10306 100 1048576 52555019 87698 21368
0b001f01 0b001c01 10307 100 1048576 52555101 87698 21368
0b001b01 0b001801 10300 100 1048576 52551275 100501 21368
0b001b01 0b001801 10301 100 1048576 52551275 100583 21368
0b001b01 0b001801 10302 100 1048576 52551275 100665 21368
0b001b01 0b001801 10303 100 1048576 52551275 100747 21368
0b001c01 0b001d01 10304 100 1048576 52568233 87381 21368
0b001c01 0b001d01 10305 100 1048576 52568315 87381 21368
0b001c01 0b001d01 10306 100 1048576 52568397 87381 21368
0b001c01 0b001d01 10307 100 1048576 52568479 87381 21368
0b000a01 0b000b01 10296 100 1048576 52553868 105093 21368
0b000a01 0b000b01 10297 100 1048576 52553950 105093 21368
0b000a01 0b000b01 10298 100 1048576 52554032 105093 21368
0b000a01 0b000b01 10299 100 1048576 52554114 105093 21368
0b001701 0b001401 10308 100 1048576 52592002 83773 21368
0b001701 0b001401 10309 100 1048576 52592084 83773 21368
0b001701 0b001401 10310 100 1048576 52592166 83773 21368
0b001701 0b001401 10311 100 1048576 52592248 83773 21368
0b000401 0b000501 10296 100 1048576 52564321 112309 21368
0b000401 0b000501 10297 100 1048576 52564403 112309 21368
0b000401 0b000501 10298 100 1048576 52564485 112309 21368
0b000401 0b000501 10299 100 1048576 52564567 112309 21368
0b000d01 0b000e01 10304 100 1048576 52593323 83773 21368
0b000e01 0b000f01 10304 100 1048576 52593374 83773 21368
0b000d01 0b000e01 10305 100 1048576 52593405 83773 21368
0b000e01 0b000f01 10305 100 1048576 52593456 83773 21368
0b000d01 0b000e01 10306 100 1048576 52593487 83773 21368
0b000e01 0b000f01 10306 100 1048576 52593538 83773 21368
0b000d01 0b000e01 10307 100 1048576 52593569 83773 21368
0b000e01 0b000f01 10307 100 1048576 52593620 83773 21368
0b000f01 0b000c01 10304 100 1048576 52595789 83773 21368
0b000c01 0b000d01 10304 100 1048576 52595840 83773 21368
0b000f01 0b000c01 10305 100 1048576 52595871 83773 21368
0b000c01 0b000d01 10305 100 1048576 52595922 83773 21368
0b000f01 0b000c01 10306 100 1048576 52595953 83773 21368
0b000c01 0b000d01 10306 100 1048576 52596004 83773 21368
0b000f01 0b000c01 10307 100 1048576 52596035 83773 21368
0b000c01 0b000d01 10307 100 1048576 52596086 83773 21368
0b001501 0b001601 10308 100 1048576 52597625 83773 21368
0b001501 0b001601 10309 100 1048576 52597707 83773 21368
0b001501 0b001601 10310 100 1048576 52597789 83773 21368
0b001401 0b001501 10308 100 1048576 52597817 83773 21368
0b001501 0b001601 10311 100 1048576 52597871 83773 21368
0b001401 0b001501 10309 100 1048576 52597899 83773 21368
0b001401 0b001501 10310 100 1048576 52597981 83773 21368
0b001401 0b001501 10311 100 1048576 52598063 83773 21368
0b001601 0b001701 10308 100 1048576 52599995 83773 21368
0b001601 0b001701 10309 100 1048576 52600077 83773 21368
0b001601 0b001701 10310 100 1048576 52600159 83773 21368
0b001601 0b001701 10311 100 1048576 52600241 83773 21368
0b001301 0b001001 10304 100 1048576 52603427 83773 21368
0b001301 0b001001 10305 100 1048576 52603509 83773 21368
0b001301 0b001001 10306 100 1048576 52603591 83773 21368
0b001301 0b001001 10307 100 1048576 52603673 83773 21368
0b001901 0b001a01 10304 100 1048576 52608547 83773 21368
0b001901 0b001a01 10305 100 1048576 52608629 83773 21368
0b001901 0b001a01 10306 100 1048576 52608711 83773 21368
0b001901 0b001a01 10307 100 1048576 52608793 83773 21368
0b001a01 0b001b01 10304 100 1048576 52608786 85700 21368
0b001a01 0b001b01 10305 100 1048576 52608868 85700 21368
0b001a01 0b001b01 10306 100 1048576 52608950 85700 21368
0b001a01 0b001b01 10307 100 1048576 52609032 85700 21368
0b001201 0b001301 10304 100 1048576 52616964 83773 21368
0b001201 0b001301 10305 100 1048576 52617046 83773 21368
0b001201 0b001301 10306 100 1048576 52617128 83773 21368
0b001201 0b001301 10307 100 1048576 52617210 83773 21368
0b000901 0b000a01 10300 100 1048576 52617252 83773 21368
0b000901 0b000a01 10301 100 1048576 52617252 83855 21368
0b000901 0b000a01 10302 100 1048576 52617252 83937 21368
0b000901 0b000a01 10303 100 1048576 52617252 84019 21368
0b000101 0b000201 10304 100 1048576 52621975 83773 21368
0b000201 0b000301 10304 100 1048576 52622026 83773 21368
0b000101 0b000201 10305 100 1048576 52622057 83773 21368
0b000201 0b000301 10305 100 1048576 52622108 83773 21368
0b000101 0b000201 10306 100 1048576 52622139 83773 21368
0b000201 0b000301 10306 100 1048576 52622190 83773 21368
0b000101 0b000201 10307 100 1048576 52622221 83773 21368
0b000201 0b000301 10307 100 1048576 52622272 83773 21368
0b001001 0b001101 10304 100 1048576 52606299 101474 21368
0b001001 0b001101 10305 100 1048576 52606381 101474 21368
0b001001 0b001101 10306 100 1048576 52606463 101474 21368
0b001001 0b001101 10307 100 1048576 52606545 101474 21368
0b000301 0b000001 10304 100 1048576 52624441 83773 21368
0b000001 0b000101 10304 100 1048576 52624492 83773 21368
0b000301 0b000001 10305 100 1048576 52624523 83773 21368
0b000001 0b000101 10305 100 1048576 52624574 83773 21368
0b000301 0b000001 10306 100 1048576 52624605 83773 21368
0b000001 0b000101 10306 100 1048576 52624656 83773 21368
0b000301 0b000001 10307 100 1048576 52624687 83773 21368
0b000001 0b000101 10307 100 1048576 52624738 83773 21368
0b001101 0b001201 10304 100 1048576 52632797 86725 21368
0b001101 0b001201 10305 100 1048576 52632879 86725 21368
0b001101 0b001201 10306 100 1048576 52632961 86725 21368
0b001101 0b001201 10307 100 1048576 52633043 86725 21368
0b000801 0b000901 10300 100 1048576 52644237 83773 21368
0b000801 0b000901 10301 100 1048576 52644237 83855 21368
0b000801 0b000901 10302 100 1048576 52644237 83937 21368
0b000801 0b000901 10303 100 1048576 52644237 84019 21368
0b000601 0b000701 10300 100 1048576 52645834 83773 21368
0b000601 0b000701 10301 100 1048576 52645834 83855 21368
0b000601 0b000701 10302 100 1048576 52645834 83937 21368
0b000601 0b000701 10303 100 1048576 52645834 84019 21368
0b000701 0b000401 10300 100 1048576 52648061 83773 21368
0b001f01 0b001c01 10308 100 1048576 52648048 83773 21368
0b001e01 0b001f01 10308 100 1048576 52648117 83773 21368
0b001f01 0b001c01 10309 100 1048576 52648130 83773 21368
0b000701 0b000401 10301 100 1048576 52648061 83855 21368
0b001e01 0b001f01 10309 100 1048576 52648199 83773 21368
0b001f01 0b001c01 10310 100 1048576 52648212 83773 21368
0b000701 0b000401 10302 100 1048576 52648061 83937 21368
0b001e01 0b001f01 10310 100 1048576 52648281 83773 21368
0b001f01 0b001c01 10311 100 1048576 52648294 83773 21368
0b000401 0b000501 10300 100 1048576 52619444 112618 21368
0b001e01 0b001f01 10311 100 1048576 52648363 83773 21368
0b000701 0b000401 10303 100 1048576 52648061 84019 21368
0b000401 0b000501 10301 100 1048576 52619444 112700 21368
0b000401 0b000501 10302 100 1048576 52619444 112782 21368
0b000401 0b000501 10303 100 1048576 52619444 112864 21368
0b000a01 0b000b01 10300 100 1048576 52616207 119834 21368
0b001c01 0b001d01 10308 100 1048576 52648593 87381 21368
0b000a01 0b000b01 10301 100 1048576 52616207 119916 21368
0b001c01 0b001d01 10309 100 1048576 52648675 87381 21368
0b001c01 0b001d01 10310 100 1048576 52648757 87381 21368
0b000a01 0b000b01 10302 100 1048576 52616207 119998 21368
0b001c01 0b001d01 10311 100 1048576 52648839 87381 21368
0b000a01 0b000b01 10303 100 1048576 52616207 120080 21368
0b001b01 0b001801 10304 100 1048576 52618198 119186 21368
0b001b01 0b001801 10305 100 1048576 52618280 119186 21368
0b001b01 0b001801 10306 100 1048576 52618362 119186 21368
0b001b01 0b001801 10307 100 1048576 52618444 119186 21368
0b001801 0b001901 10304 100 1048576 52657816 83773 21368
0b001801 0b001901 10305 100 1048576 52657898 83773 21368
0b001801 0b001901 10306 100 1048576 52657980 83773 21368
0b001801 0b001901 10307 100 1048576 52658062 83773 21368
0b001d01 0b001e01 10308 100 1048576 52661654 83773 21368
0b001d01 0b001e01 10309 100 1048576 52661736 83773 21368
0b001d01 0b001e01 10310 100 1048576 52661818 83773 21368
0b001d01 0b001e01 10311 100 1048576 52661900 83773 21368
0b000b01 0b000801 10300 100 1048576 52665318 90661 21368
0b000b01 0b000801 10301 100 1048576 52665318 90743 21368
0b000b01 0b000801 10302 100 1048576 52665318 90825 21368
0b000b01 0b000801 10303 100 1048576 52665318 90907 21368
0b000e01 0b000f01 10308 100 1048576 52683136 83773 21368
0b000f01 0b000c01 10308 100 1048576 52683187 83773 21368
0b000e01 0b000f01 10309 100 1048576 52683218 83773 21368
0b000f01 0b000c01 10309 100 1048576 52683269 83773 21368
0b000e01 0b000f01 10310 100 1048576 52683300 83773 21368
0b000f01 0b000c01 10310 100 1048576 52683351 83773 21368
0b000e01 0b000f01 10311 100 1048576 52683382 83773 21368
0b000f01 0b000c01 10311 100 1048576 52683433 83773 21368
0b000c01 0b000d01 10308 100 1048576 52685602 83773 21368
0b000d01 0b000e01 10308 100 1048576 52685653 83773 21368
0b000c01 0b000d01 10309 100 1048576 52685684 83773 21368
0b000d01 0b000e01 10309 100 1048576 52685735 83773 21368
0b000c01 0b000d01 10310 100 1048576 52685766 83773 21368
0b000d01 0b000e01 10310 100 1048576 52685817 83773 21368
0b000c01 0b000d01 10311 100 1048576 52685848 83773 21368
0b000d01 0b000e01 10311 100 1048576 52685899 83773 21368
0b001a01 0b001b01 10308 100 1048576 52698360 83773 21368
0b001a01 0b001b01 10309 100 1048576 52698442 83773 21368
0b001a01 0b001b01 10310 100 1048576 52698524 83773 21368
0b001a01 0b001b01 10311 100 1048576 52698606 83773 21368
0b001001 0b001101 10308 100 1048576 52693240 91285 21368
0b001001 0b001101 10309 100 1048576 52693322 91285 21368
0b001001 0b001101 10310 100 1048576 52693404 91285 21368
0b001001 0b001101 10311 100 1048576 52693486 91285 21368
0b001301 0b001001 10308 100 1048576 52706777 83773 21368
0b001301 0b001001 10309 100 1048576 52706859 83773 21368
0b001301 0b001001 10310 100 1048576 52706941 83773 21368
0b001301 0b001001 10311 100 1048576 52707023 83773 21368
0b000501 0b000601 10300 100 1048576 52682987 112309 21368
0b000501 0b000601 10301 100 1048576 52682987 112391 21368
0b000501 0b000601 10302 100 1048576 52682987 112473 21368
0b000501 0b000601 10303 100 1048576 52682987 112555 21368
0b000201 0b000301 10308 100 1048576 52711788 83773 21368
0b000301 0b000001 10308 100 1048576 52711839 83773 21368
0b000201 0b000301 10309 100 1048576 52711870 83773 21368
0b000301 0b000001 10309 100 1048576 52711921 83773 21368
0b000201 0b000301 10310 100 1048576 52711952 83773 21368
0b000301 0b000001 10310 100 1048576 52712003 83773 21368
0b000201 0b000301 10311 100 1048576 52712034 83773 21368
0b000301 0b000001 10311 100 1048576 52712085 83773 21368
0b000001 0b000101 10308 100 1048576 52714254 83773 21368
0b000101 0b000201 10308 100 1048576 52714305 83773 21368
0b000001 0b000101 10309 100 1048576 52714336 83773 21368
0b000101 0b000201 10309 100 1048576 52714387 83773 21368
0b000001 0b000101 10310 100 1048576 52714418 83773 21368
0b000101 0b000201 10310 100 1048576 52714469 83773 21368
0b000001 0b000101 10311 100 1048576 52714500 83773 21368
0b000101 0b000201 10311 100 1048576 52714551 83773 21368
0b001101 0b001201 10308 100 1048576 52713813 86725 21368
0b001101 0b001201 10309 100 1048576 52713895 86725 21368
0b001101 0b001201 10310 100 1048576 52713977 86725 21368
0b001101 0b001201 10311 100 1048576 52714059 86725 21368
0b001b01 0b001801 10308 100 1048576 52700526 102458 21368
0b001b01 0b001801 10309 100 1048576 52700608 102458 21368
0b001b01 0b001801 10310 100 1048576 52700690 102458 21368
0b001b01 0b001801 10311 100 1048576 52700772 102458 21368
0b000a01 0b000b01 10304 100 1048576 52707065 98512 21368
0b000a01 0b000b01 10305 100 1048576 52707147 98512 21368
0b000a01 0b000b01 10306 100 1048576 52707229 98512 21368
0b000a01 0b000b01 10307 100 1048576 52707311 98512 21368
0b001201 0b001301 10308 100 1048576 52725562 83773 21368
0b001201 0b001301 10309 100 1048576 52725644 83773 21368
0b001201 0b001301 10310 100 1048576 52725726 83773 21368
0b001201 0b001301 10311 100 1048576 52725808 83773 21368
0b000901 0b000a01 10304 100 1048576 52734050 83773 21368
0b000901 0b000a01 10305 100 1048576 52734132 83773 21368
0b000901 0b000a01 10306 100 1048576 52734214 83773 21368
0b000901 0b000a01 10307 100 1048576 52734296 83773 21368
0b000701 0b000401 10304 100 1048576 52735647 83773 21368
0b000701 0b000401 10305 100 1048576 52735729 83773 21368
0b000701 0b000401 10306 100 1048576 52735811 83773 21368
0b000701 0b000401 10307 100 1048576 52735893 83773 21368
0b000401 0b000501 10304 100 1048576 52737874 83773 21368
0b000401 0b000501 10305 100 1048576 52737956 83773 21368
0b000401 0b000501 10306 100 1048576 52738038 83773 21368
0b000401 0b000501 10307 100 1048576 52738120 83773 21368
0b001801 0b001901 10308 100 1048576 52743424 83773 21368
0b001801 0b001901 10309 100 1048576 52743506 83773 21368
0b001801 0b001901 10310 100 1048576 52743588 83773 21368
0b001801 0b001901 10311 100 1048576 52743670 83773 21368
0b001901 0b001a01 10308 100 1048576 52747629 83773 21368
0b001901 0b001a01 10309 100 1048576 52747711 83773 21368
0b001901 0b001a01 10310 100 1048576 52747793 83773 21368
0b001901 0b001a01 10311 100 1048576 52747875 83773 21368
0b000801 0b000901 10304 100 1048576 52762019 83773 21368
0b000801 0b000901 10305 100 1048576 52762101 83773 21368
0b000801 0b000901 10306 100 1048576 52762183 83773 21368
0b000801 0b000901 10307 100 1048576 52762265 83773 21368
0b000b01 0b000801 10304 100 1048576 52742081 112298 21368
0b000b01 0b000801 10305 100 1048576 52742163 112298 21368
0b000b01 0b000801 10306 100 1048576 52742245 112298 21368
0b000b01 0b000801 10307 100 1048576 52742327 112298 21368
0b000501 0b000601 10304 100 1048576 52738102 135586 21368
0b000501 0b000601 10305 100 1048576 52738184 135586 21368
0b000501 0b000601 10306 100 1048576 52738266 135586 21368
0b000501 0b000601 10307 100 1048576 52738348 135586 21368
0b000601 0b000701 10304 100 1048576 52801336 89349 21368
0b000601 0b000701 10305 100 1048576 52801418 89349 21368
0b000601 0b000701 10306 100 1048576 52801500 89349 21368
0b000601 0b000701 10307 100 1048576 52801582 89349 21368
0b000a01 0b000b01 10308 100 1048576 52823863 83773 21368
0b000a01 0b000b01 10309 100 1048576 52823945 83773 21368
0b000a01 0b000b01 10310 100 1048576 52824027 83773 21368
0b000a01 0b000b01 10311 100 1048576 52824109 83773 21368
0b000401 0b000501 10308 100 1048576 52825460 83773 21368
0b000401 0b000501 10309 100 1048576 52825542 83773 21368
0b000401 0b000501 10310 100 1048576 52825624 83773 21368
0b000401 0b000501 10311 100 1048576 52825706 83773 21368
0b000b01 0b000801 10308 100 1048576 52811617 105410 21368
0b000b01 0b000801 10309 100 1048576 52811699 105410 21368
0b000b01 0b000801 10310 100 1048576 52811781 105410 21368
0b000b01 0b000801 10311 100 1048576 52811863 105410 21368
0b000501 0b000601 10308 100 1048576 52827687 107009 21368
0b000501 0b000601 10309 100 1048576 52827769 107009 21368
0b000501 0b000601 10310 100 1048576 52827851 107009 21368
0b000501 0b000601 10311 100 1048576 52827933 107009 21368
0b000901 0b000a01 10308 100 1048576 52851832 83773 21368
0b000901 0b000a01 10309 100 1048576 52851914 83773 21368
0b000901 0b000a01 10310 100 1048576 52851996 83773 21368
0b000901 0b000a01 10311 100 1048576 52852078 83773 21368
0b000801 0b000901 10308 100 1048576 52860419 83773 21368
0b000801 0b000901 10309 100 1048576 52860501 83773 21368
0b000801 0b000901 10310 100 1048576 52860583 83773 21368
0b000801 0b000901 10311 100 1048576 52860665 83773 21368
0b000601 0b000701 10308 100 1048576 52879728 89349 21368
0b000601 0b000701 10309 100 1048576 52879810 89349 21368
0b000601 0b000701 10310 100 1048576 52879892 89349 21368
0b000601 0b000701 10311 100 1048576 52879974 89349 21368
0b000701 0b000401 10308 100 1048576 52896725 83773 21368
0b000701 0b000401 10309 100 1048576 52896807 83773 21368
0b000701 0b000401 10310 100 1048576 52896889 83773 21368
0b000701 0b000401 10311 100 1048576 52896971 83773 21368
0b001401 0b001501 10312 100 256 54002829 57 137
0b001401 0b001501 10313 100 256 54002829 63 137
0b001401 0b001501 10314 100 256 54002829 69 137
0b001401 0b001501 10315 100 256 54002829 75 137
0b001601 0b001701 10312 100 256 54008452 57 137
0b001601 0b001701 10313 100 256 54008452 63 137
0b001601 0b001701 10314 100 256 54008452 69 137
0b001601 0b001701 10315 100 256 54008452 75 137
0b001501 0b001601 10312 100 256 54008644 57 137
0b001501 0b001601 10313 100 256 54008644 63 137
0b001501 0b001601 10314 100 256 54008644 69 137
0b001501 0b001601 10315 100 256 54008644 75 137
0b001501 0b001601 10316 100 256 54008896 57 137
0b001501 0b001601 10317 100 256 54008902 57 137
0b001501 0b001601 10318 100 256 54008908 57 137
0b001501 0b001601 10319 100 256 54008914 57 137
0b001701 0b001401 10312 100 256 54010822 57 137
0b001701 0b001401 10313 100 256 54010822 63 137
0b001701 0b001401 10314 100 256 54010822 69 137
0b001701 0b001401 10315 100 256 54010822 75 137
0b001701 0b001401 10316 100 256 54014519 57 137
0b001701 0b001401 10317 100 256 54014525 57 137
0b001701 0b001401 10318 100 256 54014531 57 137
0b001701 0b001401 10319 100 256 54014537 57 137
0b001601 0b001701 10316 100 256 54014711 57 137
0b001601 0b001701 10317 100 256 54014717 57 137
0b001601 0b001701 10318 100 256 54014723 57 137
0b001601 0b001701 10319 100 256 54014729 57 137
0b001601 0b001701 10320 100 256 54014963 57 137
0b001601 0b001701 10321 100 256 54014969 57 137
0b001601 0b001701 10322 100 256 54014975 57 137
0b001601 0b001701 10323 100 256 54014981 57 137
0b001401 0b001501 10316 100 256 54016889 57 137
0b001401 0b001501 10317 100 256 54016895 57 137
0b001401 0b001501 10318 100 256 54016901 57 137
0b001401 0b001501 10319 100 256 54016907 57 137
0b001401 0b001501 10320 100 256 54020586 57 137
0b001401 0b001501 10321 100 256 54020592 57 137
0b001401 0b001501 10322 100 256 54020598 57 137
0b001401 0b001501 10323 100 256 54020604 57 137
0b001701 0b001401 10320 100 256 54020778 57 137
0b001701 0b001401 10321 100 256 54020784 57 137
0b001701 0b001401 10322 100 256 54020790 57 137
0b001701 0b001401 10323 100 256 54020796 57 137
0b001501 0b001601 10320 100 256 54022956 57 137
0b001501 0b001601 10321 100 256 54022962 57 137
0b001501 0b001601 10322 100 256 54022968 57 137
0b001501 0b001601 10323 100 256 54022974 57 137
0b001c01 0b001d01 10312 100 256 54058875 57 137
0b001c01 0b001d01 10313 100 256 54058875 63 137
0b001c01 0b001d01 10314 100 256 54058875 69 137
0b001c01 0b001d01 10315 100 256 54058875 75 137
0b001f01 0b001c01 10312 100 256 54058944 57 137
0b001f01 0b001c01 10313 100 256 54058944 63 137
0b001f01 0b001c01 10314 100 256 54058944 69 137
0b001f01 0b001c01 10315 100 256 54058944 75 137
0b001701 0b001f01 10004 100 3244032 54026914 35554 35972
0b001701 0b001b01 10004 100 3244032 54026914 35554 35972
0b001401 0b001801 10004 100 3244032 54026965 35554 35972
0b001401 0b001c01 10004 100 3244032 54026965 35554 35972
0b001d01 0b001e01 10312 100 256 54063028 57 137
0b001d01 0b001e01 10313 100 256 54063028 63 137
0b001d01 0b001e01 10314 100 256 54063028 69 137
0b001d01 0b001e01 10315 100 256 54063028 75 137
0b001501 0b001901 10004 100 3244032 54029092 35554 35972
0b001501 0b001d01 10004 100 3244032 54029092 35554 35972
0b001d01 0b001e01 10316 100 256 54064942 57 137
0b001d01 0b001e01 10317 100 256 54064948 57 137
0b001d01 0b001e01 10318 100 256 54064954 57 137
0b001d01 0b001e01 10319 100 256 54064960 57 137
0b001c01 0b001d01 10316 100 256 54065011 57 137
0b001c01 0b001d01 10317 100 256 54065017 57 137
0b001c01 0b001d01 10318 100 256 54065023 57 137
0b001c01 0b001d01 10319 100 256 54065029 57 137
0b001d01 0b001e01 10320 100 256 54071078 57 137
0b001d01 0b001e01 10321 100 256 54071084 57 137
0b001d01 0b001e01 10322 100 256 54071090 57 137
0b001d01 0b001e01 10323 100 256 54071096 57 137
0b001e01 0b001f01 10312 100 256 54072481 57 137
0b001e01 0b001f01 10313 100 256 54072481 63 137
0b001e01 0b001f01 10314 100 256 54072481 69 137
0b001e01 0b001f01 10315 100 256 54072481 75 137
0b001e01 0b001f01 10316 100 256 54072491 71 137
0b001e01 0b001f01 10317 100 256 54072491 77 137
0b001e01 0b001f01 10318 100 256 54072491 83 137
0b001e01 0b001f01 10319 100 256 54072491 89 137
0b001e01 0b001f01 10320 100 256 54072501 85 137
0b001e01 0b001f01 10321 100 256 54072501 91 137
0b001e01 0b001f01 10322 100 256 54072501 97 137
0b001e01 0b001f01 10323 100 256 54072501 103 137
0b001f01 0b001c01 10316 100 256 54078548 57 137
0b001f01 0b001c01 10317 100 256 54078554 57 137
0b001f01 0b001c01 10318 100 256 54078560 57 137
0b001f01 0b001c01 10319 100 256 54078566 57 137
0b001f01 0b001c01 10320 100 256 54078572 57 137
0b001f01 0b001c01 10321 100 256 54078578 57 137
0b001f01 0b001c01 10322 100 256 54078584 57 137
0b001f01 0b001c01 10323 100 256 54078590 57 137
0b001c01 0b001d01 10320 100 256 54084615 57 137
0b001c01 0b001d01 10321 100 256 54084621 57 137
0b001c01 0b001d01 10322 100 256 54084627 57 137
0b001c01 0b001d01 10323 100 256 54084633 57 137
0b001701 0b001301 10004 100 3244032 54026914 64995 65835
0b001401 0b001001 10004 100 3244032 54026965 64995 65835
0b000f01 0b000c01 10312 100 256 54093963 57 137
0b000f01 0b000c01 10313 100 256 54093963 63 137
0b000f01 0b000c01 10314 100 256 54093963 69 137
0b000f01 0b000c01 10315 100 256 54093963 75 137
0b000c01 0b000d01 10312 100 256 54094014 57 137
0b001501 0b001101 10004 100 3244032 54029092 64995 65835
0b001601 0b001201 10004 100 3244032 54029143 64995 65835
0b000c01 0b000d01 10313 100 256 54094014 63 137
0b000c01 0b000d01 10314 100 256 54094014 69 137
0b000c01 0b000d01 10315 100 256 54094014 75 137
0b000d01 0b000e01 10312 100 256 54096429 57 137
0b000d01 0b000e01 10313 100 256 54096429 63 137
0b000d01 0b000e01 10314 100 256 54096429 69 137
0b000d01 0b000e01 10315 100 256 54096429 75 137
0b000e01 0b000f01 10312 100 256 54096480 57 137
0b000e01 0b000f01 10313 100 256 54096480 63 137
0b000e01 0b000f01 10314 100 256 54096480 69 137
0b000e01 0b000f01 10315 100 256 54096480 75 137
0b001601 0b001a01 10004 100 3244032 54029143 67985 35972
0b001601 0b001e01 10004 100 3244032 54029143 68037 35972
0b000c01 0b000d01 10316 100 256 54100030 57 137
0b000c01 0b000d01 10317 100 256 54100036 57 137
0b000c01 0b000d01 10318 100 256 54100042 57 137
0b000c01 0b000d01 10319 100 256 54100048 57 137
0b000d01 0b000e01 10316 100 256 54100081 57 137
0b000d01 0b000e01 10317 100 256 54100087 57 137
0b000d01 0b000e01 10318 100 256 54100093 57 137
0b000d01 0b000e01 10319 100 256 54100099 57 137
0b000e01 0b000f01 10316 100 256 54102496 57 137
0b000e01 0b000f01 10317 100 256 54102502 57 137
0b000e01 0b000f01 10318 100 256 54102508 57 137
0b000e01 0b000f01 10319 100 256 54102514 57 137
0b000f01 0b000c01 10316 100 256 54102547 57 137
0b000f01 0b000c01 10317 100 256 54102553 57 137
0b000f01 0b000c01 10318 100 256 54102559 57 137
0b000f01 0b000c01 10319 100 256 54102565 57 137
0b000d01 0b000e01 10320 100 256 54106097 57 137
0b000d01 0b000e01 10321 100 256 54106103 57 137
0b000d01 0b000e01 10322 100 256 54106109 57 137
0b000d01 0b000e01 10323 100 256 54106115 57 137
0b000e01 0b000f01 10320 100 256 54106148 57 137
0b000e01 0b000f01 10321 100 256 54106154 57 137
0b000e01 0b000f01 10322 100 256 54106160 57 137
0b000e01 0b000f01 10323 100 256 54106166 57 137
0b000f01 0b000c01 10320 100 256 54108563 57 137
0b000f01 0b000c01 10321 100 256 54108569 57 137
0b000f01 0b000c01 10322 100 256 54108575 57 137
0b000f01 0b000c01 10323 100 256 54108581 57 137
0b000c01 0b000d01 10320 100 256 54108614 57 137
0b000c01 0b000d01 10321 100 256 54108620 57 137
0b000c01 0b000d01 10322 100 256 54108626 57 137
0b000c01 0b000d01 10323 100 256 54108632 57 137
0b001b01 0b001801 10312 100 256 54109187 57 137
0b001b01 0b001801 10313 100 256 54109187 63 137
0b001b01 0b001801 10314 100 256 54109187 69 137
0b001b01 0b001801 10315 100 256 54109187 75 137
0b001101 0b001201 10312 100 256 54111579 57 137
0b001101 0b001201 10313 100 256 54111579 63 137
0b001101 0b001201 10314 100 256 54111579 69 137
0b001101 0b001201 10315 100 256 54111579 75 137
0b001e01 0b001201 10004 100 3244032 54078665 35554 35972
0b001001 0b001101 10312 100 256 54117604 57 137
0b001001 0b001101 10313 100 256 54117604 63 137
0b001001 0b001101 10314 100 256 54117604 69 137
0b001001 0b001101 10315 100 256 54117604 75 137
0b001f01 0b001301 10004 100 3244032 54084708 35554 35972
0b000301 0b000001 10312 100 256 54122615 57 137
0b000301 0b000001 10313 100 256 54122615 63 137
0b000301 0b000001 10314 100 256 54122615 69 137
0b000301 0b000001 10315 100 256 54122615 75 137
0b000001 0b000101 10312 100 256 54122666 57 137
0b000001 0b000101 10313 100 256 54122666 63 137
0b000001 0b000101 10314 100 256 54122666 69 137
0b000001 0b000101 10315 100 256 54122666 75 137
0b001101 0b001201 10316 100 256 54123671 57 137
0b001101 0b001201 10317 100 256 54123677 57 137
0b001101 0b001201 10318 100 256 54123683 57 137
0b001101 0b001201 10319 100 256 54123689 57 137
0b000101 0b000201 10312 100 256 54125081 57 137
0b000101 0b000201 10313 100 256 54125081 63 137
0b000101 0b000201 10314 100 256 54125081 69 137
0b000101 0b000201 10315 100 256 54125081 75 137
0b000201 0b000301 10312 100 256 54125132 57 137
0b000201 0b000301 10313 100 256 54125132 63 137
0b000201 0b000301 10314 100 256 54125132 69 137
0b000201 0b000301 10315 100 256 54125132 75 137
0b001c01 0b001001 10004 100 3244032 54090751 35554 35972
0b001201 0b001301 10312 100 256 54127592 57 137
0b001201 0b001301 10313 100 256 54127592 63 137
0b001201 0b001301 10314 100 256 54127592 69 137
0b001201 0b001301 10315 100 256 54127592 75 137
0b001201 0b001301 10316 100 256 54127602 71 137
0b001201 0b001301 10317 100 256 54127602 77 137
0b001201 0b001301 10318 100 256 54127602 83 137
0b001201 0b001301 10319 100 256 54127602 89 137
0b000001 0b000101 10316 100 256 54128682 57 137
0b000001 0b000101 10317 100 256 54128688 57 137
0b000001 0b000101 10318 100 256 54128694 57 137
0b000001 0b000101 10319 100 256 54128700 57 137
0b000101 0b000201 10316 100 256 54128733 57 137
0b000101 0b000201 10317 100 256 54128739 57 137
0b000101 0b000201 10318 100 256 54128745 57 137
0b000101 0b000201 10319 100 256 54128751 57 137
0b001201 0b001301 10320 100 256 54129738 57 137
0b001201 0b001301 10321 100 256 54129744 57 137
0b001201 0b001301 10322 100 256 54129750 57 137
0b001201 0b001301 10323 100 256 54129756 57 137
0b001801 0b001901 10312 100 256 54130038 57 137
0b001801 0b001901 10313 100 256 54130038 63 137
0b001801 0b001901 10314 100 256 54130038 69 137
0b001801 0b001901 10315 100 256 54130038 75 137
0b001801 0b001901 10316 100 256 54130048 71 137
0b001801 0b001901 10317 100 256 54130048 77 137
0b001801 0b001901 10318 100 256 54130048 83 137
0b001801 0b001901 10319 100 256 54130048 89 137
0b000201 0b000301 10316 100 256 54131148 57 137
0b000201 0b000301 10317 100 256 54131154 57 137
0b000201 0b000301 10318 100 256 54131160 57 137
0b000201 0b000301 10319 100 256 54131166 57 137
0b000301 0b000001 10316 100 256 54131199 57 137
0b000301 0b000001 10317 100 256 54131205 57 137
0b000301 0b000001 10318 100 256 54131211 57 137
0b000301 0b000001 10319 100 256 54131217 57 137
0b000101 0b000201 10320 100 256 54134749 57 137
0b000101 0b000201 10321 100 256 54134755 57 137
0b000101 0b000201 10322 100 256 54134761 57 137
0b000101 0b000201 10323 100 256 54134767 57 137
0b000201 0b000301 10320 100 256 54134800 57 137
0b000201 0b000301 10321 100 256 54134806 57 137
0b000201 0b000301 10322 100 256 54134812 57 137
0b000201 0b000301 10323 100 256 54134818 57 137
0b001301 0b001001 10312 100 256 54136389 57 137
0b001301 0b001001 10313 100 256 54136389 63 137
0b001301 0b001001 10314 100 256 54136389 69 137
0b001301 0b001001 10315 100 256 54136389 75 137
0b001301 0b001001 10316 100 256 54136399 71 137
0b001301 0b001001 10317 100 256 54136399 77 137
0b001301 0b001001 10318 100 256 54136399 83 137
0b001301 0b001001 10319 100 256 54136399 89 137
0b001301 0b001001 10320 100 256 54136409 85 137
0b001301 0b001001 10321 100 256 54136409 91 137
0b001301 0b001001 10322 100 256 54136409 97 137
0b001301 0b001001 10323 100 256 54136409 103 137
0b000301 0b000001 10320 100 256 54137215 57 137
0b000301 0b000001 10321 100 256 54137221 57 137
0b000301 0b000001 10322 100 256 54137227 57 137
0b000301 0b000001 10323 100 256 54137233 57 137
0b000001 0b000101 10320 100 256 54137266 57 137
0b000001 0b000101 10321 100 256 54137272 57 137
0b000001 0b000101 10322 100 256 54137278 57 137
0b000001 0b000101 10323 100 256 54137284 57 137
0b001e01 0b001601 10004 100 3244032 54078665 61958 35972
0b001001 0b001101 10316 100 256 54142456 57 137
0b001001 0b001101 10317 100 256 54142462 57 137
0b001001 0b001101 10318 100 256 54142468 57 137
0b001001 0b001101 10319 100 256 54142474 57 137
0b001001 0b001101 10320 100 256 54142480 57 137
0b001001 0b001101 10321 100 256 54142486 57 137
0b001001 0b001101 10322 100 256 54142492 57 137
0b001001 0b001101 10323 100 256 54142498 57 137
0b001e01 0b001a01 10004 100 3244032 54078665 64995 65835
0b001f01 0b001701 10004 100 3244032 54084708 61983 35972
0b001101 0b001201 10320 100 256 54148523 57 137
0b001101 0b001201 10321 100 256 54148529 57 137
0b001101 0b001201 10322 100 256 54148535 57 137
0b001101 0b001201 10323 100 256 54148541 57 137
0b001f01 0b001b01 10004 100 3244032 54084708 64995 65835
0b000f01 0b000701 10004 100 3244032 54114699 35554 35972
0b000f01 0b000301 10004 100 3244032 54114699 35584 35972
0b000c01 0b000001 10004 100 3244032 54114750 35558 35972
0b000c01 0b000401 10004 100 3244032 54114750 35595 35972
0b000d01 0b000101 10004 100 3244032 54114801 35554 35972
0b000d01 0b000501 10004 100 3244032 54114801 35554 35972
0b000e01 0b000201 10004 100 3244032 54112284 38471 35972
0b000e01 0b000601 10004 100 3244032 54112284 38471 35972
0b001901 0b001a01 10312 100 256 54154251 57 137
0b001901 0b001a01 10313 100 256 54154251 63 137
0b001901 0b001a01 10314 100 256 54154251 69 137
0b001901 0b001a01 10315 100 256 54154251 75 137
0b001901 0b001a01 10316 100 256 54154261 71 137
0b001901 0b001a01 10317 100 256 54154261 77 137
0b001901 0b001a01 10318 100 256 54154261 83 137
0b001901 0b001a01 10319 100 256 54154261 89 137
0b001901 0b001a01 10320 100 256 54154271 85 137
0b001901 0b001a01 10321 100 256 54154271 91 137
0b001901 0b001a01 10322 100 256 54154271 97 137
0b001901 0b001a01 10323 100 256 54154271 103 137
0b001c01 0b001401 10004 100 3244032 54090751 64746 35972
0b001c01 0b001801 10004 100 3244032 54090751 64995 65835
0b001d01 0b001901 10004 100 3244032 54090802 64995 65835
0b001a01 0b001b01 10312 100 256 54158456 57 137
0b001a01 0b001b01 10313 100 256 54158456 63 137
0b001a01 0b001b01 10314 100 256 54158456 69 137
0b001a01 0b001b01 10315 100 256 54158456 75 137
0b001d01 0b001101 10004 100 3244032 54090802 67985 35972
0b001d01 0b001501 10004 100 3244032 54090802 68063 35972
0b001a01 0b001b01 10316 100 256 54160318 57 137
0b001a01 0b001b01 10317 100 256 54160324 57 137
0b001a01 0b001b01 10318 100 256 54160330 57 137
0b001a01 0b001b01 10319 100 256 54160336 57 137
0b001a01 0b001b01 10320 100 256 54160342 57 137
0b001a01 0b001b01 10321 100 256 54160348 57 137
0b001a01 0b001b01 10322 100 256 54160354 57 137
0b001a01 0b001b01 10323 100 256 54160360 57 137
0b001b01 0b001801 10316 100 256 54164523 57 137
0b001b01 0b001801 10317 100 256 54164529 57 137
0b001b01 0b001801 10318 100 256 54164535 57 137
0b001b01 0b001801 10319 100 256 54164541 57 137
0b001b01 0b001801 10320 100 256 54166385 57 137
0b001b01 0b001801 10321 100 256 54166391 57 137
0b001b01 0b001801 10322 100 256 54166397 57 137
0b001b01 0b001801 10323 100 256 54166403 57 137
0b001801 0b001901 10320 100 256 54170590 57 137
0b001801 0b001901 10321 100 256 54170596 57 137
0b001801 0b001901 10322 100 256 54170602 57 137
0b001801 0b001901 10323 100 256 54170608 57 137
0b000e01 0b000a01 10004 100 3244032 54112284 64995 65835
0b000301 0b000b01 10004 100 3244032 54143351 35554 35972
0b000001 0b000801 10004 100 3244032 54143402 35554 35972
0b000101 0b000901 10004 100 3244032 54143453 35554 35972
0b000101 0b000d01 10004 100 3244032 54143453 35554 35972
0b000f01 0b000b01 10004 100 3244032 54114699 64995 65835
0b000c01 0b000801 10004 100 3244032 54114750 64995 65835
0b000d01 0b000901 10004 100 3244032 54114801 64995 65835
0b001001 0b001c01 10004 100 3244032 54148616 35554 35972
0b001001 0b001801 10004 100 3244032 54148616 35596 35972
0b001101 0b001d01 10004 100 3244032 54154659 35554 35972
0b001101 0b001901 10004 100 3244032 54154659 35554 35972
0b001201 0b001a01 10004 100 3244032 54154710 35554 35972
0b000201 0b000601 10004 100 3244032 54140936 64995 65835
0b001301 0b001701 10004 100 3244032 54142573 64995 65835
0b000301 0b000701 10004 100 3244032 54143351 64995 65835
0b001b01 0b001701 10004 100 3244032 54172521 35554 35972
0b000001 0b000401 10004 100 3244032 54143402 64995 65835
0b000101 0b000501 10004 100 3244032 54143453 64995 65835
0b000201 0b000a01 10004 100 3244032 54140936 67985 35972
0b000201 0b000e01 10004 100 3244032 54140936 68026 35972
0b001301 0b001f01 10004 100 3244032 54142573 68026 35972
0b000301 0b000f01 10004 100 3244032 54143351 67944 35972
0b000001 0b000c01 10004 100 3244032 54143402 67975 35972
0b001801 0b001401 10004 100 3244032 54176726 35554 35972
0b001801 0b001001 10004 100 3244032 54176726 35554 35972
0b001901 0b001501 10004 100 3244032 54176777 35554 35972
0b001001 0b001401 10004 100 3244032 54148616 64995 65835
0b001301 0b001b01 10004 100 3244032 54142573 71143 35972
0b001201 0b001e01 10004 100 3244032 54154710 61957 35972
0b001101 0b001501 10004 100 3244032 54154659 64995 65835
0b001201 0b001601 10004 100 3244032 54154710 64995 65835
0b001a01 0b001e01 10004 100 3244032 54166478 64995 65835
0b001a01 0b001601 10004 100 3244032 54166478 67780 35972
0b001a01 0b001201 10004 100 3244032 54166478 68026 35972
0b000b01 0b000801 10312 100 256 54234690 57 137
0b000b01 0b000801 10313 100 256 54234690 63 137
0b000b01 0b000801 10314 100 256 54234690 69 137
0b000b01 0b000801 10315 100 256 54234690 75 137
0b000501 0b000601 10312 100 256 54236287 57 137
0b000501 0b000601 10313 100 256 54236287 63 137
0b000501 0b000601 10314 100 256 54236287 69 137
0b000501 0b000601 10315 100 256 54236287 75 137
0b001b01 0b001301 10004 100 3244032 54172521 63762 35972
0b001b01 0b001f01 10004 100 3244032 54172521 64995 65835
0b001901 0b001101 10004 100 3244032 54176777 63770 35972
0b001801 0b001c01 10004 100 3244032 54176726 64995 65835
0b001901 0b001d01 10004 100 3244032 54176777 64995 65835
0b000801 0b000901 10312 100 256 54244081 57 137
0b000801 0b000901 10313 100 256 54244081 63 137
0b000801 0b000901 10314 100 256 54244081 69 137
0b000801 0b000901 10315 100 256 54244081 75 137
0b000801 0b000901 10316 100 256 54244091 71 137
0b000801 0b000901 10317 100 256 54244091 77 137
0b000801 0b000901 10318 100 256 54244091 83 137
0b000801 0b000901 10319 100 256 54244091 89 137
0b000601 0b000701 10312 100 256 54261750 57 137
0b000601 0b000701 10313 100 256 54261750 63 137
0b000601 0b000701 10314 100 256 54261750 69 137
0b000601 0b000701 10315 100 256 54261750 75 137
0b000601 0b000701 10316 100 256 54261760 71 137
0b000601 0b000701 10317 100 256 54261760 77 137
0b000601 0b000701 10318 100 256 54261760 83 137
0b000601 0b000701 10319 100 256 54261760 89 137
0b000a01 0b000b01 10312 100 256 54262659 57 137
0b000a01 0b000b01 10313 100 256 54262659 63 137
0b000a01 0b000b01 10314 100 256 54262659 69 137
0b000a01 0b000b01 10315 100 256 54262659 75 137
0b000b01 0b000801 10316 100 256 54268726 57 137
0b000b01 0b000801 10317 100 256 54268732 57 137
0b000b01 0b000801 10318 100 256 54268738 57 137
0b000b01 0b000801 10319 100 256 54268744 57 137
0b000901 0b000a01 10312 100 256 54271246 57 137
0b000901 0b000a01 10313 100 256 54271246 63 137
0b000901 0b000a01 10314 100 256 54271246 69 137
0b000901 0b000a01 10315 100 256 54271246 75 137
0b000901 0b000a01 10316 100 256 54271256 71 137
0b000901 0b000a01 10317 100 256 54271256 77 137
0b000901 0b000a01 10318 100 256 54271256 83 137
0b000901 0b000a01 10319 100 256 54271256 89 137
0b000901 0b000a01 10320 100 256 54271266 85 137
0b000901 0b000a01 10321 100 256 54271266 91 137
0b000901 0b000a01 10322 100 256 54271266 97 137
0b000901 0b000a01 10323 100 256 54271266 103 137
0b000801 0b000901 10320 100 256 54274793 57 137
0b000801 0b000901 10321 100 256 54274799 57 137
0b000801 0b000901 10322 100 256 54274805 57 137
0b000801 0b000901 10323 100 256 54274811 57 137
0b000a01 0b000b01 10316 100 256 54277313 57 137
0b000a01 0b000b01 10317 100 256 54277319 57 137
0b000a01 0b000b01 10318 100 256 54277325 57 137
0b000a01 0b000b01 10319 100 256 54277331 57 137
0b000a01 0b000b01 10320 100 256 54277337 57 137
0b000a01 0b000b01 10321 100 256 54277343 57 137
0b000a01 0b000b01 10322 100 256 54277349 57 137
0b000a01 0b000b01 10323 100 256 54277355 57 137
0b000b01 0b000801 10320 100 256 54283380 57 137
0b000b01 0b000801 10321 100 256 54283386 57 137
0b000b01 0b000801 10322 100 256 54283392 57 137
0b000b01 0b000801 10323 100 256 54283398 57 137
0b000701 0b000401 10312 100 256 54296131 57 137
0b000701 0b000401 10313 100 256 54296131 63 137
0b000701 0b000401 10314 100 256 54296131 69 137
0b000701 0b000401 10315 100 256 54296131 75 137
0b000701 0b000401 10316 100 256 54296141 71 137
0b000701 0b000401 10317 100 256 54296141 77 137
0b000701 0b000401 10318 100 256 54296141 83 137
0b000701 0b000401 10319 100 256 54296141 89 137
0b000701 0b000401 10320 100 256 54296151 85 137
0b000701 0b000401 10321 100 256 54296151 91 137
0b000701 0b000401 10322 100 256 54296151 97 137
0b000701 0b000401 10323 100 256 54296151 103 137
0b000401 0b000501 10312 100 256 54307552 57 137
0b000401 0b000501 10313 100 256 54307552 63 137
0b000401 0b000501 10314 100 256 54307552 69 137
0b000401 0b000501 10315 100 256 54307552 75 137
0b000401 0b000501 10316 100 256 54307562 71 137
0b000401 0b000501 10317 100 256 54307562 77 137
0b000401 0b000501 10318 100 256 54307562 83 137
0b000401 0b000501 10319 100 256 54307562 89 137
0b000401 0b000501 10320 100 256 54307572 85 137
0b000401 0b000501 10321 100 256 54307572 91 137
0b000401 0b000501 10322 100 256 54307572 97 137
0b000401 0b000501 10323 100 256 54307572 103 137
0b000501 0b000601 10316 100 256 54313619 57 137
0b000501 0b000601 10317 100 256 54313625 57 137
0b000501 0b000601 10318 100 256 54313631 57 137
0b000501 0b000601 10319 100 256 54313637 57 137
0b000501 0b000601 10320 100 256 54313643 57 137
0b000501 0b000601 10321 100 256 54313649 57 137
0b000501 0b000601 10322 100 256 54313655 57 137
0b000501 0b000601 10323 100 256 54313661 57 137
0b000901 0b000501 10004 100 3244032 54280980 35554 35972
0b000a01 0b000201 10004 100 3244032 54283473 35554 35972
0b000a01 0b000601 10004 100 3244032 54283473 35583 35972
0b000601 0b000701 10320 100 256 54319686 57 137
0b000601 0b000701 10321 100 256 54319692 57 137
0b000601 0b000701 10322 100 256 54319698 57 137
0b000601 0b000701 10323 100 256 54319704 57 137
0b000b01 0b000301 10004 100 3244032 54289516 35554 35972
0b000b01 0b000701 10004 100 3244032 54289516 35554 35972
0b000801 0b000401 10004 100 3244032 54289567 35557 35972
0b000901 0b000101 10004 100 3244032 54280980 59416 35972
0b000901 0b000d01 10004 100 3244032 54280980 64995 65835
0b000a01 0b000e01 10004 100 3244032 54283473 64995 65835
0b000801 0b000001 10004 100 3244032 54289567 59439 35972
0b000401 0b000c01 10004 100 3244032 54313736 35684 35972
0b000b01 0b000f01 10004 100 3244032 54289516 64995 65835
0b000801 0b000c01 10004 100 3244032 54289567 64995 65835
0b000501 0b000d01 10004 100 3244032 54319779 35554 35972
0b000601 0b000a01 10004 100 3244032 54325822 35554 35972
0b000601 0b000e01 10004 100 3244032 54325822 35554 35972
0b000701 0b000b01 10004 100 3244032 54325873 35554 35972
0b000701 0b000f01 10004 100 3244032 54325873 35554 35972
0b000401 0b000801 10004 100 3244032 54313736 61958 35972
0b000401 0b000001 10004 100 3244032 54313736 64995 65835
0b000501 0b000901 10004 100 3244032 54319779 61983 35972
0b000501 0b000101 10004 100 3244032 54319779 64995 65835
0b000601 0b000201 10004 100 3244032 54325822 64995 65835
0b000701 0b000301 10004 100 3244032 54325873 64995 65835
0b001801 0b001901 10327 100 6291456 54190324 503613 127557
0b001801 0b001901 10326 100 6291456 54190324 503695 127557
0b001801 0b001901 10325 100 6291456 54190324 503777 127557
0b001801 0b001901 10324 100 6291456 54190324 503859 127557
0b001901 0b001a01 10327 100 6291456 54196325 503613 127557
0b001a01 0b001b01 10327 100 6291456 54196376 503613 127557
0b001901 0b001a01 10326 100 6291456 54196325 503695 127557
0b001a01 0b001b01 10326 100 6291456 54196376 503695 127557
0b001901 0b001a01 10325 100 6291456 54196325 503777 127557
0b001a01 0b001b01 10325 100 6291456 54196376 503777 127557
0b001901 0b001a01 10324 100 6291456 54196325 503859 127557
0b001a01 0b001b01 10324 100 6291456 54196376 503859 127557
0b001701 0b001401 10327 100 6291456 54214187 503613 127557
0b001701 0b001401 10326 100 6291456 54214187 503695 127557
0b001701 0b001401 10325 100 6291456 54214187 503777 127557
0b001701 0b001401 10324 100 6291456 54214187 503859 127557
0b001001 0b001101 10327 100 6291456 54218392 503613 127557
0b001001 0b001101 10326 100 6291456 54218392 503695 127557
0b001001 0b001101 10325 100 6291456 54218392 503777 127557
0b001001 0b001101 10324 100 6291456 54218392 503859 127557
0b001401 0b001501 10324 100 6291456 54219723 503613 127557
0b001401 0b001501 10325 100 6291456 54219723 503695 127557
0b001401 0b001501 10326 100 6291456 54219723 503777 127557
0b001401 0b001501 10327 100 6291456 54219723 503859 127557
0b001501 0b001601 10324 100 6291456 54225766 503613 127557
0b001501 0b001601 10325 100 6291456 54225766 503695 127557
0b001501 0b001601 10326 100 6291456 54225766 503777 127557
0b001501 0b001601 10327 100 6291456 54225766 503859 127557
0b001b01 0b001801 10327 100 6291456 54219828 520997 127557
0b001b01 0b001801 10326 100 6291456 54219828 521079 127557
0b001b01 0b001801 10325 100 6291456 54219828 521161 127557
0b001b01 0b001801 10324 100 6291456 54219828 521243 127557
0b001e01 0b001f01 10324 100 6291456 54237585 503613 127557
0b001e01 0b001f01 10325 100 6291456 54237585 503695 127557
0b001e01 0b001f01 10326 100 6291456 54237585 503777 127557
0b001e01 0b001f01 10327 100 6291456 54237585 503859 127557
0b001201 0b001301 10327 100 6291456 54240616 503613 127557
0b001201 0b001301 10326 100 6291456 54240616 503695 127557
0b001201 0b001301 10325 100 6291456 54240616 503777 127557
0b001201 0b001301 10324 100 6291456 54240616 503859 127557
0b001301 0b001001 10327 100 6291456 54242395 503613 127557
0b001301 0b001001 10326 100 6291456 54242395 503695 127557
0b001301 0b001001 10325 100 6291456 54242395 503777 127557
0b001301 0b001001 10324 100 6291456 54242395 503859 127557
0b001f01 0b001c01 10324 100 6291456 54243628 503613 127557
0b001f01 0b001c01 10325 100 6291456 54243628 503695 127557
0b001f01 0b001c01 10326 100 6291456 54243628 503777 127557
0b001f01 0b001c01 10327 100 6291456 54243628 503859 127557
0b001c01 0b001d01 10324 100 6291456 54247833 503613 127557
0b001d01 0b001e01 10324 100 6291456 54247884 503613 127557
0b001c01 0b001d01 10325 100 6291456 54247833 503695 127557
0b001d01 0b001e01 10325 100 6291456 54247884 503695 127557
0b001c01 0b001d01 10326 100 6291456 54247833 503777 127557
0b001d01 0b001e01 10326 100 6291456 54247884 503777 127557
0b001c01 0b001d01 10327 100 6291456 54247833 503859 127557
0b001d01 0b001e01 10327 100 6291456 54247884 503859 127557
0b001601 0b001701 10327 100 6291456 54240370 512141 127557
0b001601 0b001701 10326 100 6291456 54240370 512223 127557
0b001601 0b001701 10325 100 6291456 54240370 512305 127557
0b001601 0b001701 10324 100 6291456 54240370 512387 127557
0b001101 0b001201 10327 100 6291456 54246659 525917 127557
0b001101 0b001201 10326 100 6291456 54246659 525999 127557
0b001101 0b001201 10325 100 6291456 54246659 526081 127557
0b001101 0b001201 10324 100 6291456 54246659 526163 127557
0b000501 0b000601 10324 100 6291456 54325973 503613 127557
0b000501 0b000601 10325 100 6291456 54325973 503695 127557
0b000501 0b000601 10326 100 6291456 54325973 503777 127557
0b000501 0b000601 10327 100 6291456 54325973 503859 127557
0b000401 0b000501 10327 100 6291456 54331236 503613 127557
0b000401 0b000501 10326 100 6291456 54331236 503695 127557
0b000401 0b000501 10325 100 6291456 54331236 503777 127557
0b000401 0b000501 10324 100 6291456 54331236 503859 127557
0b000601 0b000701 10324 100 6291456 54332016 503613 127557
0b000701 0b000401 10324 100 6291456 54332067 503613 127557
0b000601 0b000701 10325 100 6291456 54332016 503695 127557
0b000701 0b000401 10325 100 6291456 54332067 503695 127557
0b000601 0b000701 10326 100 6291456 54332016 503777 127557
0b000701 0b000401 10326 100 6291456 54332067 503777 127557
0b000601 0b000701 10327 100 6291456 54332016 503859 127557
0b000701 0b000401 10327 100 6291456 54332067 503859 127557
0b000c01 0b000d01 10324 100 6291456 54360674 503613 127557
0b000c01 0b000d01 10325 100 6291456 54360674 503695 127557
0b000c01 0b000d01 10326 100 6291456 54360674 503777 127557
0b000c01 0b000d01 10327 100 6291456 54360674 503859 127557
0b000d01 0b000e01 10327 100 6291456 54361445 503613 127557
0b000d01 0b000e01 10326 100 6291456 54361445 503695 127557
0b000d01 0b000e01 10325 100 6291456 54361445 503777 127557
0b000d01 0b000e01 10324 100 6291456 54361445 503859 127557
0b000e01 0b000f01 10327 100 6291456 54367488 503613 127557
0b000a01 0b000b01 10327 100 6291456 54367488 503613 127557
0b000f01 0b000c01 10327 100 6291456 54367539 503613 127557
0b000b01 0b000801 10327 100 6291456 54367539 503613 127557
0b000e01 0b000f01 10326 100 6291456 54367488 503695 127557
0b000a01 0b000b01 10326 100 6291456 54367488 503695 127557
0b000f01 0b000c01 10326 100 6291456 54367539 503695 127557
0b000b01 0b000801 10326 100 6291456 54367539 503695 127557
0b000e01 0b000f01 10325 100 6291456 54367488 503777 127557
0b000a01 0b000b01 10325 100 6291456 54367488 503777 127557
0b000f01 0b000c01 10325 100 6291456 54367539 503777 127557
0b000b01 0b000801 10325 100 6291456 54367539 503777 127557
0b000e01 0b000f01 10324 100 6291456 54367488 503859 127557
0b000a01 0b000b01 10324 100 6291456 54367488 503859 127557
0b000f01 0b000c01 10324 100 6291456 54367539 503859 127557
0b000b01 0b000801 10324 100 6291456 54367539 503859 127557
0b000001 0b000101 10324 100 6291456 54384843 503613 127557
0b000001 0b000101 10325 100 6291456 54384843 503695 127557
0b000001 0b000101 10326 100 6291456 54384843 503777 127557
0b000001 0b000101 10327 100 6291456 54384843 503859 127557
0b000901 0b000a01 10327 100 6291456 54387874 503613 127557
0b000901 0b000a01 10326 100 6291456 54387874 503695 127557
0b000901 0b000a01 10325 100 6291456 54387874 503777 127557
0b000901 0b000a01 10324 100 6291456 54387874 503859 127557
0b000801 0b000901 10327 100 6291456 54381806 511813 127557
0b000801 0b000901 10326 100 6291456 54381806 511895 127557
0b000801 0b000901 10325 100 6291456 54381806 511977 127557
0b000801 0b000901 10324 100 6291456 54381806 512059 127557
0b000101 0b000201 10324 100 6291456 54390886 503613 127557
0b000101 0b000201 10325 100 6291456 54390886 503695 127557
0b000101 0b000201 10326 100 6291456 54390886 503777 127557
0b000101 0b000201 10327 100 6291456 54390886 503859 127557
0b000201 0b000301 10324 100 6291456 54396929 503613 127557
0b000301 0b000001 10324 100 6291456 54396980 503613 127557
0b000201 0b000301 10325 100 6291456 54396929 503695 127557
0b000301 0b000001 10325 100 6291456 54396980 503695 127557
0b000201 0b000301 10326 100 6291456 54396929 503777 127557
0b000301 0b000001 10326 100 6291456 54396980 503777 127557
0b000201 0b000301 10327 100 6291456 54396929 503859 127557
0b000301 0b000001 10327 100 6291456 54396980 503859 127557
0b001901 0b001a01 10328 100 6291456 54699947 503799 127557
0b001901 0b001a01 10329 100 6291456 54700029 503799 127557
0b001901 0b001a01 10330 100 6291456 54700111 503799 127557
0b001901 0b001a01 10331 100 6291456 54700193 503799 127557
0b001a01 0b001b01 10328 100 6291456 54705948 503613 127557
0b001a01 0b001b01 10329 100 6291456 54706030 503613 127557
0b001a01 0b001b01 10330 100 6291456 54706112 503613 127557
0b001a01 0b001b01 10331 100 6291456 54706194 503613 127557
0b001401 0b001501 10328 100 6291456 54723810 503613 127557
0b001401 0b001501 10329 100 6291456 54723892 503613 127557
0b001401 0b001501 10330 100 6291456 54723974 503613 127557
0b001401 0b001501 10331 100 6291456 54724056 503613 127557
0b001501 0b001601 10328 100 6291456 54729346 503841 127557
0b001501 0b001601 10329 100 6291456 54729428 503841 127557
0b001501 0b001601 10330 100 6291456 54729510 503841 127557
0b001501 0b001601 10331 100 6291456 54729592 503841 127557
0b001b01 0b001801 10328 100 6291456 54705999 533058 127557
0b001b01 0b001801 10329 100 6291456 54706081 533058 127557
0b001b01 0b001801 10330 100 6291456 54706163 533058 127557
0b001b01 0b001801 10331 100 6291456 54706245 533058 127557
0b001f01 0b001c01 10328 100 6291456 54747208 503841 127557
0b001f01 0b001c01 10329 100 6291456 54747290 503841 127557
0b001f01 0b001c01 10330 100 6291456 54747372 503841 127557
0b001f01 0b001c01 10331 100 6291456 54747454 503841 127557
0b001301 0b001001 10328 100 6291456 54750239 503613 127557
0b001301 0b001001 10329 100 6291456 54750321 503613 127557
0b001301 0b001001 10330 100 6291456 54750403 503613 127557
0b001101 0b001201 10328 100 6291456 54728015 526065 127557
0b001301 0b001001 10331 100 6291456 54750485 503613 127557
0b001101 0b001201 10329 100 6291456 54728097 526065 127557
0b001101 0b001201 10330 100 6291456 54728179 526065 127557
0b001101 0b001201 10331 100 6291456 54728261 526065 127557
0b001001 0b001101 10328 100 6291456 54752018 503613 127557
0b001001 0b001101 10329 100 6291456 54752100 503613 127557
0b001001 0b001101 10330 100 6291456 54752182 503613 127557
0b001001 0b001101 10331 100 6291456 54752264 503613 127557
0b001801 0b001901 10328 100 6291456 54746835 509189 127557
0b001801 0b001901 10329 100 6291456 54746917 509189 127557
0b001801 0b001901 10330 100 6291456 54746999 509189 127557
0b001601 0b001701 10328 100 6291456 54735389 520930 127557
0b001801 0b001901 10331 100 6291456 54747081 509189 127557
0b001601 0b001701 10329 100 6291456 54735471 520930 127557
0b001601 0b001701 10330 100 6291456 54735553 520930 127557
0b001601 0b001701 10331 100 6291456 54735635 520930 127557
0b001c01 0b001d01 10328 100 6291456 54753251 503613 127557
0b001c01 0b001d01 10329 100 6291456 54753333 503613 127557
0b001c01 0b001d01 10330 100 6291456 54753415 503613 127557
0b001c01 0b001d01 10331 100 6291456 54753497 503613 127557
0b001d01 0b001e01 10328 100 6291456 54757456 503613 127557
0b001e01 0b001f01 10328 100 6291456 54757507 503613 127557
0b001d01 0b001e01 10329 100 6291456 54757538 503613 127557
0b001e01 0b001f01 10329 100 6291456 54757589 503613 127557
0b001d01 0b001e01 10330 100 6291456 54757620 503613 127557
0b001e01 0b001f01 10330 100 6291456 54757671 503613 127557
0b001d01 0b001e01 10331 100 6291456 54757702 503613 127557
0b001e01 0b001f01 10331 100 6291456 54757753 503613 127557
0b001701 0b001401 10328 100 6291456 54758521 503613 127557
0b001701 0b001401 10329 100 6291456 54758603 503613 127557
0b001701 0b001401 10330 100 6291456 54758685 503613 127557
0b001701 0b001401 10331 100 6291456 54758767 503613 127557
0b001201 0b001301 10328 100 6291456 54778586 525917 127557
0b001201 0b001301 10329 100 6291456 54778668 525917 127557
0b001201 0b001301 10330 100 6291456 54778750 525917 127557
0b001201 0b001301 10331 100 6291456 54778832 525917 127557
0b000601 0b000701 10328 100 6291456 54835596 503841 127557
0b000601 0b000701 10329 100 6291456 54835678 503841 127557
0b000601 0b000701 10330 100 6291456 54835760 503841 127557
0b000601 0b000701 10331 100 6291456 54835842 503841 127557
0b000501 0b000601 10328 100 6291456 54840859 503613 127557
0b000501 0b000601 10329 100 6291456 54840941 503613 127557
0b000501 0b000601 10330 100 6291456 54841023 503613 127557
0b000501 0b000601 10331 100 6291456 54841105 503613 127557
0b000701 0b000401 10328 100 6291456 54841639 503613 127557
0b000401 0b000501 10328 100 6291456 54841690 503613 127557
0b000701 0b000401 10329 100 6291456 54841721 503613 127557
0b000401 0b000501 10329 100 6291456 54841772 503613 127557
0b000701 0b000401 10330 100 6291456 54841803 503613 127557
0b000401 0b000501 10330 100 6291456 54841854 503613 127557
0b000701 0b000401 10331 100 6291456 54841885 503613 127557
0b000401 0b000501 10331 100 6291456 54841936 503613 127557
0b000d01 0b000e01 10328 100 6291456 54870297 503613 127557
0b000d01 0b000e01 10329 100 6291456 54870379 503613 127557
0b000d01 0b000e01 10330 100 6291456 54870461 503613 127557
0b000d01 0b000e01 10331 100 6291456 54870543 503613 127557
0b000e01 0b000f01 10328 100 6291456 54871068 503841 127557
0b000e01 0b000f01 10329 100 6291456 54871150 503841 127557
0b000e01 0b000f01 10330 100 6291456 54871232 503841 127557
0b000e01 0b000f01 10331 100 6291456 54871314 503841 127557
0b000f01 0b000c01 10328 100 6291456 54877111 503613 127557
0b000b01 0b000801 10328 100 6291456 54877111 503613 127557
0b000c01 0b000d01 10328 100 6291456 54877162 503613 127557
0b000f01 0b000c01 10329 100 6291456 54877193 503613 127557
0b000b01 0b000801 10329 100 6291456 54877193 503613 127557
0b000c01 0b000d01 10329 100 6291456 54877244 503613 127557
0b000f01 0b000c01 10330 100 6291456 54877275 503613 127557
0b000b01 0b000801 10330 100 6291456 54877275 503613 127557
0b000c01 0b000d01 10330 100 6291456 54877326 503613 127557
0b000f01 0b000c01 10331 100 6291456 54877357 503613 127557
0b000b01 0b000801 10331 100 6291456 54877357 503613 127557
0b000c01 0b000d01 10331 100 6291456 54877408 503613 127557
0b000801 0b000901 10328 100 6291456 54877162 514689 127557
0b000801 0b000901 10329 100 6291456 54877244 514689 127557
0b000801 0b000901 10330 100 6291456 54877326 514689 127557
0b000801 0b000901 10331 100 6291456 54877408 514689 127557
0b000101 0b000201 10328 100 6291456 54894466 503841 127557
0b000101 0b000201 10329 100 6291456 54894548 503841 127557
0b000101 0b000201 10330 100 6291456 54894630 503841 127557
0b000101 0b000201 10331 100 6291456 54894712 503841 127557
0b000a01 0b000b01 10328 100 6291456 54897497 503613 127557
0b000a01 0b000b01 10329 100 6291456 54897579 503613 127557
0b000a01 0b000b01 10330 100 6291456 54897661 503613 127557
0b000a01 0b000b01 10331 100 6291456 54897743 503613 127557
0b000201 0b000301 10328 100 6291456 54900509 503841 127557
0b000201 0b000301 10329 100 6291456 54900591 503841 127557
0b000201 0b000301 10330 100 6291456 54900673 503841 127557
0b000201 0b000301 10331 100 6291456 54900755 503841 127557
0b000901 0b000a01 10328 100 6291456 54899629 509189 127557
0b000901 0b000a01 10329 100 6291456 54899711 509189 127557
0b000901 0b000a01 10330 100 6291456 54899793 509189 127557
0b000901 0b000a01 10331 100 6291456 54899875 509189 127557
0b000301 0b000001 10328 100 6291456 54906552 503613 127557
0b000001 0b000101 10328 100 6291456 54906603 503613 127557
0b000301 0b000001 10329 100 6291456 54906634 503613 127557
0b000001 0b000101 10329 100 6291456 54906685 503613 127557
0b000301 0b000001 10330 100 6291456 54906716 503613 127557
0b000001 0b000101 10330 100 6291456 54906767 503613 127557
0b000301 0b000001 10331 100 6291456 54906798 503613 127557
0b000001 0b000101 10331 100 6291456 54906849 503613 127557
0b001a01 0b001b01 10332 100 6291456 55209756 503613 127557
0b001a01 0b001b01 10333 100 6291456 55209838 503613 127557
0b001a01 0b001b01 10334 100 6291456 55209920 503613 127557
0b001a01 0b001b01 10335 100 6291456 55210002 503613 127557
0b001501 0b001601 10332 100 6291456 55233433 503613 127557
0b001501 0b001601 10333 100 6291456 55233515 503613 127557
0b001501 0b001601 10334 100 6291456 55233597 503613 127557
0b001501 0b001601 10335 100 6291456 55233679 503613 127557
0b001b01 0b001801 10332 100 6291456 55215571 526966 127557
0b001b01 0b001801 10333 100 6291456 55215653 526966 127557
0b001b01 0b001801 10334 100 6291456 55215735 526966 127557
0b001b01 0b001801 10335 100 6291456 55215817 526966 127557
0b001801 0b001901 10332 100 6291456 55245067 514437 127557
0b001801 0b001901 10333 100 6291456 55245149 514437 127557
0b001801 0b001901 10334 100 6291456 55245231 514437 127557
0b001801 0b001901 10335 100 6291456 55245313 514437 127557
0b001601 0b001701 10332 100 6291456 55239197 520602 127557
0b001601 0b001701 10333 100 6291456 55239279 520602 127557
0b001601 0b001701 10334 100 6291456 55239361 520602 127557
0b001601 0b001701 10335 100 6291456 55239443 520602 127557
0b001c01 0b001d01 10332 100 6291456 55257059 503613 127557
0b001c01 0b001d01 10333 100 6291456 55257141 503613 127557
0b001c01 0b001d01 10334 100 6291456 55257223 503613 127557
0b001c01 0b001d01 10335 100 6291456 55257305 503613 127557
0b001001 0b001101 10332 100 6291456 55259862 503613 127557
0b001001 0b001101 10333 100 6291456 55259944 503613 127557
0b001001 0b001101 10334 100 6291456 55260026 503613 127557
0b001001 0b001101 10335 100 6291456 55260108 503613 127557
0b001101 0b001201 10332 100 6291456 55261641 503613 127557
0b001101 0b001201 10333 100 6291456 55261723 503613 127557
0b001101 0b001201 10334 100 6291456 55261805 503613 127557
0b001101 0b001201 10335 100 6291456 55261887 503613 127557
0b001901 0b001a01 10332 100 6291456 55262034 503613 127557
0b001901 0b001a01 10333 100 6291456 55262116 503613 127557
0b001901 0b001a01 10334 100 6291456 55262198 503613 127557
0b001901 0b001a01 10335 100 6291456 55262280 503613 127557
0b001701 0b001401 10332 100 6291456 55262329 503613 127557
0b001701 0b001401 10333 100 6291456 55262411 503613 127557
0b001701 0b001401 10334 100 6291456 55262493 503613 127557
0b001701 0b001401 10335 100 6291456 55262575 503613 127557
0b001d01 0b001e01 10332 100 6291456 55262874 503613 127557
0b001d01 0b001e01 10333 100 6291456 55262956 503613 127557
0b001d01 0b001e01 10334 100 6291456 55263038 503613 127557
0b001d01 0b001e01 10335 100 6291456 55263120 503613 127557
0b001e01 0b001f01 10332 100 6291456 55267079 503613 127557
0b001f01 0b001c01 10332 100 6291456 55267130 503613 127557
0b001e01 0b001f01 10333 100 6291456 55267161 503613 127557
0b001f01 0b001c01 10333 100 6291456 55267212 503613 127557
0b001e01 0b001f01 10334 100 6291456 55267243 503613 127557
0b001f01 0b001c01 10334 100 6291456 55267294 503613 127557
0b001e01 0b001f01 10335 100 6291456 55267325 503613 127557
0b001f01 0b001c01 10335 100 6291456 55267376 503613 127557
0b001401 0b001501 10332 100 6291456 55268144 503613 127557
0b001401 0b001501 10333 100 6291456 55268226 503613 127557
0b001401 0b001501 10334 100 6291456 55268308 503613 127557
0b001401 0b001501 10335 100 6291456 55268390 503613 127557
0b001201 0b001301 10332 100 6291456 55260090 540349 127557
0b001201 0b001301 10333 100 6291456 55260172 540349 127557
0b001201 0b001301 10334 100 6291456 55260254 540349 127557
0b001201 0b001301 10335 100 6291456 55260336 540349 127557
0b001301 0b001001 10332 100 6291456 55310513 510829 127557
0b001301 0b001001 10333 100 6291456 55310595 510829 127557
0b001301 0b001001 10334 100 6291456 55310677 510829 127557
0b001301 0b001001 10335 100 6291456 55310759 510829 127557
0b000701 0b000401 10332 100 6291456 55345447 503613 127557
0b000701 0b000401 10333 100 6291456 55345529 503613 127557
0b000701 0b000401 10334 100 6291456 55345611 503613 127557
0b000701 0b000401 10335 100 6291456 55345693 503613 127557
0b000601 0b000701 10332 100 6291456 55350482 503613 127557
0b000601 0b000701 10333 100 6291456 55350564 503613 127557
0b000601 0b000701 10334 100 6291456 55350646 503613 127557
0b000601 0b000701 10335 100 6291456 55350728 503613 127557
0b000401 0b000501 10332 100 6291456 55351262 503613 127557
0b000501 0b000601 10332 100 6291456 55351313 503613 127557
0b000401 0b000501 10333 100 6291456 55351344 503613 127557
0b000501 0b000601 10333 100 6291456 55351395 503613 127557
0b000401 0b000501 10334 100 6291456 55351426 503613 127557
0b000501 0b000601 10334 100 6291456 55351477 503613 127557
0b000401 0b000501 10335 100 6291456 55351508 503613 127557
0b000501 0b000601 10335 100 6291456 55351559 503613 127557
0b000e01 0b000f01 10332 100 6291456 55379920 503613 127557
0b000e01 0b000f01 10333 100 6291456 55380002 503613 127557
0b000e01 0b000f01 10334 100 6291456 55380084 503613 127557
0b000e01 0b000f01 10335 100 6291456 55380166 503613 127557
0b000f01 0b000c01 10332 100 6291456 55380919 503613 127557
0b000f01 0b000c01 10333 100 6291456 55381001 503613 127557
0b000f01 0b000c01 10334 100 6291456 55381083 503613 127557
0b000f01 0b000c01 10335 100 6291456 55381165 503613 127557
0b000c01 0b000d01 10332 100 6291456 55386734 503613 127557
0b000d01 0b000e01 10332 100 6291456 55386785 503613 127557
0b000c01 0b000d01 10333 100 6291456 55386816 503613 127557
0b000d01 0b000e01 10333 100 6291456 55386867 503613 127557
0b000c01 0b000d01 10334 100 6291456 55386898 503613 127557
0b000d01 0b000e01 10334 100 6291456 55386949 503613 127557
0b000c01 0b000d01 10335 100 6291456 55386980 503613 127557
0b000d01 0b000e01 10335 100 6291456 55387031 503613 127557
0b000801 0b000901 10332 100 6291456 55386734 506301 127557
0b000801 0b000901 10333 100 6291456 55386816 506301 127557
0b000801 0b000901 10334 100 6291456 55386898 506301 127557
0b000801 0b000901 10335 100 6291456 55386980 506301 127557
0b000201 0b000301 10332 100 6291456 55404317 503841 127557
0b000201 0b000301 10333 100 6291456 55404399 503841 127557
0b000201 0b000301 10334 100 6291456 55404481 503841 127557
0b000201 0b000301 10335 100 6291456 55404563 503841 127557
0b000b01 0b000801 10332 100 6291456 55407120 503613 127557
0b000b01 0b000801 10333 100 6291456 55407202 503613 127557
0b000b01 0b000801 10334 100 6291456 55407284 503613 127557
0b000b01 0b000801 10335 100 6291456 55407366 503613 127557
0b000301 0b000001 10332 100 6291456 55410360 503613 127557
0b000301 0b000001 10333 100 6291456 55410442 503613 127557
0b000301 0b000001 10334 100 6291456 55410524 503613 127557
0b000301 0b000001 10335 100 6291456 55410606 503613 127557
0b000901 0b000a01 10332 100 6291456 55397861 516733 127557
0b000901 0b000a01 10333 100 6291456 55397943 516733 127557
0b000901 0b000a01 10334 100 6291456 55398025 516733 127557
0b000901 0b000a01 10335 100 6291456 55398107 516733 127557
0b000a01 0b000b01 10332 100 6291456 55414828 503613 127557
0b000a01 0b000b01 10333 100 6291456 55414910 503613 127557
0b000a01 0b000b01 10334 100 6291456 55414992 503613 127557
0b000a01 0b000b01 10335 100 6291456 55415074 503613 127557
0b000001 0b000101 10332 100 6291456 55416175 503613 127557
0b000101 0b000201 10332 100 6291456 55416226 503613 127557
0b000001 0b000101 10333 100 6291456 55416257 503613 127557
0b000101 0b000201 10333 100 6291456 55416308 503613 127557
0b000001 0b000101 10334 100 6291456 55416339 503613 127557
0b000101 0b000201 10334 100 6291456 55416390 503613 127557
0b000001 0b000101 10335 100 6291456 55416421 503613 127557
0b000101 0b000201 10335 100 6291456 55416472 503613 127557
0b001b01 0b001801 10336 100 6291456 55719727 515138 127557
0b001b01 0b001801 10337 100 6291456 55719727 515220 127557
0b001b01 0b001801 10338 100 6291456 55719727 515302 127557
0b001b01 0b001801 10339 100 6291456 55719727 515384 127557
0b001601 0b001701 10336 100 6291456 55743404 512003 127557
0b001601 0b001701 10337 100 6291456 55743404 512085 127557
0b001601 0b001701 10338 100 6291456 55743404 512167 127557
0b001601 0b001701 10339 100 6291456 55743404 512249 127557
0b001901 0b001a01 10336 100 6291456 55765862 503613 127557
0b001901 0b001a01 10337 100 6291456 55765862 503695 127557
0b001901 0b001a01 10338 100 6291456 55765862 503777 127557
0b001901 0b001a01 10339 100 6291456 55765862 503859 127557
0b001d01 0b001e01 10336 100 6291456 55767030 503613 127557
0b001d01 0b001e01 10337 100 6291456 55767030 503695 127557
0b001d01 0b001e01 10338 100 6291456 55767030 503777 127557
0b001d01 0b001e01 10339 100 6291456 55767030 503859 127557
0b001101 0b001201 10336 100 6291456 55769833 503613 127557
0b001101 0b001201 10337 100 6291456 55769833 503695 127557
0b001101 0b001201 10338 100 6291456 55769833 503777 127557
0b001101 0b001201 10339 100 6291456 55769833 503859 127557
0b001801 0b001901 10336 100 6291456 55748895 526225 127557
0b001801 0b001901 10337 100 6291456 55748895 526307 127557
0b001801 0b001901 10338 100 6291456 55748895 526389 127557
0b001801 0b001901 10339 100 6291456 55748895 526471 127557
0b001a01 0b001b01 10336 100 6291456 55772005 503613 127557
0b001a01 0b001b01 10337 100 6291456 55772005 503695 127557
0b001a01 0b001b01 10338 100 6291456 55772005 503777 127557
0b001a01 0b001b01 10339 100 6291456 55772005 503859 127557
0b001401 0b001501 10336 100 6291456 55772300 503613 127557
0b001401 0b001501 10337 100 6291456 55772300 503695 127557
0b001401 0b001501 10338 100 6291456 55772300 503777 127557
0b001401 0b001501 10339 100 6291456 55772300 503859 127557
0b001e01 0b001f01 10336 100 6291456 55772845 503613 127557
0b001e01 0b001f01 10337 100 6291456 55772845 503695 127557
0b001e01 0b001f01 10338 100 6291456 55772845 503777 127557
0b001e01 0b001f01 10339 100 6291456 55772845 503859 127557
0b001701 0b001401 10336 100 6291456 55766157 511813 127557
0b001701 0b001401 10337 100 6291456 55766157 511895 127557
0b001701 0b001401 10338 100 6291456 55766157 511977 127557
0b001701 0b001401 10339 100 6291456 55766157 512059 127557
0b001f01 0b001c01 10336 100 6291456 55777050 503613 127557
0b001c01 0b001d01 10336 100 6291456 55777101 503613 127557
0b001f01 0b001c01 10337 100 6291456 55777050 503695 127557
0b001c01 0b001d01 10337 100 6291456 55777101 503695 127557
0b001f01 0b001c01 10338 100 6291456 55777050 503777 127557
0b001c01 0b001d01 10338 100 6291456 55777101 503777 127557
0b001f01 0b001c01 10339 100 6291456 55777050 503859 127557
0b001c01 0b001d01 10339 100 6291456 55777101 503859 127557
0b001501 0b001601 10336 100 6291456 55778115 503613 127557
0b001501 0b001601 10337 100 6291456 55778115 503695 127557
0b001501 0b001601 10338 100 6291456 55778115 503777 127557
0b001501 0b001601 10339 100 6291456 55778115 503859 127557
0b001201 0b001301 10336 100 6291456 55771612 528699 127557
0b001201 0b001301 10337 100 6291456 55771612 528781 127557
0b001201 0b001301 10338 100 6291456 55771612 528863 127557
0b001201 0b001301 10339 100 6291456 55771612 528945 127557
0b001301 0b001001 10336 100 6291456 55806797 522617 127557
0b001301 0b001001 10337 100 6291456 55806797 522699 127557
0b001301 0b001001 10338 100 6291456 55806797 522781 127557
0b001301 0b001001 10339 100 6291456 55806797 522863 127557
0b001001 0b001101 10336 100 6291456 55827700 503613 127557
0b001001 0b001101 10337 100 6291456 55827700 503695 127557
0b001001 0b001101 10338 100 6291456 55827700 503777 127557
0b001001 0b001101 10339 100 6291456 55827700 503859 127557
0b000401 0b000501 10336 100 6291456 55855418 503613 127557
0b000401 0b000501 10337 100 6291456 55855418 503695 127557
0b000401 0b000501 10338 100 6291456 55855418 503777 127557
0b000401 0b000501 10339 100 6291456 55855418 503859 127557
0b000701 0b000401 10336 100 6291456 55860453 503613 127557
0b000701 0b000401 10337 100 6291456 55860453 503695 127557
0b000701 0b000401 10338 100 6291456 55860453 503777 127557
0b000701 0b000401 10339 100 6291456 55860453 503859 127557
0b000501 0b000601 10336 100 6291456 55861233 503613 127557
0b000601 0b000701 10336 100 6291456 55861284 503613 127557
0b000501 0b000601 10337 100 6291456 55861233 503695 127557
0b000601 0b000701 10337 100 6291456 55861284 503695 127557
0b000501 0b000601 10338 100 6291456 55861233 503777 127557
0b000601 0b000701 10338 100 6291456 55861284 503777 127557
0b000501 0b000601 10339 100 6291456 55861233 503859 127557
0b000601 0b000701 10339 100 6291456 55861284 503859 127557
0b000f01 0b000c01 10336 100 6291456 55889891 503613 127557
0b000f01 0b000c01 10337 100 6291456 55889891 503695 127557
0b000f01 0b000c01 10338 100 6291456 55889891 503777 127557
0b000f01 0b000c01 10339 100 6291456 55889891 503859 127557
0b000c01 0b000d01 10336 100 6291456 55890890 503613 127557
0b000c01 0b000d01 10337 100 6291456 55890890 503695 127557
0b000c01 0b000d01 10338 100 6291456 55890890 503777 127557
0b000c01 0b000d01 10339 100 6291456 55890890 503859 127557
0b000d01 0b000e01 10336 100 6291456 55896705 503613 127557
0b000e01 0b000f01 10336 100 6291456 55896756 503613 127557
0b000d01 0b000e01 10337 100 6291456 55896705 503695 127557
0b000e01 0b000f01 10337 100 6291456 55896756 503695 127557
0b000d01 0b000e01 10338 100 6291456 55896705 503777 127557
0b000e01 0b000f01 10338 100 6291456 55896756 503777 127557
0b000d01 0b000e01 10339 100 6291456 55896705 503859 127557
0b000e01 0b000f01 10339 100 6291456 55896756 503859 127557
0b000901 0b000a01 10336 100 6291456 55899393 511465 127557
0b000901 0b000a01 10337 100 6291456 55899393 511547 127557
0b000901 0b000a01 10338 100 6291456 55899393 511629 127557
0b000901 0b000a01 10339 100 6291456 55899393 511711 127557
0b000301 0b000001 10336 100 6291456 55914516 503613 127557
0b000301 0b000001 10337 100 6291456 55914516 503695 127557
0b000301 0b000001 10338 100 6291456 55914516 503777 127557
0b000301 0b000001 10339 100 6291456 55914516 503859 127557
0b000801 0b000901 10336 100 6291456 55917091 503613 127557
0b000801 0b000901 10337 100 6291456 55917091 503695 127557
0b000801 0b000901 10338 100 6291456 55917091 503777 127557
0b000801 0b000901 10339 100 6291456 55917091 503859 127557
0b000001 0b000101 10336 100 6291456 55920331 503613 127557
0b000001 0b000101 10337 100 6291456 55920331 503695 127557
0b000001 0b000101 10338 100 6291456 55920331 503777 127557
0b000001 0b000101 10339 100 6291456 55920331 503859 127557
0b000b01 0b000801 10336 100 6291456 55924799 503613 127557
0b000b01 0b000801 10337 100 6291456 55924799 503695 127557
0b000b01 0b000801 10338 100 6291456 55924799 503777 127557
0b000b01 0b000801 10339 100 6291456 55924799 503859 127557
0b000101 0b000201 10336 100 6291456 55926146 503613 127557
0b000201 0b000301 10336 100 6291456 55926197 503613 127557
0b000101 0b000201 10337 100 6291456 55926146 503695 127557
0b000201 0b000301 10337 100 6291456 55926197 503695 127557
0b000101 0b000201 10338 100 6291456 55926146 503777 127557
0b000201 0b000301 10338 100 6291456 55926197 503777 127557
0b000101 0b000201 10339 100 6291456 55926146 503859 127557
0b000201 0b000301 10339 100 6291456 55926197 503859 127557
0b000a01 0b000b01 10336 100 6291456 55920952 511157 127557
0b000a01 0b000b01 10337 100 6291456 55920952 511239 127557
0b000a01 0b000b01 10338 100 6291456 55920952 511321 127557
0b000a01 0b000b01 10339 100 6291456 55920952 511403 127557
0b001801 0b001901 10340 100 6291456 56240905 520967 127557
0b001801 0b001901 10341 100 6291456 56240987 520967 127557
0b001801 0b001901 10342 100 6291456 56241069 520967 127557
0b001801 0b001901 10343 100 6291456 56241151 520967 127557
0b001701 0b001401 10340 100 6291456 56261447 512131 127557
0b001701 0b001401 10341 100 6291456 56261529 512131 127557
0b001701 0b001401 10342 100 6291456 56261611 512131 127557
0b001701 0b001401 10343 100 6291456 56261693 512131 127557
0b001a01 0b001b01 10340 100 6291456 56275515 503911 127557
0b001a01 0b001b01 10341 100 6291456 56275597 503911 127557
0b001a01 0b001b01 10342 100 6291456 56275679 503911 127557
0b001a01 0b001b01 10343 100 6291456 56275761 503911 127557
0b001e01 0b001f01 10340 100 6291456 56276683 503613 127557
0b001e01 0b001f01 10341 100 6291456 56276765 503613 127557
0b001e01 0b001f01 10342 100 6291456 56276847 503613 127557
0b001e01 0b001f01 10343 100 6291456 56276929 503613 127557
0b001b01 0b001801 10340 100 6291456 56281658 503613 127557
0b001b01 0b001801 10341 100 6291456 56281740 503613 127557
0b001b01 0b001801 10342 100 6291456 56281822 503613 127557
0b001b01 0b001801 10343 100 6291456 56281904 503613 127557
0b001501 0b001601 10340 100 6291456 56281953 503613 127557
0b001501 0b001601 10341 100 6291456 56282035 503613 127557
0b001501 0b001601 10342 100 6291456 56282117 503613 127557
0b001501 0b001601 10343 100 6291456 56282199 503613 127557
0b001f01 0b001c01 10340 100 6291456 56282498 503613 127557
0b001f01 0b001c01 10341 100 6291456 56282580 503613 127557
0b001f01 0b001c01 10342 100 6291456 56282662 503613 127557
0b001f01 0b001c01 10343 100 6291456 56282744 503613 127557
0b001c01 0b001d01 10340 100 6291456 56286703 503613 127557
0b001d01 0b001e01 10340 100 6291456 56286754 503613 127557
0b001c01 0b001d01 10341 100 6291456 56286785 503613 127557
0b001d01 0b001e01 10341 100 6291456 56286836 503613 127557
0b001c01 0b001d01 10342 100 6291456 56286867 503613 127557
0b001d01 0b001e01 10342 100 6291456 56286918 503613 127557
0b001c01 0b001d01 10343 100 6291456 56286949 503613 127557
0b001d01 0b001e01 10343 100 6291456 56287000 503613 127557
0b001601 0b001701 10340 100 6291456 56287768 503613 127557
0b001601 0b001701 10341 100 6291456 56287850 503613 127557
0b001601 0b001701 10342 100 6291456 56287932 503613 127557
0b001601 0b001701 10343 100 6291456 56288014 503613 127557
0b001201 0b001301 10340 100 6291456 56279486 514137 127557
0b001201 0b001301 10341 100 6291456 56279568 514137 127557
0b001201 0b001301 10342 100 6291456 56279650 514137 127557
0b001201 0b001301 10343 100 6291456 56279732 514137 127557
0b001401 0b001501 10340 100 6291456 56284010 511813 127557
0b001401 0b001501 10341 100 6291456 56284092 511813 127557
0b001401 0b001501 10342 100 6291456 56284174 511813 127557
0b001401 0b001501 10343 100 6291456 56284256 511813 127557
0b001901 0b001a01 10340 100 6291456 56281160 520669 127557
0b001901 0b001a01 10341 100 6291456 56281242 520669 127557
0b001901 0b001a01 10342 100 6291456 56281324 520669 127557
0b001901 0b001a01 10343 100 6291456 56281406 520669 127557
0b001001 0b001101 10340 100 6291456 56335454 503613 127557
0b001001 0b001101 10341 100 6291456 56335536 503613 127557
0b001001 0b001101 10342 100 6291456 56335618 503613 127557
0b001001 0b001101 10343 100 6291456 56335700 503613 127557
0b001101 0b001201 10340 100 6291456 56337353 503613 127557
0b001101 0b001201 10341 100 6291456 56337435 503613 127557
0b001101 0b001201 10342 100 6291456 56337517 503613 127557
0b001101 0b001201 10343 100 6291456 56337599 503613 127557
0b001301 0b001001 10340 100 6291456 56306351 537367 127557
0b001301 0b001001 10341 100 6291456 56306433 537367 127557
0b001301 0b001001 10342 100 6291456 56306515 537367 127557
0b001301 0b001001 10343 100 6291456 56306597 537367 127557
0b000501 0b000601 10340 100 6291456 56365071 503613 127557
0b000501 0b000601 10341 100 6291456 56365153 503613 127557
0b000501 0b000601 10342 100 6291456 56365235 503613 127557
0b000501 0b000601 10343 100 6291456 56365317 503613 127557
0b000401 0b000501 10340 100 6291456 56370106 503613 127557
0b000401 0b000501 10341 100 6291456 56370188 503613 127557
0b000401 0b000501 10342 100 6291456 56370270 503613 127557
0b000401 0b000501 10343 100 6291456 56370352 503613 127557
0b000601 0b000701 10340 100 6291456 56370886 503613 127557
0b000701 0b000401 10340 100 6291456 56370937 503613 127557
0b000601 0b000701 10341 100 6291456 56370968 503613 127557
0b000701 0b000401 10341 100 6291456 56371019 503613 127557
0b000601 0b000701 10342 100 6291456 56371050 503613 127557
0b000701 0b000401 10342 100 6291456 56371101 503613 127557
0b000601 0b000701 10343 100 6291456 56371132 503613 127557
0b000701 0b000401 10343 100 6291456 56371183 503613 127557
0b000c01 0b000d01 10340 100 6291456 56399544 503613 127557
0b000c01 0b000d01 10341 100 6291456 56399626 503613 127557
0b000c01 0b000d01 10342 100 6291456 56399708 503613 127557
0b000c01 0b000d01 10343 100 6291456 56399790 503613 127557
0b000d01 0b000e01 10340 100 6291456 56400543 503613 127557
0b000d01 0b000e01 10341 100 6291456 56400625 503613 127557
0b000d01 0b000e01 10342 100 6291456 56400707 503613 127557
0b000d01 0b000e01 10343 100 6291456 56400789 503613 127557
0b000e01 0b000f01 10340 100 6291456 56406358 503613 127557
0b000f01 0b000c01 10340 100 6291456 56406409 503613 127557
0b000e01 0b000f01 10341 100 6291456 56406440 503613 127557
0b000f01 0b000c01 10341 100 6291456 56406491 503613 127557
0b000e01 0b000f01 10342 100 6291456 56406522 503613 127557
0b000f01 0b000c01 10342 100 6291456 56406573 503613 127557
0b000e01 0b000f01 10343 100 6291456 56406604 503613 127557
0b000f01 0b000c01 10343 100 6291456 56406655 503613 127557
0b000001 0b000101 10340 100 6291456 56424169 503613 127557
0b000001 0b000101 10341 100 6291456 56424251 503613 127557
0b000001 0b000101 10342 100 6291456 56424333 503613 127557
0b000001 0b000101 10343 100 6291456 56424415 503613 127557
0b000a01 0b000b01 10340 100 6291456 56416898 511475 127557
0b000a01 0b000b01 10341 100 6291456 56416980 511475 127557
0b000a01 0b000b01 10342 100 6291456 56417062 511475 127557
0b000a01 0b000b01 10343 100 6291456 56417144 511475 127557
0b000901 0b000a01 10340 100 6291456 56426744 503613 127557
0b000901 0b000a01 10341 100 6291456 56426826 503613 127557
0b000901 0b000a01 10342 100 6291456 56426908 503613 127557
0b000901 0b000a01 10343 100 6291456 56426990 503613 127557
0b000101 0b000201 10340 100 6291456 56429984 503613 127557
0b000101 0b000201 10341 100 6291456 56430066 503613 127557
0b000101 0b000201 10342 100 6291456 56430148 503613 127557
0b000101 0b000201 10343 100 6291456 56430230 503613 127557
0b000801 0b000901 10340 100 6291456 56434452 503613 127557
0b000801 0b000901 10341 100 6291456 56434534 503613 127557
0b000801 0b000901 10342 100 6291456 56434616 503613 127557
0b000801 0b000901 10343 100 6291456 56434698 503613 127557
0b000201 0b000301 10340 100 6291456 56435799 503613 127557
0b000301 0b000001 10340 100 6291456 56435850 503613 127557
0b000201 0b000301 10341 100 6291456 56435881 503613 127557
0b000301 0b000001 10341 100 6291456 56435932 503613 127557
0b000201 0b000301 10342 100 6291456 56435963 503613 127557
0b000301 0b000001 10342 100 6291456 56436014 503613 127557
0b000201 0b000301 10343 100 6291456 56436045 503613 127557
0b000301 0b000001 10343 100 6291456 56436096 503613 127557
0b000b01 0b000801 10340 100 6291456 56438149 511157 127557
0b000b01 0b000801 10341 100 6291456 56438231 511157 127557
0b000b01 0b000801 10342 100 6291456 56438313 511157 127557
0b000b01 0b000801 10343 100 6291456 56438395 511157 127557
0b001901 0b001a01 10344 100 6291456 56767912 520669 127557
0b001901 0b001a01 10345 100 6291456 56767994 520669 127557
0b001901 0b001a01 10346 100 6291456 56768076 520669 127557
0b001901 0b001a01 10347 100 6291456 56768158 520669 127557
0b001b01 0b001801 10344 100 6291456 56785466 503613 127557
0b001b01 0b001801 10345 100 6291456 56785548 503613 127557
0b001b01 0b001801 10346 100 6291456 56785630 503613 127557
0b001b01 0b001801 10347 100 6291456 56785712 503613 127557
0b001f01 0b001c01 10344 100 6291456 56786336 503613 127557
0b001f01 0b001c01 10345 100 6291456 56786418 503613 127557
0b001f01 0b001c01 10346 100 6291456 56786500 503613 127557
0b001f01 0b001c01 10347 100 6291456 56786582 503613 127557
0b001401 0b001501 10344 100 6291456 56779618 511813 127557
0b001401 0b001501 10345 100 6291456 56779700 511813 127557
0b001401 0b001501 10346 100 6291456 56779782 511813 127557
0b001401 0b001501 10347 100 6291456 56779864 511813 127557
0b001801 0b001901 10344 100 6291456 56791311 503613 127557
0b001801 0b001901 10345 100 6291456 56791393 503613 127557
0b001801 0b001901 10346 100 6291456 56791475 503613 127557
0b001601 0b001701 10344 100 6291456 56791606 503613 127557
0b001801 0b001901 10347 100 6291456 56791557 503613 127557
0b001601 0b001701 10345 100 6291456 56791688 503613 127557
0b001601 0b001701 10346 100 6291456 56791770 503613 127557
0b001601 0b001701 10347 100 6291456 56791852 503613 127557
0b001c01 0b001d01 10344 100 6291456 56792151 503613 127557
0b001c01 0b001d01 10345 100 6291456 56792233 503613 127557
0b001c01 0b001d01 10346 100 6291456 56792315 503613 127557
0b001c01 0b001d01 10347 100 6291456 56792397 503613 127557
0b001d01 0b001e01 10344 100 6291456 56796356 503613 127557
0b001e01 0b001f01 10344 100 6291456 56796407 503613 127557
0b001d01 0b001e01 10345 100 6291456 56796438 503613 127557
0b001e01 0b001f01 10345 100 6291456 56796489 503613 127557
0b001d01 0b001e01 10346 100 6291456 56796520 503613 127557
0b001e01 0b001f01 10346 100 6291456 56796571 503613 127557
0b001d01 0b001e01 10347 100 6291456 56796602 503613 127557
0b001e01 0b001f01 10347 100 6291456 56796653 503613 127557
0b001701 0b001401 10344 100 6291456 56797421 503613 127557
0b001701 0b001401 10345 100 6291456 56797503 503613 127557
0b001701 0b001401 10346 100 6291456 56797585 503613 127557
0b001701 0b001401 10347 100 6291456 56797667 503613 127557
0b001501 0b001601 10344 100 6291456 56801863 503613 127557
0b001501 0b001601 10345 100 6291456 56801945 503613 127557
0b001501 0b001601 10346 100 6291456 56802027 503613 127557
0b001501 0b001601 10347 100 6291456 56802109 503613 127557
0b001a01 0b001b01 10344 100 6291456 56807869 503613 127557
0b001a01 0b001b01 10345 100 6291456 56807951 503613 127557
0b001a01 0b001b01 10346 100 6291456 56808033 503613 127557
0b001a01 0b001b01 10347 100 6291456 56808115 503613 127557
0b001301 0b001001 10344 100 6291456 56799663 525887 127557
0b001301 0b001001 10345 100 6291456 56799745 525887 127557
0b001301 0b001001 10346 100 6291456 56799827 525887 127557
0b001301 0b001001 10347 100 6291456 56799909 525887 127557
0b001101 0b001201 10344 100 6291456 56845107 503613 127557
0b001101 0b001201 10345 100 6291456 56845189 503613 127557
0b001101 0b001201 10346 100 6291456 56845271 503613 127557
0b001101 0b001201 10347 100 6291456 56845353 503613 127557
0b001201 0b001301 10344 100 6291456 56847006 503613 127557
0b001201 0b001301 10345 100 6291456 56847088 503613 127557
0b001201 0b001301 10346 100 6291456 56847170 503613 127557
0b001201 0b001301 10347 100 6291456 56847252 503613 127557
0b001001 0b001101 10344 100 6291456 56849758 503613 127557
0b001001 0b001101 10345 100 6291456 56849840 503613 127557
0b001001 0b001101 10346 100 6291456 56849922 503613 127557
0b001001 0b001101 10347 100 6291456 56850004 503613 127557
0b001801 0b001001 10005 100 6291456 57295437 66058 66833
0b001c01 0b001401 10005 100 6291456 57296307 66063 66833
0b001d01 0b001501 10005 100 6291456 57302122 66058 66833
0b001d01 0b001101 10005 100 6291456 57302122 66058 66833
0b001f01 0b001301 10005 100 6291456 57306378 66058 66833
0b001f01 0b001701 10005 100 6291456 57306378 66058 66833
0b001601 0b001e01 10005 100 6291456 57311834 66058 66833
0b001601 0b001a01 10005 100 6291456 57311834 66058 66833
0b000601 0b000701 10344 100 6291456 56874724 503613 127557
0b000601 0b000701 10345 100 6291456 56874806 503613 127557
0b000601 0b000701 10346 100 6291456 56874888 503613 127557
0b000601 0b000701 10347 100 6291456 56874970 503613 127557
0b000501 0b000601 10344 100 6291456 56879759 503613 127557
0b000501 0b000601 10345 100 6291456 56879841 503613 127557
0b000501 0b000601 10346 100 6291456 56879923 503613 127557
0b000501 0b000601 10347 100 6291456 56880005 503613 127557
0b000701 0b000401 10344 100 6291456 56880539 503613 127557
0b000401 0b000501 10344 100 6291456 56880590 503613 127557
0b000701 0b000401 10345 100 6291456 56880621 503613 127557
0b000401 0b000501 10345 100 6291456 56880672 503613 127557
0b000701 0b000401 10346 100 6291456 56880703 503613 127557
0b000401 0b000501 10346 100 6291456 56880754 503613 127557
0b000701 0b000401 10347 100 6291456 56880785 503613 127557
0b000401 0b000501 10347 100 6291456 56880836 503613 127557
0b001b01 0b001701 10005 100 6291456 57317840 67688 66833
0b001001 0b001c01 10005 100 6291456 57331908 66058 66833
0b001a01 0b001201 10005 100 6291456 57294939 106115 66833
0b001a01 0b001601 10005 100 6291456 57294939 108329 66833
0b001801 0b001401 10005 100 6291456 57295437 114978 66833
0b000d01 0b000e01 10344 100 6291456 56909197 503613 127557
0b000d01 0b000e01 10345 100 6291456 56909279 503613 127557
0b000d01 0b000e01 10346 100 6291456 56909361 503613 127557
0b000d01 0b000e01 10347 100 6291456 56909443 503613 127557
0b000e01 0b000f01 10344 100 6291456 56910196 503613 127557
0b000e01 0b000f01 10345 100 6291456 56910278 503613 127557
0b000e01 0b000f01 10346 100 6291456 56910360 503613 127557
0b000e01 0b000f01 10347 100 6291456 56910442 503613 127557
0b000f01 0b000c01 10344 100 6291456 56916011 503613 127557
0b000c01 0b000d01 10344 100 6291456 56916062 503613 127557
0b000f01 0b000c01 10345 100 6291456 56916093 503613 127557
0b000c01 0b000d01 10345 100 6291456 56916144 503613 127557
0b000f01 0b000c01 10346 100 6291456 56916175 503613 127557
0b000c01 0b000d01 10346 100 6291456 56916226 503613 127557
0b000f01 0b000c01 10347 100 6291456 56916257 503613 127557
0b000c01 0b000d01 10347 100 6291456 56916308 503613 127557
0b001c01 0b001001 10005 100 6291456 57296307 124037 66833
0b001201 0b001a01 10005 100 6291456 57355078 66058 66833
0b001201 0b001e01 10005 100 6291456 57355078 66058 66833
0b001a01 0b001e01 10005 100 6291456 57294939 127447 127557
0b001801 0b001c01 10005 100 6291456 57295437 127553 127557
0b001301 0b001b01 10005 100 6291456 57356977 66058 66833
0b001c01 0b001801 10005 100 6291456 57296307 127529 127557
0b001b01 0b001301 10005 100 6291456 57317840 106146 66833
0b001501 0b001101 10005 100 6291456 57297789 126788 127557
0b001901 0b001501 10005 100 6291456 57301282 124059 66833
0b001101 0b001d01 10005 100 6291456 57359729 66058 66833
0b001101 0b001901 10005 100 6291456 57359729 66058 66833
0b001501 0b001901 10005 100 6291456 57297789 128788 66833
0b001501 0b001d01 10005 100 6291456 57297789 129034 66833
0b001701 0b001301 10005 100 6291456 57301577 126888 127557
0b001901 0b001d01 10005 100 6291456 57301282 127606 127557
0b001d01 0b001901 10005 100 6291456 57302122 127530 127557
0b001701 0b001b01 10005 100 6291456 57301577 128993 66833
0b001e01 0b001a01 10005 100 6291456 57306327 127401 127557
0b001f01 0b001b01 10005 100 6291456 57306378 127438 127557
0b001701 0b001f01 10005 100 6291456 57301577 132191 66833
0b001401 0b001001 10005 100 6291456 57307392 127295 127557
0b001e01 0b001201 10005 100 6291456 57306327 128993 66833
0b001e01 0b001601 10005 100 6291456 57306327 129034 66833
0b001401 0b001801 10005 100 6291456 57307392 128993 66833
0b001401 0b001c01 10005 100 6291456 57307392 129034 66833
0b000101 0b000201 10344 100 6291456 56933822 503613 127557
0b000101 0b000201 10345 100 6291456 56933904 503613 127557
0b000101 0b000201 10346 100 6291456 56933986 503613 127557
0b000101 0b000201 10347 100 6291456 56934068 503613 127557
0b001601 0b001201 10005 100 6291456 57311834 127016 127557
0b001901 0b001101 10005 100 6291456 57301282 138817 66833
0b000a01 0b000b01 10344 100 6291456 56936397 503613 127557
0b000a01 0b000b01 10345 100 6291456 56936479 503613 127557
0b000a01 0b000b01 10346 100 6291456 56936561 503613 127557
0b000a01 0b000b01 10347 100 6291456 56936643 503613 127557
0b000201 0b000301 10344 100 6291456 56939637 503613 127557
0b000201 0b000301 10345 100 6291456 56939719 503613 127557
0b000201 0b000301 10346 100 6291456 56939801 503613 127557
0b000201 0b000301 10347 100 6291456 56939883 503613 127557
0b001301 0b001f01 10005 100 6291456 57356977 87643 66833
0b001b01 0b001f01 10005 100 6291456 57317840 127400 127557
0b000b01 0b000801 10344 100 6291456 56934413 511157 127557
0b000b01 0b000801 10345 100 6291456 56934495 511157 127557
0b001001 0b001801 10005 100 6291456 57331908 113873 66833
0b000b01 0b000801 10346 100 6291456 56934577 511157 127557
0b000b01 0b000801 10347 100 6291456 56934659 511157 127557
0b000901 0b000a01 10344 100 6291456 56944105 503613 127557
0b000901 0b000a01 10345 100 6291456 56944187 503613 127557
0b000901 0b000a01 10346 100 6291456 56944269 503613 127557
0b000901 0b000a01 10347 100 6291456 56944351 503613 127557
0b000301 0b000001 10344 100 6291456 56945452 503613 127557
0b000001 0b000101 10344 100 6291456 56945503 503613 127557
0b000301 0b000001 10345 100 6291456 56945534 503613 127557
0b000001 0b000101 10345 100 6291456 56945585 503613 127557
0b000301 0b000001 10346 100 6291456 56945616 503613 127557
0b000001 0b000101 10346 100 6291456 56945667 503613 127557
0b000301 0b000001 10347 100 6291456 56945698 503613 127557
0b000001 0b000101 10347 100 6291456 56945749 503613 127557
0b000701 0b000b01 10005 100 6291456 57384695 66058 66833
0b000701 0b000f01 10005 100 6291456 57384695 66058 66833
0b000601 0b000e01 10005 100 6291456 57389730 66058 66833
0b000401 0b000c01 10005 100 6291456 57390510 66065 66833
0b000401 0b000801 10005 100 6291456 57390510 66089 66833
0b000501 0b000d01 10005 100 6291456 57390561 66058 66833
0b001001 0b001401 10005 100 6291456 57331908 127241 127557
0b000801 0b000901 10344 100 6291456 56955346 503613 127557
0b000801 0b000901 10345 100 6291456 56955428 503613 127557
0b000801 0b000901 10346 100 6291456 56955510 503613 127557
0b000801 0b000901 10347 100 6291456 56955592 503613 127557
