maxRtt=3243 maxBdp=162150
Running Simulation.
[OXC Integration] Initialized with:
  Server URL: http://localhost:8080
  Algorithm: ALGO_OXC_RING
  NPUs per server: 8
  HTTP timeout: 30s
  Connect timeout: 5s
  RankTable file: /Users/anthony/PycharmProjects/SimAI/server/workspaces/default_7807720d-03f/ranktable.json
[OXC Integration] External RankTable set with 16 ranks
[OXC Integration] RankRackMap set with 16 entries
[OXC Integration] Auto-generated Rank-Rack map from RankTable:
  rack_0: ranks [0,1,2,3...] (8 NPUs)
  rack_1: ranks [10,11,12,13...] (8 NPUs)
[OXC Integration] Loaded RankTable from /Users/anthony/PycharmProjects/SimAI/server/workspaces/default_7807720d-03f/ranktable.json with 16 ranks
The final active chunks per dimension 1 after allocating to queues is: 1
ring of node 0, id: 0 dimension: local total nodes in ring: 16 index in ring: 0 offset: 1total nodes in ring: 16
ring of node 0, id: 0 dimension: local total nodes in ring: 16 index in ring: 0 offset: 1total nodes in ring: 16
ring of node 0, id: 0 dimension: local total nodes in ring: 16 index in ring: 0 offset: 1total nodes in ring: 16
ring of node 0, id: 0 dimension: local total nodes in ring: 16 index in ring: 0 offset: 1total nodes in ring: 16
total nodes: 16
Success in opening workload file
model_parallel_NPU_group is 4
checkpoints layers are: 
layers initiating fwd_in_bckwd are: 
ring of node 0, id: 0 dimension: local total nodes in ring: 4 index in ring: 0 offset: 1total nodes in ring: 4
ring of node 0, id: 0 dimension: local total nodes in ring: 4 index in ring: 0 offset: 4total nodes in ring: 4
ring of node 0, id: 0 dimension: local total nodes in ring: 4 index in ring: 0 offset: 1total nodes in ring: 4
ring of node 0, id: 0 dimension: local total nodes in ring: 4 index in ring: 0 offset: 4total nodes in ring: 4
ring of node 0, id: 0 dimension: local total nodes in ring: 4 index in ring: 0 offset: 1total nodes in ring: 4
ring of node 0, id: 0 dimension: local total nodes in ring: 4 index in ring: 0 offset: 4total nodes in ring: 4
ring of node 0, id: 0 dimension: local total nodes in ring: 4 index in ring: 0 offset: 1total nodes in ring: 4
ring of node 0, id: 0 dimension: local total nodes in ring: 4 index in ring: 0 offset: 4total nodes in ring: 4
pp_commize:0
[Layer 0] grad_gather | fwd: NONE(NONE, 0 ranks) | ig: NONE(NONE, 0 ranks) | wg: ALLGATHER(DP, 4 ranks)
[Layer 1] grad_param_comm | fwd: NONE(NONE, 0 ranks) | ig: NONE(NONE, 0 ranks) | wg: REDUCESCATTER(DP, 4 ranks)
[Layer 2] grad_param_compute | fwd: NONE(NONE, 0 ranks) | ig: NONE(NONE, 0 ranks) | wg: NONE(NONE, 0 ranks)
[Layer 3] embedding_grads | fwd: NONE(NONE, 0 ranks) | ig: ALLREDUCE(TP, 4 ranks) | wg: NONE(NONE, 0 ranks)
[Layer 4] moe_grad_norm1 | fwd: NONE(NONE, 0 ranks) | ig: NONE(NONE, 0 ranks) | wg: ALLGATHER_DP_EP(DP_EP, 4 ranks)
[Layer 5] moe_grad_norm2 | fwd: NONE(NONE, 0 ranks) | ig: NONE(NONE, 0 ranks) | wg: REDUCESCATTER_DP_EP(DP_EP, 4 ranks)
[Layer 6] embedding_layer | fwd: ALLREDUCE(TP, 4 ranks) | ig: NONE(NONE, 0 ranks) | wg: NONE(NONE, 0 ranks)
[Layer 7] attention_column | fwd: ALLGATHER(TP, 4 ranks) | ig: REDUCESCATTER(TP, 4 ranks) | wg: NONE(NONE, 0 ranks)
[Layer 8] attention_row | fwd: REDUCESCATTER(TP, 4 ranks) | ig: ALLGATHER(TP, 4 ranks) | wg: NONE(NONE, 0 ranks)
[Layer 9] mlp_column | fwd: ALLGATHER(TP, 4 ranks) | ig: REDUCESCATTER(TP, 4 ranks) | wg: NONE(NONE, 0 ranks)
[Layer 10] mlp_row | fwd: REDUCESCATTER(TP, 4 ranks) | ig: ALLGATHER(TP, 4 ranks) | wg: NONE(NONE, 0 ranks)
[Layer 11] attention_column | fwd: ALLGATHER(TP, 4 ranks) | ig: REDUCESCATTER(TP, 4 ranks) | wg: NONE(NONE, 0 ranks)
[Layer 12] attention_row | fwd: REDUCESCATTER(TP, 4 ranks) | ig: ALLGATHER(TP, 4 ranks) | wg: NONE(NONE, 0 ranks)
[Layer 13] mlp_column | fwd: ALLGATHER(TP, 4 ranks) | ig: REDUCESCATTER(TP, 4 ranks) | wg: NONE(NONE, 0 ranks)
[Layer 14] mlp_row | fwd: REDUCESCATTER(TP, 4 ranks) | ig: ALLGATHER(TP, 4 ranks) | wg: NONE(NONE, 0 ranks)
[Layer 15] attention_column | fwd: ALLGATHER(TP, 4 ranks) | ig: REDUCESCATTER(TP, 4 ranks) | wg: NONE(NONE, 0 ranks)
[Layer 16] attention_row | fwd: REDUCESCATTER(TP, 4 ranks) | ig: ALLGATHER(TP, 4 ranks) | wg: NONE(NONE, 0 ranks)
[Layer 17] mlp_column | fwd: ALLGATHER(TP, 4 ranks) | ig: REDUCESCATTER(TP, 4 ranks) | wg: NONE(NONE, 0 ranks)
[Layer 18] mlp_row | fwd: REDUCESCATTER(TP, 4 ranks) | ig: ALLGATHER(TP, 4 ranks) | wg: NONE(NONE, 0 ranks)
[Layer 19] attention_column | fwd: ALLGATHER(TP, 4 ranks) | ig: REDUCESCATTER(TP, 4 ranks) | wg: NONE(NONE, 0 ranks)
[Layer 20] attention_row | fwd: REDUCESCATTER(TP, 4 ranks) | ig: ALLGATHER(TP, 4 ranks) | wg: NONE(NONE, 0 ranks)
[Layer 21] mlp_column | fwd: ALLGATHER(TP, 4 ranks) | ig: REDUCESCATTER(TP, 4 ranks) | wg: NONE(NONE, 0 ranks)
[Layer 22] mlp_row | fwd: REDUCESCATTER(TP, 4 ranks) | ig: ALLGATHER(TP, 4 ranks) | wg: NONE(NONE, 0 ranks)
[Layer 23] attention_column | fwd: ALLGATHER(TP, 4 ranks) | ig: REDUCESCATTER(TP, 4 ranks) | wg: NONE(NONE, 0 ranks)
[Layer 24] attention_row | fwd: REDUCESCATTER(TP, 4 ranks) | ig: ALLGATHER(TP, 4 ranks) | wg: NONE(NONE, 0 ranks)
[Layer 25] mlp_column | fwd: ALLGATHER(TP, 4 ranks) | ig: REDUCESCATTER(TP, 4 ranks) | wg: NONE(NONE, 0 ranks)
[Layer 26] mlp_row | fwd: REDUCESCATTER(TP, 4 ranks) | ig: ALLGATHER(TP, 4 ranks) | wg: NONE(NONE, 0 ranks)
[Layer 27] attention_column | fwd: ALLGATHER(TP, 4 ranks) | ig: REDUCESCATTER(TP, 4 ranks) | wg: NONE(NONE, 0 ranks)
[Layer 28] attention_row | fwd: REDUCESCATTER(TP, 4 ranks) | ig: ALLGATHER(TP, 4 ranks) | wg: NONE(NONE, 0 ranks)
[Layer 29] mlp_column | fwd: ALLGATHER(TP, 4 ranks) | ig: REDUCESCATTER(TP, 4 ranks) | wg: NONE(NONE, 0 ranks)
[Layer 30] mlp_row | fwd: REDUCESCATTER(TP, 4 ranks) | ig: ALLGATHER(TP, 4 ranks) | wg: NONE(NONE, 0 ranks)
[Layer 31] attention_column | fwd: ALLGATHER(TP, 4 ranks) | ig: REDUCESCATTER(TP, 4 ranks) | wg: NONE(NONE, 0 ranks)
[Layer 32] attention_row | fwd: REDUCESCATTER(TP, 4 ranks) | ig: ALLGATHER(TP, 4 ranks) | wg: NONE(NONE, 0 ranks)
[Layer 33] mlp_column | fwd: ALLGATHER(TP, 4 ranks) | ig: REDUCESCATTER(TP, 4 ranks) | wg: NONE(NONE, 0 ranks)
[Layer 34] mlp_row | fwd: REDUCESCATTER(TP, 4 ranks) | ig: ALLGATHER(TP, 4 ranks) | wg: NONE(NONE, 0 ranks)
[Layer 35] attention_column | fwd: ALLGATHER(TP, 4 ranks) | ig: REDUCESCATTER(TP, 4 ranks) | wg: NONE(NONE, 0 ranks)
[Layer 36] attention_row | fwd: REDUCESCATTER(TP, 4 ranks) | ig: ALLGATHER(TP, 4 ranks) | wg: NONE(NONE, 0 ranks)
[Layer 37] mlp_column | fwd: ALLGATHER(TP, 4 ranks) | ig: REDUCESCATTER(TP, 4 ranks) | wg: NONE(NONE, 0 ranks)
[Layer 38] mlp_row | fwd: REDUCESCATTER(TP, 4 ranks) | ig: ALLGATHER(TP, 4 ranks) | wg: NONE(NONE, 0 ranks)
[Layer 39] attention_column | fwd: ALLGATHER(TP, 4 ranks) | ig: REDUCESCATTER(TP, 4 ranks) | wg: NONE(NONE, 0 ranks)
[Layer 40] attention_row | fwd: REDUCESCATTER(TP, 4 ranks) | ig: ALLGATHER(TP, 4 ranks) | wg: NONE(NONE, 0 ranks)
[Layer 41] mlp_column | fwd: ALLGATHER(TP, 4 ranks) | ig: REDUCESCATTER(TP, 4 ranks) | wg: NONE(NONE, 0 ranks)
[Layer 42] mlp_row | fwd: REDUCESCATTER(TP, 4 ranks) | ig: ALLGATHER(TP, 4 ranks) | wg: NONE(NONE, 0 ranks)
[Layer 43] attention_column | fwd: ALLGATHER(TP, 4 ranks) | ig: REDUCESCATTER(TP, 4 ranks) | wg: NONE(NONE, 0 ranks)
[Layer 44] attention_row | fwd: REDUCESCATTER(TP, 4 ranks) | ig: ALLGATHER(TP, 4 ranks) | wg: NONE(NONE, 0 ranks)
[Layer 45] mlp_column | fwd: ALLGATHER(TP, 4 ranks) | ig: REDUCESCATTER(TP, 4 ranks) | wg: NONE(NONE, 0 ranks)
[Layer 46] mlp_row | fwd: REDUCESCATTER(TP, 4 ranks) | ig: ALLGATHER(TP, 4 ranks) | wg: NONE(NONE, 0 ranks)
[Layer 47] attention_column | fwd: ALLGATHER(TP, 4 ranks) | ig: REDUCESCATTER(TP, 4 ranks) | wg: NONE(NONE, 0 ranks)
[Layer 48] attention_row | fwd: REDUCESCATTER(TP, 4 ranks) | ig: ALLGATHER(TP, 4 ranks) | wg: NONE(NONE, 0 ranks)
[Layer 49] mlp_column | fwd: ALLGATHER(TP, 4 ranks) | ig: REDUCESCATTER(TP, 4 ranks) | wg: NONE(NONE, 0 ranks)
[Layer 50] mlp_row | fwd: REDUCESCATTER(TP, 4 ranks) | ig: ALLGATHER(TP, 4 ranks) | wg: NONE(NONE, 0 ranks)
[Layer 51] attention_column | fwd: ALLGATHER(TP, 4 ranks) | ig: REDUCESCATTER(TP, 4 ranks) | wg: NONE(NONE, 0 ranks)
[Layer 52] attention_row | fwd: REDUCESCATTER(TP, 4 ranks) | ig: ALLGATHER(TP, 4 ranks) | wg: NONE(NONE, 0 ranks)
[Layer 53] mlp_column | fwd: ALLGATHER(TP, 4 ranks) | ig: REDUCESCATTER(TP, 4 ranks) | wg: NONE(NONE, 0 ranks)
[Layer 54] mlp_row | fwd: REDUCESCATTER(TP, 4 ranks) | ig: ALLGATHER(TP, 4 ranks) | wg: NONE(NONE, 0 ranks)
[Layer 55] attention_column | fwd: ALLGATHER(TP, 4 ranks) | ig: REDUCESCATTER(TP, 4 ranks) | wg: NONE(NONE, 0 ranks)
[Layer 56] attention_row | fwd: REDUCESCATTER(TP, 4 ranks) | ig: ALLGATHER(TP, 4 ranks) | wg: NONE(NONE, 0 ranks)
[Layer 57] mlp_column | fwd: ALLGATHER(TP, 4 ranks) | ig: REDUCESCATTER(TP, 4 ranks) | wg: NONE(NONE, 0 ranks)
[Layer 58] mlp_row | fwd: REDUCESCATTER(TP, 4 ranks) | ig: ALLGATHER(TP, 4 ranks) | wg: NONE(NONE, 0 ranks)
[Layer 59] attention_column | fwd: ALLGATHER(TP, 4 ranks) | ig: REDUCESCATTER(TP, 4 ranks) | wg: NONE(NONE, 0 ranks)
[Layer 60] attention_row | fwd: REDUCESCATTER(TP, 4 ranks) | ig: ALLGATHER(TP, 4 ranks) | wg: NONE(NONE, 0 ranks)
[Layer 61] mlp_column | fwd: ALLGATHER(TP, 4 ranks) | ig: REDUCESCATTER(TP, 4 ranks) | wg: NONE(NONE, 0 ranks)
[Layer 62] mlp_row | fwd: REDUCESCATTER(TP, 4 ranks) | ig: ALLGATHER(TP, 4 ranks) | wg: NONE(NONE, 0 ranks)
[Layer 63] attention_column | fwd: ALLGATHER(TP, 4 ranks) | ig: REDUCESCATTER(TP, 4 ranks) | wg: NONE(NONE, 0 ranks)
[Layer 64] attention_row | fwd: REDUCESCATTER(TP, 4 ranks) | ig: ALLGATHER(TP, 4 ranks) | wg: NONE(NONE, 0 ranks)
[Layer 65] mlp_column | fwd: ALLGATHER(TP, 4 ranks) | ig: REDUCESCATTER(TP, 4 ranks) | wg: NONE(NONE, 0 ranks)
[Layer 66] mlp_row | fwd: REDUCESCATTER(TP, 4 ranks) | ig: ALLGATHER(TP, 4 ranks) | wg: NONE(NONE, 0 ranks)
[Layer 67] attention_column | fwd: ALLGATHER(TP, 4 ranks) | ig: REDUCESCATTER(TP, 4 ranks) | wg: NONE(NONE, 0 ranks)
[Layer 68] attention_row | fwd: REDUCESCATTER(TP, 4 ranks) | ig: ALLGATHER(TP, 4 ranks) | wg: NONE(NONE, 0 ranks)
[Layer 69] mlp_column | fwd: ALLGATHER(TP, 4 ranks) | ig: REDUCESCATTER(TP, 4 ranks) | wg: NONE(NONE, 0 ranks)
[Layer 70] mlp_row | fwd: REDUCESCATTER(TP, 4 ranks) | ig: ALLGATHER(TP, 4 ranks) | wg: NONE(NONE, 0 ranks)
[Layer 71] attention_column | fwd: ALLGATHER(TP, 4 ranks) | ig: REDUCESCATTER(TP, 4 ranks) | wg: NONE(NONE, 0 ranks)
[Layer 72] attention_row | fwd: REDUCESCATTER(TP, 4 ranks) | ig: ALLGATHER(TP, 4 ranks) | wg: NONE(NONE, 0 ranks)
[Layer 73] mlp_column | fwd: ALLGATHER(TP, 4 ranks) | ig: REDUCESCATTER(TP, 4 ranks) | wg: NONE(NONE, 0 ranks)
[Layer 74] mlp_row | fwd: REDUCESCATTER(TP, 4 ranks) | ig: ALLGATHER(TP, 4 ranks) | wg: NONE(NONE, 0 ranks)
[Layer 75] attention_column | fwd: ALLGATHER(TP, 4 ranks) | ig: REDUCESCATTER(TP, 4 ranks) | wg: NONE(NONE, 0 ranks)
[Layer 76] attention_row | fwd: REDUCESCATTER(TP, 4 ranks) | ig: ALLGATHER(TP, 4 ranks) | wg: NONE(NONE, 0 ranks)
[Layer 77] mlp_column | fwd: ALLGATHER(TP, 4 ranks) | ig: REDUCESCATTER(TP, 4 ranks) | wg: NONE(NONE, 0 ranks)
[Layer 78] mlp_row | fwd: REDUCESCATTER(TP, 4 ranks) | ig: ALLGATHER(TP, 4 ranks) | wg: NONE(NONE, 0 ranks)
[Layer 79] attention_column | fwd: ALLGATHER(TP, 4 ranks) | ig: REDUCESCATTER(TP, 4 ranks) | wg: NONE(NONE, 0 ranks)
[Layer 80] attention_row | fwd: REDUCESCATTER(TP, 4 ranks) | ig: ALLGATHER(TP, 4 ranks) | wg: NONE(NONE, 0 ranks)
[Layer 81] mlp_column | fwd: ALLGATHER(TP, 4 ranks) | ig: REDUCESCATTER(TP, 4 ranks) | wg: NONE(NONE, 0 ranks)
[Layer 82] mlp_row | fwd: REDUCESCATTER(TP, 4 ranks) | ig: ALLGATHER(TP, 4 ranks) | wg: NONE(NONE, 0 ranks)
[Layer 83] attention_column | fwd: ALLGATHER(TP, 4 ranks) | ig: REDUCESCATTER(TP, 4 ranks) | wg: NONE(NONE, 0 ranks)
[Layer 84] attention_row | fwd: REDUCESCATTER(TP, 4 ranks) | ig: ALLGATHER(TP, 4 ranks) | wg: NONE(NONE, 0 ranks)
[Layer 85] mlp_column | fwd: ALLGATHER(TP, 4 ranks) | ig: REDUCESCATTER(TP, 4 ranks) | wg: NONE(NONE, 0 ranks)
[Layer 86] mlp_row | fwd: REDUCESCATTER(TP, 4 ranks) | ig: ALLGATHER(TP, 4 ranks) | wg: NONE(NONE, 0 ranks)
[Layer 87] attention_column | fwd: ALLGATHER(TP, 4 ranks) | ig: REDUCESCATTER(TP, 4 ranks) | wg: NONE(NONE, 0 ranks)
[Layer 88] attention_row | fwd: REDUCESCATTER(TP, 4 ranks) | ig: ALLGATHER(TP, 4 ranks) | wg: NONE(NONE, 0 ranks)
[Layer 89] mlp_column | fwd: ALLGATHER(TP, 4 ranks) | ig: REDUCESCATTER(TP, 4 ranks) | wg: NONE(NONE, 0 ranks)
[Layer 90] mlp_row | fwd: REDUCESCATTER(TP, 4 ranks) | ig: ALLGATHER(TP, 4 ranks) | wg: NONE(NONE, 0 ranks)
[Layer 91] attention_column | fwd: ALLGATHER(TP, 4 ranks) | ig: REDUCESCATTER(TP, 4 ranks) | wg: NONE(NONE, 0 ranks)
[Layer 92] attention_row | fwd: REDUCESCATTER(TP, 4 ranks) | ig: ALLGATHER(TP, 4 ranks) | wg: NONE(NONE, 0 ranks)
[Layer 93] mlp_column | fwd: ALLGATHER(TP, 4 ranks) | ig: REDUCESCATTER(TP, 4 ranks) | wg: NONE(NONE, 0 ranks)
[Layer 94] mlp_row | fwd: REDUCESCATTER(TP, 4 ranks) | ig: ALLGATHER(TP, 4 ranks) | wg: NONE(NONE, 0 ranks)
[Layer 95] attention_column | fwd: ALLGATHER(TP, 4 ranks) | ig: REDUCESCATTER(TP, 4 ranks) | wg: NONE(NONE, 0 ranks)
[Layer 96] attention_row | fwd: REDUCESCATTER(TP, 4 ranks) | ig: ALLGATHER(TP, 4 ranks) | wg: NONE(NONE, 0 ranks)
[Layer 97] mlp_column | fwd: ALLGATHER(TP, 4 ranks) | ig: REDUCESCATTER(TP, 4 ranks) | wg: NONE(NONE, 0 ranks)
[Layer 98] mlp_row | fwd: REDUCESCATTER(TP, 4 ranks) | ig: ALLGATHER(TP, 4 ranks) | wg: NONE(NONE, 0 ranks)
[Layer 99] attention_column | fwd: ALLGATHER(TP, 4 ranks) | ig: REDUCESCATTER(TP, 4 ranks) | wg: NONE(NONE, 0 ranks)
[Layer 100] attention_row | fwd: REDUCESCATTER(TP, 4 ranks) | ig: ALLGATHER(TP, 4 ranks) | wg: NONE(NONE, 0 ranks)
[Layer 101] mlp_column | fwd: ALLGATHER(TP, 4 ranks) | ig: REDUCESCATTER(TP, 4 ranks) | wg: NONE(NONE, 0 ranks)
[Layer 102] mlp_row | fwd: REDUCESCATTER(TP, 4 ranks) | ig: ALLGATHER(TP, 4 ranks) | wg: NONE(NONE, 0 ranks)
[Layer 103] attention_column | fwd: ALLGATHER(TP, 4 ranks) | ig: REDUCESCATTER(TP, 4 ranks) | wg: NONE(NONE, 0 ranks)
[Layer 104] attention_row | fwd: REDUCESCATTER(TP, 4 ranks) | ig: ALLGATHER(TP, 4 ranks) | wg: NONE(NONE, 0 ranks)
[Layer 105] mlp_column | fwd: ALLGATHER(TP, 4 ranks) | ig: REDUCESCATTER(TP, 4 ranks) | wg: NONE(NONE, 0 ranks)
[Layer 106] mlp_row | fwd: REDUCESCATTER(TP, 4 ranks) | ig: ALLGATHER(TP, 4 ranks) | wg: NONE(NONE, 0 ranks)
[Layer 107] attention_column | fwd: ALLGATHER(TP, 4 ranks) | ig: REDUCESCATTER(TP, 4 ranks) | wg: NONE(NONE, 0 ranks)
[Layer 108] attention_row | fwd: REDUCESCATTER(TP, 4 ranks) | ig: ALLGATHER(TP, 4 ranks) | wg: NONE(NONE, 0 ranks)
[Layer 109] mlp_column | fwd: ALLGATHER(TP, 4 ranks) | ig: REDUCESCATTER(TP, 4 ranks) | wg: NONE(NONE, 0 ranks)
[Layer 110] mlp_row | fwd: REDUCESCATTER(TP, 4 ranks) | ig: ALLGATHER(TP, 4 ranks) | wg: NONE(NONE, 0 ranks)
[Layer 111] attention_column | fwd: ALLGATHER(TP, 4 ranks) | ig: REDUCESCATTER(TP, 4 ranks) | wg: NONE(NONE, 0 ranks)
[Layer 112] attention_row | fwd: REDUCESCATTER(TP, 4 ranks) | ig: ALLGATHER(TP, 4 ranks) | wg: NONE(NONE, 0 ranks)
[Layer 113] mlp_column | fwd: ALLGATHER(TP, 4 ranks) | ig: REDUCESCATTER(TP, 4 ranks) | wg: NONE(NONE, 0 ranks)
[Layer 114] mlp_row | fwd: REDUCESCATTER(TP, 4 ranks) | ig: ALLGATHER(TP, 4 ranks) | wg: NONE(NONE, 0 ranks)
[Layer 115] attention_column | fwd: ALLGATHER(TP, 4 ranks) | ig: REDUCESCATTER(TP, 4 ranks) | wg: NONE(NONE, 0 ranks)
[Layer 116] attention_row | fwd: REDUCESCATTER(TP, 4 ranks) | ig: ALLGATHER(TP, 4 ranks) | wg: NONE(NONE, 0 ranks)
[Layer 117] mlp_column | fwd: ALLGATHER(TP, 4 ranks) | ig: REDUCESCATTER(TP, 4 ranks) | wg: NONE(NONE, 0 ranks)
[Layer 118] mlp_row | fwd: REDUCESCATTER(TP, 4 ranks) | ig: ALLGATHER(TP, 4 ranks) | wg: NONE(NONE, 0 ranks)
[Layer 119] attention_column | fwd: ALLGATHER(TP, 4 ranks) | ig: REDUCESCATTER(TP, 4 ranks) | wg: NONE(NONE, 0 ranks)
[Layer 120] attention_row | fwd: REDUCESCATTER(TP, 4 ranks) | ig: ALLGATHER(TP, 4 ranks) | wg: NONE(NONE, 0 ranks)
[Layer 121] mlp_column | fwd: ALLGATHER(TP, 4 ranks) | ig: REDUCESCATTER(TP, 4 ranks) | wg: NONE(NONE, 0 ranks)
[Layer 122] mlp_row | fwd: REDUCESCATTER(TP, 4 ranks) | ig: ALLGATHER(TP, 4 ranks) | wg: NONE(NONE, 0 ranks)
[Layer 123] attention_column | fwd: ALLGATHER(TP, 4 ranks) | ig: REDUCESCATTER(TP, 4 ranks) | wg: NONE(NONE, 0 ranks)
[Layer 124] attention_row | fwd: REDUCESCATTER(TP, 4 ranks) | ig: ALLGATHER(TP, 4 ranks) | wg: NONE(NONE, 0 ranks)
[Layer 125] mlp_column | fwd: ALLGATHER(TP, 4 ranks) | ig: REDUCESCATTER(TP, 4 ranks) | wg: NONE(NONE, 0 ranks)
[Layer 126] mlp_row | fwd: REDUCESCATTER(TP, 4 ranks) | ig: ALLGATHER(TP, 4 ranks) | wg: NONE(NONE, 0 ranks)
[Layer 127] attention_column | fwd: ALLGATHER(TP, 4 ranks) | ig: REDUCESCATTER(TP, 4 ranks) | wg: NONE(NONE, 0 ranks)
[Layer 128] attention_row | fwd: REDUCESCATTER(TP, 4 ranks) | ig: ALLGATHER(TP, 4 ranks) | wg: NONE(NONE, 0 ranks)
[Layer 129] mlp_column | fwd: ALLGATHER(TP, 4 ranks) | ig: REDUCESCATTER(TP, 4 ranks) | wg: NONE(NONE, 0 ranks)
[Layer 130] mlp_row | fwd: REDUCESCATTER(TP, 4 ranks) | ig: ALLGATHER(TP, 4 ranks) | wg: NONE(NONE, 0 ranks)
[Layer 131] attention_column | fwd: ALLGATHER(TP, 4 ranks) | ig: REDUCESCATTER(TP, 4 ranks) | wg: NONE(NONE, 0 ranks)
[Layer 132] attention_row | fwd: REDUCESCATTER(TP, 4 ranks) | ig: ALLGATHER(TP, 4 ranks) | wg: NONE(NONE, 0 ranks)
[Layer 133] mlp_column | fwd: ALLGATHER(TP, 4 ranks) | ig: REDUCESCATTER(TP, 4 ranks) | wg: NONE(NONE, 0 ranks)
[Layer 134] mlp_row | fwd: REDUCESCATTER(TP, 4 ranks) | ig: ALLGATHER(TP, 4 ranks) | wg: NONE(NONE, 0 ranks)
[Layer 135] attention_column | fwd: ALLGATHER(TP, 4 ranks) | ig: REDUCESCATTER(TP, 4 ranks) | wg: NONE(NONE, 0 ranks)
[Layer 136] attention_row | fwd: REDUCESCATTER(TP, 4 ranks) | ig: ALLGATHER(TP, 4 ranks) | wg: NONE(NONE, 0 ranks)
[Layer 137] mlp_column | fwd: ALLGATHER(TP, 4 ranks) | ig: REDUCESCATTER(TP, 4 ranks) | wg: NONE(NONE, 0 ranks)
[Layer 138] mlp_row | fwd: REDUCESCATTER(TP, 4 ranks) | ig: ALLGATHER(TP, 4 ranks) | wg: NONE(NONE, 0 ranks)
[Layer 139] attention_column | fwd: ALLGATHER(TP, 4 ranks) | ig: REDUCESCATTER(TP, 4 ranks) | wg: NONE(NONE, 0 ranks)
[Layer 140] attention_row | fwd: REDUCESCATTER(TP, 4 ranks) | ig: ALLGATHER(TP, 4 ranks) | wg: NONE(NONE, 0 ranks)
[Layer 141] mlp_column | fwd: ALLGATHER(TP, 4 ranks) | ig: REDUCESCATTER(TP, 4 ranks) | wg: NONE(NONE, 0 ranks)
[Layer 142] mlp_row | fwd: REDUCESCATTER(TP, 4 ranks) | ig: ALLGATHER(TP, 4 ranks) | wg: NONE(NONE, 0 ranks)
[Layer 143] attention_column | fwd: ALLGATHER(TP, 4 ranks) | ig: REDUCESCATTER(TP, 4 ranks) | wg: NONE(NONE, 0 ranks)
[Layer 144] attention_row | fwd: REDUCESCATTER(TP, 4 ranks) | ig: ALLGATHER(TP, 4 ranks) | wg: NONE(NONE, 0 ranks)
[Layer 145] mlp_column | fwd: ALLGATHER(TP, 4 ranks) | ig: REDUCESCATTER(TP, 4 ranks) | wg: NONE(NONE, 0 ranks)
[Layer 146] mlp_row | fwd: REDUCESCATTER(TP, 4 ranks) | ig: ALLGATHER(TP, 4 ranks) | wg: NONE(NONE, 0 ranks)
[Layer 147] attention_column | fwd: ALLGATHER(TP, 4 ranks) | ig: REDUCESCATTER(TP, 4 ranks) | wg: NONE(NONE, 0 ranks)
[Layer 148] attention_row | fwd: REDUCESCATTER(TP, 4 ranks) | ig: ALLGATHER(TP, 4 ranks) | wg: NONE(NONE, 0 ranks)
[Layer 149] mlp_column | fwd: ALLGATHER(TP, 4 ranks) | ig: REDUCESCATTER(TP, 4 ranks) | wg: NONE(NONE, 0 ranks)
[Layer 150] mlp_row | fwd: REDUCESCATTER(TP, 4 ranks) | ig: ALLGATHER(TP, 4 ranks) | wg: NONE(NONE, 0 ranks)
[Layer 151] attention_column | fwd: ALLGATHER(TP, 4 ranks) | ig: REDUCESCATTER(TP, 4 ranks) | wg: NONE(NONE, 0 ranks)
[Layer 152] attention_row | fwd: REDUCESCATTER(TP, 4 ranks) | ig: ALLGATHER(TP, 4 ranks) | wg: NONE(NONE, 0 ranks)
[Layer 153] mlp_column | fwd: ALLGATHER(TP, 4 ranks) | ig: REDUCESCATTER(TP, 4 ranks) | wg: NONE(NONE, 0 ranks)
[Layer 154] mlp_row | fwd: REDUCESCATTER(TP, 4 ranks) | ig: ALLGATHER(TP, 4 ranks) | wg: NONE(NONE, 0 ranks)
[Layer 155] attention_column | fwd: ALLGATHER(TP, 4 ranks) | ig: REDUCESCATTER(TP, 4 ranks) | wg: NONE(NONE, 0 ranks)
[Layer 156] attention_row | fwd: REDUCESCATTER(TP, 4 ranks) | ig: ALLGATHER(TP, 4 ranks) | wg: NONE(NONE, 0 ranks)
[Layer 157] mlp_column | fwd: ALLGATHER(TP, 4 ranks) | ig: REDUCESCATTER(TP, 4 ranks) | wg: NONE(NONE, 0 ranks)
[Layer 158] mlp_row | fwd: REDUCESCATTER(TP, 4 ranks) | ig: ALLGATHER(TP, 4 ranks) | wg: NONE(NONE, 0 ranks)
[Layer 159] attention_column | fwd: ALLGATHER(TP, 4 ranks) | ig: REDUCESCATTER(TP, 4 ranks) | wg: NONE(NONE, 0 ranks)
[Layer 160] attention_row | fwd: REDUCESCATTER(TP, 4 ranks) | ig: ALLGATHER(TP, 4 ranks) | wg: NONE(NONE, 0 ranks)
[Layer 161] mlp_column | fwd: ALLGATHER(TP, 4 ranks) | ig: REDUCESCATTER(TP, 4 ranks) | wg: NONE(NONE, 0 ranks)
[Layer 162] mlp_row | fwd: REDUCESCATTER(TP, 4 ranks) | ig: ALLGATHER(TP, 4 ranks) | wg: NONE(NONE, 0 ranks)
[Layer 163] attention_column | fwd: ALLGATHER(TP, 4 ranks) | ig: REDUCESCATTER(TP, 4 ranks) | wg: NONE(NONE, 0 ranks)
[Layer 164] attention_row | fwd: REDUCESCATTER(TP, 4 ranks) | ig: ALLGATHER(TP, 4 ranks) | wg: NONE(NONE, 0 ranks)
[Layer 165] mlp_column | fwd: ALLGATHER(TP, 4 ranks) | ig: REDUCESCATTER(TP, 4 ranks) | wg: NONE(NONE, 0 ranks)
[Layer 166] mlp_row | fwd: REDUCESCATTER(TP, 4 ranks) | ig: ALLGATHER(TP, 4 ranks) | wg: NONE(NONE, 0 ranks)
[Layer 167] final_column | fwd: ALLGATHER(TP, 4 ranks) | ig: REDUCESCATTER(TP, 4 ranks) | wg: NONE(NONE, 0 ranks)
[Layer 168] embedding_layer | fwd: ALLREDUCE(TP, 4 ranks) | ig: NONE(NONE, 0 ranks) | wg: NONE(NONE, 0 ranks)
[Layer 169] attention_column | fwd: ALLGATHER(TP, 4 ranks) | ig: REDUCESCATTER(TP, 4 ranks) | wg: NONE(NONE, 0 ranks)
[Layer 170] attention_row | fwd: REDUCESCATTER(TP, 4 ranks) | ig: ALLGATHER(TP, 4 ranks) | wg: NONE(NONE, 0 ranks)
[Layer 171] mlp_column | fwd: ALLGATHER(TP, 4 ranks) | ig: REDUCESCATTER(TP, 4 ranks) | wg: NONE(NONE, 0 ranks)
[Layer 172] mlp_row | fwd: REDUCESCATTER(TP, 4 ranks) | ig: ALLGATHER(TP, 4 ranks) | wg: NONE(NONE, 0 ranks)
[Layer 173] attention_column | fwd: ALLGATHER(TP, 4 ranks) | ig: REDUCESCATTER(TP, 4 ranks) | wg: NONE(NONE, 0 ranks)
[Layer 174] attention_row | fwd: REDUCESCATTER(TP, 4 ranks) | ig: ALLGATHER(TP, 4 ranks) | wg: NONE(NONE, 0 ranks)
[Layer 175] mlp_column | fwd: ALLGATHER(TP, 4 ranks) | ig: REDUCESCATTER(TP, 4 ranks) | wg: NONE(NONE, 0 ranks)
[Layer 176] mlp_row | fwd: REDUCESCATTER(TP, 4 ranks) | ig: ALLGATHER(TP, 4 ranks) | wg: NONE(NONE, 0 ranks)
[Layer 177] attention_column | fwd: ALLGATHER(TP, 4 ranks) | ig: REDUCESCATTER(TP, 4 ranks) | wg: NONE(NONE, 0 ranks)
[Layer 178] attention_row | fwd: REDUCESCATTER(TP, 4 ranks) | ig: ALLGATHER(TP, 4 ranks) | wg: NONE(NONE, 0 ranks)
[Layer 179] mlp_column | fwd: ALLGATHER(TP, 4 ranks) | ig: REDUCESCATTER(TP, 4 ranks) | wg: NONE(NONE, 0 ranks)
[Layer 180] mlp_row | fwd: REDUCESCATTER(TP, 4 ranks) | ig: ALLGATHER(TP, 4 ranks) | wg: NONE(NONE, 0 ranks)
[Layer 181] attention_column | fwd: ALLGATHER(TP, 4 ranks) | ig: REDUCESCATTER(TP, 4 ranks) | wg: NONE(NONE, 0 ranks)
[Layer 182] attention_row | fwd: REDUCESCATTER(TP, 4 ranks) | ig: ALLGATHER(TP, 4 ranks) | wg: NONE(NONE, 0 ranks)
[Layer 183] mlp_column | fwd: ALLGATHER(TP, 4 ranks) | ig: REDUCESCATTER(TP, 4 ranks) | wg: NONE(NONE, 0 ranks)
[Layer 184] mlp_row | fwd: REDUCESCATTER(TP, 4 ranks) | ig: ALLGATHER(TP, 4 ranks) | wg: NONE(NONE, 0 ranks)
[Layer 185] attention_column | fwd: ALLGATHER(TP, 4 ranks) | ig: REDUCESCATTER(TP, 4 ranks) | wg: NONE(NONE, 0 ranks)
[Layer 186] attention_row | fwd: REDUCESCATTER(TP, 4 ranks) | ig: ALLGATHER(TP, 4 ranks) | wg: NONE(NONE, 0 ranks)
[Layer 187] mlp_column | fwd: ALLGATHER(TP, 4 ranks) | ig: REDUCESCATTER(TP, 4 ranks) | wg: NONE(NONE, 0 ranks)
[Layer 188] mlp_row | fwd: REDUCESCATTER(TP, 4 ranks) | ig: ALLGATHER(TP, 4 ranks) | wg: NONE(NONE, 0 ranks)
[Layer 189] attention_column | fwd: ALLGATHER(TP, 4 ranks) | ig: REDUCESCATTER(TP, 4 ranks) | wg: NONE(NONE, 0 ranks)
[Layer 190] attention_row | fwd: REDUCESCATTER(TP, 4 ranks) | ig: ALLGATHER(TP, 4 ranks) | wg: NONE(NONE, 0 ranks)
[Layer 191] mlp_column | fwd: ALLGATHER(TP, 4 ranks) | ig: REDUCESCATTER(TP, 4 ranks) | wg: NONE(NONE, 0 ranks)
[Layer 192] mlp_row | fwd: REDUCESCATTER(TP, 4 ranks) | ig: ALLGATHER(TP, 4 ranks) | wg: NONE(NONE, 0 ranks)
[Layer 193] attention_column | fwd: ALLGATHER(TP, 4 ranks) | ig: REDUCESCATTER(TP, 4 ranks) | wg: NONE(NONE, 0 ranks)
[Layer 194] attention_row | fwd: REDUCESCATTER(TP, 4 ranks) | ig: ALLGATHER(TP, 4 ranks) | wg: NONE(NONE, 0 ranks)
[Layer 195] mlp_column | fwd: ALLGATHER(TP, 4 ranks) | ig: REDUCESCATTER(TP, 4 ranks) | wg: NONE(NONE, 0 ranks)
[Layer 196] mlp_row | fwd: REDUCESCATTER(TP, 4 ranks) | ig: ALLGATHER(TP, 4 ranks) | wg: NONE(NONE, 0 ranks)
[Layer 197] attention_column | fwd: ALLGATHER(TP, 4 ranks) | ig: REDUCESCATTER(TP, 4 ranks) | wg: NONE(NONE, 0 ranks)
[Layer 198] attention_row | fwd: REDUCESCATTER(TP, 4 ranks) | ig: ALLGATHER(TP, 4 ranks) | wg: NONE(NONE, 0 ranks)
[Layer 199] mlp_column | fwd: ALLGATHER(TP, 4 ranks) | ig: REDUCESCATTER(TP, 4 ranks) | wg: NONE(NONE, 0 ranks)
[Layer 200] mlp_row | fwd: REDUCESCATTER(TP, 4 ranks) | ig: ALLGATHER(TP, 4 ranks) | wg: NONE(NONE, 0 ranks)
[Layer 201] attention_column | fwd: ALLGATHER(TP, 4 ranks) | ig: REDUCESCATTER(TP, 4 ranks) | wg: NONE(NONE, 0 ranks)
[Layer 202] attention_row | fwd: REDUCESCATTER(TP, 4 ranks) | ig: ALLGATHER(TP, 4 ranks) | wg: NONE(NONE, 0 ranks)
[Layer 203] mlp_column | fwd: ALLGATHER(TP, 4 ranks) | ig: REDUCESCATTER(TP, 4 ranks) | wg: NONE(NONE, 0 ranks)
[Layer 204] mlp_row | fwd: REDUCESCATTER(TP, 4 ranks) | ig: ALLGATHER(TP, 4 ranks) | wg: NONE(NONE, 0 ranks)
[Layer 205] attention_column | fwd: ALLGATHER(TP, 4 ranks) | ig: REDUCESCATTER(TP, 4 ranks) | wg: NONE(NONE, 0 ranks)
[Layer 206] attention_row | fwd: REDUCESCATTER(TP, 4 ranks) | ig: ALLGATHER(TP, 4 ranks) | wg: NONE(NONE, 0 ranks)
[Layer 207] mlp_column | fwd: ALLGATHER(TP, 4 ranks) | ig: REDUCESCATTER(TP, 4 ranks) | wg: NONE(NONE, 0 ranks)
[Layer 208] mlp_row | fwd: REDUCESCATTER(TP, 4 ranks) | ig: ALLGATHER(TP, 4 ranks) | wg: NONE(NONE, 0 ranks)
[Layer 209] attention_column | fwd: ALLGATHER(TP, 4 ranks) | ig: REDUCESCATTER(TP, 4 ranks) | wg: NONE(NONE, 0 ranks)
[Layer 210] attention_row | fwd: REDUCESCATTER(TP, 4 ranks) | ig: ALLGATHER(TP, 4 ranks) | wg: NONE(NONE, 0 ranks)
[Layer 211] mlp_column | fwd: ALLGATHER(TP, 4 ranks) | ig: REDUCESCATTER(TP, 4 ranks) | wg: NONE(NONE, 0 ranks)
[Layer 212] mlp_row | fwd: REDUCESCATTER(TP, 4 ranks) | ig: ALLGATHER(TP, 4 ranks) | wg: NONE(NONE, 0 ranks)
[Layer 213] attention_column | fwd: ALLGATHER(TP, 4 ranks) | ig: REDUCESCATTER(TP, 4 ranks) | wg: NONE(NONE, 0 ranks)
[Layer 214] attention_row | fwd: REDUCESCATTER(TP, 4 ranks) | ig: ALLGATHER(TP, 4 ranks) | wg: NONE(NONE, 0 ranks)
[Layer 215] mlp_column | fwd: ALLGATHER(TP, 4 ranks) | ig: REDUCESCATTER(TP, 4 ranks) | wg: NONE(NONE, 0 ranks)
[Layer 216] mlp_row | fwd: REDUCESCATTER(TP, 4 ranks) | ig: ALLGATHER(TP, 4 ranks) | wg: NONE(NONE, 0 ranks)
[Layer 217] attention_column | fwd: ALLGATHER(TP, 4 ranks) | ig: REDUCESCATTER(TP, 4 ranks) | wg: NONE(NONE, 0 ranks)
[Layer 218] attention_row | fwd: REDUCESCATTER(TP, 4 ranks) | ig: ALLGATHER(TP, 4 ranks) | wg: NONE(NONE, 0 ranks)
[Layer 219] mlp_column | fwd: ALLGATHER(TP, 4 ranks) | ig: REDUCESCATTER(TP, 4 ranks) | wg: NONE(NONE, 0 ranks)
[Layer 220] mlp_row | fwd: REDUCESCATTER(TP, 4 ranks) | ig: ALLGATHER(TP, 4 ranks) | wg: NONE(NONE, 0 ranks)
[Layer 221] attention_column | fwd: ALLGATHER(TP, 4 ranks) | ig: REDUCESCATTER(TP, 4 ranks) | wg: NONE(NONE, 0 ranks)
[Layer 222] attention_row | fwd: REDUCESCATTER(TP, 4 ranks) | ig: ALLGATHER(TP, 4 ranks) | wg: NONE(NONE, 0 ranks)
[Layer 223] mlp_column | fwd: ALLGATHER(TP, 4 ranks) | ig: REDUCESCATTER(TP, 4 ranks) | wg: NONE(NONE, 0 ranks)
[Layer 224] mlp_row | fwd: REDUCESCATTER(TP, 4 ranks) | ig: ALLGATHER(TP, 4 ranks) | wg: NONE(NONE, 0 ranks)
[Layer 225] attention_column | fwd: ALLGATHER(TP, 4 ranks) | ig: REDUCESCATTER(TP, 4 ranks) | wg: NONE(NONE, 0 ranks)
[Layer 226] attention_row | fwd: REDUCESCATTER(TP, 4 ranks) | ig: ALLGATHER(TP, 4 ranks) | wg: NONE(NONE, 0 ranks)
[Layer 227] mlp_column | fwd: ALLGATHER(TP, 4 ranks) | ig: REDUCESCATTER(TP, 4 ranks) | wg: NONE(NONE, 0 ranks)
[Layer 228] mlp_row | fwd: REDUCESCATTER(TP, 4 ranks) | ig: ALLGATHER(TP, 4 ranks) | wg: NONE(NONE, 0 ranks)
[Layer 229] attention_column | fwd: ALLGATHER(TP, 4 ranks) | ig: REDUCESCATTER(TP, 4 ranks) | wg: NONE(NONE, 0 ranks)
[Layer 230] attention_row | fwd: REDUCESCATTER(TP, 4 ranks) | ig: ALLGATHER(TP, 4 ranks) | wg: NONE(NONE, 0 ranks)
[Layer 231] mlp_column | fwd: ALLGATHER(TP, 4 ranks) | ig: REDUCESCATTER(TP, 4 ranks) | wg: NONE(NONE, 0 ranks)
[Layer 232] mlp_row | fwd: REDUCESCATTER(TP, 4 ranks) | ig: ALLGATHER(TP, 4 ranks) | wg: NONE(NONE, 0 ranks)
[Layer 233] attention_column | fwd: ALLGATHER(TP, 4 ranks) | ig: REDUCESCATTER(TP, 4 ranks) | wg: NONE(NONE, 0 ranks)
[Layer 234] attention_row | fwd: REDUCESCATTER(TP, 4 ranks) | ig: ALLGATHER(TP, 4 ranks) | wg: NONE(NONE, 0 ranks)
[Layer 235] mlp_column | fwd: ALLGATHER(TP, 4 ranks) | ig: REDUCESCATTER(TP, 4 ranks) | wg: NONE(NONE, 0 ranks)
[Layer 236] mlp_row | fwd: REDUCESCATTER(TP, 4 ranks) | ig: ALLGATHER(TP, 4 ranks) | wg: NONE(NONE, 0 ranks)
[Layer 237] attention_column | fwd: ALLGATHER(TP, 4 ranks) | ig: REDUCESCATTER(TP, 4 ranks) | wg: NONE(NONE, 0 ranks)
[Layer 238] attention_row | fwd: REDUCESCATTER(TP, 4 ranks) | ig: ALLGATHER(TP, 4 ranks) | wg: NONE(NONE, 0 ranks)
[Layer 239] mlp_column | fwd: ALLGATHER(TP, 4 ranks) | ig: REDUCESCATTER(TP, 4 ranks) | wg: NONE(NONE, 0 ranks)
[Layer 240] mlp_row | fwd: REDUCESCATTER(TP, 4 ranks) | ig: ALLGATHER(TP, 4 ranks) | wg: NONE(NONE, 0 ranks)
[Layer 241] attention_column | fwd: ALLGATHER(TP, 4 ranks) | ig: REDUCESCATTER(TP, 4 ranks) | wg: NONE(NONE, 0 ranks)
[Layer 242] attention_row | fwd: REDUCESCATTER(TP, 4 ranks) | ig: ALLGATHER(TP, 4 ranks) | wg: NONE(NONE, 0 ranks)
[Layer 243] mlp_column | fwd: ALLGATHER(TP, 4 ranks) | ig: REDUCESCATTER(TP, 4 ranks) | wg: NONE(NONE, 0 ranks)
[Layer 244] mlp_row | fwd: REDUCESCATTER(TP, 4 ranks) | ig: ALLGATHER(TP, 4 ranks) | wg: NONE(NONE, 0 ranks)
[Layer 245] attention_column | fwd: ALLGATHER(TP, 4 ranks) | ig: REDUCESCATTER(TP, 4 ranks) | wg: NONE(NONE, 0 ranks)
[Layer 246] attention_row | fwd: REDUCESCATTER(TP, 4 ranks) | ig: ALLGATHER(TP, 4 ranks) | wg: NONE(NONE, 0 ranks)
[Layer 247] mlp_column | fwd: ALLGATHER(TP, 4 ranks) | ig: REDUCESCATTER(TP, 4 ranks) | wg: NONE(NONE, 0 ranks)
[Layer 248] mlp_row | fwd: REDUCESCATTER(TP, 4 ranks) | ig: ALLGATHER(TP, 4 ranks) | wg: NONE(NONE, 0 ranks)
[Layer 249] attention_column | fwd: ALLGATHER(TP, 4 ranks) | ig: REDUCESCATTER(TP, 4 ranks) | wg: NONE(NONE, 0 ranks)
[Layer 250] attention_row | fwd: REDUCESCATTER(TP, 4 ranks) | ig: ALLGATHER(TP, 4 ranks) | wg: NONE(NONE, 0 ranks)
[Layer 251] mlp_column | fwd: ALLGATHER(TP, 4 ranks) | ig: REDUCESCATTER(TP, 4 ranks) | wg: NONE(NONE, 0 ranks)
[Layer 252] mlp_row | fwd: REDUCESCATTER(TP, 4 ranks) | ig: ALLGATHER(TP, 4 ranks) | wg: NONE(NONE, 0 ranks)
[Layer 253] attention_column | fwd: ALLGATHER(TP, 4 ranks) | ig: REDUCESCATTER(TP, 4 ranks) | wg: NONE(NONE, 0 ranks)
[Layer 254] attention_row | fwd: REDUCESCATTER(TP, 4 ranks) | ig: ALLGATHER(TP, 4 ranks) | wg: NONE(NONE, 0 ranks)
[Layer 255] mlp_column | fwd: ALLGATHER(TP, 4 ranks) | ig: REDUCESCATTER(TP, 4 ranks) | wg: NONE(NONE, 0 ranks)
[Layer 256] mlp_row | fwd: REDUCESCATTER(TP, 4 ranks) | ig: ALLGATHER(TP, 4 ranks) | wg: NONE(NONE, 0 ranks)
[Layer 257] attention_column | fwd: ALLGATHER(TP, 4 ranks) | ig: REDUCESCATTER(TP, 4 ranks) | wg: NONE(NONE, 0 ranks)
[Layer 258] attention_row | fwd: REDUCESCATTER(TP, 4 ranks) | ig: ALLGATHER(TP, 4 ranks) | wg: NONE(NONE, 0 ranks)
[Layer 259] mlp_column | fwd: ALLGATHER(TP, 4 ranks) | ig: REDUCESCATTER(TP, 4 ranks) | wg: NONE(NONE, 0 ranks)
[Layer 260] mlp_row | fwd: REDUCESCATTER(TP, 4 ranks) | ig: ALLGATHER(TP, 4 ranks) | wg: NONE(NONE, 0 ranks)
[Layer 261] attention_column | fwd: ALLGATHER(TP, 4 ranks) | ig: REDUCESCATTER(TP, 4 ranks) | wg: NONE(NONE, 0 ranks)
[Layer 262] attention_row | fwd: REDUCESCATTER(TP, 4 ranks) | ig: ALLGATHER(TP, 4 ranks) | wg: NONE(NONE, 0 ranks)
[Layer 263] mlp_column | fwd: ALLGATHER(TP, 4 ranks) | ig: REDUCESCATTER(TP, 4 ranks) | wg: NONE(NONE, 0 ranks)
[Layer 264] mlp_row | fwd: REDUCESCATTER(TP, 4 ranks) | ig: ALLGATHER(TP, 4 ranks) | wg: NONE(NONE, 0 ranks)
[Layer 265] attention_column | fwd: ALLGATHER(TP, 4 ranks) | ig: REDUCESCATTER(TP, 4 ranks) | wg: NONE(NONE, 0 ranks)
[Layer 266] attention_row | fwd: REDUCESCATTER(TP, 4 ranks) | ig: ALLGATHER(TP, 4 ranks) | wg: NONE(NONE, 0 ranks)
[Layer 267] mlp_column | fwd: ALLGATHER(TP, 4 ranks) | ig: REDUCESCATTER(TP, 4 ranks) | wg: NONE(NONE, 0 ranks)
[Layer 268] mlp_row | fwd: REDUCESCATTER(TP, 4 ranks) | ig: ALLGATHER(TP, 4 ranks) | wg: NONE(NONE, 0 ranks)
[Layer 269] attention_column | fwd: ALLGATHER(TP, 4 ranks) | ig: REDUCESCATTER(TP, 4 ranks) | wg: NONE(NONE, 0 ranks)
[Layer 270] attention_row | fwd: REDUCESCATTER(TP, 4 ranks) | ig: ALLGATHER(TP, 4 ranks) | wg: NONE(NONE, 0 ranks)
[Layer 271] mlp_column | fwd: ALLGATHER(TP, 4 ranks) | ig: REDUCESCATTER(TP, 4 ranks) | wg: NONE(NONE, 0 ranks)
[Layer 272] mlp_row | fwd: REDUCESCATTER(TP, 4 ranks) | ig: ALLGATHER(TP, 4 ranks) | wg: NONE(NONE, 0 ranks)
[Layer 273] attention_column | fwd: ALLGATHER(TP, 4 ranks) | ig: REDUCESCATTER(TP, 4 ranks) | wg: NONE(NONE, 0 ranks)
[Layer 274] attention_row | fwd: REDUCESCATTER(TP, 4 ranks) | ig: ALLGATHER(TP, 4 ranks) | wg: NONE(NONE, 0 ranks)
[Layer 275] mlp_column | fwd: ALLGATHER(TP, 4 ranks) | ig: REDUCESCATTER(TP, 4 ranks) | wg: NONE(NONE, 0 ranks)
[Layer 276] mlp_row | fwd: REDUCESCATTER(TP, 4 ranks) | ig: ALLGATHER(TP, 4 ranks) | wg: NONE(NONE, 0 ranks)
[Layer 277] attention_column | fwd: ALLGATHER(TP, 4 ranks) | ig: REDUCESCATTER(TP, 4 ranks) | wg: NONE(NONE, 0 ranks)
[Layer 278] attention_row | fwd: REDUCESCATTER(TP, 4 ranks) | ig: ALLGATHER(TP, 4 ranks) | wg: NONE(NONE, 0 ranks)
[Layer 279] mlp_column | fwd: ALLGATHER(TP, 4 ranks) | ig: REDUCESCATTER(TP, 4 ranks) | wg: NONE(NONE, 0 ranks)
[Layer 280] mlp_row | fwd: REDUCESCATTER(TP, 4 ranks) | ig: ALLGATHER(TP, 4 ranks) | wg: NONE(NONE, 0 ranks)
[Layer 281] attention_column | fwd: ALLGATHER(TP, 4 ranks) | ig: REDUCESCATTER(TP, 4 ranks) | wg: NONE(NONE, 0 ranks)
[Layer 282] attention_row | fwd: REDUCESCATTER(TP, 4 ranks) | ig: ALLGATHER(TP, 4 ranks) | wg: NONE(NONE, 0 ranks)
[Layer 283] mlp_column | fwd: ALLGATHER(TP, 4 ranks) | ig: REDUCESCATTER(TP, 4 ranks) | wg: NONE(NONE, 0 ranks)
[Layer 284] mlp_row | fwd: REDUCESCATTER(TP, 4 ranks) | ig: ALLGATHER(TP, 4 ranks) | wg: NONE(NONE, 0 ranks)
[Layer 285] attention_column | fwd: ALLGATHER(TP, 4 ranks) | ig: REDUCESCATTER(TP, 4 ranks) | wg: NONE(NONE, 0 ranks)
[Layer 286] attention_row | fwd: REDUCESCATTER(TP, 4 ranks) | ig: ALLGATHER(TP, 4 ranks) | wg: NONE(NONE, 0 ranks)
[Layer 287] mlp_column | fwd: ALLGATHER(TP, 4 ranks) | ig: REDUCESCATTER(TP, 4 ranks) | wg: NONE(NONE, 0 ranks)
[Layer 288] mlp_row | fwd: REDUCESCATTER(TP, 4 ranks) | ig: ALLGATHER(TP, 4 ranks) | wg: NONE(NONE, 0 ranks)
[Layer 289] attention_column | fwd: ALLGATHER(TP, 4 ranks) | ig: REDUCESCATTER(TP, 4 ranks) | wg: NONE(NONE, 0 ranks)
[Layer 290] attention_row | fwd: REDUCESCATTER(TP, 4 ranks) | ig: ALLGATHER(TP, 4 ranks) | wg: NONE(NONE, 0 ranks)
[Layer 291] mlp_column | fwd: ALLGATHER(TP, 4 ranks) | ig: REDUCESCATTER(TP, 4 ranks) | wg: NONE(NONE, 0 ranks)
[Layer 292] mlp_row | fwd: REDUCESCATTER(TP, 4 ranks) | ig: ALLGATHER(TP, 4 ranks) | wg: NONE(NONE, 0 ranks)
[Layer 293] attention_column | fwd: ALLGATHER(TP, 4 ranks) | ig: REDUCESCATTER(TP, 4 ranks) | wg: NONE(NONE, 0 ranks)
[Layer 294] attention_row | fwd: REDUCESCATTER(TP, 4 ranks) | ig: ALLGATHER(TP, 4 ranks) | wg: NONE(NONE, 0 ranks)
[Layer 295] mlp_column | fwd: ALLGATHER(TP, 4 ranks) | ig: REDUCESCATTER(TP, 4 ranks) | wg: NONE(NONE, 0 ranks)
[Layer 296] mlp_row | fwd: REDUCESCATTER(TP, 4 ranks) | ig: ALLGATHER(TP, 4 ranks) | wg: NONE(NONE, 0 ranks)
[Layer 297] attention_column | fwd: ALLGATHER(TP, 4 ranks) | ig: REDUCESCATTER(TP, 4 ranks) | wg: NONE(NONE, 0 ranks)
[Layer 298] attention_row | fwd: REDUCESCATTER(TP, 4 ranks) | ig: ALLGATHER(TP, 4 ranks) | wg: NONE(NONE, 0 ranks)
[Layer 299] mlp_column | fwd: ALLGATHER(TP, 4 ranks) | ig: REDUCESCATTER(TP, 4 ranks) | wg: NONE(NONE, 0 ranks)
[Layer 300] mlp_row | fwd: REDUCESCATTER(TP, 4 ranks) | ig: ALLGATHER(TP, 4 ranks) | wg: NONE(NONE, 0 ranks)
[Layer 301] attention_column | fwd: ALLGATHER(TP, 4 ranks) | ig: REDUCESCATTER(TP, 4 ranks) | wg: NONE(NONE, 0 ranks)
[Layer 302] attention_row | fwd: REDUCESCATTER(TP, 4 ranks) | ig: ALLGATHER(TP, 4 ranks) | wg: NONE(NONE, 0 ranks)
[Layer 303] mlp_column | fwd: ALLGATHER(TP, 4 ranks) | ig: REDUCESCATTER(TP, 4 ranks) | wg: NONE(NONE, 0 ranks)
[Layer 304] mlp_row | fwd: REDUCESCATTER(TP, 4 ranks) | ig: ALLGATHER(TP, 4 ranks) | wg: NONE(NONE, 0 ranks)
[Layer 305] attention_column | fwd: ALLGATHER(TP, 4 ranks) | ig: REDUCESCATTER(TP, 4 ranks) | wg: NONE(NONE, 0 ranks)
[Layer 306] attention_row | fwd: REDUCESCATTER(TP, 4 ranks) | ig: ALLGATHER(TP, 4 ranks) | wg: NONE(NONE, 0 ranks)
[Layer 307] mlp_column | fwd: ALLGATHER(TP, 4 ranks) | ig: REDUCESCATTER(TP, 4 ranks) | wg: NONE(NONE, 0 ranks)
[Layer 308] mlp_row | fwd: REDUCESCATTER(TP, 4 ranks) | ig: ALLGATHER(TP, 4 ranks) | wg: NONE(NONE, 0 ranks)
[Layer 309] attention_column | fwd: ALLGATHER(TP, 4 ranks) | ig: REDUCESCATTER(TP, 4 ranks) | wg: NONE(NONE, 0 ranks)
[Layer 310] attention_row | fwd: REDUCESCATTER(TP, 4 ranks) | ig: ALLGATHER(TP, 4 ranks) | wg: NONE(NONE, 0 ranks)
[Layer 311] mlp_column | fwd: ALLGATHER(TP, 4 ranks) | ig: REDUCESCATTER(TP, 4 ranks) | wg: NONE(NONE, 0 ranks)
[Layer 312] mlp_row | fwd: REDUCESCATTER(TP, 4 ranks) | ig: ALLGATHER(TP, 4 ranks) | wg: NONE(NONE, 0 ranks)
[Layer 313] attention_column | fwd: ALLGATHER(TP, 4 ranks) | ig: REDUCESCATTER(TP, 4 ranks) | wg: NONE(NONE, 0 ranks)
[Layer 314] attention_row | fwd: REDUCESCATTER(TP, 4 ranks) | ig: ALLGATHER(TP, 4 ranks) | wg: NONE(NONE, 0 ranks)
[Layer 315] mlp_column | fwd: ALLGATHER(TP, 4 ranks) | ig: REDUCESCATTER(TP, 4 ranks) | wg: NONE(NONE, 0 ranks)
[Layer 316] mlp_row | fwd: REDUCESCATTER(TP, 4 ranks) | ig: ALLGATHER(TP, 4 ranks) | wg: NONE(NONE, 0 ranks)
[Layer 317] attention_column | fwd: ALLGATHER(TP, 4 ranks) | ig: REDUCESCATTER(TP, 4 ranks) | wg: NONE(NONE, 0 ranks)
[Layer 318] attention_row | fwd: REDUCESCATTER(TP, 4 ranks) | ig: ALLGATHER(TP, 4 ranks) | wg: NONE(NONE, 0 ranks)
[Layer 319] mlp_column | fwd: ALLGATHER(TP, 4 ranks) | ig: REDUCESCATTER(TP, 4 ranks) | wg: NONE(NONE, 0 ranks)
[Layer 320] mlp_row | fwd: REDUCESCATTER(TP, 4 ranks) | ig: ALLGATHER(TP, 4 ranks) | wg: NONE(NONE, 0 ranks)
[Layer 321] attention_column | fwd: ALLGATHER(TP, 4 ranks) | ig: REDUCESCATTER(TP, 4 ranks) | wg: NONE(NONE, 0 ranks)
[Layer 322] attention_row | fwd: REDUCESCATTER(TP, 4 ranks) | ig: ALLGATHER(TP, 4 ranks) | wg: NONE(NONE, 0 ranks)
[Layer 323] mlp_column | fwd: ALLGATHER(TP, 4 ranks) | ig: REDUCESCATTER(TP, 4 ranks) | wg: NONE(NONE, 0 ranks)
[Layer 324] mlp_row | fwd: REDUCESCATTER(TP, 4 ranks) | ig: ALLGATHER(TP, 4 ranks) | wg: NONE(NONE, 0 ranks)
[Layer 325] attention_column | fwd: ALLGATHER(TP, 4 ranks) | ig: REDUCESCATTER(TP, 4 ranks) | wg: NONE(NONE, 0 ranks)
[Layer 326] attention_row | fwd: REDUCESCATTER(TP, 4 ranks) | ig: ALLGATHER(TP, 4 ranks) | wg: NONE(NONE, 0 ranks)
[Layer 327] mlp_column | fwd: ALLGATHER(TP, 4 ranks) | ig: REDUCESCATTER(TP, 4 ranks) | wg: NONE(NONE, 0 ranks)
[Layer 328] mlp_row | fwd: REDUCESCATTER(TP, 4 ranks) | ig: ALLGATHER(TP, 4 ranks) | wg: NONE(NONE, 0 ranks)
[Layer 329] final_column | fwd: ALLGATHER(TP, 4 ranks) | ig: REDUCESCATTER(TP, 4 ranks) | wg: NONE(NONE, 0 ranks)
[Layer 330] embedding_layer | fwd: ALLREDUCE(TP, 4 ranks) | ig: NONE(NONE, 0 ranks) | wg: NONE(NONE, 0 ranks)
[Layer 331] attention_column | fwd: ALLGATHER(TP, 4 ranks) | ig: REDUCESCATTER(TP, 4 ranks) | wg: NONE(NONE, 0 ranks)
[Layer 332] attention_row | fwd: REDUCESCATTER(TP, 4 ranks) | ig: ALLGATHER(TP, 4 ranks) | wg: NONE(NONE, 0 ranks)
[Layer 333] mlp_column | fwd: ALLGATHER(TP, 4 ranks) | ig: REDUCESCATTER(TP, 4 ranks) | wg: NONE(NONE, 0 ranks)
[Layer 334] mlp_row | fwd: REDUCESCATTER(TP, 4 ranks) | ig: ALLGATHER(TP, 4 ranks) | wg: NONE(NONE, 0 ranks)
[Layer 335] attention_column | fwd: ALLGATHER(TP, 4 ranks) | ig: REDUCESCATTER(TP, 4 ranks) | wg: NONE(NONE, 0 ranks)
[Layer 336] attention_row | fwd: REDUCESCATTER(TP, 4 ranks) | ig: ALLGATHER(TP, 4 ranks) | wg: NONE(NONE, 0 ranks)
[Layer 337] mlp_column | fwd: ALLGATHER(TP, 4 ranks) | ig: REDUCESCATTER(TP, 4 ranks) | wg: NONE(NONE, 0 ranks)
[Layer 338] mlp_row | fwd: REDUCESCATTER(TP, 4 ranks) | ig: ALLGATHER(TP, 4 ranks) | wg: NONE(NONE, 0 ranks)
[Layer 339] attention_column | fwd: ALLGATHER(TP, 4 ranks) | ig: REDUCESCATTER(TP, 4 ranks) | wg: NONE(NONE, 0 ranks)
[Layer 340] attention_row | fwd: REDUCESCATTER(TP, 4 ranks) | ig: ALLGATHER(TP, 4 ranks) | wg: NONE(NONE, 0 ranks)
[Layer 341] mlp_column | fwd: ALLGATHER(TP, 4 ranks) | ig: REDUCESCATTER(TP, 4 ranks) | wg: NONE(NONE, 0 ranks)
[Layer 342] mlp_row | fwd: REDUCESCATTER(TP, 4 ranks) | ig: ALLGATHER(TP, 4 ranks) | wg: NONE(NONE, 0 ranks)
[Layer 343] attention_column | fwd: ALLGATHER(TP, 4 ranks) | ig: REDUCESCATTER(TP, 4 ranks) | wg: NONE(NONE, 0 ranks)
[Layer 344] attention_row | fwd: REDUCESCATTER(TP, 4 ranks) | ig: ALLGATHER(TP, 4 ranks) | wg: NONE(NONE, 0 ranks)
[Layer 345] mlp_column | fwd: ALLGATHER(TP, 4 ranks) | ig: REDUCESCATTER(TP, 4 ranks) | wg: NONE(NONE, 0 ranks)
[Layer 346] mlp_row | fwd: REDUCESCATTER(TP, 4 ranks) | ig: ALLGATHER(TP, 4 ranks) | wg: NONE(NONE, 0 ranks)
[Layer 347] attention_column | fwd: ALLGATHER(TP, 4 ranks) | ig: REDUCESCATTER(TP, 4 ranks) | wg: NONE(NONE, 0 ranks)
[Layer 348] attention_row | fwd: REDUCESCATTER(TP, 4 ranks) | ig: ALLGATHER(TP, 4 ranks) | wg: NONE(NONE, 0 ranks)
[Layer 349] mlp_column | fwd: ALLGATHER(TP, 4 ranks) | ig: REDUCESCATTER(TP, 4 ranks) | wg: NONE(NONE, 0 ranks)
[Layer 350] mlp_row | fwd: REDUCESCATTER(TP, 4 ranks) | ig: ALLGATHER(TP, 4 ranks) | wg: NONE(NONE, 0 ranks)
[Layer 351] attention_column | fwd: ALLGATHER(TP, 4 ranks) | ig: REDUCESCATTER(TP, 4 ranks) | wg: NONE(NONE, 0 ranks)
[Layer 352] attention_row | fwd: REDUCESCATTER(TP, 4 ranks) | ig: ALLGATHER(TP, 4 ranks) | wg: NONE(NONE, 0 ranks)
[Layer 353] mlp_column | fwd: ALLGATHER(TP, 4 ranks) | ig: REDUCESCATTER(TP, 4 ranks) | wg: NONE(NONE, 0 ranks)
[Layer 354] mlp_row | fwd: REDUCESCATTER(TP, 4 ranks) | ig: ALLGATHER(TP, 4 ranks) | wg: NONE(NONE, 0 ranks)
[Layer 355] attention_column | fwd: ALLGATHER(TP, 4 ranks) | ig: REDUCESCATTER(TP, 4 ranks) | wg: NONE(NONE, 0 ranks)
[Layer 356] attention_row | fwd: REDUCESCATTER(TP, 4 ranks) | ig: ALLGATHER(TP, 4 ranks) | wg: NONE(NONE, 0 ranks)
[Layer 357] mlp_column | fwd: ALLGATHER(TP, 4 ranks) | ig: REDUCESCATTER(TP, 4 ranks) | wg: NONE(NONE, 0 ranks)
[Layer 358] mlp_row | fwd: REDUCESCATTER(TP, 4 ranks) | ig: ALLGATHER(TP, 4 ranks) | wg: NONE(NONE, 0 ranks)
[Layer 359] attention_column | fwd: ALLGATHER(TP, 4 ranks) | ig: REDUCESCATTER(TP, 4 ranks) | wg: NONE(NONE, 0 ranks)
[Layer 360] attention_row | fwd: REDUCESCATTER(TP, 4 ranks) | ig: ALLGATHER(TP, 4 ranks) | wg: NONE(NONE, 0 ranks)
[Layer 361] mlp_column | fwd: ALLGATHER(TP, 4 ranks) | ig: REDUCESCATTER(TP, 4 ranks) | wg: NONE(NONE, 0 ranks)
[Layer 362] mlp_row | fwd: REDUCESCATTER(TP, 4 ranks) | ig: ALLGATHER(TP, 4 ranks) | wg: NONE(NONE, 0 ranks)
[Layer 363] attention_column | fwd: ALLGATHER(TP, 4 ranks) | ig: REDUCESCATTER(TP, 4 ranks) | wg: NONE(NONE, 0 ranks)
[Layer 364] attention_row | fwd: REDUCESCATTER(TP, 4 ranks) | ig: ALLGATHER(TP, 4 ranks) | wg: NONE(NONE, 0 ranks)
[Layer 365] mlp_column | fwd: ALLGATHER(TP, 4 ranks) | ig: REDUCESCATTER(TP, 4 ranks) | wg: NONE(NONE, 0 ranks)
[Layer 366] mlp_row | fwd: REDUCESCATTER(TP, 4 ranks) | ig: ALLGATHER(TP, 4 ranks) | wg: NONE(NONE, 0 ranks)
[Layer 367] attention_column | fwd: ALLGATHER(TP, 4 ranks) | ig: REDUCESCATTER(TP, 4 ranks) | wg: NONE(NONE, 0 ranks)
[Layer 368] attention_row | fwd: REDUCESCATTER(TP, 4 ranks) | ig: ALLGATHER(TP, 4 ranks) | wg: NONE(NONE, 0 ranks)
[Layer 369] mlp_column | fwd: ALLGATHER(TP, 4 ranks) | ig: REDUCESCATTER(TP, 4 ranks) | wg: NONE(NONE, 0 ranks)
[Layer 370] mlp_row | fwd: REDUCESCATTER(TP, 4 ranks) | ig: ALLGATHER(TP, 4 ranks) | wg: NONE(NONE, 0 ranks)
[Layer 371] attention_column | fwd: ALLGATHER(TP, 4 ranks) | ig: REDUCESCATTER(TP, 4 ranks) | wg: NONE(NONE, 0 ranks)
[Layer 372] attention_row | fwd: REDUCESCATTER(TP, 4 ranks) | ig: ALLGATHER(TP, 4 ranks) | wg: NONE(NONE, 0 ranks)
[Layer 373] mlp_column | fwd: ALLGATHER(TP, 4 ranks) | ig: REDUCESCATTER(TP, 4 ranks) | wg: NONE(NONE, 0 ranks)
[Layer 374] mlp_row | fwd: REDUCESCATTER(TP, 4 ranks) | ig: ALLGATHER(TP, 4 ranks) | wg: NONE(NONE, 0 ranks)
[Layer 375] attention_column | fwd: ALLGATHER(TP, 4 ranks) | ig: REDUCESCATTER(TP, 4 ranks) | wg: NONE(NONE, 0 ranks)
[Layer 376] attention_row | fwd: REDUCESCATTER(TP, 4 ranks) | ig: ALLGATHER(TP, 4 ranks) | wg: NONE(NONE, 0 ranks)
[Layer 377] mlp_column | fwd: ALLGATHER(TP, 4 ranks) | ig: REDUCESCATTER(TP, 4 ranks) | wg: NONE(NONE, 0 ranks)
[Layer 378] mlp_row | fwd: REDUCESCATTER(TP, 4 ranks) | ig: ALLGATHER(TP, 4 ranks) | wg: NONE(NONE, 0 ranks)
[Layer 379] attention_column | fwd: ALLGATHER(TP, 4 ranks) | ig: REDUCESCATTER(TP, 4 ranks) | wg: NONE(NONE, 0 ranks)
[Layer 380] attention_row | fwd: REDUCESCATTER(TP, 4 ranks) | ig: ALLGATHER(TP, 4 ranks) | wg: NONE(NONE, 0 ranks)
[Layer 381] mlp_column | fwd: ALLGATHER(TP, 4 ranks) | ig: REDUCESCATTER(TP, 4 ranks) | wg: NONE(NONE, 0 ranks)
[Layer 382] mlp_row | fwd: REDUCESCATTER(TP, 4 ranks) | ig: ALLGATHER(TP, 4 ranks) | wg: NONE(NONE, 0 ranks)
[Layer 383] attention_column | fwd: ALLGATHER(TP, 4 ranks) | ig: REDUCESCATTER(TP, 4 ranks) | wg: NONE(NONE, 0 ranks)
[Layer 384] attention_row | fwd: REDUCESCATTER(TP, 4 ranks) | ig: ALLGATHER(TP, 4 ranks) | wg: NONE(NONE, 0 ranks)
[Layer 385] mlp_column | fwd: ALLGATHER(TP, 4 ranks) | ig: REDUCESCATTER(TP, 4 ranks) | wg: NONE(NONE, 0 ranks)
[Layer 386] mlp_row | fwd: REDUCESCATTER(TP, 4 ranks) | ig: ALLGATHER(TP, 4 ranks) | wg: NONE(NONE, 0 ranks)
[Layer 387] attention_column | fwd: ALLGATHER(TP, 4 ranks) | ig: REDUCESCATTER(TP, 4 ranks) | wg: NONE(NONE, 0 ranks)
[Layer 388] attention_row | fwd: REDUCESCATTER(TP, 4 ranks) | ig: ALLGATHER(TP, 4 ranks) | wg: NONE(NONE, 0 ranks)
[Layer 389] mlp_column | fwd: ALLGATHER(TP, 4 ranks) | ig: REDUCESCATTER(TP, 4 ranks) | wg: NONE(NONE, 0 ranks)
[Layer 390] mlp_row | fwd: REDUCESCATTER(TP, 4 ranks) | ig: ALLGATHER(TP, 4 ranks) | wg: NONE(NONE, 0 ranks)
[Layer 391] attention_column | fwd: ALLGATHER(TP, 4 ranks) | ig: REDUCESCATTER(TP, 4 ranks) | wg: NONE(NONE, 0 ranks)
[Layer 392] attention_row | fwd: REDUCESCATTER(TP, 4 ranks) | ig: ALLGATHER(TP, 4 ranks) | wg: NONE(NONE, 0 ranks)
[Layer 393] mlp_column | fwd: ALLGATHER(TP, 4 ranks) | ig: REDUCESCATTER(TP, 4 ranks) | wg: NONE(NONE, 0 ranks)
[Layer 394] mlp_row | fwd: REDUCESCATTER(TP, 4 ranks) | ig: ALLGATHER(TP, 4 ranks) | wg: NONE(NONE, 0 ranks)
[Layer 395] attention_column | fwd: ALLGATHER(TP, 4 ranks) | ig: REDUCESCATTER(TP, 4 ranks) | wg: NONE(NONE, 0 ranks)
[Layer 396] attention_row | fwd: REDUCESCATTER(TP, 4 ranks) | ig: ALLGATHER(TP, 4 ranks) | wg: NONE(NONE, 0 ranks)
[Layer 397] mlp_column | fwd: ALLGATHER(TP, 4 ranks) | ig: REDUCESCATTER(TP, 4 ranks) | wg: NONE(NONE, 0 ranks)
[Layer 398] mlp_row | fwd: REDUCESCATTER(TP, 4 ranks) | ig: ALLGATHER(TP, 4 ranks) | wg: NONE(NONE, 0 ranks)
[Layer 399] attention_column | fwd: ALLGATHER(TP, 4 ranks) | ig: REDUCESCATTER(TP, 4 ranks) | wg: NONE(NONE, 0 ranks)
[Layer 400] attention_row | fwd: REDUCESCATTER(TP, 4 ranks) | ig: ALLGATHER(TP, 4 ranks) | wg: NONE(NONE, 0 ranks)
[Layer 401] mlp_column | fwd: ALLGATHER(TP, 4 ranks) | ig: REDUCESCATTER(TP, 4 ranks) | wg: NONE(NONE, 0 ranks)
[Layer 402] mlp_row | fwd: REDUCESCATTER(TP, 4 ranks) | ig: ALLGATHER(TP, 4 ranks) | wg: NONE(NONE, 0 ranks)
[Layer 403] attention_column | fwd: ALLGATHER(TP, 4 ranks) | ig: REDUCESCATTER(TP, 4 ranks) | wg: NONE(NONE, 0 ranks)
[Layer 404] attention_row | fwd: REDUCESCATTER(TP, 4 ranks) | ig: ALLGATHER(TP, 4 ranks) | wg: NONE(NONE, 0 ranks)
[Layer 405] mlp_column | fwd: ALLGATHER(TP, 4 ranks) | ig: REDUCESCATTER(TP, 4 ranks) | wg: NONE(NONE, 0 ranks)
[Layer 406] mlp_row | fwd: REDUCESCATTER(TP, 4 ranks) | ig: ALLGATHER(TP, 4 ranks) | wg: NONE(NONE, 0 ranks)
[Layer 407] attention_column | fwd: ALLGATHER(TP, 4 ranks) | ig: REDUCESCATTER(TP, 4 ranks) | wg: NONE(NONE, 0 ranks)
[Layer 408] attention_row | fwd: REDUCESCATTER(TP, 4 ranks) | ig: ALLGATHER(TP, 4 ranks) | wg: NONE(NONE, 0 ranks)
[Layer 409] mlp_column | fwd: ALLGATHER(TP, 4 ranks) | ig: REDUCESCATTER(TP, 4 ranks) | wg: NONE(NONE, 0 ranks)
[Layer 410] mlp_row | fwd: REDUCESCATTER(TP, 4 ranks) | ig: ALLGATHER(TP, 4 ranks) | wg: NONE(NONE, 0 ranks)
[Layer 411] attention_column | fwd: ALLGATHER(TP, 4 ranks) | ig: REDUCESCATTER(TP, 4 ranks) | wg: NONE(NONE, 0 ranks)
[Layer 412] attention_row | fwd: REDUCESCATTER(TP, 4 ranks) | ig: ALLGATHER(TP, 4 ranks) | wg: NONE(NONE, 0 ranks)
[Layer 413] mlp_column | fwd: ALLGATHER(TP, 4 ranks) | ig: REDUCESCATTER(TP, 4 ranks) | wg: NONE(NONE, 0 ranks)
[Layer 414] mlp_row | fwd: REDUCESCATTER(TP, 4 ranks) | ig: ALLGATHER(TP, 4 ranks) | wg: NONE(NONE, 0 ranks)
[Layer 415] attention_column | fwd: ALLGATHER(TP, 4 ranks) | ig: REDUCESCATTER(TP, 4 ranks) | wg: NONE(NONE, 0 ranks)
[Layer 416] attention_row | fwd: REDUCESCATTER(TP, 4 ranks) | ig: ALLGATHER(TP, 4 ranks) | wg: NONE(NONE, 0 ranks)
[Layer 417] mlp_column | fwd: ALLGATHER(TP, 4 ranks) | ig: REDUCESCATTER(TP, 4 ranks) | wg: NONE(NONE, 0 ranks)
[Layer 418] mlp_row | fwd: REDUCESCATTER(TP, 4 ranks) | ig: ALLGATHER(TP, 4 ranks) | wg: NONE(NONE, 0 ranks)
[Layer 419] attention_column | fwd: ALLGATHER(TP, 4 ranks) | ig: REDUCESCATTER(TP, 4 ranks) | wg: NONE(NONE, 0 ranks)
[Layer 420] attention_row | fwd: REDUCESCATTER(TP, 4 ranks) | ig: ALLGATHER(TP, 4 ranks) | wg: NONE(NONE, 0 ranks)
[Layer 421] mlp_column | fwd: ALLGATHER(TP, 4 ranks) | ig: REDUCESCATTER(TP, 4 ranks) | wg: NONE(NONE, 0 ranks)
[Layer 422] mlp_row | fwd: REDUCESCATTER(TP, 4 ranks) | ig: ALLGATHER(TP, 4 ranks) | wg: NONE(NONE, 0 ranks)
[Layer 423] attention_column | fwd: ALLGATHER(TP, 4 ranks) | ig: REDUCESCATTER(TP, 4 ranks) | wg: NONE(NONE, 0 ranks)
[Layer 424] attention_row | fwd: REDUCESCATTER(TP, 4 ranks) | ig: ALLGATHER(TP, 4 ranks) | wg: NONE(NONE, 0 ranks)
[Layer 425] mlp_column | fwd: ALLGATHER(TP, 4 ranks) | ig: REDUCESCATTER(TP, 4 ranks) | wg: NONE(NONE, 0 ranks)
[Layer 426] mlp_row | fwd: REDUCESCATTER(TP, 4 ranks) | ig: ALLGATHER(TP, 4 ranks) | wg: NONE(NONE, 0 ranks)
[Layer 427] attention_column | fwd: ALLGATHER(TP, 4 ranks) | ig: REDUCESCATTER(TP, 4 ranks) | wg: NONE(NONE, 0 ranks)
[Layer 428] attention_row | fwd: REDUCESCATTER(TP, 4 ranks) | ig: ALLGATHER(TP, 4 ranks) | wg: NONE(NONE, 0 ranks)
[Layer 429] mlp_column | fwd: ALLGATHER(TP, 4 ranks) | ig: REDUCESCATTER(TP, 4 ranks) | wg: NONE(NONE, 0 ranks)
[Layer 430] mlp_row | fwd: REDUCESCATTER(TP, 4 ranks) | ig: ALLGATHER(TP, 4 ranks) | wg: NONE(NONE, 0 ranks)
[Layer 431] attention_column | fwd: ALLGATHER(TP, 4 ranks) | ig: REDUCESCATTER(TP, 4 ranks) | wg: NONE(NONE, 0 ranks)
[Layer 432] attention_row | fwd: REDUCESCATTER(TP, 4 ranks) | ig: ALLGATHER(TP, 4 ranks) | wg: NONE(NONE, 0 ranks)
[Layer 433] mlp_column | fwd: ALLGATHER(TP, 4 ranks) | ig: REDUCESCATTER(TP, 4 ranks) | wg: NONE(NONE, 0 ranks)
[Layer 434] mlp_row | fwd: REDUCESCATTER(TP, 4 ranks) | ig: ALLGATHER(TP, 4 ranks) | wg: NONE(NONE, 0 ranks)
[Layer 435] attention_column | fwd: ALLGATHER(TP, 4 ranks) | ig: REDUCESCATTER(TP, 4 ranks) | wg: NONE(NONE, 0 ranks)
[Layer 436] attention_row | fwd: REDUCESCATTER(TP, 4 ranks) | ig: ALLGATHER(TP, 4 ranks) | wg: NONE(NONE, 0 ranks)
[Layer 437] mlp_column | fwd: ALLGATHER(TP, 4 ranks) | ig: REDUCESCATTER(TP, 4 ranks) | wg: NONE(NONE, 0 ranks)
[Layer 438] mlp_row | fwd: REDUCESCATTER(TP, 4 ranks) | ig: ALLGATHER(TP, 4 ranks) | wg: NONE(NONE, 0 ranks)
[Layer 439] attention_column | fwd: ALLGATHER(TP, 4 ranks) | ig: REDUCESCATTER(TP, 4 ranks) | wg: NONE(NONE, 0 ranks)
[Layer 440] attention_row | fwd: REDUCESCATTER(TP, 4 ranks) | ig: ALLGATHER(TP, 4 ranks) | wg: NONE(NONE, 0 ranks)
[Layer 441] mlp_column | fwd: ALLGATHER(TP, 4 ranks) | ig: REDUCESCATTER(TP, 4 ranks) | wg: NONE(NONE, 0 ranks)
[Layer 442] mlp_row | fwd: REDUCESCATTER(TP, 4 ranks) | ig: ALLGATHER(TP, 4 ranks) | wg: NONE(NONE, 0 ranks)
[Layer 443] attention_column | fwd: ALLGATHER(TP, 4 ranks) | ig: REDUCESCATTER(TP, 4 ranks) | wg: NONE(NONE, 0 ranks)
[Layer 444] attention_row | fwd: REDUCESCATTER(TP, 4 ranks) | ig: ALLGATHER(TP, 4 ranks) | wg: NONE(NONE, 0 ranks)
[Layer 445] mlp_column | fwd: ALLGATHER(TP, 4 ranks) | ig: REDUCESCATTER(TP, 4 ranks) | wg: NONE(NONE, 0 ranks)
[Layer 446] mlp_row | fwd: REDUCESCATTER(TP, 4 ranks) | ig: ALLGATHER(TP, 4 ranks) | wg: NONE(NONE, 0 ranks)
[Layer 447] attention_column | fwd: ALLGATHER(TP, 4 ranks) | ig: REDUCESCATTER(TP, 4 ranks) | wg: NONE(NONE, 0 ranks)
[Layer 448] attention_row | fwd: REDUCESCATTER(TP, 4 ranks) | ig: ALLGATHER(TP, 4 ranks) | wg: NONE(NONE, 0 ranks)
[Layer 449] mlp_column | fwd: ALLGATHER(TP, 4 ranks) | ig: REDUCESCATTER(TP, 4 ranks) | wg: NONE(NONE, 0 ranks)
[Layer 450] mlp_row | fwd: REDUCESCATTER(TP, 4 ranks) | ig: ALLGATHER(TP, 4 ranks) | wg: NONE(NONE, 0 ranks)
[Layer 451] attention_column | fwd: ALLGATHER(TP, 4 ranks) | ig: REDUCESCATTER(TP, 4 ranks) | wg: NONE(NONE, 0 ranks)
[Layer 452] attention_row | fwd: REDUCESCATTER(TP, 4 ranks) | ig: ALLGATHER(TP, 4 ranks) | wg: NONE(NONE, 0 ranks)
[Layer 453] mlp_column | fwd: ALLGATHER(TP, 4 ranks) | ig: REDUCESCATTER(TP, 4 ranks) | wg: NONE(NONE, 0 ranks)
[Layer 454] mlp_row | fwd: REDUCESCATTER(TP, 4 ranks) | ig: ALLGATHER(TP, 4 ranks) | wg: NONE(NONE, 0 ranks)
[Layer 455] attention_column | fwd: ALLGATHER(TP, 4 ranks) | ig: REDUCESCATTER(TP, 4 ranks) | wg: NONE(NONE, 0 ranks)
[Layer 456] attention_row | fwd: REDUCESCATTER(TP, 4 ranks) | ig: ALLGATHER(TP, 4 ranks) | wg: NONE(NONE, 0 ranks)
[Layer 457] mlp_column | fwd: ALLGATHER(TP, 4 ranks) | ig: REDUCESCATTER(TP, 4 ranks) | wg: NONE(NONE, 0 ranks)
[Layer 458] mlp_row | fwd: REDUCESCATTER(TP, 4 ranks) | ig: ALLGATHER(TP, 4 ranks) | wg: NONE(NONE, 0 ranks)
[Layer 459] attention_column | fwd: ALLGATHER(TP, 4 ranks) | ig: REDUCESCATTER(TP, 4 ranks) | wg: NONE(NONE, 0 ranks)
[Layer 460] attention_row | fwd: REDUCESCATTER(TP, 4 ranks) | ig: ALLGATHER(TP, 4 ranks) | wg: NONE(NONE, 0 ranks)
[Layer 461] mlp_column | fwd: ALLGATHER(TP, 4 ranks) | ig: REDUCESCATTER(TP, 4 ranks) | wg: NONE(NONE, 0 ranks)
[Layer 462] mlp_row | fwd: REDUCESCATTER(TP, 4 ranks) | ig: ALLGATHER(TP, 4 ranks) | wg: NONE(NONE, 0 ranks)
[Layer 463] attention_column | fwd: ALLGATHER(TP, 4 ranks) | ig: REDUCESCATTER(TP, 4 ranks) | wg: NONE(NONE, 0 ranks)
[Layer 464] attention_row | fwd: REDUCESCATTER(TP, 4 ranks) | ig: ALLGATHER(TP, 4 ranks) | wg: NONE(NONE, 0 ranks)
[Layer 465] mlp_column | fwd: ALLGATHER(TP, 4 ranks) | ig: REDUCESCATTER(TP, 4 ranks) | wg: NONE(NONE, 0 ranks)
[Layer 466] mlp_row | fwd: REDUCESCATTER(TP, 4 ranks) | ig: ALLGATHER(TP, 4 ranks) | wg: NONE(NONE, 0 ranks)
[Layer 467] attention_column | fwd: ALLGATHER(TP, 4 ranks) | ig: REDUCESCATTER(TP, 4 ranks) | wg: NONE(NONE, 0 ranks)
[Layer 468] attention_row | fwd: REDUCESCATTER(TP, 4 ranks) | ig: ALLGATHER(TP, 4 ranks) | wg: NONE(NONE, 0 ranks)
[Layer 469] mlp_column | fwd: ALLGATHER(TP, 4 ranks) | ig: REDUCESCATTER(TP, 4 ranks) | wg: NONE(NONE, 0 ranks)
[Layer 470] mlp_row | fwd: REDUCESCATTER(TP, 4 ranks) | ig: ALLGATHER(TP, 4 ranks) | wg: NONE(NONE, 0 ranks)
[Layer 471] attention_column | fwd: ALLGATHER(TP, 4 ranks) | ig: REDUCESCATTER(TP, 4 ranks) | wg: NONE(NONE, 0 ranks)
[Layer 472] attention_row | fwd: REDUCESCATTER(TP, 4 ranks) | ig: ALLGATHER(TP, 4 ranks) | wg: NONE(NONE, 0 ranks)
[Layer 473] mlp_column | fwd: ALLGATHER(TP, 4 ranks) | ig: REDUCESCATTER(TP, 4 ranks) | wg: NONE(NONE, 0 ranks)
[Layer 474] mlp_row | fwd: REDUCESCATTER(TP, 4 ranks) | ig: ALLGATHER(TP, 4 ranks) | wg: NONE(NONE, 0 ranks)
[Layer 475] attention_column | fwd: ALLGATHER(TP, 4 ranks) | ig: REDUCESCATTER(TP, 4 ranks) | wg: NONE(NONE, 0 ranks)
[Layer 476] attention_row | fwd: REDUCESCATTER(TP, 4 ranks) | ig: ALLGATHER(TP, 4 ranks) | wg: NONE(NONE, 0 ranks)
[Layer 477] mlp_column | fwd: ALLGATHER(TP, 4 ranks) | ig: REDUCESCATTER(TP, 4 ranks) | wg: NONE(NONE, 0 ranks)
[Layer 478] mlp_row | fwd: REDUCESCATTER(TP, 4 ranks) | ig: ALLGATHER(TP, 4 ranks) | wg: NONE(NONE, 0 ranks)
[Layer 479] attention_column | fwd: ALLGATHER(TP, 4 ranks) | ig: REDUCESCATTER(TP, 4 ranks) | wg: NONE(NONE, 0 ranks)
[Layer 480] attention_row | fwd: REDUCESCATTER(TP, 4 ranks) | ig: ALLGATHER(TP, 4 ranks) | wg: NONE(NONE, 0 ranks)
[Layer 481] mlp_column | fwd: ALLGATHER(TP, 4 ranks) | ig: REDUCESCATTER(TP, 4 ranks) | wg: NONE(NONE, 0 ranks)
[Layer 482] mlp_row | fwd: REDUCESCATTER(TP, 4 ranks) | ig: ALLGATHER(TP, 4 ranks) | wg: NONE(NONE, 0 ranks)
[Layer 483] attention_column | fwd: ALLGATHER(TP, 4 ranks) | ig: REDUCESCATTER(TP, 4 ranks) | wg: NONE(NONE, 0 ranks)
[Layer 484] attention_row | fwd: REDUCESCATTER(TP, 4 ranks) | ig: ALLGATHER(TP, 4 ranks) | wg: NONE(NONE, 0 ranks)
[Layer 485] mlp_column | fwd: ALLGATHER(TP, 4 ranks) | ig: REDUCESCATTER(TP, 4 ranks) | wg: NONE(NONE, 0 ranks)
[Layer 486] mlp_row | fwd: REDUCESCATTER(TP, 4 ranks) | ig: ALLGATHER(TP, 4 ranks) | wg: NONE(NONE, 0 ranks)
[Layer 487] attention_column | fwd: ALLGATHER(TP, 4 ranks) | ig: REDUCESCATTER(TP, 4 ranks) | wg: NONE(NONE, 0 ranks)
[Layer 488] attention_row | fwd: REDUCESCATTER(TP, 4 ranks) | ig: ALLGATHER(TP, 4 ranks) | wg: NONE(NONE, 0 ranks)
[Layer 489] mlp_column | fwd: ALLGATHER(TP, 4 ranks) | ig: REDUCESCATTER(TP, 4 ranks) | wg: NONE(NONE, 0 ranks)
[Layer 490] mlp_row | fwd: REDUCESCATTER(TP, 4 ranks) | ig: ALLGATHER(TP, 4 ranks) | wg: NONE(NONE, 0 ranks)
[Layer 491] final_column | fwd: ALLGATHER(TP, 4 ranks) | ig: REDUCESCATTER(TP, 4 ranks) | wg: NONE(NONE, 0 ranks)
[Layer 492] embedding_layer | fwd: ALLREDUCE(TP, 4 ranks) | ig: NONE(NONE, 0 ranks) | wg: NONE(NONE, 0 ranks)
[Layer 493] attention_column | fwd: ALLGATHER(TP, 4 ranks) | ig: REDUCESCATTER(TP, 4 ranks) | wg: NONE(NONE, 0 ranks)
[Layer 494] attention_row | fwd: REDUCESCATTER(TP, 4 ranks) | ig: ALLGATHER(TP, 4 ranks) | wg: NONE(NONE, 0 ranks)
[Layer 495] mlp_column | fwd: ALLGATHER(TP, 4 ranks) | ig: REDUCESCATTER(TP, 4 ranks) | wg: NONE(NONE, 0 ranks)
[Layer 496] mlp_row | fwd: REDUCESCATTER(TP, 4 ranks) | ig: ALLGATHER(TP, 4 ranks) | wg: NONE(NONE, 0 ranks)
[Layer 497] attention_column | fwd: ALLGATHER(TP, 4 ranks) | ig: REDUCESCATTER(TP, 4 ranks) | wg: NONE(NONE, 0 ranks)
[Layer 498] attention_row | fwd: REDUCESCATTER(TP, 4 ranks) | ig: ALLGATHER(TP, 4 ranks) | wg: NONE(NONE, 0 ranks)
[Layer 499] mlp_column | fwd: ALLGATHER(TP, 4 ranks) | ig: REDUCESCATTER(TP, 4 ranks) | wg: NONE(NONE, 0 ranks)
[Layer 500] mlp_row | fwd: REDUCESCATTER(TP, 4 ranks) | ig: ALLGATHER(TP, 4 ranks) | wg: NONE(NONE, 0 ranks)
[Layer 501] attention_column | fwd: ALLGATHER(TP, 4 ranks) | ig: REDUCESCATTER(TP, 4 ranks) | wg: NONE(NONE, 0 ranks)
[Layer 502] attention_row | fwd: REDUCESCATTER(TP, 4 ranks) | ig: ALLGATHER(TP, 4 ranks) | wg: NONE(NONE, 0 ranks)
[Layer 503] mlp_column | fwd: ALLGATHER(TP, 4 ranks) | ig: REDUCESCATTER(TP, 4 ranks) | wg: NONE(NONE, 0 ranks)
[Layer 504] mlp_row | fwd: REDUCESCATTER(TP, 4 ranks) | ig: ALLGATHER(TP, 4 ranks) | wg: NONE(NONE, 0 ranks)
[Layer 505] attention_column | fwd: ALLGATHER(TP, 4 ranks) | ig: REDUCESCATTER(TP, 4 ranks) | wg: NONE(NONE, 0 ranks)
[Layer 506] attention_row | fwd: REDUCESCATTER(TP, 4 ranks) | ig: ALLGATHER(TP, 4 ranks) | wg: NONE(NONE, 0 ranks)
[Layer 507] mlp_column | fwd: ALLGATHER(TP, 4 ranks) | ig: REDUCESCATTER(TP, 4 ranks) | wg: NONE(NONE, 0 ranks)
[Layer 508] mlp_row | fwd: REDUCESCATTER(TP, 4 ranks) | ig: ALLGATHER(TP, 4 ranks) | wg: NONE(NONE, 0 ranks)
[Layer 509] attention_column | fwd: ALLGATHER(TP, 4 ranks) | ig: REDUCESCATTER(TP, 4 ranks) | wg: NONE(NONE, 0 ranks)
[Layer 510] attention_row | fwd: REDUCESCATTER(TP, 4 ranks) | ig: ALLGATHER(TP, 4 ranks) | wg: NONE(NONE, 0 ranks)
[Layer 511] mlp_column | fwd: ALLGATHER(TP, 4 ranks) | ig: REDUCESCATTER(TP, 4 ranks) | wg: NONE(NONE, 0 ranks)
[Layer 512] mlp_row | fwd: REDUCESCATTER(TP, 4 ranks) | ig: ALLGATHER(TP, 4 ranks) | wg: NONE(NONE, 0 ranks)
[Layer 513] attention_column | fwd: ALLGATHER(TP, 4 ranks) | ig: REDUCESCATTER(TP, 4 ranks) | wg: NONE(NONE, 0 ranks)
[Layer 514] attention_row | fwd: REDUCESCATTER(TP, 4 ranks) | ig: ALLGATHER(TP, 4 ranks) | wg: NONE(NONE, 0 ranks)
[Layer 515] mlp_column | fwd: ALLGATHER(TP, 4 ranks) | ig: REDUCESCATTER(TP, 4 ranks) | wg: NONE(NONE, 0 ranks)
[Layer 516] mlp_row | fwd: REDUCESCATTER(TP, 4 ranks) | ig: ALLGATHER(TP, 4 ranks) | wg: NONE(NONE, 0 ranks)
[Layer 517] attention_column | fwd: ALLGATHER(TP, 4 ranks) | ig: REDUCESCATTER(TP, 4 ranks) | wg: NONE(NONE, 0 ranks)
[Layer 518] attention_row | fwd: REDUCESCATTER(TP, 4 ranks) | ig: ALLGATHER(TP, 4 ranks) | wg: NONE(NONE, 0 ranks)
[Layer 519] mlp_column | fwd: ALLGATHER(TP, 4 ranks) | ig: REDUCESCATTER(TP, 4 ranks) | wg: NONE(NONE, 0 ranks)
[Layer 520] mlp_row | fwd: REDUCESCATTER(TP, 4 ranks) | ig: ALLGATHER(TP, 4 ranks) | wg: NONE(NONE, 0 ranks)
[Layer 521] attention_column | fwd: ALLGATHER(TP, 4 ranks) | ig: REDUCESCATTER(TP, 4 ranks) | wg: NONE(NONE, 0 ranks)
[Layer 522] attention_row | fwd: REDUCESCATTER(TP, 4 ranks) | ig: ALLGATHER(TP, 4 ranks) | wg: NONE(NONE, 0 ranks)
[Layer 523] mlp_column | fwd: ALLGATHER(TP, 4 ranks) | ig: REDUCESCATTER(TP, 4 ranks) | wg: NONE(NONE, 0 ranks)
[Layer 524] mlp_row | fwd: REDUCESCATTER(TP, 4 ranks) | ig: ALLGATHER(TP, 4 ranks) | wg: NONE(NONE, 0 ranks)
[Layer 525] attention_column | fwd: ALLGATHER(TP, 4 ranks) | ig: REDUCESCATTER(TP, 4 ranks) | wg: NONE(NONE, 0 ranks)
[Layer 526] attention_row | fwd: REDUCESCATTER(TP, 4 ranks) | ig: ALLGATHER(TP, 4 ranks) | wg: NONE(NONE, 0 ranks)
[Layer 527] mlp_column | fwd: ALLGATHER(TP, 4 ranks) | ig: REDUCESCATTER(TP, 4 ranks) | wg: NONE(NONE, 0 ranks)
[Layer 528] mlp_row | fwd: REDUCESCATTER(TP, 4 ranks) | ig: ALLGATHER(TP, 4 ranks) | wg: NONE(NONE, 0 ranks)
[Layer 529] attention_column | fwd: ALLGATHER(TP, 4 ranks) | ig: REDUCESCATTER(TP, 4 ranks) | wg: NONE(NONE, 0 ranks)
[Layer 530] attention_row | fwd: REDUCESCATTER(TP, 4 ranks) | ig: ALLGATHER(TP, 4 ranks) | wg: NONE(NONE, 0 ranks)
[Layer 531] mlp_column | fwd: ALLGATHER(TP, 4 ranks) | ig: REDUCESCATTER(TP, 4 ranks) | wg: NONE(NONE, 0 ranks)
[Layer 532] mlp_row | fwd: REDUCESCATTER(TP, 4 ranks) | ig: ALLGATHER(TP, 4 ranks) | wg: NONE(NONE, 0 ranks)
[Layer 533] attention_column | fwd: ALLGATHER(TP, 4 ranks) | ig: REDUCESCATTER(TP, 4 ranks) | wg: NONE(NONE, 0 ranks)
[Layer 534] attention_row | fwd: REDUCESCATTER(TP, 4 ranks) | ig: ALLGATHER(TP, 4 ranks) | wg: NONE(NONE, 0 ranks)
[Layer 535] mlp_column | fwd: ALLGATHER(TP, 4 ranks) | ig: REDUCESCATTER(TP, 4 ranks) | wg: NONE(NONE, 0 ranks)
[Layer 536] mlp_row | fwd: REDUCESCATTER(TP, 4 ranks) | ig: ALLGATHER(TP, 4 ranks) | wg: NONE(NONE, 0 ranks)
[Layer 537] attention_column | fwd: ALLGATHER(TP, 4 ranks) | ig: REDUCESCATTER(TP, 4 ranks) | wg: NONE(NONE, 0 ranks)
[Layer 538] attention_row | fwd: REDUCESCATTER(TP, 4 ranks) | ig: ALLGATHER(TP, 4 ranks) | wg: NONE(NONE, 0 ranks)
[Layer 539] mlp_column | fwd: ALLGATHER(TP, 4 ranks) | ig: REDUCESCATTER(TP, 4 ranks) | wg: NONE(NONE, 0 ranks)
[Layer 540] mlp_row | fwd: REDUCESCATTER(TP, 4 ranks) | ig: ALLGATHER(TP, 4 ranks) | wg: NONE(NONE, 0 ranks)
[Layer 541] attention_column | fwd: ALLGATHER(TP, 4 ranks) | ig: REDUCESCATTER(TP, 4 ranks) | wg: NONE(NONE, 0 ranks)
[Layer 542] attention_row | fwd: REDUCESCATTER(TP, 4 ranks) | ig: ALLGATHER(TP, 4 ranks) | wg: NONE(NONE, 0 ranks)
[Layer 543] mlp_column | fwd: ALLGATHER(TP, 4 ranks) | ig: REDUCESCATTER(TP, 4 ranks) | wg: NONE(NONE, 0 ranks)
[Layer 544] mlp_row | fwd: REDUCESCATTER(TP, 4 ranks) | ig: ALLGATHER(TP, 4 ranks) | wg: NONE(NONE, 0 ranks)
[Layer 545] attention_column | fwd: ALLGATHER(TP, 4 ranks) | ig: REDUCESCATTER(TP, 4 ranks) | wg: NONE(NONE, 0 ranks)
[Layer 546] attention_row | fwd: REDUCESCATTER(TP, 4 ranks) | ig: ALLGATHER(TP, 4 ranks) | wg: NONE(NONE, 0 ranks)
[Layer 547] mlp_column | fwd: ALLGATHER(TP, 4 ranks) | ig: REDUCESCATTER(TP, 4 ranks) | wg: NONE(NONE, 0 ranks)
[Layer 548] mlp_row | fwd: REDUCESCATTER(TP, 4 ranks) | ig: ALLGATHER(TP, 4 ranks) | wg: NONE(NONE, 0 ranks)
[Layer 549] attention_column | fwd: ALLGATHER(TP, 4 ranks) | ig: REDUCESCATTER(TP, 4 ranks) | wg: NONE(NONE, 0 ranks)
[Layer 550] attention_row | fwd: REDUCESCATTER(TP, 4 ranks) | ig: ALLGATHER(TP, 4 ranks) | wg: NONE(NONE, 0 ranks)
[Layer 551] mlp_column | fwd: ALLGATHER(TP, 4 ranks) | ig: REDUCESCATTER(TP, 4 ranks) | wg: NONE(NONE, 0 ranks)
[Layer 552] mlp_row | fwd: REDUCESCATTER(TP, 4 ranks) | ig: ALLGATHER(TP, 4 ranks) | wg: NONE(NONE, 0 ranks)
[Layer 553] attention_column | fwd: ALLGATHER(TP, 4 ranks) | ig: REDUCESCATTER(TP, 4 ranks) | wg: NONE(NONE, 0 ranks)
[Layer 554] attention_row | fwd: REDUCESCATTER(TP, 4 ranks) | ig: ALLGATHER(TP, 4 ranks) | wg: NONE(NONE, 0 ranks)
[Layer 555] mlp_column | fwd: ALLGATHER(TP, 4 ranks) | ig: REDUCESCATTER(TP, 4 ranks) | wg: NONE(NONE, 0 ranks)
[Layer 556] mlp_row | fwd: REDUCESCATTER(TP, 4 ranks) | ig: ALLGATHER(TP, 4 ranks) | wg: NONE(NONE, 0 ranks)
[Layer 557] attention_column | fwd: ALLGATHER(TP, 4 ranks) | ig: REDUCESCATTER(TP, 4 ranks) | wg: NONE(NONE, 0 ranks)
[Layer 558] attention_row | fwd: REDUCESCATTER(TP, 4 ranks) | ig: ALLGATHER(TP, 4 ranks) | wg: NONE(NONE, 0 ranks)
[Layer 559] mlp_column | fwd: ALLGATHER(TP, 4 ranks) | ig: REDUCESCATTER(TP, 4 ranks) | wg: NONE(NONE, 0 ranks)
[Layer 560] mlp_row | fwd: REDUCESCATTER(TP, 4 ranks) | ig: ALLGATHER(TP, 4 ranks) | wg: NONE(NONE, 0 ranks)
[Layer 561] attention_column | fwd: ALLGATHER(TP, 4 ranks) | ig: REDUCESCATTER(TP, 4 ranks) | wg: NONE(NONE, 0 ranks)
[Layer 562] attention_row | fwd: REDUCESCATTER(TP, 4 ranks) | ig: ALLGATHER(TP, 4 ranks) | wg: NONE(NONE, 0 ranks)
[Layer 563] mlp_column | fwd: ALLGATHER(TP, 4 ranks) | ig: REDUCESCATTER(TP, 4 ranks) | wg: NONE(NONE, 0 ranks)
[Layer 564] mlp_row | fwd: REDUCESCATTER(TP, 4 ranks) | ig: ALLGATHER(TP, 4 ranks) | wg: NONE(NONE, 0 ranks)
[Layer 565] attention_column | fwd: ALLGATHER(TP, 4 ranks) | ig: REDUCESCATTER(TP, 4 ranks) | wg: NONE(NONE, 0 ranks)
[Layer 566] attention_row | fwd: REDUCESCATTER(TP, 4 ranks) | ig: ALLGATHER(TP, 4 ranks) | wg: NONE(NONE, 0 ranks)
[Layer 567] mlp_column | fwd: ALLGATHER(TP, 4 ranks) | ig: REDUCESCATTER(TP, 4 ranks) | wg: NONE(NONE, 0 ranks)
[Layer 568] mlp_row | fwd: REDUCESCATTER(TP, 4 ranks) | ig: ALLGATHER(TP, 4 ranks) | wg: NONE(NONE, 0 ranks)
[Layer 569] attention_column | fwd: ALLGATHER(TP, 4 ranks) | ig: REDUCESCATTER(TP, 4 ranks) | wg: NONE(NONE, 0 ranks)
[Layer 570] attention_row | fwd: REDUCESCATTER(TP, 4 ranks) | ig: ALLGATHER(TP, 4 ranks) | wg: NONE(NONE, 0 ranks)
[Layer 571] mlp_column | fwd: ALLGATHER(TP, 4 ranks) | ig: REDUCESCATTER(TP, 4 ranks) | wg: NONE(NONE, 0 ranks)
[Layer 572] mlp_row | fwd: REDUCESCATTER(TP, 4 ranks) | ig: ALLGATHER(TP, 4 ranks) | wg: NONE(NONE, 0 ranks)
[Layer 573] attention_column | fwd: ALLGATHER(TP, 4 ranks) | ig: REDUCESCATTER(TP, 4 ranks) | wg: NONE(NONE, 0 ranks)
[Layer 574] attention_row | fwd: REDUCESCATTER(TP, 4 ranks) | ig: ALLGATHER(TP, 4 ranks) | wg: NONE(NONE, 0 ranks)
[Layer 575] mlp_column | fwd: ALLGATHER(TP, 4 ranks) | ig: REDUCESCATTER(TP, 4 ranks) | wg: NONE(NONE, 0 ranks)
[Layer 576] mlp_row | fwd: REDUCESCATTER(TP, 4 ranks) | ig: ALLGATHER(TP, 4 ranks) | wg: NONE(NONE, 0 ranks)
[Layer 577] attention_column | fwd: ALLGATHER(TP, 4 ranks) | ig: REDUCESCATTER(TP, 4 ranks) | wg: NONE(NONE, 0 ranks)
[Layer 578] attention_row | fwd: REDUCESCATTER(TP, 4 ranks) | ig: ALLGATHER(TP, 4 ranks) | wg: NONE(NONE, 0 ranks)
[Layer 579] mlp_column | fwd: ALLGATHER(TP, 4 ranks) | ig: REDUCESCATTER(TP, 4 ranks) | wg: NONE(NONE, 0 ranks)
[Layer 580] mlp_row | fwd: REDUCESCATTER(TP, 4 ranks) | ig: ALLGATHER(TP, 4 ranks) | wg: NONE(NONE, 0 ranks)
[Layer 581] attention_column | fwd: ALLGATHER(TP, 4 ranks) | ig: REDUCESCATTER(TP, 4 ranks) | wg: NONE(NONE, 0 ranks)
[Layer 582] attention_row | fwd: REDUCESCATTER(TP, 4 ranks) | ig: ALLGATHER(TP, 4 ranks) | wg: NONE(NONE, 0 ranks)
[Layer 583] mlp_column | fwd: ALLGATHER(TP, 4 ranks) | ig: REDUCESCATTER(TP, 4 ranks) | wg: NONE(NONE, 0 ranks)
[Layer 584] mlp_row | fwd: REDUCESCATTER(TP, 4 ranks) | ig: ALLGATHER(TP, 4 ranks) | wg: NONE(NONE, 0 ranks)
[Layer 585] attention_column | fwd: ALLGATHER(TP, 4 ranks) | ig: REDUCESCATTER(TP, 4 ranks) | wg: NONE(NONE, 0 ranks)
[Layer 586] attention_row | fwd: REDUCESCATTER(TP, 4 ranks) | ig: ALLGATHER(TP, 4 ranks) | wg: NONE(NONE, 0 ranks)
[Layer 587] mlp_column | fwd: ALLGATHER(TP, 4 ranks) | ig: REDUCESCATTER(TP, 4 ranks) | wg: NONE(NONE, 0 ranks)
[Layer 588] mlp_row | fwd: REDUCESCATTER(TP, 4 ranks) | ig: ALLGATHER(TP, 4 ranks) | wg: NONE(NONE, 0 ranks)
[Layer 589] attention_column | fwd: ALLGATHER(TP, 4 ranks) | ig: REDUCESCATTER(TP, 4 ranks) | wg: NONE(NONE, 0 ranks)
[Layer 590] attention_row | fwd: REDUCESCATTER(TP, 4 ranks) | ig: ALLGATHER(TP, 4 ranks) | wg: NONE(NONE, 0 ranks)
[Layer 591] mlp_column | fwd: ALLGATHER(TP, 4 ranks) | ig: REDUCESCATTER(TP, 4 ranks) | wg: NONE(NONE, 0 ranks)
[Layer 592] mlp_row | fwd: REDUCESCATTER(TP, 4 ranks) | ig: ALLGATHER(TP, 4 ranks) | wg: NONE(NONE, 0 ranks)
[Layer 593] attention_column | fwd: ALLGATHER(TP, 4 ranks) | ig: REDUCESCATTER(TP, 4 ranks) | wg: NONE(NONE, 0 ranks)
[Layer 594] attention_row | fwd: REDUCESCATTER(TP, 4 ranks) | ig: ALLGATHER(TP, 4 ranks) | wg: NONE(NONE, 0 ranks)
[Layer 595] mlp_column | fwd: ALLGATHER(TP, 4 ranks) | ig: REDUCESCATTER(TP, 4 ranks) | wg: NONE(NONE, 0 ranks)
[Layer 596] mlp_row | fwd: REDUCESCATTER(TP, 4 ranks) | ig: ALLGATHER(TP, 4 ranks) | wg: NONE(NONE, 0 ranks)
[Layer 597] attention_column | fwd: ALLGATHER(TP, 4 ranks) | ig: REDUCESCATTER(TP, 4 ranks) | wg: NONE(NONE, 0 ranks)
[Layer 598] attention_row | fwd: REDUCESCATTER(TP, 4 ranks) | ig: ALLGATHER(TP, 4 ranks) | wg: NONE(NONE, 0 ranks)
[Layer 599] mlp_column | fwd: ALLGATHER(TP, 4 ranks) | ig: REDUCESCATTER(TP, 4 ranks) | wg: NONE(NONE, 0 ranks)
[Layer 600] mlp_row | fwd: REDUCESCATTER(TP, 4 ranks) | ig: ALLGATHER(TP, 4 ranks) | wg: NONE(NONE, 0 ranks)
[Layer 601] attention_column | fwd: ALLGATHER(TP, 4 ranks) | ig: REDUCESCATTER(TP, 4 ranks) | wg: NONE(NONE, 0 ranks)
[Layer 602] attention_row | fwd: REDUCESCATTER(TP, 4 ranks) | ig: ALLGATHER(TP, 4 ranks) | wg: NONE(NONE, 0 ranks)
[Layer 603] mlp_column | fwd: ALLGATHER(TP, 4 ranks) | ig: REDUCESCATTER(TP, 4 ranks) | wg: NONE(NONE, 0 ranks)
[Layer 604] mlp_row | fwd: REDUCESCATTER(TP, 4 ranks) | ig: ALLGATHER(TP, 4 ranks) | wg: NONE(NONE, 0 ranks)
[Layer 605] attention_column | fwd: ALLGATHER(TP, 4 ranks) | ig: REDUCESCATTER(TP, 4 ranks) | wg: NONE(NONE, 0 ranks)
[Layer 606] attention_row | fwd: REDUCESCATTER(TP, 4 ranks) | ig: ALLGATHER(TP, 4 ranks) | wg: NONE(NONE, 0 ranks)
[Layer 607] mlp_column | fwd: ALLGATHER(TP, 4 ranks) | ig: REDUCESCATTER(TP, 4 ranks) | wg: NONE(NONE, 0 ranks)
[Layer 608] mlp_row | fwd: REDUCESCATTER(TP, 4 ranks) | ig: ALLGATHER(TP, 4 ranks) | wg: NONE(NONE, 0 ranks)
[Layer 609] attention_column | fwd: ALLGATHER(TP, 4 ranks) | ig: REDUCESCATTER(TP, 4 ranks) | wg: NONE(NONE, 0 ranks)
[Layer 610] attention_row | fwd: REDUCESCATTER(TP, 4 ranks) | ig: ALLGATHER(TP, 4 ranks) | wg: NONE(NONE, 0 ranks)
[Layer 611] mlp_column | fwd: ALLGATHER(TP, 4 ranks) | ig: REDUCESCATTER(TP, 4 ranks) | wg: NONE(NONE, 0 ranks)
[Layer 612] mlp_row | fwd: REDUCESCATTER(TP, 4 ranks) | ig: ALLGATHER(TP, 4 ranks) | wg: NONE(NONE, 0 ranks)
[Layer 613] attention_column | fwd: ALLGATHER(TP, 4 ranks) | ig: REDUCESCATTER(TP, 4 ranks) | wg: NONE(NONE, 0 ranks)
[Layer 614] attention_row | fwd: REDUCESCATTER(TP, 4 ranks) | ig: ALLGATHER(TP, 4 ranks) | wg: NONE(NONE, 0 ranks)
[Layer 615] mlp_column | fwd: ALLGATHER(TP, 4 ranks) | ig: REDUCESCATTER(TP, 4 ranks) | wg: NONE(NONE, 0 ranks)
[Layer 616] mlp_row | fwd: REDUCESCATTER(TP, 4 ranks) | ig: ALLGATHER(TP, 4 ranks) | wg: NONE(NONE, 0 ranks)
[Layer 617] attention_column | fwd: ALLGATHER(TP, 4 ranks) | ig: REDUCESCATTER(TP, 4 ranks) | wg: NONE(NONE, 0 ranks)
[Layer 618] attention_row | fwd: REDUCESCATTER(TP, 4 ranks) | ig: ALLGATHER(TP, 4 ranks) | wg: NONE(NONE, 0 ranks)
[Layer 619] mlp_column | fwd: ALLGATHER(TP, 4 ranks) | ig: REDUCESCATTER(TP, 4 ranks) | wg: NONE(NONE, 0 ranks)
[Layer 620] mlp_row | fwd: REDUCESCATTER(TP, 4 ranks) | ig: ALLGATHER(TP, 4 ranks) | wg: NONE(NONE, 0 ranks)
[Layer 621] attention_column | fwd: ALLGATHER(TP, 4 ranks) | ig: REDUCESCATTER(TP, 4 ranks) | wg: NONE(NONE, 0 ranks)
[Layer 622] attention_row | fwd: REDUCESCATTER(TP, 4 ranks) | ig: ALLGATHER(TP, 4 ranks) | wg: NONE(NONE, 0 ranks)
[Layer 623] mlp_column | fwd: ALLGATHER(TP, 4 ranks) | ig: REDUCESCATTER(TP, 4 ranks) | wg: NONE(NONE, 0 ranks)
[Layer 624] mlp_row | fwd: REDUCESCATTER(TP, 4 ranks) | ig: ALLGATHER(TP, 4 ranks) | wg: NONE(NONE, 0 ranks)
[Layer 625] attention_column | fwd: ALLGATHER(TP, 4 ranks) | ig: REDUCESCATTER(TP, 4 ranks) | wg: NONE(NONE, 0 ranks)
[Layer 626] attention_row | fwd: REDUCESCATTER(TP, 4 ranks) | ig: ALLGATHER(TP, 4 ranks) | wg: NONE(NONE, 0 ranks)
[Layer 627] mlp_column | fwd: ALLGATHER(TP, 4 ranks) | ig: REDUCESCATTER(TP, 4 ranks) | wg: NONE(NONE, 0 ranks)
[Layer 628] mlp_row | fwd: REDUCESCATTER(TP, 4 ranks) | ig: ALLGATHER(TP, 4 ranks) | wg: NONE(NONE, 0 ranks)
[Layer 629] attention_column | fwd: ALLGATHER(TP, 4 ranks) | ig: REDUCESCATTER(TP, 4 ranks) | wg: NONE(NONE, 0 ranks)
[Layer 630] attention_row | fwd: REDUCESCATTER(TP, 4 ranks) | ig: ALLGATHER(TP, 4 ranks) | wg: NONE(NONE, 0 ranks)
[Layer 631] mlp_column | fwd: ALLGATHER(TP, 4 ranks) | ig: REDUCESCATTER(TP, 4 ranks) | wg: NONE(NONE, 0 ranks)
[Layer 632] mlp_row | fwd: REDUCESCATTER(TP, 4 ranks) | ig: ALLGATHER(TP, 4 ranks) | wg: NONE(NONE, 0 ranks)
[Layer 633] attention_column | fwd: ALLGATHER(TP, 4 ranks) | ig: REDUCESCATTER(TP, 4 ranks) | wg: NONE(NONE, 0 ranks)
[Layer 634] attention_row | fwd: REDUCESCATTER(TP, 4 ranks) | ig: ALLGATHER(TP, 4 ranks) | wg: NONE(NONE, 0 ranks)
[Layer 635] mlp_column | fwd: ALLGATHER(TP, 4 ranks) | ig: REDUCESCATTER(TP, 4 ranks) | wg: NONE(NONE, 0 ranks)
[Layer 636] mlp_row | fwd: REDUCESCATTER(TP, 4 ranks) | ig: ALLGATHER(TP, 4 ranks) | wg: NONE(NONE, 0 ranks)
[Layer 637] attention_column | fwd: ALLGATHER(TP, 4 ranks) | ig: REDUCESCATTER(TP, 4 ranks) | wg: NONE(NONE, 0 ranks)
[Layer 638] attention_row | fwd: REDUCESCATTER(TP, 4 ranks) | ig: ALLGATHER(TP, 4 ranks) | wg: NONE(NONE, 0 ranks)
[Layer 639] mlp_column | fwd: ALLGATHER(TP, 4 ranks) | ig: REDUCESCATTER(TP, 4 ranks) | wg: NONE(NONE, 0 ranks)
[Layer 640] mlp_row | fwd: REDUCESCATTER(TP, 4 ranks) | ig: ALLGATHER(TP, 4 ranks) | wg: NONE(NONE, 0 ranks)
[Layer 641] attention_column | fwd: ALLGATHER(TP, 4 ranks) | ig: REDUCESCATTER(TP, 4 ranks) | wg: NONE(NONE, 0 ranks)
[Layer 642] attention_row | fwd: REDUCESCATTER(TP, 4 ranks) | ig: ALLGATHER(TP, 4 ranks) | wg: NONE(NONE, 0 ranks)
[Layer 643] mlp_column | fwd: ALLGATHER(TP, 4 ranks) | ig: REDUCESCATTER(TP, 4 ranks) | wg: NONE(NONE, 0 ranks)
[Layer 644] mlp_row | fwd: REDUCESCATTER(TP, 4 ranks) | ig: ALLGATHER(TP, 4 ranks) | wg: NONE(NONE, 0 ranks)
[Layer 645] attention_column | fwd: ALLGATHER(TP, 4 ranks) | ig: REDUCESCATTER(TP, 4 ranks) | wg: NONE(NONE, 0 ranks)
[Layer 646] attention_row | fwd: REDUCESCATTER(TP, 4 ranks) | ig: ALLGATHER(TP, 4 ranks) | wg: NONE(NONE, 0 ranks)
[Layer 647] mlp_column | fwd: ALLGATHER(TP, 4 ranks) | ig: REDUCESCATTER(TP, 4 ranks) | wg: NONE(NONE, 0 ranks)
[Layer 648] mlp_row | fwd: REDUCESCATTER(TP, 4 ranks) | ig: ALLGATHER(TP, 4 ranks) | wg: NONE(NONE, 0 ranks)
[Layer 649] attention_column | fwd: ALLGATHER(TP, 4 ranks) | ig: REDUCESCATTER(TP, 4 ranks) | wg: NONE(NONE, 0 ranks)
[Layer 650] attention_row | fwd: REDUCESCATTER(TP, 4 ranks) | ig: ALLGATHER(TP, 4 ranks) | wg: NONE(NONE, 0 ranks)
[Layer 651] mlp_column | fwd: ALLGATHER(TP, 4 ranks) | ig: REDUCESCATTER(TP, 4 ranks) | wg: NONE(NONE, 0 ranks)
[Layer 652] mlp_row | fwd: REDUCESCATTER(TP, 4 ranks) | ig: ALLGATHER(TP, 4 ranks) | wg: NONE(NONE, 0 ranks)
[Layer 653] final_column | fwd: ALLGATHER(TP, 4 ranks) | ig: REDUCESCATTER(TP, 4 ranks) | wg: NONE(NONE, 0 ranks)
[Layer 654] embedding_layer | fwd: ALLREDUCE(TP, 4 ranks) | ig: NONE(NONE, 0 ranks) | wg: NONE(NONE, 0 ranks)
[Layer 655] attention_column | fwd: ALLGATHER(TP, 4 ranks) | ig: REDUCESCATTER(TP, 4 ranks) | wg: NONE(NONE, 0 ranks)
[Layer 656] attention_row | fwd: REDUCESCATTER(TP, 4 ranks) | ig: ALLGATHER(TP, 4 ranks) | wg: NONE(NONE, 0 ranks)
[Layer 657] mlp_column | fwd: ALLGATHER(TP, 4 ranks) | ig: REDUCESCATTER(TP, 4 ranks) | wg: NONE(NONE, 0 ranks)
[Layer 658] mlp_row | fwd: REDUCESCATTER(TP, 4 ranks) | ig: ALLGATHER(TP, 4 ranks) | wg: NONE(NONE, 0 ranks)
[Layer 659] attention_column | fwd: ALLGATHER(TP, 4 ranks) | ig: REDUCESCATTER(TP, 4 ranks) | wg: NONE(NONE, 0 ranks)
[Layer 660] attention_row | fwd: REDUCESCATTER(TP, 4 ranks) | ig: ALLGATHER(TP, 4 ranks) | wg: NONE(NONE, 0 ranks)
[Layer 661] mlp_column | fwd: ALLGATHER(TP, 4 ranks) | ig: REDUCESCATTER(TP, 4 ranks) | wg: NONE(NONE, 0 ranks)
[Layer 662] mlp_row | fwd: REDUCESCATTER(TP, 4 ranks) | ig: ALLGATHER(TP, 4 ranks) | wg: NONE(NONE, 0 ranks)
[Layer 663] attention_column | fwd: ALLGATHER(TP, 4 ranks) | ig: REDUCESCATTER(TP, 4 ranks) | wg: NONE(NONE, 0 ranks)
[Layer 664] attention_row | fwd: REDUCESCATTER(TP, 4 ranks) | ig: ALLGATHER(TP, 4 ranks) | wg: NONE(NONE, 0 ranks)
[Layer 665] mlp_column | fwd: ALLGATHER(TP, 4 ranks) | ig: REDUCESCATTER(TP, 4 ranks) | wg: NONE(NONE, 0 ranks)
[Layer 666] mlp_row | fwd: REDUCESCATTER(TP, 4 ranks) | ig: ALLGATHER(TP, 4 ranks) | wg: NONE(NONE, 0 ranks)
[Layer 667] attention_column | fwd: ALLGATHER(TP, 4 ranks) | ig: REDUCESCATTER(TP, 4 ranks) | wg: NONE(NONE, 0 ranks)
[Layer 668] attention_row | fwd: REDUCESCATTER(TP, 4 ranks) | ig: ALLGATHER(TP, 4 ranks) | wg: NONE(NONE, 0 ranks)
[Layer 669] mlp_column | fwd: ALLGATHER(TP, 4 ranks) | ig: REDUCESCATTER(TP, 4 ranks) | wg: NONE(NONE, 0 ranks)
[Layer 670] mlp_row | fwd: REDUCESCATTER(TP, 4 ranks) | ig: ALLGATHER(TP, 4 ranks) | wg: NONE(NONE, 0 ranks)
[Layer 671] attention_column | fwd: ALLGATHER(TP, 4 ranks) | ig: REDUCESCATTER(TP, 4 ranks) | wg: NONE(NONE, 0 ranks)
[Layer 672] attention_row | fwd: REDUCESCATTER(TP, 4 ranks) | ig: ALLGATHER(TP, 4 ranks) | wg: NONE(NONE, 0 ranks)
[Layer 673] mlp_column | fwd: ALLGATHER(TP, 4 ranks) | ig: REDUCESCATTER(TP, 4 ranks) | wg: NONE(NONE, 0 ranks)
[Layer 674] mlp_row | fwd: REDUCESCATTER(TP, 4 ranks) | ig: ALLGATHER(TP, 4 ranks) | wg: NONE(NONE, 0 ranks)
[Layer 675] attention_column | fwd: ALLGATHER(TP, 4 ranks) | ig: REDUCESCATTER(TP, 4 ranks) | wg: NONE(NONE, 0 ranks)
[Layer 676] attention_row | fwd: REDUCESCATTER(TP, 4 ranks) | ig: ALLGATHER(TP, 4 ranks) | wg: NONE(NONE, 0 ranks)
[Layer 677] mlp_column | fwd: ALLGATHER(TP, 4 ranks) | ig: REDUCESCATTER(TP, 4 ranks) | wg: NONE(NONE, 0 ranks)
[Layer 678] mlp_row | fwd: REDUCESCATTER(TP, 4 ranks) | ig: ALLGATHER(TP, 4 ranks) | wg: NONE(NONE, 0 ranks)
[Layer 679] attention_column | fwd: ALLGATHER(TP, 4 ranks) | ig: REDUCESCATTER(TP, 4 ranks) | wg: NONE(NONE, 0 ranks)
[Layer 680] attention_row | fwd: REDUCESCATTER(TP, 4 ranks) | ig: ALLGATHER(TP, 4 ranks) | wg: NONE(NONE, 0 ranks)
[Layer 681] mlp_column | fwd: ALLGATHER(TP, 4 ranks) | ig: REDUCESCATTER(TP, 4 ranks) | wg: NONE(NONE, 0 ranks)
[Layer 682] mlp_row | fwd: REDUCESCATTER(TP, 4 ranks) | ig: ALLGATHER(TP, 4 ranks) | wg: NONE(NONE, 0 ranks)
[Layer 683] attention_column | fwd: ALLGATHER(TP, 4 ranks) | ig: REDUCESCATTER(TP, 4 ranks) | wg: NONE(NONE, 0 ranks)
[Layer 684] attention_row | fwd: REDUCESCATTER(TP, 4 ranks) | ig: ALLGATHER(TP, 4 ranks) | wg: NONE(NONE, 0 ranks)
[Layer 685] mlp_column | fwd: ALLGATHER(TP, 4 ranks) | ig: REDUCESCATTER(TP, 4 ranks) | wg: NONE(NONE, 0 ranks)
[Layer 686] mlp_row | fwd: REDUCESCATTER(TP, 4 ranks) | ig: ALLGATHER(TP, 4 ranks) | wg: NONE(NONE, 0 ranks)
[Layer 687] attention_column | fwd: ALLGATHER(TP, 4 ranks) | ig: REDUCESCATTER(TP, 4 ranks) | wg: NONE(NONE, 0 ranks)
[Layer 688] attention_row | fwd: REDUCESCATTER(TP, 4 ranks) | ig: ALLGATHER(TP, 4 ranks) | wg: NONE(NONE, 0 ranks)
[Layer 689] mlp_column | fwd: ALLGATHER(TP, 4 ranks) | ig: REDUCESCATTER(TP, 4 ranks) | wg: NONE(NONE, 0 ranks)
[Layer 690] mlp_row | fwd: REDUCESCATTER(TP, 4 ranks) | ig: ALLGATHER(TP, 4 ranks) | wg: NONE(NONE, 0 ranks)
[Layer 691] attention_column | fwd: ALLGATHER(TP, 4 ranks) | ig: REDUCESCATTER(TP, 4 ranks) | wg: NONE(NONE, 0 ranks)
[Layer 692] attention_row | fwd: REDUCESCATTER(TP, 4 ranks) | ig: ALLGATHER(TP, 4 ranks) | wg: NONE(NONE, 0 ranks)
[Layer 693] mlp_column | fwd: ALLGATHER(TP, 4 ranks) | ig: REDUCESCATTER(TP, 4 ranks) | wg: NONE(NONE, 0 ranks)
[Layer 694] mlp_row | fwd: REDUCESCATTER(TP, 4 ranks) | ig: ALLGATHER(TP, 4 ranks) | wg: NONE(NONE, 0 ranks)
[Layer 695] attention_column | fwd: ALLGATHER(TP, 4 ranks) | ig: REDUCESCATTER(TP, 4 ranks) | wg: NONE(NONE, 0 ranks)
[Layer 696] attention_row | fwd: REDUCESCATTER(TP, 4 ranks) | ig: ALLGATHER(TP, 4 ranks) | wg: NONE(NONE, 0 ranks)
[Layer 697] mlp_column | fwd: ALLGATHER(TP, 4 ranks) | ig: REDUCESCATTER(TP, 4 ranks) | wg: NONE(NONE, 0 ranks)
[Layer 698] mlp_row | fwd: REDUCESCATTER(TP, 4 ranks) | ig: ALLGATHER(TP, 4 ranks) | wg: NONE(NONE, 0 ranks)
[Layer 699] attention_column | fwd: ALLGATHER(TP, 4 ranks) | ig: REDUCESCATTER(TP, 4 ranks) | wg: NONE(NONE, 0 ranks)
[Layer 700] attention_row | fwd: REDUCESCATTER(TP, 4 ranks) | ig: ALLGATHER(TP, 4 ranks) | wg: NONE(NONE, 0 ranks)
[Layer 701] mlp_column | fwd: ALLGATHER(TP, 4 ranks) | ig: REDUCESCATTER(TP, 4 ranks) | wg: NONE(NONE, 0 ranks)
[Layer 702] mlp_row | fwd: REDUCESCATTER(TP, 4 ranks) | ig: ALLGATHER(TP, 4 ranks) | wg: NONE(NONE, 0 ranks)
[Layer 703] attention_column | fwd: ALLGATHER(TP, 4 ranks) | ig: REDUCESCATTER(TP, 4 ranks) | wg: NONE(NONE, 0 ranks)
[Layer 704] attention_row | fwd: REDUCESCATTER(TP, 4 ranks) | ig: ALLGATHER(TP, 4 ranks) | wg: NONE(NONE, 0 ranks)
[Layer 705] mlp_column | fwd: ALLGATHER(TP, 4 ranks) | ig: REDUCESCATTER(TP, 4 ranks) | wg: NONE(NONE, 0 ranks)
[Layer 706] mlp_row | fwd: REDUCESCATTER(TP, 4 ranks) | ig: ALLGATHER(TP, 4 ranks) | wg: NONE(NONE, 0 ranks)
[Layer 707] attention_column | fwd: ALLGATHER(TP, 4 ranks) | ig: REDUCESCATTER(TP, 4 ranks) | wg: NONE(NONE, 0 ranks)
[Layer 708] attention_row | fwd: REDUCESCATTER(TP, 4 ranks) | ig: ALLGATHER(TP, 4 ranks) | wg: NONE(NONE, 0 ranks)
[Layer 709] mlp_column | fwd: ALLGATHER(TP, 4 ranks) | ig: REDUCESCATTER(TP, 4 ranks) | wg: NONE(NONE, 0 ranks)
[Layer 710] mlp_row | fwd: REDUCESCATTER(TP, 4 ranks) | ig: ALLGATHER(TP, 4 ranks) | wg: NONE(NONE, 0 ranks)
[Layer 711] attention_column | fwd: ALLGATHER(TP, 4 ranks) | ig: REDUCESCATTER(TP, 4 ranks) | wg: NONE(NONE, 0 ranks)
[Layer 712] attention_row | fwd: REDUCESCATTER(TP, 4 ranks) | ig: ALLGATHER(TP, 4 ranks) | wg: NONE(NONE, 0 ranks)
[Layer 713] mlp_column | fwd: ALLGATHER(TP, 4 ranks) | ig: REDUCESCATTER(TP, 4 ranks) | wg: NONE(NONE, 0 ranks)
[Layer 714] mlp_row | fwd: REDUCESCATTER(TP, 4 ranks) | ig: ALLGATHER(TP, 4 ranks) | wg: NONE(NONE, 0 ranks)
[Layer 715] attention_column | fwd: ALLGATHER(TP, 4 ranks) | ig: REDUCESCATTER(TP, 4 ranks) | wg: NONE(NONE, 0 ranks)
[Layer 716] attention_row | fwd: REDUCESCATTER(TP, 4 ranks) | ig: ALLGATHER(TP, 4 ranks) | wg: NONE(NONE, 0 ranks)
[Layer 717] mlp_column | fwd: ALLGATHER(TP, 4 ranks) | ig: REDUCESCATTER(TP, 4 ranks) | wg: NONE(NONE, 0 ranks)
[Layer 718] mlp_row | fwd: REDUCESCATTER(TP, 4 ranks) | ig: ALLGATHER(TP, 4 ranks) | wg: NONE(NONE, 0 ranks)
[Layer 719] attention_column | fwd: ALLGATHER(TP, 4 ranks) | ig: REDUCESCATTER(TP, 4 ranks) | wg: NONE(NONE, 0 ranks)
[Layer 720] attention_row | fwd: REDUCESCATTER(TP, 4 ranks) | ig: ALLGATHER(TP, 4 ranks) | wg: NONE(NONE, 0 ranks)
[Layer 721] mlp_column | fwd: ALLGATHER(TP, 4 ranks) | ig: REDUCESCATTER(TP, 4 ranks) | wg: NONE(NONE, 0 ranks)
[Layer 722] mlp_row | fwd: REDUCESCATTER(TP, 4 ranks) | ig: ALLGATHER(TP, 4 ranks) | wg: NONE(NONE, 0 ranks)
[Layer 723] attention_column | fwd: ALLGATHER(TP, 4 ranks) | ig: REDUCESCATTER(TP, 4 ranks) | wg: NONE(NONE, 0 ranks)
[Layer 724] attention_row | fwd: REDUCESCATTER(TP, 4 ranks) | ig: ALLGATHER(TP, 4 ranks) | wg: NONE(NONE, 0 ranks)
[Layer 725] mlp_column | fwd: ALLGATHER(TP, 4 ranks) | ig: REDUCESCATTER(TP, 4 ranks) | wg: NONE(NONE, 0 ranks)
[Layer 726] mlp_row | fwd: REDUCESCATTER(TP, 4 ranks) | ig: ALLGATHER(TP, 4 ranks) | wg: NONE(NONE, 0 ranks)
[Layer 727] attention_column | fwd: ALLGATHER(TP, 4 ranks) | ig: REDUCESCATTER(TP, 4 ranks) | wg: NONE(NONE, 0 ranks)
[Layer 728] attention_row | fwd: REDUCESCATTER(TP, 4 ranks) | ig: ALLGATHER(TP, 4 ranks) | wg: NONE(NONE, 0 ranks)
[Layer 729] mlp_column | fwd: ALLGATHER(TP, 4 ranks) | ig: REDUCESCATTER(TP, 4 ranks) | wg: NONE(NONE, 0 ranks)
[Layer 730] mlp_row | fwd: REDUCESCATTER(TP, 4 ranks) | ig: ALLGATHER(TP, 4 ranks) | wg: NONE(NONE, 0 ranks)
[Layer 731] attention_column | fwd: ALLGATHER(TP, 4 ranks) | ig: REDUCESCATTER(TP, 4 ranks) | wg: NONE(NONE, 0 ranks)
[Layer 732] attention_row | fwd: REDUCESCATTER(TP, 4 ranks) | ig: ALLGATHER(TP, 4 ranks) | wg: NONE(NONE, 0 ranks)
[Layer 733] mlp_column | fwd: ALLGATHER(TP, 4 ranks) | ig: REDUCESCATTER(TP, 4 ranks) | wg: NONE(NONE, 0 ranks)
[Layer 734] mlp_row | fwd: REDUCESCATTER(TP, 4 ranks) | ig: ALLGATHER(TP, 4 ranks) | wg: NONE(NONE, 0 ranks)
[Layer 735] attention_column | fwd: ALLGATHER(TP, 4 ranks) | ig: REDUCESCATTER(TP, 4 ranks) | wg: NONE(NONE, 0 ranks)
[Layer 736] attention_row | fwd: REDUCESCATTER(TP, 4 ranks) | ig: ALLGATHER(TP, 4 ranks) | wg: NONE(NONE, 0 ranks)
[Layer 737] mlp_column | fwd: ALLGATHER(TP, 4 ranks) | ig: REDUCESCATTER(TP, 4 ranks) | wg: NONE(NONE, 0 ranks)
[Layer 738] mlp_row | fwd: REDUCESCATTER(TP, 4 ranks) | ig: ALLGATHER(TP, 4 ranks) | wg: NONE(NONE, 0 ranks)
[Layer 739] attention_column | fwd: ALLGATHER(TP, 4 ranks) | ig: REDUCESCATTER(TP, 4 ranks) | wg: NONE(NONE, 0 ranks)
[Layer 740] attention_row | fwd: REDUCESCATTER(TP, 4 ranks) | ig: ALLGATHER(TP, 4 ranks) | wg: NONE(NONE, 0 ranks)
[Layer 741] mlp_column | fwd: ALLGATHER(TP, 4 ranks) | ig: REDUCESCATTER(TP, 4 ranks) | wg: NONE(NONE, 0 ranks)
[Layer 742] mlp_row | fwd: REDUCESCATTER(TP, 4 ranks) | ig: ALLGATHER(TP, 4 ranks) | wg: NONE(NONE, 0 ranks)
[Layer 743] attention_column | fwd: ALLGATHER(TP, 4 ranks) | ig: REDUCESCATTER(TP, 4 ranks) | wg: NONE(NONE, 0 ranks)
[Layer 744] attention_row | fwd: REDUCESCATTER(TP, 4 ranks) | ig: ALLGATHER(TP, 4 ranks) | wg: NONE(NONE, 0 ranks)
[Layer 745] mlp_column | fwd: ALLGATHER(TP, 4 ranks) | ig: REDUCESCATTER(TP, 4 ranks) | wg: NONE(NONE, 0 ranks)
[Layer 746] mlp_row | fwd: REDUCESCATTER(TP, 4 ranks) | ig: ALLGATHER(TP, 4 ranks) | wg: NONE(NONE, 0 ranks)
[Layer 747] attention_column | fwd: ALLGATHER(TP, 4 ranks) | ig: REDUCESCATTER(TP, 4 ranks) | wg: NONE(NONE, 0 ranks)
[Layer 748] attention_row | fwd: REDUCESCATTER(TP, 4 ranks) | ig: ALLGATHER(TP, 4 ranks) | wg: NONE(NONE, 0 ranks)
[Layer 749] mlp_column | fwd: ALLGATHER(TP, 4 ranks) | ig: REDUCESCATTER(TP, 4 ranks) | wg: NONE(NONE, 0 ranks)
[Layer 750] mlp_row | fwd: REDUCESCATTER(TP, 4 ranks) | ig: ALLGATHER(TP, 4 ranks) | wg: NONE(NONE, 0 ranks)
[Layer 751] attention_column | fwd: ALLGATHER(TP, 4 ranks) | ig: REDUCESCATTER(TP, 4 ranks) | wg: NONE(NONE, 0 ranks)
[Layer 752] attention_row | fwd: REDUCESCATTER(TP, 4 ranks) | ig: ALLGATHER(TP, 4 ranks) | wg: NONE(NONE, 0 ranks)
[Layer 753] mlp_column | fwd: ALLGATHER(TP, 4 ranks) | ig: REDUCESCATTER(TP, 4 ranks) | wg: NONE(NONE, 0 ranks)
[Layer 754] mlp_row | fwd: REDUCESCATTER(TP, 4 ranks) | ig: ALLGATHER(TP, 4 ranks) | wg: NONE(NONE, 0 ranks)
[Layer 755] attention_column | fwd: ALLGATHER(TP, 4 ranks) | ig: REDUCESCATTER(TP, 4 ranks) | wg: NONE(NONE, 0 ranks)
[Layer 756] attention_row | fwd: REDUCESCATTER(TP, 4 ranks) | ig: ALLGATHER(TP, 4 ranks) | wg: NONE(NONE, 0 ranks)
[Layer 757] mlp_column | fwd: ALLGATHER(TP, 4 ranks) | ig: REDUCESCATTER(TP, 4 ranks) | wg: NONE(NONE, 0 ranks)
[Layer 758] mlp_row | fwd: REDUCESCATTER(TP, 4 ranks) | ig: ALLGATHER(TP, 4 ranks) | wg: NONE(NONE, 0 ranks)
[Layer 759] attention_column | fwd: ALLGATHER(TP, 4 ranks) | ig: REDUCESCATTER(TP, 4 ranks) | wg: NONE(NONE, 0 ranks)
[Layer 760] attention_row | fwd: REDUCESCATTER(TP, 4 ranks) | ig: ALLGATHER(TP, 4 ranks) | wg: NONE(NONE, 0 ranks)
[Layer 761] mlp_column | fwd: ALLGATHER(TP, 4 ranks) | ig: REDUCESCATTER(TP, 4 ranks) | wg: NONE(NONE, 0 ranks)
[Layer 762] mlp_row | fwd: REDUCESCATTER(TP, 4 ranks) | ig: ALLGATHER(TP, 4 ranks) | wg: NONE(NONE, 0 ranks)
[Layer 763] attention_column | fwd: ALLGATHER(TP, 4 ranks) | ig: REDUCESCATTER(TP, 4 ranks) | wg: NONE(NONE, 0 ranks)
[Layer 764] attention_row | fwd: REDUCESCATTER(TP, 4 ranks) | ig: ALLGATHER(TP, 4 ranks) | wg: NONE(NONE, 0 ranks)
[Layer 765] mlp_column | fwd: ALLGATHER(TP, 4 ranks) | ig: REDUCESCATTER(TP, 4 ranks) | wg: NONE(NONE, 0 ranks)
[Layer 766] mlp_row | fwd: REDUCESCATTER(TP, 4 ranks) | ig: ALLGATHER(TP, 4 ranks) | wg: NONE(NONE, 0 ranks)
[Layer 767] attention_column | fwd: ALLGATHER(TP, 4 ranks) | ig: REDUCESCATTER(TP, 4 ranks) | wg: NONE(NONE, 0 ranks)
[Layer 768] attention_row | fwd: REDUCESCATTER(TP, 4 ranks) | ig: ALLGATHER(TP, 4 ranks) | wg: NONE(NONE, 0 ranks)
[Layer 769] mlp_column | fwd: ALLGATHER(TP, 4 ranks) | ig: REDUCESCATTER(TP, 4 ranks) | wg: NONE(NONE, 0 ranks)
[Layer 770] mlp_row | fwd: REDUCESCATTER(TP, 4 ranks) | ig: ALLGATHER(TP, 4 ranks) | wg: NONE(NONE, 0 ranks)
[Layer 771] attention_column | fwd: ALLGATHER(TP, 4 ranks) | ig: REDUCESCATTER(TP, 4 ranks) | wg: NONE(NONE, 0 ranks)
[Layer 772] attention_row | fwd: REDUCESCATTER(TP, 4 ranks) | ig: ALLGATHER(TP, 4 ranks) | wg: NONE(NONE, 0 ranks)
[Layer 773] mlp_column | fwd: ALLGATHER(TP, 4 ranks) | ig: REDUCESCATTER(TP, 4 ranks) | wg: NONE(NONE, 0 ranks)
[Layer 774] mlp_row | fwd: REDUCESCATTER(TP, 4 ranks) | ig: ALLGATHER(TP, 4 ranks) | wg: NONE(NONE, 0 ranks)
[Layer 775] attention_column | fwd: ALLGATHER(TP, 4 ranks) | ig: REDUCESCATTER(TP, 4 ranks) | wg: NONE(NONE, 0 ranks)
[Layer 776] attention_row | fwd: REDUCESCATTER(TP, 4 ranks) | ig: ALLGATHER(TP, 4 ranks) | wg: NONE(NONE, 0 ranks)
[Layer 777] mlp_column | fwd: ALLGATHER(TP, 4 ranks) | ig: REDUCESCATTER(TP, 4 ranks) | wg: NONE(NONE, 0 ranks)
[Layer 778] mlp_row | fwd: REDUCESCATTER(TP, 4 ranks) | ig: ALLGATHER(TP, 4 ranks) | wg: NONE(NONE, 0 ranks)
[Layer 779] attention_column | fwd: ALLGATHER(TP, 4 ranks) | ig: REDUCESCATTER(TP, 4 ranks) | wg: NONE(NONE, 0 ranks)
[Layer 780] attention_row | fwd: REDUCESCATTER(TP, 4 ranks) | ig: ALLGATHER(TP, 4 ranks) | wg: NONE(NONE, 0 ranks)
[Layer 781] mlp_column | fwd: ALLGATHER(TP, 4 ranks) | ig: REDUCESCATTER(TP, 4 ranks) | wg: NONE(NONE, 0 ranks)
[Layer 782] mlp_row | fwd: REDUCESCATTER(TP, 4 ranks) | ig: ALLGATHER(TP, 4 ranks) | wg: NONE(NONE, 0 ranks)
[Layer 783] attention_column | fwd: ALLGATHER(TP, 4 ranks) | ig: REDUCESCATTER(TP, 4 ranks) | wg: NONE(NONE, 0 ranks)
[Layer 784] attention_row | fwd: REDUCESCATTER(TP, 4 ranks) | ig: ALLGATHER(TP, 4 ranks) | wg: NONE(NONE, 0 ranks)
[Layer 785] mlp_column | fwd: ALLGATHER(TP, 4 ranks) | ig: REDUCESCATTER(TP, 4 ranks) | wg: NONE(NONE, 0 ranks)
[Layer 786] mlp_row | fwd: REDUCESCATTER(TP, 4 ranks) | ig: ALLGATHER(TP, 4 ranks) | wg: NONE(NONE, 0 ranks)
[Layer 787] attention_column | fwd: ALLGATHER(TP, 4 ranks) | ig: REDUCESCATTER(TP, 4 ranks) | wg: NONE(NONE, 0 ranks)
[Layer 788] attention_row | fwd: REDUCESCATTER(TP, 4 ranks) | ig: ALLGATHER(TP, 4 ranks) | wg: NONE(NONE, 0 ranks)
[Layer 789] mlp_column | fwd: ALLGATHER(TP, 4 ranks) | ig: REDUCESCATTER(TP, 4 ranks) | wg: NONE(NONE, 0 ranks)
[Layer 790] mlp_row | fwd: REDUCESCATTER(TP, 4 ranks) | ig: ALLGATHER(TP, 4 ranks) | wg: NONE(NONE, 0 ranks)
[Layer 791] attention_column | fwd: ALLGATHER(TP, 4 ranks) | ig: REDUCESCATTER(TP, 4 ranks) | wg: NONE(NONE, 0 ranks)
[Layer 792] attention_row | fwd: REDUCESCATTER(TP, 4 ranks) | ig: ALLGATHER(TP, 4 ranks) | wg: NONE(NONE, 0 ranks)
[Layer 793] mlp_column | fwd: ALLGATHER(TP, 4 ranks) | ig: REDUCESCATTER(TP, 4 ranks) | wg: NONE(NONE, 0 ranks)
[Layer 794] mlp_row | fwd: REDUCESCATTER(TP, 4 ranks) | ig: ALLGATHER(TP, 4 ranks) | wg: NONE(NONE, 0 ranks)
[Layer 795] attention_column | fwd: ALLGATHER(TP, 4 ranks) | ig: REDUCESCATTER(TP, 4 ranks) | wg: NONE(NONE, 0 ranks)
[Layer 796] attention_row | fwd: REDUCESCATTER(TP, 4 ranks) | ig: ALLGATHER(TP, 4 ranks) | wg: NONE(NONE, 0 ranks)
[Layer 797] mlp_column | fwd: ALLGATHER(TP, 4 ranks) | ig: REDUCESCATTER(TP, 4 ranks) | wg: NONE(NONE, 0 ranks)
[Layer 798] mlp_row | fwd: REDUCESCATTER(TP, 4 ranks) | ig: ALLGATHER(TP, 4 ranks) | wg: NONE(NONE, 0 ranks)
[Layer 799] attention_column | fwd: ALLGATHER(TP, 4 ranks) | ig: REDUCESCATTER(TP, 4 ranks) | wg: NONE(NONE, 0 ranks)
[Layer 800] attention_row | fwd: REDUCESCATTER(TP, 4 ranks) | ig: ALLGATHER(TP, 4 ranks) | wg: NONE(NONE, 0 ranks)
[Layer 801] mlp_column | fwd: ALLGATHER(TP, 4 ranks) | ig: REDUCESCATTER(TP, 4 ranks) | wg: NONE(NONE, 0 ranks)
[Layer 802] mlp_row | fwd: REDUCESCATTER(TP, 4 ranks) | ig: ALLGATHER(TP, 4 ranks) | wg: NONE(NONE, 0 ranks)
[Layer 803] attention_column | fwd: ALLGATHER(TP, 4 ranks) | ig: REDUCESCATTER(TP, 4 ranks) | wg: NONE(NONE, 0 ranks)
[Layer 804] attention_row | fwd: REDUCESCATTER(TP, 4 ranks) | ig: ALLGATHER(TP, 4 ranks) | wg: NONE(NONE, 0 ranks)
[Layer 805] mlp_column | fwd: ALLGATHER(TP, 4 ranks) | ig: REDUCESCATTER(TP, 4 ranks) | wg: NONE(NONE, 0 ranks)
[Layer 806] mlp_row | fwd: REDUCESCATTER(TP, 4 ranks) | ig: ALLGATHER(TP, 4 ranks) | wg: NONE(NONE, 0 ranks)
[Layer 807] attention_column | fwd: ALLGATHER(TP, 4 ranks) | ig: REDUCESCATTER(TP, 4 ranks) | wg: NONE(NONE, 0 ranks)
[Layer 808] attention_row | fwd: REDUCESCATTER(TP, 4 ranks) | ig: ALLGATHER(TP, 4 ranks) | wg: NONE(NONE, 0 ranks)
[Layer 809] mlp_column | fwd: ALLGATHER(TP, 4 ranks) | ig: REDUCESCATTER(TP, 4 ranks) | wg: NONE(NONE, 0 ranks)
[Layer 810] mlp_row | fwd: REDUCESCATTER(TP, 4 ranks) | ig: ALLGATHER(TP, 4 ranks) | wg: NONE(NONE, 0 ranks)
[Layer 811] attention_column | fwd: ALLGATHER(TP, 4 ranks) | ig: REDUCESCATTER(TP, 4 ranks) | wg: NONE(NONE, 0 ranks)
[Layer 812] attention_row | fwd: REDUCESCATTER(TP, 4 ranks) | ig: ALLGATHER(TP, 4 ranks) | wg: NONE(NONE, 0 ranks)
[Layer 813] mlp_column | fwd: ALLGATHER(TP, 4 ranks) | ig: REDUCESCATTER(TP, 4 ranks) | wg: NONE(NONE, 0 ranks)
[Layer 814] mlp_row | fwd: REDUCESCATTER(TP, 4 ranks) | ig: ALLGATHER(TP, 4 ranks) | wg: NONE(NONE, 0 ranks)
[Layer 815] final_column | fwd: ALLGATHER(TP, 4 ranks) | ig: REDUCESCATTER(TP, 4 ranks) | wg: NONE(NONE, 0 ranks)
[Layer 816] embedding_layer | fwd: ALLREDUCE(TP, 4 ranks) | ig: NONE(NONE, 0 ranks) | wg: NONE(NONE, 0 ranks)
[Layer 817] attention_column | fwd: ALLGATHER(TP, 4 ranks) | ig: REDUCESCATTER(TP, 4 ranks) | wg: NONE(NONE, 0 ranks)
[Layer 818] attention_row | fwd: REDUCESCATTER(TP, 4 ranks) | ig: ALLGATHER(TP, 4 ranks) | wg: NONE(NONE, 0 ranks)
[Layer 819] mlp_column | fwd: ALLGATHER(TP, 4 ranks) | ig: REDUCESCATTER(TP, 4 ranks) | wg: NONE(NONE, 0 ranks)
[Layer 820] mlp_row | fwd: REDUCESCATTER(TP, 4 ranks) | ig: ALLGATHER(TP, 4 ranks) | wg: NONE(NONE, 0 ranks)
[Layer 821] attention_column | fwd: ALLGATHER(TP, 4 ranks) | ig: REDUCESCATTER(TP, 4 ranks) | wg: NONE(NONE, 0 ranks)
[Layer 822] attention_row | fwd: REDUCESCATTER(TP, 4 ranks) | ig: ALLGATHER(TP, 4 ranks) | wg: NONE(NONE, 0 ranks)
[Layer 823] mlp_column | fwd: ALLGATHER(TP, 4 ranks) | ig: REDUCESCATTER(TP, 4 ranks) | wg: NONE(NONE, 0 ranks)
[Layer 824] mlp_row | fwd: REDUCESCATTER(TP, 4 ranks) | ig: ALLGATHER(TP, 4 ranks) | wg: NONE(NONE, 0 ranks)
[Layer 825] attention_column | fwd: ALLGATHER(TP, 4 ranks) | ig: REDUCESCATTER(TP, 4 ranks) | wg: NONE(NONE, 0 ranks)
[Layer 826] attention_row | fwd: REDUCESCATTER(TP, 4 ranks) | ig: ALLGATHER(TP, 4 ranks) | wg: NONE(NONE, 0 ranks)
[Layer 827] mlp_column | fwd: ALLGATHER(TP, 4 ranks) | ig: REDUCESCATTER(TP, 4 ranks) | wg: NONE(NONE, 0 ranks)
[Layer 828] mlp_row | fwd: REDUCESCATTER(TP, 4 ranks) | ig: ALLGATHER(TP, 4 ranks) | wg: NONE(NONE, 0 ranks)
[Layer 829] attention_column | fwd: ALLGATHER(TP, 4 ranks) | ig: REDUCESCATTER(TP, 4 ranks) | wg: NONE(NONE, 0 ranks)
[Layer 830] attention_row | fwd: REDUCESCATTER(TP, 4 ranks) | ig: ALLGATHER(TP, 4 ranks) | wg: NONE(NONE, 0 ranks)
[Layer 831] mlp_column | fwd: ALLGATHER(TP, 4 ranks) | ig: REDUCESCATTER(TP, 4 ranks) | wg: NONE(NONE, 0 ranks)
[Layer 832] mlp_row | fwd: REDUCESCATTER(TP, 4 ranks) | ig: ALLGATHER(TP, 4 ranks) | wg: NONE(NONE, 0 ranks)
[Layer 833] attention_column | fwd: ALLGATHER(TP, 4 ranks) | ig: REDUCESCATTER(TP, 4 ranks) | wg: NONE(NONE, 0 ranks)
[Layer 834] attention_row | fwd: REDUCESCATTER(TP, 4 ranks) | ig: ALLGATHER(TP, 4 ranks) | wg: NONE(NONE, 0 ranks)
[Layer 835] mlp_column | fwd: ALLGATHER(TP, 4 ranks) | ig: REDUCESCATTER(TP, 4 ranks) | wg: NONE(NONE, 0 ranks)
[Layer 836] mlp_row | fwd: REDUCESCATTER(TP, 4 ranks) | ig: ALLGATHER(TP, 4 ranks) | wg: NONE(NONE, 0 ranks)
[Layer 837] attention_column | fwd: ALLGATHER(TP, 4 ranks) | ig: REDUCESCATTER(TP, 4 ranks) | wg: NONE(NONE, 0 ranks)
[Layer 838] attention_row | fwd: REDUCESCATTER(TP, 4 ranks) | ig: ALLGATHER(TP, 4 ranks) | wg: NONE(NONE, 0 ranks)
[Layer 839] mlp_column | fwd: ALLGATHER(TP, 4 ranks) | ig: REDUCESCATTER(TP, 4 ranks) | wg: NONE(NONE, 0 ranks)
[Layer 840] mlp_row | fwd: REDUCESCATTER(TP, 4 ranks) | ig: ALLGATHER(TP, 4 ranks) | wg: NONE(NONE, 0 ranks)
[Layer 841] attention_column | fwd: ALLGATHER(TP, 4 ranks) | ig: REDUCESCATTER(TP, 4 ranks) | wg: NONE(NONE, 0 ranks)
[Layer 842] attention_row | fwd: REDUCESCATTER(TP, 4 ranks) | ig: ALLGATHER(TP, 4 ranks) | wg: NONE(NONE, 0 ranks)
[Layer 843] mlp_column | fwd: ALLGATHER(TP, 4 ranks) | ig: REDUCESCATTER(TP, 4 ranks) | wg: NONE(NONE, 0 ranks)
[Layer 844] mlp_row | fwd: REDUCESCATTER(TP, 4 ranks) | ig: ALLGATHER(TP, 4 ranks) | wg: NONE(NONE, 0 ranks)
[Layer 845] attention_column | fwd: ALLGATHER(TP, 4 ranks) | ig: REDUCESCATTER(TP, 4 ranks) | wg: NONE(NONE, 0 ranks)
[Layer 846] attention_row | fwd: REDUCESCATTER(TP, 4 ranks) | ig: ALLGATHER(TP, 4 ranks) | wg: NONE(NONE, 0 ranks)
[Layer 847] mlp_column | fwd: ALLGATHER(TP, 4 ranks) | ig: REDUCESCATTER(TP, 4 ranks) | wg: NONE(NONE, 0 ranks)
[Layer 848] mlp_row | fwd: REDUCESCATTER(TP, 4 ranks) | ig: ALLGATHER(TP, 4 ranks) | wg: NONE(NONE, 0 ranks)
[Layer 849] attention_column | fwd: ALLGATHER(TP, 4 ranks) | ig: REDUCESCATTER(TP, 4 ranks) | wg: NONE(NONE, 0 ranks)
[Layer 850] attention_row | fwd: REDUCESCATTER(TP, 4 ranks) | ig: ALLGATHER(TP, 4 ranks) | wg: NONE(NONE, 0 ranks)
[Layer 851] mlp_column | fwd: ALLGATHER(TP, 4 ranks) | ig: REDUCESCATTER(TP, 4 ranks) | wg: NONE(NONE, 0 ranks)
[Layer 852] mlp_row | fwd: REDUCESCATTER(TP, 4 ranks) | ig: ALLGATHER(TP, 4 ranks) | wg: NONE(NONE, 0 ranks)
[Layer 853] attention_column | fwd: ALLGATHER(TP, 4 ranks) | ig: REDUCESCATTER(TP, 4 ranks) | wg: NONE(NONE, 0 ranks)
[Layer 854] attention_row | fwd: REDUCESCATTER(TP, 4 ranks) | ig: ALLGATHER(TP, 4 ranks) | wg: NONE(NONE, 0 ranks)
[Layer 855] mlp_column | fwd: ALLGATHER(TP, 4 ranks) | ig: REDUCESCATTER(TP, 4 ranks) | wg: NONE(NONE, 0 ranks)
[Layer 856] mlp_row | fwd: REDUCESCATTER(TP, 4 ranks) | ig: ALLGATHER(TP, 4 ranks) | wg: NONE(NONE, 0 ranks)
[Layer 857] attention_column | fwd: ALLGATHER(TP, 4 ranks) | ig: REDUCESCATTER(TP, 4 ranks) | wg: NONE(NONE, 0 ranks)
[Layer 858] attention_row | fwd: REDUCESCATTER(TP, 4 ranks) | ig: ALLGATHER(TP, 4 ranks) | wg: NONE(NONE, 0 ranks)
[Layer 859] mlp_column | fwd: ALLGATHER(TP, 4 ranks) | ig: REDUCESCATTER(TP, 4 ranks) | wg: NONE(NONE, 0 ranks)
[Layer 860] mlp_row | fwd: REDUCESCATTER(TP, 4 ranks) | ig: ALLGATHER(TP, 4 ranks) | wg: NONE(NONE, 0 ranks)
[Layer 861] attention_column | fwd: ALLGATHER(TP, 4 ranks) | ig: REDUCESCATTER(TP, 4 ranks) | wg: NONE(NONE, 0 ranks)
[Layer 862] attention_row | fwd: REDUCESCATTER(TP, 4 ranks) | ig: ALLGATHER(TP, 4 ranks) | wg: NONE(NONE, 0 ranks)
[Layer 863] mlp_column | fwd: ALLGATHER(TP, 4 ranks) | ig: REDUCESCATTER(TP, 4 ranks) | wg: NONE(NONE, 0 ranks)
[Layer 864] mlp_row | fwd: REDUCESCATTER(TP, 4 ranks) | ig: ALLGATHER(TP, 4 ranks) | wg: NONE(NONE, 0 ranks)
[Layer 865] attention_column | fwd: ALLGATHER(TP, 4 ranks) | ig: REDUCESCATTER(TP, 4 ranks) | wg: NONE(NONE, 0 ranks)
[Layer 866] attention_row | fwd: REDUCESCATTER(TP, 4 ranks) | ig: ALLGATHER(TP, 4 ranks) | wg: NONE(NONE, 0 ranks)
[Layer 867] mlp_column | fwd: ALLGATHER(TP, 4 ranks) | ig: REDUCESCATTER(TP, 4 ranks) | wg: NONE(NONE, 0 ranks)
[Layer 868] mlp_row | fwd: REDUCESCATTER(TP, 4 ranks) | ig: ALLGATHER(TP, 4 ranks) | wg: NONE(NONE, 0 ranks)
[Layer 869] attention_column | fwd: ALLGATHER(TP, 4 ranks) | ig: REDUCESCATTER(TP, 4 ranks) | wg: NONE(NONE, 0 ranks)
[Layer 870] attention_row | fwd: REDUCESCATTER(TP, 4 ranks) | ig: ALLGATHER(TP, 4 ranks) | wg: NONE(NONE, 0 ranks)
[Layer 871] mlp_column | fwd: ALLGATHER(TP, 4 ranks) | ig: REDUCESCATTER(TP, 4 ranks) | wg: NONE(NONE, 0 ranks)
[Layer 872] mlp_row | fwd: REDUCESCATTER(TP, 4 ranks) | ig: ALLGATHER(TP, 4 ranks) | wg: NONE(NONE, 0 ranks)
[Layer 873] attention_column | fwd: ALLGATHER(TP, 4 ranks) | ig: REDUCESCATTER(TP, 4 ranks) | wg: NONE(NONE, 0 ranks)
[Layer 874] attention_row | fwd: REDUCESCATTER(TP, 4 ranks) | ig: ALLGATHER(TP, 4 ranks) | wg: NONE(NONE, 0 ranks)
[Layer 875] mlp_column | fwd: ALLGATHER(TP, 4 ranks) | ig: REDUCESCATTER(TP, 4 ranks) | wg: NONE(NONE, 0 ranks)
[Layer 876] mlp_row | fwd: REDUCESCATTER(TP, 4 ranks) | ig: ALLGATHER(TP, 4 ranks) | wg: NONE(NONE, 0 ranks)
[Layer 877] attention_column | fwd: ALLGATHER(TP, 4 ranks) | ig: REDUCESCATTER(TP, 4 ranks) | wg: NONE(NONE, 0 ranks)
[Layer 878] attention_row | fwd: REDUCESCATTER(TP, 4 ranks) | ig: ALLGATHER(TP, 4 ranks) | wg: NONE(NONE, 0 ranks)
[Layer 879] mlp_column | fwd: ALLGATHER(TP, 4 ranks) | ig: REDUCESCATTER(TP, 4 ranks) | wg: NONE(NONE, 0 ranks)
[Layer 880] mlp_row | fwd: REDUCESCATTER(TP, 4 ranks) | ig: ALLGATHER(TP, 4 ranks) | wg: NONE(NONE, 0 ranks)
[Layer 881] attention_column | fwd: ALLGATHER(TP, 4 ranks) | ig: REDUCESCATTER(TP, 4 ranks) | wg: NONE(NONE, 0 ranks)
[Layer 882] attention_row | fwd: REDUCESCATTER(TP, 4 ranks) | ig: ALLGATHER(TP, 4 ranks) | wg: NONE(NONE, 0 ranks)
[Layer 883] mlp_column | fwd: ALLGATHER(TP, 4 ranks) | ig: REDUCESCATTER(TP, 4 ranks) | wg: NONE(NONE, 0 ranks)
[Layer 884] mlp_row | fwd: REDUCESCATTER(TP, 4 ranks) | ig: ALLGATHER(TP, 4 ranks) | wg: NONE(NONE, 0 ranks)
[Layer 885] attention_column | fwd: ALLGATHER(TP, 4 ranks) | ig: REDUCESCATTER(TP, 4 ranks) | wg: NONE(NONE, 0 ranks)
[Layer 886] attention_row | fwd: REDUCESCATTER(TP, 4 ranks) | ig: ALLGATHER(TP, 4 ranks) | wg: NONE(NONE, 0 ranks)
[Layer 887] mlp_column | fwd: ALLGATHER(TP, 4 ranks) | ig: REDUCESCATTER(TP, 4 ranks) | wg: NONE(NONE, 0 ranks)
[Layer 888] mlp_row | fwd: REDUCESCATTER(TP, 4 ranks) | ig: ALLGATHER(TP, 4 ranks) | wg: NONE(NONE, 0 ranks)
[Layer 889] attention_column | fwd: ALLGATHER(TP, 4 ranks) | ig: REDUCESCATTER(TP, 4 ranks) | wg: NONE(NONE, 0 ranks)
[Layer 890] attention_row | fwd: REDUCESCATTER(TP, 4 ranks) | ig: ALLGATHER(TP, 4 ranks) | wg: NONE(NONE, 0 ranks)
[Layer 891] mlp_column | fwd: ALLGATHER(TP, 4 ranks) | ig: REDUCESCATTER(TP, 4 ranks) | wg: NONE(NONE, 0 ranks)
[Layer 892] mlp_row | fwd: REDUCESCATTER(TP, 4 ranks) | ig: ALLGATHER(TP, 4 ranks) | wg: NONE(NONE, 0 ranks)
[Layer 893] attention_column | fwd: ALLGATHER(TP, 4 ranks) | ig: REDUCESCATTER(TP, 4 ranks) | wg: NONE(NONE, 0 ranks)
[Layer 894] attention_row | fwd: REDUCESCATTER(TP, 4 ranks) | ig: ALLGATHER(TP, 4 ranks) | wg: NONE(NONE, 0 ranks)
[Layer 895] mlp_column | fwd: ALLGATHER(TP, 4 ranks) | ig: REDUCESCATTER(TP, 4 ranks) | wg: NONE(NONE, 0 ranks)
[Layer 896] mlp_row | fwd: REDUCESCATTER(TP, 4 ranks) | ig: ALLGATHER(TP, 4 ranks) | wg: NONE(NONE, 0 ranks)
[Layer 897] attention_column | fwd: ALLGATHER(TP, 4 ranks) | ig: REDUCESCATTER(TP, 4 ranks) | wg: NONE(NONE, 0 ranks)
[Layer 898] attention_row | fwd: REDUCESCATTER(TP, 4 ranks) | ig: ALLGATHER(TP, 4 ranks) | wg: NONE(NONE, 0 ranks)
[Layer 899] mlp_column | fwd: ALLGATHER(TP, 4 ranks) | ig: REDUCESCATTER(TP, 4 ranks) | wg: NONE(NONE, 0 ranks)
[Layer 900] mlp_row | fwd: REDUCESCATTER(TP, 4 ranks) | ig: ALLGATHER(TP, 4 ranks) | wg: NONE(NONE, 0 ranks)
[Layer 901] attention_column | fwd: ALLGATHER(TP, 4 ranks) | ig: REDUCESCATTER(TP, 4 ranks) | wg: NONE(NONE, 0 ranks)
[Layer 902] attention_row | fwd: REDUCESCATTER(TP, 4 ranks) | ig: ALLGATHER(TP, 4 ranks) | wg: NONE(NONE, 0 ranks)
[Layer 903] mlp_column | fwd: ALLGATHER(TP, 4 ranks) | ig: REDUCESCATTER(TP, 4 ranks) | wg: NONE(NONE, 0 ranks)
[Layer 904] mlp_row | fwd: REDUCESCATTER(TP, 4 ranks) | ig: ALLGATHER(TP, 4 ranks) | wg: NONE(NONE, 0 ranks)
[Layer 905] attention_column | fwd: ALLGATHER(TP, 4 ranks) | ig: REDUCESCATTER(TP, 4 ranks) | wg: NONE(NONE, 0 ranks)
[Layer 906] attention_row | fwd: REDUCESCATTER(TP, 4 ranks) | ig: ALLGATHER(TP, 4 ranks) | wg: NONE(NONE, 0 ranks)
[Layer 907] mlp_column | fwd: ALLGATHER(TP, 4 ranks) | ig: REDUCESCATTER(TP, 4 ranks) | wg: NONE(NONE, 0 ranks)
[Layer 908] mlp_row | fwd: REDUCESCATTER(TP, 4 ranks) | ig: ALLGATHER(TP, 4 ranks) | wg: NONE(NONE, 0 ranks)
[Layer 909] attention_column | fwd: ALLGATHER(TP, 4 ranks) | ig: REDUCESCATTER(TP, 4 ranks) | wg: NONE(NONE, 0 ranks)
[Layer 910] attention_row | fwd: REDUCESCATTER(TP, 4 ranks) | ig: ALLGATHER(TP, 4 ranks) | wg: NONE(NONE, 0 ranks)
[Layer 911] mlp_column | fwd: ALLGATHER(TP, 4 ranks) | ig: REDUCESCATTER(TP, 4 ranks) | wg: NONE(NONE, 0 ranks)
[Layer 912] mlp_row | fwd: REDUCESCATTER(TP, 4 ranks) | ig: ALLGATHER(TP, 4 ranks) | wg: NONE(NONE, 0 ranks)
[Layer 913] attention_column | fwd: ALLGATHER(TP, 4 ranks) | ig: REDUCESCATTER(TP, 4 ranks) | wg: NONE(NONE, 0 ranks)
[Layer 914] attention_row | fwd: REDUCESCATTER(TP, 4 ranks) | ig: ALLGATHER(TP, 4 ranks) | wg: NONE(NONE, 0 ranks)
[Layer 915] mlp_column | fwd: ALLGATHER(TP, 4 ranks) | ig: REDUCESCATTER(TP, 4 ranks) | wg: NONE(NONE, 0 ranks)
[Layer 916] mlp_row | fwd: REDUCESCATTER(TP, 4 ranks) | ig: ALLGATHER(TP, 4 ranks) | wg: NONE(NONE, 0 ranks)
[Layer 917] attention_column | fwd: ALLGATHER(TP, 4 ranks) | ig: REDUCESCATTER(TP, 4 ranks) | wg: NONE(NONE, 0 ranks)
[Layer 918] attention_row | fwd: REDUCESCATTER(TP, 4 ranks) | ig: ALLGATHER(TP, 4 ranks) | wg: NONE(NONE, 0 ranks)
[Layer 919] mlp_column | fwd: ALLGATHER(TP, 4 ranks) | ig: REDUCESCATTER(TP, 4 ranks) | wg: NONE(NONE, 0 ranks)
[Layer 920] mlp_row | fwd: REDUCESCATTER(TP, 4 ranks) | ig: ALLGATHER(TP, 4 ranks) | wg: NONE(NONE, 0 ranks)
[Layer 921] attention_column | fwd: ALLGATHER(TP, 4 ranks) | ig: REDUCESCATTER(TP, 4 ranks) | wg: NONE(NONE, 0 ranks)
[Layer 922] attention_row | fwd: REDUCESCATTER(TP, 4 ranks) | ig: ALLGATHER(TP, 4 ranks) | wg: NONE(NONE, 0 ranks)
[Layer 923] mlp_column | fwd: ALLGATHER(TP, 4 ranks) | ig: REDUCESCATTER(TP, 4 ranks) | wg: NONE(NONE, 0 ranks)
[Layer 924] mlp_row | fwd: REDUCESCATTER(TP, 4 ranks) | ig: ALLGATHER(TP, 4 ranks) | wg: NONE(NONE, 0 ranks)
[Layer 925] attention_column | fwd: ALLGATHER(TP, 4 ranks) | ig: REDUCESCATTER(TP, 4 ranks) | wg: NONE(NONE, 0 ranks)
[Layer 926] attention_row | fwd: REDUCESCATTER(TP, 4 ranks) | ig: ALLGATHER(TP, 4 ranks) | wg: NONE(NONE, 0 ranks)
[Layer 927] mlp_column | fwd: ALLGATHER(TP, 4 ranks) | ig: REDUCESCATTER(TP, 4 ranks) | wg: NONE(NONE, 0 ranks)
[Layer 928] mlp_row | fwd: REDUCESCATTER(TP, 4 ranks) | ig: ALLGATHER(TP, 4 ranks) | wg: NONE(NONE, 0 ranks)
[Layer 929] attention_column | fwd: ALLGATHER(TP, 4 ranks) | ig: REDUCESCATTER(TP, 4 ranks) | wg: NONE(NONE, 0 ranks)
[Layer 930] attention_row | fwd: REDUCESCATTER(TP, 4 ranks) | ig: ALLGATHER(TP, 4 ranks) | wg: NONE(NONE, 0 ranks)
[Layer 931] mlp_column | fwd: ALLGATHER(TP, 4 ranks) | ig: REDUCESCATTER(TP, 4 ranks) | wg: NONE(NONE, 0 ranks)
[Layer 932] mlp_row | fwd: REDUCESCATTER(TP, 4 ranks) | ig: ALLGATHER(TP, 4 ranks) | wg: NONE(NONE, 0 ranks)
[Layer 933] attention_column | fwd: ALLGATHER(TP, 4 ranks) | ig: REDUCESCATTER(TP, 4 ranks) | wg: NONE(NONE, 0 ranks)
[Layer 934] attention_row | fwd: REDUCESCATTER(TP, 4 ranks) | ig: ALLGATHER(TP, 4 ranks) | wg: NONE(NONE, 0 ranks)
[Layer 935] mlp_column | fwd: ALLGATHER(TP, 4 ranks) | ig: REDUCESCATTER(TP, 4 ranks) | wg: NONE(NONE, 0 ranks)
[Layer 936] mlp_row | fwd: REDUCESCATTER(TP, 4 ranks) | ig: ALLGATHER(TP, 4 ranks) | wg: NONE(NONE, 0 ranks)
[Layer 937] attention_column | fwd: ALLGATHER(TP, 4 ranks) | ig: REDUCESCATTER(TP, 4 ranks) | wg: NONE(NONE, 0 ranks)
[Layer 938] attention_row | fwd: REDUCESCATTER(TP, 4 ranks) | ig: ALLGATHER(TP, 4 ranks) | wg: NONE(NONE, 0 ranks)
[Layer 939] mlp_column | fwd: ALLGATHER(TP, 4 ranks) | ig: REDUCESCATTER(TP, 4 ranks) | wg: NONE(NONE, 0 ranks)
[Layer 940] mlp_row | fwd: REDUCESCATTER(TP, 4 ranks) | ig: ALLGATHER(TP, 4 ranks) | wg: NONE(NONE, 0 ranks)
[Layer 941] attention_column | fwd: ALLGATHER(TP, 4 ranks) | ig: REDUCESCATTER(TP, 4 ranks) | wg: NONE(NONE, 0 ranks)
[Layer 942] attention_row | fwd: REDUCESCATTER(TP, 4 ranks) | ig: ALLGATHER(TP, 4 ranks) | wg: NONE(NONE, 0 ranks)
[Layer 943] mlp_column | fwd: ALLGATHER(TP, 4 ranks) | ig: REDUCESCATTER(TP, 4 ranks) | wg: NONE(NONE, 0 ranks)
[Layer 944] mlp_row | fwd: REDUCESCATTER(TP, 4 ranks) | ig: ALLGATHER(TP, 4 ranks) | wg: NONE(NONE, 0 ranks)
[Layer 945] attention_column | fwd: ALLGATHER(TP, 4 ranks) | ig: REDUCESCATTER(TP, 4 ranks) | wg: NONE(NONE, 0 ranks)
[Layer 946] attention_row | fwd: REDUCESCATTER(TP, 4 ranks) | ig: ALLGATHER(TP, 4 ranks) | wg: NONE(NONE, 0 ranks)
[Layer 947] mlp_column | fwd: ALLGATHER(TP, 4 ranks) | ig: REDUCESCATTER(TP, 4 ranks) | wg: NONE(NONE, 0 ranks)
[Layer 948] mlp_row | fwd: REDUCESCATTER(TP, 4 ranks) | ig: ALLGATHER(TP, 4 ranks) | wg: NONE(NONE, 0 ranks)
[Layer 949] attention_column | fwd: ALLGATHER(TP, 4 ranks) | ig: REDUCESCATTER(TP, 4 ranks) | wg: NONE(NONE, 0 ranks)
[Layer 950] attention_row | fwd: REDUCESCATTER(TP, 4 ranks) | ig: ALLGATHER(TP, 4 ranks) | wg: NONE(NONE, 0 ranks)
[Layer 951] mlp_column | fwd: ALLGATHER(TP, 4 ranks) | ig: REDUCESCATTER(TP, 4 ranks) | wg: NONE(NONE, 0 ranks)
[Layer 952] mlp_row | fwd: REDUCESCATTER(TP, 4 ranks) | ig: ALLGATHER(TP, 4 ranks) | wg: NONE(NONE, 0 ranks)
[Layer 953] attention_column | fwd: ALLGATHER(TP, 4 ranks) | ig: REDUCESCATTER(TP, 4 ranks) | wg: NONE(NONE, 0 ranks)
[Layer 954] attention_row | fwd: REDUCESCATTER(TP, 4 ranks) | ig: ALLGATHER(TP, 4 ranks) | wg: NONE(NONE, 0 ranks)
[Layer 955] mlp_column | fwd: ALLGATHER(TP, 4 ranks) | ig: REDUCESCATTER(TP, 4 ranks) | wg: NONE(NONE, 0 ranks)
[Layer 956] mlp_row | fwd: REDUCESCATTER(TP, 4 ranks) | ig: ALLGATHER(TP, 4 ranks) | wg: NONE(NONE, 0 ranks)
[Layer 957] attention_column | fwd: ALLGATHER(TP, 4 ranks) | ig: REDUCESCATTER(TP, 4 ranks) | wg: NONE(NONE, 0 ranks)
[Layer 958] attention_row | fwd: REDUCESCATTER(TP, 4 ranks) | ig: ALLGATHER(TP, 4 ranks) | wg: NONE(NONE, 0 ranks)
[Layer 959] mlp_column | fwd: ALLGATHER(TP, 4 ranks) | ig: REDUCESCATTER(TP, 4 ranks) | wg: NONE(NONE, 0 ranks)
[Layer 960] mlp_row | fwd: REDUCESCATTER(TP, 4 ranks) | ig: ALLGATHER(TP, 4 ranks) | wg: NONE(NONE, 0 ranks)
[Layer 961] attention_column | fwd: ALLGATHER(TP, 4 ranks) | ig: REDUCESCATTER(TP, 4 ranks) | wg: NONE(NONE, 0 ranks)
[Layer 962] attention_row | fwd: REDUCESCATTER(TP, 4 ranks) | ig: ALLGATHER(TP, 4 ranks) | wg: NONE(NONE, 0 ranks)
[Layer 963] mlp_column | fwd: ALLGATHER(TP, 4 ranks) | ig: REDUCESCATTER(TP, 4 ranks) | wg: NONE(NONE, 0 ranks)
[Layer 964] mlp_row | fwd: REDUCESCATTER(TP, 4 ranks) | ig: ALLGATHER(TP, 4 ranks) | wg: NONE(NONE, 0 ranks)
[Layer 965] attention_column | fwd: ALLGATHER(TP, 4 ranks) | ig: REDUCESCATTER(TP, 4 ranks) | wg: NONE(NONE, 0 ranks)
[Layer 966] attention_row | fwd: REDUCESCATTER(TP, 4 ranks) | ig: ALLGATHER(TP, 4 ranks) | wg: NONE(NONE, 0 ranks)
[Layer 967] mlp_column | fwd: ALLGATHER(TP, 4 ranks) | ig: REDUCESCATTER(TP, 4 ranks) | wg: NONE(NONE, 0 ranks)
[Layer 968] mlp_row | fwd: REDUCESCATTER(TP, 4 ranks) | ig: ALLGATHER(TP, 4 ranks) | wg: NONE(NONE, 0 ranks)
[Layer 969] attention_column | fwd: ALLGATHER(TP, 4 ranks) | ig: REDUCESCATTER(TP, 4 ranks) | wg: NONE(NONE, 0 ranks)
[Layer 970] attention_row | fwd: REDUCESCATTER(TP, 4 ranks) | ig: ALLGATHER(TP, 4 ranks) | wg: NONE(NONE, 0 ranks)
[Layer 971] mlp_column | fwd: ALLGATHER(TP, 4 ranks) | ig: REDUCESCATTER(TP, 4 ranks) | wg: NONE(NONE, 0 ranks)
[Layer 972] mlp_row | fwd: REDUCESCATTER(TP, 4 ranks) | ig: ALLGATHER(TP, 4 ranks) | wg: NONE(NONE, 0 ranks)
[Layer 973] attention_column | fwd: ALLGATHER(TP, 4 ranks) | ig: REDUCESCATTER(TP, 4 ranks) | wg: NONE(NONE, 0 ranks)
[Layer 974] attention_row | fwd: REDUCESCATTER(TP, 4 ranks) | ig: ALLGATHER(TP, 4 ranks) | wg: NONE(NONE, 0 ranks)
[Layer 975] mlp_column | fwd: ALLGATHER(TP, 4 ranks) | ig: REDUCESCATTER(TP, 4 ranks) | wg: NONE(NONE, 0 ranks)
[Layer 976] mlp_row | fwd: REDUCESCATTER(TP, 4 ranks) | ig: ALLGATHER(TP, 4 ranks) | wg: NONE(NONE, 0 ranks)
[Layer 977] final_column | fwd: ALLGATHER(TP, 4 ranks) | ig: REDUCESCATTER(TP, 4 ranks) | wg: NONE(NONE, 0 ranks)
[Layer 978] embedding_layer | fwd: ALLREDUCE(TP, 4 ranks) | ig: NONE(NONE, 0 ranks) | wg: NONE(NONE, 0 ranks)
[Layer 979] attention_column | fwd: ALLGATHER(TP, 4 ranks) | ig: REDUCESCATTER(TP, 4 ranks) | wg: NONE(NONE, 0 ranks)
[Layer 980] attention_row | fwd: REDUCESCATTER(TP, 4 ranks) | ig: ALLGATHER(TP, 4 ranks) | wg: NONE(NONE, 0 ranks)
[Layer 981] mlp_column | fwd: ALLGATHER(TP, 4 ranks) | ig: REDUCESCATTER(TP, 4 ranks) | wg: NONE(NONE, 0 ranks)
[Layer 982] mlp_row | fwd: REDUCESCATTER(TP, 4 ranks) | ig: ALLGATHER(TP, 4 ranks) | wg: NONE(NONE, 0 ranks)
[Layer 983] attention_column | fwd: ALLGATHER(TP, 4 ranks) | ig: REDUCESCATTER(TP, 4 ranks) | wg: NONE(NONE, 0 ranks)
[Layer 984] attention_row | fwd: REDUCESCATTER(TP, 4 ranks) | ig: ALLGATHER(TP, 4 ranks) | wg: NONE(NONE, 0 ranks)
[Layer 985] mlp_column | fwd: ALLGATHER(TP, 4 ranks) | ig: REDUCESCATTER(TP, 4 ranks) | wg: NONE(NONE, 0 ranks)
[Layer 986] mlp_row | fwd: REDUCESCATTER(TP, 4 ranks) | ig: ALLGATHER(TP, 4 ranks) | wg: NONE(NONE, 0 ranks)
[Layer 987] attention_column | fwd: ALLGATHER(TP, 4 ranks) | ig: REDUCESCATTER(TP, 4 ranks) | wg: NONE(NONE, 0 ranks)
[Layer 988] attention_row | fwd: REDUCESCATTER(TP, 4 ranks) | ig: ALLGATHER(TP, 4 ranks) | wg: NONE(NONE, 0 ranks)
[Layer 989] mlp_column | fwd: ALLGATHER(TP, 4 ranks) | ig: REDUCESCATTER(TP, 4 ranks) | wg: NONE(NONE, 0 ranks)
[Layer 990] mlp_row | fwd: REDUCESCATTER(TP, 4 ranks) | ig: ALLGATHER(TP, 4 ranks) | wg: NONE(NONE, 0 ranks)
[Layer 991] attention_column | fwd: ALLGATHER(TP, 4 ranks) | ig: REDUCESCATTER(TP, 4 ranks) | wg: NONE(NONE, 0 ranks)
[Layer 992] attention_row | fwd: REDUCESCATTER(TP, 4 ranks) | ig: ALLGATHER(TP, 4 ranks) | wg: NONE(NONE, 0 ranks)
[Layer 993] mlp_column | fwd: ALLGATHER(TP, 4 ranks) | ig: REDUCESCATTER(TP, 4 ranks) | wg: NONE(NONE, 0 ranks)
[Layer 994] mlp_row | fwd: REDUCESCATTER(TP, 4 ranks) | ig: ALLGATHER(TP, 4 ranks) | wg: NONE(NONE, 0 ranks)
[Layer 995] attention_column | fwd: ALLGATHER(TP, 4 ranks) | ig: REDUCESCATTER(TP, 4 ranks) | wg: NONE(NONE, 0 ranks)
[Layer 996] attention_row | fwd: REDUCESCATTER(TP, 4 ranks) | ig: ALLGATHER(TP, 4 ranks) | wg: NONE(NONE, 0 ranks)
[Layer 997] mlp_column | fwd: ALLGATHER(TP, 4 ranks) | ig: REDUCESCATTER(TP, 4 ranks) | wg: NONE(NONE, 0 ranks)
[Layer 998] mlp_row | fwd: REDUCESCATTER(TP, 4 ranks) | ig: ALLGATHER(TP, 4 ranks) | wg: NONE(NONE, 0 ranks)
[Layer 999] attention_column | fwd: ALLGATHER(TP, 4 ranks) | ig: REDUCESCATTER(TP, 4 ranks) | wg: NONE(NONE, 0 ranks)
[Layer 1000] attention_row | fwd: REDUCESCATTER(TP, 4 ranks) | ig: ALLGATHER(TP, 4 ranks) | wg: NONE(NONE, 0 ranks)
[Layer 1001] mlp_column | fwd: ALLGATHER(TP, 4 ranks) | ig: REDUCESCATTER(TP, 4 ranks) | wg: NONE(NONE, 0 ranks)
[Layer 1002] mlp_row | fwd: REDUCESCATTER(TP, 4 ranks) | ig: ALLGATHER(TP, 4 ranks) | wg: NONE(NONE, 0 ranks)
[Layer 1003] attention_column | fwd: ALLGATHER(TP, 4 ranks) | ig: REDUCESCATTER(TP, 4 ranks) | wg: NONE(NONE, 0 ranks)
[Layer 1004] attention_row | fwd: REDUCESCATTER(TP, 4 ranks) | ig: ALLGATHER(TP, 4 ranks) | wg: NONE(NONE, 0 ranks)
[Layer 1005] mlp_column | fwd: ALLGATHER(TP, 4 ranks) | ig: REDUCESCATTER(TP, 4 ranks) | wg: NONE(NONE, 0 ranks)
[Layer 1006] mlp_row | fwd: REDUCESCATTER(TP, 4 ranks) | ig: ALLGATHER(TP, 4 ranks) | wg: NONE(NONE, 0 ranks)
[Layer 1007] attention_column | fwd: ALLGATHER(TP, 4 ranks) | ig: REDUCESCATTER(TP, 4 ranks) | wg: NONE(NONE, 0 ranks)
[Layer 1008] attention_row | fwd: REDUCESCATTER(TP, 4 ranks) | ig: ALLGATHER(TP, 4 ranks) | wg: NONE(NONE, 0 ranks)
[Layer 1009] mlp_column | fwd: ALLGATHER(TP, 4 ranks) | ig: REDUCESCATTER(TP, 4 ranks) | wg: NONE(NONE, 0 ranks)
[Layer 1010] mlp_row | fwd: REDUCESCATTER(TP, 4 ranks) | ig: ALLGATHER(TP, 4 ranks) | wg: NONE(NONE, 0 ranks)
[Layer 1011] attention_column | fwd: ALLGATHER(TP, 4 ranks) | ig: REDUCESCATTER(TP, 4 ranks) | wg: NONE(NONE, 0 ranks)
[Layer 1012] attention_row | fwd: REDUCESCATTER(TP, 4 ranks) | ig: ALLGATHER(TP, 4 ranks) | wg: NONE(NONE, 0 ranks)
[Layer 1013] mlp_column | fwd: ALLGATHER(TP, 4 ranks) | ig: REDUCESCATTER(TP, 4 ranks) | wg: NONE(NONE, 0 ranks)
[Layer 1014] mlp_row | fwd: REDUCESCATTER(TP, 4 ranks) | ig: ALLGATHER(TP, 4 ranks) | wg: NONE(NONE, 0 ranks)
[Layer 1015] attention_column | fwd: ALLGATHER(TP, 4 ranks) | ig: REDUCESCATTER(TP, 4 ranks) | wg: NONE(NONE, 0 ranks)
[Layer 1016] attention_row | fwd: REDUCESCATTER(TP, 4 ranks) | ig: ALLGATHER(TP, 4 ranks) | wg: NONE(NONE, 0 ranks)
[Layer 1017] mlp_column | fwd: ALLGATHER(TP, 4 ranks) | ig: REDUCESCATTER(TP, 4 ranks) | wg: NONE(NONE, 0 ranks)
[Layer 1018] mlp_row | fwd: REDUCESCATTER(TP, 4 ranks) | ig: ALLGATHER(TP, 4 ranks) | wg: NONE(NONE, 0 ranks)
[Layer 1019] attention_column | fwd: ALLGATHER(TP, 4 ranks) | ig: REDUCESCATTER(TP, 4 ranks) | wg: NONE(NONE, 0 ranks)
[Layer 1020] attention_row | fwd: REDUCESCATTER(TP, 4 ranks) | ig: ALLGATHER(TP, 4 ranks) | wg: NONE(NONE, 0 ranks)
[Layer 1021] mlp_column | fwd: ALLGATHER(TP, 4 ranks) | ig: REDUCESCATTER(TP, 4 ranks) | wg: NONE(NONE, 0 ranks)
[Layer 1022] mlp_row | fwd: REDUCESCATTER(TP, 4 ranks) | ig: ALLGATHER(TP, 4 ranks) | wg: NONE(NONE, 0 ranks)
[Layer 1023] attention_column | fwd: ALLGATHER(TP, 4 ranks) | ig: REDUCESCATTER(TP, 4 ranks) | wg: NONE(NONE, 0 ranks)
[Layer 1024] attention_row | fwd: REDUCESCATTER(TP, 4 ranks) | ig: ALLGATHER(TP, 4 ranks) | wg: NONE(NONE, 0 ranks)
[Layer 1025] mlp_column | fwd: ALLGATHER(TP, 4 ranks) | ig: REDUCESCATTER(TP, 4 ranks) | wg: NONE(NONE, 0 ranks)
[Layer 1026] mlp_row | fwd: REDUCESCATTER(TP, 4 ranks) | ig: ALLGATHER(TP, 4 ranks) | wg: NONE(NONE, 0 ranks)
[Layer 1027] attention_column | fwd: ALLGATHER(TP, 4 ranks) | ig: REDUCESCATTER(TP, 4 ranks) | wg: NONE(NONE, 0 ranks)
[Layer 1028] attention_row | fwd: REDUCESCATTER(TP, 4 ranks) | ig: ALLGATHER(TP, 4 ranks) | wg: NONE(NONE, 0 ranks)
[Layer 1029] mlp_column | fwd: ALLGATHER(TP, 4 ranks) | ig: REDUCESCATTER(TP, 4 ranks) | wg: NONE(NONE, 0 ranks)
[Layer 1030] mlp_row | fwd: REDUCESCATTER(TP, 4 ranks) | ig: ALLGATHER(TP, 4 ranks) | wg: NONE(NONE, 0 ranks)
[Layer 1031] attention_column | fwd: ALLGATHER(TP, 4 ranks) | ig: REDUCESCATTER(TP, 4 ranks) | wg: NONE(NONE, 0 ranks)
[Layer 1032] attention_row | fwd: REDUCESCATTER(TP, 4 ranks) | ig: ALLGATHER(TP, 4 ranks) | wg: NONE(NONE, 0 ranks)
[Layer 1033] mlp_column | fwd: ALLGATHER(TP, 4 ranks) | ig: REDUCESCATTER(TP, 4 ranks) | wg: NONE(NONE, 0 ranks)
[Layer 1034] mlp_row | fwd: REDUCESCATTER(TP, 4 ranks) | ig: ALLGATHER(TP, 4 ranks) | wg: NONE(NONE, 0 ranks)
[Layer 1035] attention_column | fwd: ALLGATHER(TP, 4 ranks) | ig: REDUCESCATTER(TP, 4 ranks) | wg: NONE(NONE, 0 ranks)
[Layer 1036] attention_row | fwd: REDUCESCATTER(TP, 4 ranks) | ig: ALLGATHER(TP, 4 ranks) | wg: NONE(NONE, 0 ranks)
[Layer 1037] mlp_column | fwd: ALLGATHER(TP, 4 ranks) | ig: REDUCESCATTER(TP, 4 ranks) | wg: NONE(NONE, 0 ranks)
[Layer 1038] mlp_row | fwd: REDUCESCATTER(TP, 4 ranks) | ig: ALLGATHER(TP, 4 ranks) | wg: NONE(NONE, 0 ranks)
[Layer 1039] attention_column | fwd: ALLGATHER(TP, 4 ranks) | ig: REDUCESCATTER(TP, 4 ranks) | wg: NONE(NONE, 0 ranks)
[Layer 1040] attention_row | fwd: REDUCESCATTER(TP, 4 ranks) | ig: ALLGATHER(TP, 4 ranks) | wg: NONE(NONE, 0 ranks)
[Layer 1041] mlp_column | fwd: ALLGATHER(TP, 4 ranks) | ig: REDUCESCATTER(TP, 4 ranks) | wg: NONE(NONE, 0 ranks)
[Layer 1042] mlp_row | fwd: REDUCESCATTER(TP, 4 ranks) | ig: ALLGATHER(TP, 4 ranks) | wg: NONE(NONE, 0 ranks)
[Layer 1043] attention_column | fwd: ALLGATHER(TP, 4 ranks) | ig: REDUCESCATTER(TP, 4 ranks) | wg: NONE(NONE, 0 ranks)
[Layer 1044] attention_row | fwd: REDUCESCATTER(TP, 4 ranks) | ig: ALLGATHER(TP, 4 ranks) | wg: NONE(NONE, 0 ranks)
[Layer 1045] mlp_column | fwd: ALLGATHER(TP, 4 ranks) | ig: REDUCESCATTER(TP, 4 ranks) | wg: NONE(NONE, 0 ranks)
[Layer 1046] mlp_row | fwd: REDUCESCATTER(TP, 4 ranks) | ig: ALLGATHER(TP, 4 ranks) | wg: NONE(NONE, 0 ranks)
[Layer 1047] attention_column | fwd: ALLGATHER(TP, 4 ranks) | ig: REDUCESCATTER(TP, 4 ranks) | wg: NONE(NONE, 0 ranks)
[Layer 1048] attention_row | fwd: REDUCESCATTER(TP, 4 ranks) | ig: ALLGATHER(TP, 4 ranks) | wg: NONE(NONE, 0 ranks)
[Layer 1049] mlp_column | fwd: ALLGATHER(TP, 4 ranks) | ig: REDUCESCATTER(TP, 4 ranks) | wg: NONE(NONE, 0 ranks)
[Layer 1050] mlp_row | fwd: REDUCESCATTER(TP, 4 ranks) | ig: ALLGATHER(TP, 4 ranks) | wg: NONE(NONE, 0 ranks)
[Layer 1051] attention_column | fwd: ALLGATHER(TP, 4 ranks) | ig: REDUCESCATTER(TP, 4 ranks) | wg: NONE(NONE, 0 ranks)
[Layer 1052] attention_row | fwd: REDUCESCATTER(TP, 4 ranks) | ig: ALLGATHER(TP, 4 ranks) | wg: NONE(NONE, 0 ranks)
[Layer 1053] mlp_column | fwd: ALLGATHER(TP, 4 ranks) | ig: REDUCESCATTER(TP, 4 ranks) | wg: NONE(NONE, 0 ranks)
[Layer 1054] mlp_row | fwd: REDUCESCATTER(TP, 4 ranks) | ig: ALLGATHER(TP, 4 ranks) | wg: NONE(NONE, 0 ranks)
[Layer 1055] attention_column | fwd: ALLGATHER(TP, 4 ranks) | ig: REDUCESCATTER(TP, 4 ranks) | wg: NONE(NONE, 0 ranks)
[Layer 1056] attention_row | fwd: REDUCESCATTER(TP, 4 ranks) | ig: ALLGATHER(TP, 4 ranks) | wg: NONE(NONE, 0 ranks)
[Layer 1057] mlp_column | fwd: ALLGATHER(TP, 4 ranks) | ig: REDUCESCATTER(TP, 4 ranks) | wg: NONE(NONE, 0 ranks)
[Layer 1058] mlp_row | fwd: REDUCESCATTER(TP, 4 ranks) | ig: ALLGATHER(TP, 4 ranks) | wg: NONE(NONE, 0 ranks)
[Layer 1059] attention_column | fwd: ALLGATHER(TP, 4 ranks) | ig: REDUCESCATTER(TP, 4 ranks) | wg: NONE(NONE, 0 ranks)
[Layer 1060] attention_row | fwd: REDUCESCATTER(TP, 4 ranks) | ig: ALLGATHER(TP, 4 ranks) | wg: NONE(NONE, 0 ranks)
[Layer 1061] mlp_column | fwd: ALLGATHER(TP, 4 ranks) | ig: REDUCESCATTER(TP, 4 ranks) | wg: NONE(NONE, 0 ranks)
[Layer 1062] mlp_row | fwd: REDUCESCATTER(TP, 4 ranks) | ig: ALLGATHER(TP, 4 ranks) | wg: NONE(NONE, 0 ranks)
[Layer 1063] attention_column | fwd: ALLGATHER(TP, 4 ranks) | ig: REDUCESCATTER(TP, 4 ranks) | wg: NONE(NONE, 0 ranks)
[Layer 1064] attention_row | fwd: REDUCESCATTER(TP, 4 ranks) | ig: ALLGATHER(TP, 4 ranks) | wg: NONE(NONE, 0 ranks)
[Layer 1065] mlp_column | fwd: ALLGATHER(TP, 4 ranks) | ig: REDUCESCATTER(TP, 4 ranks) | wg: NONE(NONE, 0 ranks)
[Layer 1066] mlp_row | fwd: REDUCESCATTER(TP, 4 ranks) | ig: ALLGATHER(TP, 4 ranks) | wg: NONE(NONE, 0 ranks)
[Layer 1067] attention_column | fwd: ALLGATHER(TP, 4 ranks) | ig: REDUCESCATTER(TP, 4 ranks) | wg: NONE(NONE, 0 ranks)
[Layer 1068] attention_row | fwd: REDUCESCATTER(TP, 4 ranks) | ig: ALLGATHER(TP, 4 ranks) | wg: NONE(NONE, 0 ranks)
[Layer 1069] mlp_column | fwd: ALLGATHER(TP, 4 ranks) | ig: REDUCESCATTER(TP, 4 ranks) | wg: NONE(NONE, 0 ranks)
[Layer 1070] mlp_row | fwd: REDUCESCATTER(TP, 4 ranks) | ig: ALLGATHER(TP, 4 ranks) | wg: NONE(NONE, 0 ranks)
[Layer 1071] attention_column | fwd: ALLGATHER(TP, 4 ranks) | ig: REDUCESCATTER(TP, 4 ranks) | wg: NONE(NONE, 0 ranks)
[Layer 1072] attention_row | fwd: REDUCESCATTER(TP, 4 ranks) | ig: ALLGATHER(TP, 4 ranks) | wg: NONE(NONE, 0 ranks)
[Layer 1073] mlp_column | fwd: ALLGATHER(TP, 4 ranks) | ig: REDUCESCATTER(TP, 4 ranks) | wg: NONE(NONE, 0 ranks)
[Layer 1074] mlp_row | fwd: REDUCESCATTER(TP, 4 ranks) | ig: ALLGATHER(TP, 4 ranks) | wg: NONE(NONE, 0 ranks)
[Layer 1075] attention_column | fwd: ALLGATHER(TP, 4 ranks) | ig: REDUCESCATTER(TP, 4 ranks) | wg: NONE(NONE, 0 ranks)
[Layer 1076] attention_row | fwd: REDUCESCATTER(TP, 4 ranks) | ig: ALLGATHER(TP, 4 ranks) | wg: NONE(NONE, 0 ranks)
[Layer 1077] mlp_column | fwd: ALLGATHER(TP, 4 ranks) | ig: REDUCESCATTER(TP, 4 ranks) | wg: NONE(NONE, 0 ranks)
[Layer 1078] mlp_row | fwd: REDUCESCATTER(TP, 4 ranks) | ig: ALLGATHER(TP, 4 ranks) | wg: NONE(NONE, 0 ranks)
[Layer 1079] attention_column | fwd: ALLGATHER(TP, 4 ranks) | ig: REDUCESCATTER(TP, 4 ranks) | wg: NONE(NONE, 0 ranks)
[Layer 1080] attention_row | fwd: REDUCESCATTER(TP, 4 ranks) | ig: ALLGATHER(TP, 4 ranks) | wg: NONE(NONE, 0 ranks)
[Layer 1081] mlp_column | fwd: ALLGATHER(TP, 4 ranks) | ig: REDUCESCATTER(TP, 4 ranks) | wg: NONE(NONE, 0 ranks)
[Layer 1082] mlp_row | fwd: REDUCESCATTER(TP, 4 ranks) | ig: ALLGATHER(TP, 4 ranks) | wg: NONE(NONE, 0 ranks)
[Layer 1083] attention_column | fwd: ALLGATHER(TP, 4 ranks) | ig: REDUCESCATTER(TP, 4 ranks) | wg: NONE(NONE, 0 ranks)
[Layer 1084] attention_row | fwd: REDUCESCATTER(TP, 4 ranks) | ig: ALLGATHER(TP, 4 ranks) | wg: NONE(NONE, 0 ranks)
[Layer 1085] mlp_column | fwd: ALLGATHER(TP, 4 ranks) | ig: REDUCESCATTER(TP, 4 ranks) | wg: NONE(NONE, 0 ranks)
[Layer 1086] mlp_row | fwd: REDUCESCATTER(TP, 4 ranks) | ig: ALLGATHER(TP, 4 ranks) | wg: NONE(NONE, 0 ranks)
[Layer 1087] attention_column | fwd: ALLGATHER(TP, 4 ranks) | ig: REDUCESCATTER(TP, 4 ranks) | wg: NONE(NONE, 0 ranks)
[Layer 1088] attention_row | fwd: REDUCESCATTER(TP, 4 ranks) | ig: ALLGATHER(TP, 4 ranks) | wg: NONE(NONE, 0 ranks)
[Layer 1089] mlp_column | fwd: ALLGATHER(TP, 4 ranks) | ig: REDUCESCATTER(TP, 4 ranks) | wg: NONE(NONE, 0 ranks)
[Layer 1090] mlp_row | fwd: REDUCESCATTER(TP, 4 ranks) | ig: ALLGATHER(TP, 4 ranks) | wg: NONE(NONE, 0 ranks)
[Layer 1091] attention_column | fwd: ALLGATHER(TP, 4 ranks) | ig: REDUCESCATTER(TP, 4 ranks) | wg: NONE(NONE, 0 ranks)
[Layer 1092] attention_row | fwd: REDUCESCATTER(TP, 4 ranks) | ig: ALLGATHER(TP, 4 ranks) | wg: NONE(NONE, 0 ranks)
[Layer 1093] mlp_column | fwd: ALLGATHER(TP, 4 ranks) | ig: REDUCESCATTER(TP, 4 ranks) | wg: NONE(NONE, 0 ranks)
[Layer 1094] mlp_row | fwd: REDUCESCATTER(TP, 4 ranks) | ig: ALLGATHER(TP, 4 ranks) | wg: NONE(NONE, 0 ranks)
[Layer 1095] attention_column | fwd: ALLGATHER(TP, 4 ranks) | ig: REDUCESCATTER(TP, 4 ranks) | wg: NONE(NONE, 0 ranks)
[Layer 1096] attention_row | fwd: REDUCESCATTER(TP, 4 ranks) | ig: ALLGATHER(TP, 4 ranks) | wg: NONE(NONE, 0 ranks)
[Layer 1097] mlp_column | fwd: ALLGATHER(TP, 4 ranks) | ig: REDUCESCATTER(TP, 4 ranks) | wg: NONE(NONE, 0 ranks)
[Layer 1098] mlp_row | fwd: REDUCESCATTER(TP, 4 ranks) | ig: ALLGATHER(TP, 4 ranks) | wg: NONE(NONE, 0 ranks)
[Layer 1099] attention_column | fwd: ALLGATHER(TP, 4 ranks) | ig: REDUCESCATTER(TP, 4 ranks) | wg: NONE(NONE, 0 ranks)
[Layer 1100] attention_row | fwd: REDUCESCATTER(TP, 4 ranks) | ig: ALLGATHER(TP, 4 ranks) | wg: NONE(NONE, 0 ranks)
[Layer 1101] mlp_column | fwd: ALLGATHER(TP, 4 ranks) | ig: REDUCESCATTER(TP, 4 ranks) | wg: NONE(NONE, 0 ranks)
[Layer 1102] mlp_row | fwd: REDUCESCATTER(TP, 4 ranks) | ig: ALLGATHER(TP, 4 ranks) | wg: NONE(NONE, 0 ranks)
[Layer 1103] attention_column | fwd: ALLGATHER(TP, 4 ranks) | ig: REDUCESCATTER(TP, 4 ranks) | wg: NONE(NONE, 0 ranks)
[Layer 1104] attention_row | fwd: REDUCESCATTER(TP, 4 ranks) | ig: ALLGATHER(TP, 4 ranks) | wg: NONE(NONE, 0 ranks)
[Layer 1105] mlp_column | fwd: ALLGATHER(TP, 4 ranks) | ig: REDUCESCATTER(TP, 4 ranks) | wg: NONE(NONE, 0 ranks)
[Layer 1106] mlp_row | fwd: REDUCESCATTER(TP, 4 ranks) | ig: ALLGATHER(TP, 4 ranks) | wg: NONE(NONE, 0 ranks)
[Layer 1107] attention_column | fwd: ALLGATHER(TP, 4 ranks) | ig: REDUCESCATTER(TP, 4 ranks) | wg: NONE(NONE, 0 ranks)
[Layer 1108] attention_row | fwd: REDUCESCATTER(TP, 4 ranks) | ig: ALLGATHER(TP, 4 ranks) | wg: NONE(NONE, 0 ranks)
[Layer 1109] mlp_column | fwd: ALLGATHER(TP, 4 ranks) | ig: REDUCESCATTER(TP, 4 ranks) | wg: NONE(NONE, 0 ranks)
[Layer 1110] mlp_row | fwd: REDUCESCATTER(TP, 4 ranks) | ig: ALLGATHER(TP, 4 ranks) | wg: NONE(NONE, 0 ranks)
[Layer 1111] attention_column | fwd: ALLGATHER(TP, 4 ranks) | ig: REDUCESCATTER(TP, 4 ranks) | wg: NONE(NONE, 0 ranks)
[Layer 1112] attention_row | fwd: REDUCESCATTER(TP, 4 ranks) | ig: ALLGATHER(TP, 4 ranks) | wg: NONE(NONE, 0 ranks)
[Layer 1113] mlp_column | fwd: ALLGATHER(TP, 4 ranks) | ig: REDUCESCATTER(TP, 4 ranks) | wg: NONE(NONE, 0 ranks)
[Layer 1114] mlp_row | fwd: REDUCESCATTER(TP, 4 ranks) | ig: ALLGATHER(TP, 4 ranks) | wg: NONE(NONE, 0 ranks)
[Layer 1115] attention_column | fwd: ALLGATHER(TP, 4 ranks) | ig: REDUCESCATTER(TP, 4 ranks) | wg: NONE(NONE, 0 ranks)
[Layer 1116] attention_row | fwd: REDUCESCATTER(TP, 4 ranks) | ig: ALLGATHER(TP, 4 ranks) | wg: NONE(NONE, 0 ranks)
[Layer 1117] mlp_column | fwd: ALLGATHER(TP, 4 ranks) | ig: REDUCESCATTER(TP, 4 ranks) | wg: NONE(NONE, 0 ranks)
[Layer 1118] mlp_row | fwd: REDUCESCATTER(TP, 4 ranks) | ig: ALLGATHER(TP, 4 ranks) | wg: NONE(NONE, 0 ranks)
[Layer 1119] attention_column | fwd: ALLGATHER(TP, 4 ranks) | ig: REDUCESCATTER(TP, 4 ranks) | wg: NONE(NONE, 0 ranks)
[Layer 1120] attention_row | fwd: REDUCESCATTER(TP, 4 ranks) | ig: ALLGATHER(TP, 4 ranks) | wg: NONE(NONE, 0 ranks)
[Layer 1121] mlp_column | fwd: ALLGATHER(TP, 4 ranks) | ig: REDUCESCATTER(TP, 4 ranks) | wg: NONE(NONE, 0 ranks)
[Layer 1122] mlp_row | fwd: REDUCESCATTER(TP, 4 ranks) | ig: ALLGATHER(TP, 4 ranks) | wg: NONE(NONE, 0 ranks)
[Layer 1123] attention_column | fwd: ALLGATHER(TP, 4 ranks) | ig: REDUCESCATTER(TP, 4 ranks) | wg: NONE(NONE, 0 ranks)
[Layer 1124] attention_row | fwd: REDUCESCATTER(TP, 4 ranks) | ig: ALLGATHER(TP, 4 ranks) | wg: NONE(NONE, 0 ranks)
[Layer 1125] mlp_column | fwd: ALLGATHER(TP, 4 ranks) | ig: REDUCESCATTER(TP, 4 ranks) | wg: NONE(NONE, 0 ranks)
[Layer 1126] mlp_row | fwd: REDUCESCATTER(TP, 4 ranks) | ig: ALLGATHER(TP, 4 ranks) | wg: NONE(NONE, 0 ranks)
[Layer 1127] attention_column | fwd: ALLGATHER(TP, 4 ranks) | ig: REDUCESCATTER(TP, 4 ranks) | wg: NONE(NONE, 0 ranks)
[Layer 1128] attention_row | fwd: REDUCESCATTER(TP, 4 ranks) | ig: ALLGATHER(TP, 4 ranks) | wg: NONE(NONE, 0 ranks)
[Layer 1129] mlp_column | fwd: ALLGATHER(TP, 4 ranks) | ig: REDUCESCATTER(TP, 4 ranks) | wg: NONE(NONE, 0 ranks)
[Layer 1130] mlp_row | fwd: REDUCESCATTER(TP, 4 ranks) | ig: ALLGATHER(TP, 4 ranks) | wg: NONE(NONE, 0 ranks)
[Layer 1131] attention_column | fwd: ALLGATHER(TP, 4 ranks) | ig: REDUCESCATTER(TP, 4 ranks) | wg: NONE(NONE, 0 ranks)
[Layer 1132] attention_row | fwd: REDUCESCATTER(TP, 4 ranks) | ig: ALLGATHER(TP, 4 ranks) | wg: NONE(NONE, 0 ranks)
[Layer 1133] mlp_column | fwd: ALLGATHER(TP, 4 ranks) | ig: REDUCESCATTER(TP, 4 ranks) | wg: NONE(NONE, 0 ranks)
[Layer 1134] mlp_row | fwd: REDUCESCATTER(TP, 4 ranks) | ig: ALLGATHER(TP, 4 ranks) | wg: NONE(NONE, 0 ranks)
[Layer 1135] attention_column | fwd: ALLGATHER(TP, 4 ranks) | ig: REDUCESCATTER(TP, 4 ranks) | wg: NONE(NONE, 0 ranks)
[Layer 1136] attention_row | fwd: REDUCESCATTER(TP, 4 ranks) | ig: ALLGATHER(TP, 4 ranks) | wg: NONE(NONE, 0 ranks)
[Layer 1137] mlp_column | fwd: ALLGATHER(TP, 4 ranks) | ig: REDUCESCATTER(TP, 4 ranks) | wg: NONE(NONE, 0 ranks)
[Layer 1138] mlp_row | fwd: REDUCESCATTER(TP, 4 ranks) | ig: ALLGATHER(TP, 4 ranks) | wg: NONE(NONE, 0 ranks)
[Layer 1139] final_column | fwd: ALLGATHER(TP, 4 ranks) | ig: REDUCESCATTER(TP, 4 ranks) | wg: NONE(NONE, 0 ranks)
[Layer 1140] embedding_layer | fwd: ALLREDUCE(TP, 4 ranks) | ig: NONE(NONE, 0 ranks) | wg: NONE(NONE, 0 ranks)
[Layer 1141] attention_column | fwd: ALLGATHER(TP, 4 ranks) | ig: REDUCESCATTER(TP, 4 ranks) | wg: NONE(NONE, 0 ranks)
[Layer 1142] attention_row | fwd: REDUCESCATTER(TP, 4 ranks) | ig: ALLGATHER(TP, 4 ranks) | wg: NONE(NONE, 0 ranks)
[Layer 1143] mlp_column | fwd: ALLGATHER(TP, 4 ranks) | ig: REDUCESCATTER(TP, 4 ranks) | wg: NONE(NONE, 0 ranks)
[Layer 1144] mlp_row | fwd: REDUCESCATTER(TP, 4 ranks) | ig: ALLGATHER(TP, 4 ranks) | wg: NONE(NONE, 0 ranks)
[Layer 1145] attention_column | fwd: ALLGATHER(TP, 4 ranks) | ig: REDUCESCATTER(TP, 4 ranks) | wg: NONE(NONE, 0 ranks)
[Layer 1146] attention_row | fwd: REDUCESCATTER(TP, 4 ranks) | ig: ALLGATHER(TP, 4 ranks) | wg: NONE(NONE, 0 ranks)
[Layer 1147] mlp_column | fwd: ALLGATHER(TP, 4 ranks) | ig: REDUCESCATTER(TP, 4 ranks) | wg: NONE(NONE, 0 ranks)
[Layer 1148] mlp_row | fwd: REDUCESCATTER(TP, 4 ranks) | ig: ALLGATHER(TP, 4 ranks) | wg: NONE(NONE, 0 ranks)
[Layer 1149] attention_column | fwd: ALLGATHER(TP, 4 ranks) | ig: REDUCESCATTER(TP, 4 ranks) | wg: NONE(NONE, 0 ranks)
[Layer 1150] attention_row | fwd: REDUCESCATTER(TP, 4 ranks) | ig: ALLGATHER(TP, 4 ranks) | wg: NONE(NONE, 0 ranks)
[Layer 1151] mlp_column | fwd: ALLGATHER(TP, 4 ranks) | ig: REDUCESCATTER(TP, 4 ranks) | wg: NONE(NONE, 0 ranks)
[Layer 1152] mlp_row | fwd: REDUCESCATTER(TP, 4 ranks) | ig: ALLGATHER(TP, 4 ranks) | wg: NONE(NONE, 0 ranks)
[Layer 1153] attention_column | fwd: ALLGATHER(TP, 4 ranks) | ig: REDUCESCATTER(TP, 4 ranks) | wg: NONE(NONE, 0 ranks)
[Layer 1154] attention_row | fwd: REDUCESCATTER(TP, 4 ranks) | ig: ALLGATHER(TP, 4 ranks) | wg: NONE(NONE, 0 ranks)
[Layer 1155] mlp_column | fwd: ALLGATHER(TP, 4 ranks) | ig: REDUCESCATTER(TP, 4 ranks) | wg: NONE(NONE, 0 ranks)
[Layer 1156] mlp_row | fwd: REDUCESCATTER(TP, 4 ranks) | ig: ALLGATHER(TP, 4 ranks) | wg: NONE(NONE, 0 ranks)
[Layer 1157] attention_column | fwd: ALLGATHER(TP, 4 ranks) | ig: REDUCESCATTER(TP, 4 ranks) | wg: NONE(NONE, 0 ranks)
[Layer 1158] attention_row | fwd: REDUCESCATTER(TP, 4 ranks) | ig: ALLGATHER(TP, 4 ranks) | wg: NONE(NONE, 0 ranks)
[Layer 1159] mlp_column | fwd: ALLGATHER(TP, 4 ranks) | ig: REDUCESCATTER(TP, 4 ranks) | wg: NONE(NONE, 0 ranks)
[Layer 1160] mlp_row | fwd: REDUCESCATTER(TP, 4 ranks) | ig: ALLGATHER(TP, 4 ranks) | wg: NONE(NONE, 0 ranks)
[Layer 1161] attention_column | fwd: ALLGATHER(TP, 4 ranks) | ig: REDUCESCATTER(TP, 4 ranks) | wg: NONE(NONE, 0 ranks)
[Layer 1162] attention_row | fwd: REDUCESCATTER(TP, 4 ranks) | ig: ALLGATHER(TP, 4 ranks) | wg: NONE(NONE, 0 ranks)
[Layer 1163] mlp_column | fwd: ALLGATHER(TP, 4 ranks) | ig: REDUCESCATTER(TP, 4 ranks) | wg: NONE(NONE, 0 ranks)
[Layer 1164] mlp_row | fwd: REDUCESCATTER(TP, 4 ranks) | ig: ALLGATHER(TP, 4 ranks) | wg: NONE(NONE, 0 ranks)
[Layer 1165] attention_column | fwd: ALLGATHER(TP, 4 ranks) | ig: REDUCESCATTER(TP, 4 ranks) | wg: NONE(NONE, 0 ranks)
[Layer 1166] attention_row | fwd: REDUCESCATTER(TP, 4 ranks) | ig: ALLGATHER(TP, 4 ranks) | wg: NONE(NONE, 0 ranks)
[Layer 1167] mlp_column | fwd: ALLGATHER(TP, 4 ranks) | ig: REDUCESCATTER(TP, 4 ranks) | wg: NONE(NONE, 0 ranks)
[Layer 1168] mlp_row | fwd: REDUCESCATTER(TP, 4 ranks) | ig: ALLGATHER(TP, 4 ranks) | wg: NONE(NONE, 0 ranks)
[Layer 1169] attention_column | fwd: ALLGATHER(TP, 4 ranks) | ig: REDUCESCATTER(TP, 4 ranks) | wg: NONE(NONE, 0 ranks)
[Layer 1170] attention_row | fwd: REDUCESCATTER(TP, 4 ranks) | ig: ALLGATHER(TP, 4 ranks) | wg: NONE(NONE, 0 ranks)
[Layer 1171] mlp_column | fwd: ALLGATHER(TP, 4 ranks) | ig: REDUCESCATTER(TP, 4 ranks) | wg: NONE(NONE, 0 ranks)
[Layer 1172] mlp_row | fwd: REDUCESCATTER(TP, 4 ranks) | ig: ALLGATHER(TP, 4 ranks) | wg: NONE(NONE, 0 ranks)
[Layer 1173] attention_column | fwd: ALLGATHER(TP, 4 ranks) | ig: REDUCESCATTER(TP, 4 ranks) | wg: NONE(NONE, 0 ranks)
[Layer 1174] attention_row | fwd: REDUCESCATTER(TP, 4 ranks) | ig: ALLGATHER(TP, 4 ranks) | wg: NONE(NONE, 0 ranks)
[Layer 1175] mlp_column | fwd: ALLGATHER(TP, 4 ranks) | ig: REDUCESCATTER(TP, 4 ranks) | wg: NONE(NONE, 0 ranks)
[Layer 1176] mlp_row | fwd: REDUCESCATTER(TP, 4 ranks) | ig: ALLGATHER(TP, 4 ranks) | wg: NONE(NONE, 0 ranks)
[Layer 1177] attention_column | fwd: ALLGATHER(TP, 4 ranks) | ig: REDUCESCATTER(TP, 4 ranks) | wg: NONE(NONE, 0 ranks)
[Layer 1178] attention_row | fwd: REDUCESCATTER(TP, 4 ranks) | ig: ALLGATHER(TP, 4 ranks) | wg: NONE(NONE, 0 ranks)
[Layer 1179] mlp_column | fwd: ALLGATHER(TP, 4 ranks) | ig: REDUCESCATTER(TP, 4 ranks) | wg: NONE(NONE, 0 ranks)
[Layer 1180] mlp_row | fwd: REDUCESCATTER(TP, 4 ranks) | ig: ALLGATHER(TP, 4 ranks) | wg: NONE(NONE, 0 ranks)
[Layer 1181] attention_column | fwd: ALLGATHER(TP, 4 ranks) | ig: REDUCESCATTER(TP, 4 ranks) | wg: NONE(NONE, 0 ranks)
[Layer 1182] attention_row | fwd: REDUCESCATTER(TP, 4 ranks) | ig: ALLGATHER(TP, 4 ranks) | wg: NONE(NONE, 0 ranks)
[Layer 1183] mlp_column | fwd: ALLGATHER(TP, 4 ranks) | ig: REDUCESCATTER(TP, 4 ranks) | wg: NONE(NONE, 0 ranks)
[Layer 1184] mlp_row | fwd: REDUCESCATTER(TP, 4 ranks) | ig: ALLGATHER(TP, 4 ranks) | wg: NONE(NONE, 0 ranks)
[Layer 1185] attention_column | fwd: ALLGATHER(TP, 4 ranks) | ig: REDUCESCATTER(TP, 4 ranks) | wg: NONE(NONE, 0 ranks)
[Layer 1186] attention_row | fwd: REDUCESCATTER(TP, 4 ranks) | ig: ALLGATHER(TP, 4 ranks) | wg: NONE(NONE, 0 ranks)
[Layer 1187] mlp_column | fwd: ALLGATHER(TP, 4 ranks) | ig: REDUCESCATTER(TP, 4 ranks) | wg: NONE(NONE, 0 ranks)
[Layer 1188] mlp_row | fwd: REDUCESCATTER(TP, 4 ranks) | ig: ALLGATHER(TP, 4 ranks) | wg: NONE(NONE, 0 ranks)
[Layer 1189] attention_column | fwd: ALLGATHER(TP, 4 ranks) | ig: REDUCESCATTER(TP, 4 ranks) | wg: NONE(NONE, 0 ranks)
[Layer 1190] attention_row | fwd: REDUCESCATTER(TP, 4 ranks) | ig: ALLGATHER(TP, 4 ranks) | wg: NONE(NONE, 0 ranks)
[Layer 1191] mlp_column | fwd: ALLGATHER(TP, 4 ranks) | ig: REDUCESCATTER(TP, 4 ranks) | wg: NONE(NONE, 0 ranks)
[Layer 1192] mlp_row | fwd: REDUCESCATTER(TP, 4 ranks) | ig: ALLGATHER(TP, 4 ranks) | wg: NONE(NONE, 0 ranks)
[Layer 1193] attention_column | fwd: ALLGATHER(TP, 4 ranks) | ig: REDUCESCATTER(TP, 4 ranks) | wg: NONE(NONE, 0 ranks)
[Layer 1194] attention_row | fwd: REDUCESCATTER(TP, 4 ranks) | ig: ALLGATHER(TP, 4 ranks) | wg: NONE(NONE, 0 ranks)
[Layer 1195] mlp_column | fwd: ALLGATHER(TP, 4 ranks) | ig: REDUCESCATTER(TP, 4 ranks) | wg: NONE(NONE, 0 ranks)
[Layer 1196] mlp_row | fwd: REDUCESCATTER(TP, 4 ranks) | ig: ALLGATHER(TP, 4 ranks) | wg: NONE(NONE, 0 ranks)
[Layer 1197] attention_column | fwd: ALLGATHER(TP, 4 ranks) | ig: REDUCESCATTER(TP, 4 ranks) | wg: NONE(NONE, 0 ranks)
[Layer 1198] attention_row | fwd: REDUCESCATTER(TP, 4 ranks) | ig: ALLGATHER(TP, 4 ranks) | wg: NONE(NONE, 0 ranks)
[Layer 1199] mlp_column | fwd: ALLGATHER(TP, 4 ranks) | ig: REDUCESCATTER(TP, 4 ranks) | wg: NONE(NONE, 0 ranks)
[Layer 1200] mlp_row | fwd: REDUCESCATTER(TP, 4 ranks) | ig: ALLGATHER(TP, 4 ranks) | wg: NONE(NONE, 0 ranks)
[Layer 1201] attention_column | fwd: ALLGATHER(TP, 4 ranks) | ig: REDUCESCATTER(TP, 4 ranks) | wg: NONE(NONE, 0 ranks)
[Layer 1202] attention_row | fwd: REDUCESCATTER(TP, 4 ranks) | ig: ALLGATHER(TP, 4 ranks) | wg: NONE(NONE, 0 ranks)
[Layer 1203] mlp_column | fwd: ALLGATHER(TP, 4 ranks) | ig: REDUCESCATTER(TP, 4 ranks) | wg: NONE(NONE, 0 ranks)
[Layer 1204] mlp_row | fwd: REDUCESCATTER(TP, 4 ranks) | ig: ALLGATHER(TP, 4 ranks) | wg: NONE(NONE, 0 ranks)
[Layer 1205] attention_column | fwd: ALLGATHER(TP, 4 ranks) | ig: REDUCESCATTER(TP, 4 ranks) | wg: NONE(NONE, 0 ranks)
[Layer 1206] attention_row | fwd: REDUCESCATTER(TP, 4 ranks) | ig: ALLGATHER(TP, 4 ranks) | wg: NONE(NONE, 0 ranks)
[Layer 1207] mlp_column | fwd: ALLGATHER(TP, 4 ranks) | ig: REDUCESCATTER(TP, 4 ranks) | wg: NONE(NONE, 0 ranks)
[Layer 1208] mlp_row | fwd: REDUCESCATTER(TP, 4 ranks) | ig: ALLGATHER(TP, 4 ranks) | wg: NONE(NONE, 0 ranks)
[Layer 1209] attention_column | fwd: ALLGATHER(TP, 4 ranks) | ig: REDUCESCATTER(TP, 4 ranks) | wg: NONE(NONE, 0 ranks)
[Layer 1210] attention_row | fwd: REDUCESCATTER(TP, 4 ranks) | ig: ALLGATHER(TP, 4 ranks) | wg: NONE(NONE, 0 ranks)
[Layer 1211] mlp_column | fwd: ALLGATHER(TP, 4 ranks) | ig: REDUCESCATTER(TP, 4 ranks) | wg: NONE(NONE, 0 ranks)
[Layer 1212] mlp_row | fwd: REDUCESCATTER(TP, 4 ranks) | ig: ALLGATHER(TP, 4 ranks) | wg: NONE(NONE, 0 ranks)
[Layer 1213] attention_column | fwd: ALLGATHER(TP, 4 ranks) | ig: REDUCESCATTER(TP, 4 ranks) | wg: NONE(NONE, 0 ranks)
[Layer 1214] attention_row | fwd: REDUCESCATTER(TP, 4 ranks) | ig: ALLGATHER(TP, 4 ranks) | wg: NONE(NONE, 0 ranks)
[Layer 1215] mlp_column | fwd: ALLGATHER(TP, 4 ranks) | ig: REDUCESCATTER(TP, 4 ranks) | wg: NONE(NONE, 0 ranks)
[Layer 1216] mlp_row | fwd: REDUCESCATTER(TP, 4 ranks) | ig: ALLGATHER(TP, 4 ranks) | wg: NONE(NONE, 0 ranks)
[Layer 1217] attention_column | fwd: ALLGATHER(TP, 4 ranks) | ig: REDUCESCATTER(TP, 4 ranks) | wg: NONE(NONE, 0 ranks)
[Layer 1218] attention_row | fwd: REDUCESCATTER(TP, 4 ranks) | ig: ALLGATHER(TP, 4 ranks) | wg: NONE(NONE, 0 ranks)
[Layer 1219] mlp_column | fwd: ALLGATHER(TP, 4 ranks) | ig: REDUCESCATTER(TP, 4 ranks) | wg: NONE(NONE, 0 ranks)
[Layer 1220] mlp_row | fwd: REDUCESCATTER(TP, 4 ranks) | ig: ALLGATHER(TP, 4 ranks) | wg: NONE(NONE, 0 ranks)
[Layer 1221] attention_column | fwd: ALLGATHER(TP, 4 ranks) | ig: REDUCESCATTER(TP, 4 ranks) | wg: NONE(NONE, 0 ranks)
[Layer 1222] attention_row | fwd: REDUCESCATTER(TP, 4 ranks) | ig: ALLGATHER(TP, 4 ranks) | wg: NONE(NONE, 0 ranks)
[Layer 1223] mlp_column | fwd: ALLGATHER(TP, 4 ranks) | ig: REDUCESCATTER(TP, 4 ranks) | wg: NONE(NONE, 0 ranks)
[Layer 1224] mlp_row | fwd: REDUCESCATTER(TP, 4 ranks) | ig: ALLGATHER(TP, 4 ranks) | wg: NONE(NONE, 0 ranks)
[Layer 1225] attention_column | fwd: ALLGATHER(TP, 4 ranks) | ig: REDUCESCATTER(TP, 4 ranks) | wg: NONE(NONE, 0 ranks)
[Layer 1226] attention_row | fwd: REDUCESCATTER(TP, 4 ranks) | ig: ALLGATHER(TP, 4 ranks) | wg: NONE(NONE, 0 ranks)
[Layer 1227] mlp_column | fwd: ALLGATHER(TP, 4 ranks) | ig: REDUCESCATTER(TP, 4 ranks) | wg: NONE(NONE, 0 ranks)
[Layer 1228] mlp_row | fwd: REDUCESCATTER(TP, 4 ranks) | ig: ALLGATHER(TP, 4 ranks) | wg: NONE(NONE, 0 ranks)
[Layer 1229] attention_column | fwd: ALLGATHER(TP, 4 ranks) | ig: REDUCESCATTER(TP, 4 ranks) | wg: NONE(NONE, 0 ranks)
[Layer 1230] attention_row | fwd: REDUCESCATTER(TP, 4 ranks) | ig: ALLGATHER(TP, 4 ranks) | wg: NONE(NONE, 0 ranks)
[Layer 1231] mlp_column | fwd: ALLGATHER(TP, 4 ranks) | ig: REDUCESCATTER(TP, 4 ranks) | wg: NONE(NONE, 0 ranks)
[Layer 1232] mlp_row | fwd: REDUCESCATTER(TP, 4 ranks) | ig: ALLGATHER(TP, 4 ranks) | wg: NONE(NONE, 0 ranks)
[Layer 1233] attention_column | fwd: ALLGATHER(TP, 4 ranks) | ig: REDUCESCATTER(TP, 4 ranks) | wg: NONE(NONE, 0 ranks)
[Layer 1234] attention_row | fwd: REDUCESCATTER(TP, 4 ranks) | ig: ALLGATHER(TP, 4 ranks) | wg: NONE(NONE, 0 ranks)
[Layer 1235] mlp_column | fwd: ALLGATHER(TP, 4 ranks) | ig: REDUCESCATTER(TP, 4 ranks) | wg: NONE(NONE, 0 ranks)
[Layer 1236] mlp_row | fwd: REDUCESCATTER(TP, 4 ranks) | ig: ALLGATHER(TP, 4 ranks) | wg: NONE(NONE, 0 ranks)
[Layer 1237] attention_column | fwd: ALLGATHER(TP, 4 ranks) | ig: REDUCESCATTER(TP, 4 ranks) | wg: NONE(NONE, 0 ranks)
[Layer 1238] attention_row | fwd: REDUCESCATTER(TP, 4 ranks) | ig: ALLGATHER(TP, 4 ranks) | wg: NONE(NONE, 0 ranks)
[Layer 1239] mlp_column | fwd: ALLGATHER(TP, 4 ranks) | ig: REDUCESCATTER(TP, 4 ranks) | wg: NONE(NONE, 0 ranks)
[Layer 1240] mlp_row | fwd: REDUCESCATTER(TP, 4 ranks) | ig: ALLGATHER(TP, 4 ranks) | wg: NONE(NONE, 0 ranks)
[Layer 1241] attention_column | fwd: ALLGATHER(TP, 4 ranks) | ig: REDUCESCATTER(TP, 4 ranks) | wg: NONE(NONE, 0 ranks)
[Layer 1242] attention_row | fwd: REDUCESCATTER(TP, 4 ranks) | ig: ALLGATHER(TP, 4 ranks) | wg: NONE(NONE, 0 ranks)
[Layer 1243] mlp_column | fwd: ALLGATHER(TP, 4 ranks) | ig: REDUCESCATTER(TP, 4 ranks) | wg: NONE(NONE, 0 ranks)
[Layer 1244] mlp_row | fwd: REDUCESCATTER(TP, 4 ranks) | ig: ALLGATHER(TP, 4 ranks) | wg: NONE(NONE, 0 ranks)
[Layer 1245] attention_column | fwd: ALLGATHER(TP, 4 ranks) | ig: REDUCESCATTER(TP, 4 ranks) | wg: NONE(NONE, 0 ranks)
[Layer 1246] attention_row | fwd: REDUCESCATTER(TP, 4 ranks) | ig: ALLGATHER(TP, 4 ranks) | wg: NONE(NONE, 0 ranks)
[Layer 1247] mlp_column | fwd: ALLGATHER(TP, 4 ranks) | ig: REDUCESCATTER(TP, 4 ranks) | wg: NONE(NONE, 0 ranks)
[Layer 1248] mlp_row | fwd: REDUCESCATTER(TP, 4 ranks) | ig: ALLGATHER(TP, 4 ranks) | wg: NONE(NONE, 0 ranks)
[Layer 1249] attention_column | fwd: ALLGATHER(TP, 4 ranks) | ig: REDUCESCATTER(TP, 4 ranks) | wg: NONE(NONE, 0 ranks)
[Layer 1250] attention_row | fwd: REDUCESCATTER(TP, 4 ranks) | ig: ALLGATHER(TP, 4 ranks) | wg: NONE(NONE, 0 ranks)
[Layer 1251] mlp_column | fwd: ALLGATHER(TP, 4 ranks) | ig: REDUCESCATTER(TP, 4 ranks) | wg: NONE(NONE, 0 ranks)
[Layer 1252] mlp_row | fwd: REDUCESCATTER(TP, 4 ranks) | ig: ALLGATHER(TP, 4 ranks) | wg: NONE(NONE, 0 ranks)
[Layer 1253] attention_column | fwd: ALLGATHER(TP, 4 ranks) | ig: REDUCESCATTER(TP, 4 ranks) | wg: NONE(NONE, 0 ranks)
[Layer 1254] attention_row | fwd: REDUCESCATTER(TP, 4 ranks) | ig: ALLGATHER(TP, 4 ranks) | wg: NONE(NONE, 0 ranks)
[Layer 1255] mlp_column | fwd: ALLGATHER(TP, 4 ranks) | ig: REDUCESCATTER(TP, 4 ranks) | wg: NONE(NONE, 0 ranks)
[Layer 1256] mlp_row | fwd: REDUCESCATTER(TP, 4 ranks) | ig: ALLGATHER(TP, 4 ranks) | wg: NONE(NONE, 0 ranks)
[Layer 1257] attention_column | fwd: ALLGATHER(TP, 4 ranks) | ig: REDUCESCATTER(TP, 4 ranks) | wg: NONE(NONE, 0 ranks)
[Layer 1258] attention_row | fwd: REDUCESCATTER(TP, 4 ranks) | ig: ALLGATHER(TP, 4 ranks) | wg: NONE(NONE, 0 ranks)
[Layer 1259] mlp_column | fwd: ALLGATHER(TP, 4 ranks) | ig: REDUCESCATTER(TP, 4 ranks) | wg: NONE(NONE, 0 ranks)
[Layer 1260] mlp_row | fwd: REDUCESCATTER(TP, 4 ranks) | ig: ALLGATHER(TP, 4 ranks) | wg: NONE(NONE, 0 ranks)
[Layer 1261] attention_column | fwd: ALLGATHER(TP, 4 ranks) | ig: REDUCESCATTER(TP, 4 ranks) | wg: NONE(NONE, 0 ranks)
[Layer 1262] attention_row | fwd: REDUCESCATTER(TP, 4 ranks) | ig: ALLGATHER(TP, 4 ranks) | wg: NONE(NONE, 0 ranks)
[Layer 1263] mlp_column | fwd: ALLGATHER(TP, 4 ranks) | ig: REDUCESCATTER(TP, 4 ranks) | wg: NONE(NONE, 0 ranks)
[Layer 1264] mlp_row | fwd: REDUCESCATTER(TP, 4 ranks) | ig: ALLGATHER(TP, 4 ranks) | wg: NONE(NONE, 0 ranks)
[Layer 1265] attention_column | fwd: ALLGATHER(TP, 4 ranks) | ig: REDUCESCATTER(TP, 4 ranks) | wg: NONE(NONE, 0 ranks)
[Layer 1266] attention_row | fwd: REDUCESCATTER(TP, 4 ranks) | ig: ALLGATHER(TP, 4 ranks) | wg: NONE(NONE, 0 ranks)
[Layer 1267] mlp_column | fwd: ALLGATHER(TP, 4 ranks) | ig: REDUCESCATTER(TP, 4 ranks) | wg: NONE(NONE, 0 ranks)
[Layer 1268] mlp_row | fwd: REDUCESCATTER(TP, 4 ranks) | ig: ALLGATHER(TP, 4 ranks) | wg: NONE(NONE, 0 ranks)
[Layer 1269] attention_column | fwd: ALLGATHER(TP, 4 ranks) | ig: REDUCESCATTER(TP, 4 ranks) | wg: NONE(NONE, 0 ranks)
[Layer 1270] attention_row | fwd: REDUCESCATTER(TP, 4 ranks) | ig: ALLGATHER(TP, 4 ranks) | wg: NONE(NONE, 0 ranks)
[Layer 1271] mlp_column | fwd: ALLGATHER(TP, 4 ranks) | ig: REDUCESCATTER(TP, 4 ranks) | wg: NONE(NONE, 0 ranks)
[Layer 1272] mlp_row | fwd: REDUCESCATTER(TP, 4 ranks) | ig: ALLGATHER(TP, 4 ranks) | wg: NONE(NONE, 0 ranks)
[Layer 1273] attention_column | fwd: ALLGATHER(TP, 4 ranks) | ig: REDUCESCATTER(TP, 4 ranks) | wg: NONE(NONE, 0 ranks)
[Layer 1274] attention_row | fwd: REDUCESCATTER(TP, 4 ranks) | ig: ALLGATHER(TP, 4 ranks) | wg: NONE(NONE, 0 ranks)
[Layer 1275] mlp_column | fwd: ALLGATHER(TP, 4 ranks) | ig: REDUCESCATTER(TP, 4 ranks) | wg: NONE(NONE, 0 ranks)
[Layer 1276] mlp_row | fwd: REDUCESCATTER(TP, 4 ranks) | ig: ALLGATHER(TP, 4 ranks) | wg: NONE(NONE, 0 ranks)
[Layer 1277] attention_column | fwd: ALLGATHER(TP, 4 ranks) | ig: REDUCESCATTER(TP, 4 ranks) | wg: NONE(NONE, 0 ranks)
[Layer 1278] attention_row | fwd: REDUCESCATTER(TP, 4 ranks) | ig: ALLGATHER(TP, 4 ranks) | wg: NONE(NONE, 0 ranks)
[Layer 1279] mlp_column | fwd: ALLGATHER(TP, 4 ranks) | ig: REDUCESCATTER(TP, 4 ranks) | wg: NONE(NONE, 0 ranks)
[Layer 1280] mlp_row | fwd: REDUCESCATTER(TP, 4 ranks) | ig: ALLGATHER(TP, 4 ranks) | wg: NONE(NONE, 0 ranks)
[Layer 1281] attention_column | fwd: ALLGATHER(TP, 4 ranks) | ig: REDUCESCATTER(TP, 4 ranks) | wg: NONE(NONE, 0 ranks)
[Layer 1282] attention_row | fwd: REDUCESCATTER(TP, 4 ranks) | ig: ALLGATHER(TP, 4 ranks) | wg: NONE(NONE, 0 ranks)
[Layer 1283] mlp_column | fwd: ALLGATHER(TP, 4 ranks) | ig: REDUCESCATTER(TP, 4 ranks) | wg: NONE(NONE, 0 ranks)
[Layer 1284] mlp_row | fwd: REDUCESCATTER(TP, 4 ranks) | ig: ALLGATHER(TP, 4 ranks) | wg: NONE(NONE, 0 ranks)
[Layer 1285] attention_column | fwd: ALLGATHER(TP, 4 ranks) | ig: REDUCESCATTER(TP, 4 ranks) | wg: NONE(NONE, 0 ranks)
[Layer 1286] attention_row | fwd: REDUCESCATTER(TP, 4 ranks) | ig: ALLGATHER(TP, 4 ranks) | wg: NONE(NONE, 0 ranks)
[Layer 1287] mlp_column | fwd: ALLGATHER(TP, 4 ranks) | ig: REDUCESCATTER(TP, 4 ranks) | wg: NONE(NONE, 0 ranks)
[Layer 1288] mlp_row | fwd: REDUCESCATTER(TP, 4 ranks) | ig: ALLGATHER(TP, 4 ranks) | wg: NONE(NONE, 0 ranks)
[Layer 1289] attention_column | fwd: ALLGATHER(TP, 4 ranks) | ig: REDUCESCATTER(TP, 4 ranks) | wg: NONE(NONE, 0 ranks)
[Layer 1290] attention_row | fwd: REDUCESCATTER(TP, 4 ranks) | ig: ALLGATHER(TP, 4 ranks) | wg: NONE(NONE, 0 ranks)
[Layer 1291] mlp_column | fwd: ALLGATHER(TP, 4 ranks) | ig: REDUCESCATTER(TP, 4 ranks) | wg: NONE(NONE, 0 ranks)
[Layer 1292] mlp_row | fwd: REDUCESCATTER(TP, 4 ranks) | ig: ALLGATHER(TP, 4 ranks) | wg: NONE(NONE, 0 ranks)
[Layer 1293] attention_column | fwd: ALLGATHER(TP, 4 ranks) | ig: REDUCESCATTER(TP, 4 ranks) | wg: NONE(NONE, 0 ranks)
[Layer 1294] attention_row | fwd: REDUCESCATTER(TP, 4 ranks) | ig: ALLGATHER(TP, 4 ranks) | wg: NONE(NONE, 0 ranks)
[Layer 1295] mlp_column | fwd: ALLGATHER(TP, 4 ranks) | ig: REDUCESCATTER(TP, 4 ranks) | wg: NONE(NONE, 0 ranks)
[Layer 1296] mlp_row | fwd: REDUCESCATTER(TP, 4 ranks) | ig: ALLGATHER(TP, 4 ranks) | wg: NONE(NONE, 0 ranks)
[Layer 1297] attention_column | fwd: ALLGATHER(TP, 4 ranks) | ig: REDUCESCATTER(TP, 4 ranks) | wg: NONE(NONE, 0 ranks)
[Layer 1298] attention_row | fwd: REDUCESCATTER(TP, 4 ranks) | ig: ALLGATHER(TP, 4 ranks) | wg: NONE(NONE, 0 ranks)
[Layer 1299] mlp_column | fwd: ALLGATHER(TP, 4 ranks) | ig: REDUCESCATTER(TP, 4 ranks) | wg: NONE(NONE, 0 ranks)
[Layer 1300] mlp_row | fwd: REDUCESCATTER(TP, 4 ranks) | ig: ALLGATHER(TP, 4 ranks) | wg: NONE(NONE, 0 ranks)
[Layer 1301] final_column | fwd: ALLGATHER(TP, 4 ranks) | ig: REDUCESCATTER(TP, 4 ranks) | wg: NONE(NONE, 0 ranks)
[Layer 1302] cross_entropy1 | fwd: ALLREDUCE(TP, 4 ranks) | ig: NONE(NONE, 0 ranks) | wg: NONE(NONE, 0 ranks)
[Layer 1303] cross_entropy2 | fwd: ALLREDUCE(TP, 4 ranks) | ig: NONE(NONE, 0 ranks) | wg: NONE(NONE, 0 ranks)
[Layer 1304] cross_entropy3 | fwd: ALLREDUCE(TP, 4 ranks) | ig: NONE(NONE, 0 ranks) | wg: NONE(NONE, 0 ranks)
[Layer 1305] optimizer1 | fwd: ALLREDUCE(TP, 4 ranks) | ig: NONE(NONE, 0 ranks) | wg: NONE(NONE, 0 ranks)
[Layer 1306] optimizer2 | fwd: ALLREDUCE(TP, 4 ranks) | ig: NONE(NONE, 0 ranks) | wg: NONE(NONE, 0 ranks)
[Layer 1307] optimizer3 | fwd: ALLREDUCE(TP, 4 ranks) | ig: NONE(NONE, 0 ranks) | wg: NONE(NONE, 0 ranks)
[Layer 1308] optimizer4 | fwd: ALLREDUCE(TP, 4 ranks) | ig: NONE(NONE, 0 ranks) | wg: NONE(NONE, 0 ranks)
type: HYBRID_TRANSFORMER_FWD_IN_BCKWD ,num passes: 1 ,lines: 1309 compute scale: 1 ,comm scale: 1

========== Communication Group Distribution ==========
Config: all_gpus=16, TP=4, DP=4, PP=1, EP=1, DP_EP=4
(Note: PP_size=1 in MockNcclGroup, PP from workload header is for AICB only)

--- TP groups (size=4, count=4) ---
  Group[0]: ranks [0, 1, 2, 3]
  Group[1]: ranks [4, 5, 6, 7]
  Group[2]: ranks [8, 9, 10, 11]
  Group[3]: ranks [12, 13, 14, 15]
  Formula: group[i] = [i*4 .. i*4+3]

--- DP groups (size=4, count=4) ---
  Group[0]: ranks [0, 4, 8, 12]
  Group[1]: ranks [1, 5, 9, 13]
  Group[2]: ranks [2, 6, 10, 14]
  Group[3]: ranks [3, 7, 11, 15]
  Formula: group[i] = [i, i+4, i+8, ...], stride=4

--- DP_EP groups (size=4, count=4) ---
  Group[0]: ranks [0, 4, 8, 12]
  Group[1]: ranks [1, 5, 9, 13]
  Group[2]: ranks [2, 6, 10, 14]
  Group[3]: ranks [3, 7, 11, 15]
  Formula: Stride=1 TP groups apart, take 4 positions
======================================================

stat path: ./sim_result_1779241957_ ,total rows: 1 ,stat row: 0
CSV path and filename: ./sim_result_1779241957_detailed_16.csv
CSV path and filename: ./sim_result_1779241957_EndToEnd.csv
simulator run 
info: no forward pass collective for layer: grad_gather
info: no forward pass collective for layer: grad_param_comm
info: no forward pass collective for layer: grad_param_compute
info: no forward pass collective for layer: embedding_grads
info: no forward pass collective for layer: moe_grad_norm1
info: no forward pass collective for layer: moe_grad_norm2
chunk size is: 20971520 , size is: 20971520 , layer_num is: 6 , node: 0
[OXC Integration] shouldUseOxc: ranks=[0,1,2,3], cross_rack=false
info: all-reduce forward pass collective issued for layer: embedding_layer, involved dimensions:  1, 0, 0, 0, 0, 0, 0, 0, 0, 0,
[OXC Integration] shouldUseOxc: ranks=[4,5,6,7], cross_rack=false
[OXC Integration] shouldUseOxc: ranks=[8,9,10,11], cross_rack=false
[OXC Integration] shouldUseOxc: ranks=[12,13,14,15], cross_rack=false
***** info: fwd pass comm collective for layer: embedding_layer is finished************
chunk size is: 20971520 , size is: 20971520 , layer_num is: 7 , node: 0
info: all-gather forward pass collective issued for layer: attention_column, involved dimensions:  1, 0, 0, 0, 0, 0, 0, 0, 0, 0,
***** info: fwd pass comm collective for layer: attention_column is finished************
chunk size is: 20971520 , size is: 20971520 , layer_num is: 8 , node: 0
info: reduce-scatter forward pass collective issued for layer: attention_row, involved dimensions:  1, 0, 0, 0, 0, 0, 0, 0, 0, 0,
***** info: fwd pass comm collective for layer: attention_row is finished************
chunk size is: 20971520 , size is: 20971520 , layer_num is: 9 , node: 0
info: all-gather forward pass collective issued for layer: mlp_column, involved dimensions:  1, 0, 0, 0, 0, 0, 0, 0, 0, 0,
***** info: fwd pass comm collective for layer: mlp_column is finished************
chunk size is: 20971520 , size is: 20971520 , layer_num is: 10 , node: 0
info: reduce-scatter forward pass collective issued for layer: mlp_row, involved dimensions:  1, 0, 0, 0, 0, 0, 0, 0, 0, 0,
***** info: fwd pass comm collective for layer: mlp_row is finished************
chunk size is: 20971520 , size is: 20971520 , layer_num is: 11 , node: 0
info: all-gather forward pass collective issued for layer: attention_column, involved dimensions:  1, 0, 0, 0, 0, 0, 0, 0, 0, 0,
***** info: fwd pass comm collective for layer: attention_column is finished************
chunk size is: 20971520 , size is: 20971520 , layer_num is: 12 , node: 0
info: reduce-scatter forward pass collective issued for layer: attention_row, involved dimensions:  1, 0, 0, 0, 0, 0, 0, 0, 0, 0,
***** info: fwd pass comm collective for layer: attention_row is finished************
chunk size is: 20971520 , size is: 20971520 , layer_num is: 13 , node: 0
info: all-gather forward pass collective issued for layer: mlp_column, involved dimensions:  1, 0, 0, 0, 0, 0, 0, 0, 0, 0,
***** info: fwd pass comm collective for layer: mlp_column is finished************
chunk size is: 20971520 , size is: 20971520 , layer_num is: 14 , node: 0
info: reduce-scatter forward pass collective issued for layer: mlp_row, involved dimensions:  1, 0, 0, 0, 0, 0, 0, 0, 0, 0,
***** info: fwd pass comm collective for layer: mlp_row is finished************
chunk size is: 20971520 , size is: 20971520 , layer_num is: 15 , node: 0
info: all-gather forward pass collective issued for layer: attention_column, involved dimensions:  1, 0, 0, 0, 0, 0, 0, 0, 0, 0,
***** info: fwd pass comm collective for layer: attention_column is finished************
chunk size is: 20971520 , size is: 20971520 , layer_num is: 16 , node: 0
info: reduce-scatter forward pass collective issued for layer: attention_row, involved dimensions:  1, 0, 0, 0, 0, 0, 0, 0, 0, 0,
***** info: fwd pass comm collective for layer: attention_row is finished************
chunk size is: 20971520 , size is: 20971520 , layer_num is: 17 , node: 0
info: all-gather forward pass collective issued for layer: mlp_column, involved dimensions:  1, 0, 0, 0, 0, 0, 0, 0, 0, 0,
***** info: fwd pass comm collective for layer: mlp_column is finished************
chunk size is: 20971520 , size is: 20971520 , layer_num is: 18 , node: 0
info: reduce-scatter forward pass collective issued for layer: mlp_row, involved dimensions:  1, 0, 0, 0, 0, 0, 0, 0, 0, 0,
***** info: fwd pass comm collective for layer: mlp_row is finished************
chunk size is: 20971520 , size is: 20971520 , layer_num is: 19 , node: 0
info: all-gather forward pass collective issued for layer: attention_column, involved dimensions:  1, 0, 0, 0, 0, 0, 0, 0, 0, 0,
***** info: fwd pass comm collective for layer: attention_column is finished************
chunk size is: 20971520 , size is: 20971520 , layer_num is: 20 , node: 0
info: reduce-scatter forward pass collective issued for layer: attention_row, involved dimensions:  1, 0, 0, 0, 0, 0, 0, 0, 0, 0,
***** info: fwd pass comm collective for layer: attention_row is finished************
chunk size is: 20971520 , size is: 20971520 , layer_num is: 21 , node: 0
info: all-gather forward pass collective issued for layer: mlp_column, involved dimensions:  1, 0, 0, 0, 0, 0, 0, 0, 0, 0,
***** info: fwd pass comm collective for layer: mlp_column is finished************
chunk size is: 20971520 , size is: 20971520 , layer_num is: 22 , node: 0
info: reduce-scatter forward pass collective issued for layer: mlp_row, involved dimensions:  1, 0, 0, 0, 0, 0, 0, 0, 0, 0,
***** info: fwd pass comm collective for layer: mlp_row is finished************
chunk size is: 20971520 , size is: 20971520 , layer_num is: 23 , node: 0
info: all-gather forward pass collective issued for layer: attention_column, involved dimensions:  1, 0, 0, 0, 0, 0, 0, 0, 0, 0,
***** info: fwd pass comm collective for layer: attention_column is finished************
chunk size is: 20971520 , size is: 20971520 , layer_num is: 24 , node: 0
info: reduce-scatter forward pass collective issued for layer: attention_row, involved dimensions:  1, 0, 0, 0, 0, 0, 0, 0, 0, 0,
***** info: fwd pass comm collective for layer: attention_row is finished************
chunk size is: 20971520 , size is: 20971520 , layer_num is: 25 , node: 0
info: all-gather forward pass collective issued for layer: mlp_column, involved dimensions:  1, 0, 0, 0, 0, 0, 0, 0, 0, 0,
***** info: fwd pass comm collective for layer: mlp_column is finished************
chunk size is: 20971520 , size is: 20971520 , layer_num is: 26 , node: 0
info: reduce-scatter forward pass collective issued for layer: mlp_row, involved dimensions:  1, 0, 0, 0, 0, 0, 0, 0, 0, 0,
***** info: fwd pass comm collective for layer: mlp_row is finished************
chunk size is: 20971520 , size is: 20971520 , layer_num is: 27 , node: 0
info: all-gather forward pass collective issued for layer: attention_column, involved dimensions:  1, 0, 0, 0, 0, 0, 0, 0, 0, 0,
***** info: fwd pass comm collective for layer: attention_column is finished************
chunk size is: 20971520 , size is: 20971520 , layer_num is: 28 , node: 0
info: reduce-scatter forward pass collective issued for layer: attention_row, involved dimensions:  1, 0, 0, 0, 0, 0, 0, 0, 0, 0,
***** info: fwd pass comm collective for layer: attention_row is finished************
chunk size is: 20971520 , size is: 20971520 , layer_num is: 29 , node: 0
info: all-gather forward pass collective issued for layer: mlp_column, involved dimensions:  1, 0, 0, 0, 0, 0, 0, 0, 0, 0,
***** info: fwd pass comm collective for layer: mlp_column is finished************
chunk size is: 20971520 , size is: 20971520 , layer_num is: 30 , node: 0
info: reduce-scatter forward pass collective issued for layer: mlp_row, involved dimensions:  1, 0, 0, 0, 0, 0, 0, 0, 0, 0,
***** info: fwd pass comm collective for layer: mlp_row is finished************
chunk size is: 20971520 , size is: 20971520 , layer_num is: 31 , node: 0
info: all-gather forward pass collective issued for layer: attention_column, involved dimensions:  1, 0, 0, 0, 0, 0, 0, 0, 0, 0,
***** info: fwd pass comm collective for layer: attention_column is finished************
chunk size is: 20971520 , size is: 20971520 , layer_num is: 32 , node: 0
info: reduce-scatter forward pass collective issued for layer: attention_row, involved dimensions:  1, 0, 0, 0, 0, 0, 0, 0, 0, 0,
***** info: fwd pass comm collective for layer: attention_row is finished************
chunk size is: 20971520 , size is: 20971520 , layer_num is: 33 , node: 0
info: all-gather forward pass collective issued for layer: mlp_column, involved dimensions:  1, 0, 0, 0, 0, 0, 0, 0, 0, 0,
***** info: fwd pass comm collective for layer: mlp_column is finished************
chunk size is: 20971520 , size is: 20971520 , layer_num is: 34 , node: 0
info: reduce-scatter forward pass collective issued for layer: mlp_row, involved dimensions:  1, 0, 0, 0, 0, 0, 0, 0, 0, 0,
***** info: fwd pass comm collective for layer: mlp_row is finished************
chunk size is: 20971520 , size is: 20971520 , layer_num is: 35 , node: 0
info: all-gather forward pass collective issued for layer: attention_column, involved dimensions:  1, 0, 0, 0, 0, 0, 0, 0, 0, 0,
***** info: fwd pass comm collective for layer: attention_column is finished************
chunk size is: 20971520 , size is: 20971520 , layer_num is: 36 , node: 0
info: reduce-scatter forward pass collective issued for layer: attention_row, involved dimensions:  1, 0, 0, 0, 0, 0, 0, 0, 0, 0,
***** info: fwd pass comm collective for layer: attention_row is finished************
chunk size is: 20971520 , size is: 20971520 , layer_num is: 37 , node: 0
info: all-gather forward pass collective issued for layer: mlp_column, involved dimensions:  1, 0, 0, 0, 0, 0, 0, 0, 0, 0,
***** info: fwd pass comm collective for layer: mlp_column is finished************
chunk size is: 20971520 , size is: 20971520 , layer_num is: 38 , node: 0
info: reduce-scatter forward pass collective issued for layer: mlp_row, involved dimensions:  1, 0, 0, 0, 0, 0, 0, 0, 0, 0,
***** info: fwd pass comm collective for layer: mlp_row is finished************
chunk size is: 20971520 , size is: 20971520 , layer_num is: 39 , node: 0
info: all-gather forward pass collective issued for layer: attention_column, involved dimensions:  1, 0, 0, 0, 0, 0, 0, 0, 0, 0,
***** info: fwd pass comm collective for layer: attention_column is finished************
chunk size is: 20971520 , size is: 20971520 , layer_num is: 40 , node: 0
info: reduce-scatter forward pass collective issued for layer: attention_row, involved dimensions:  1, 0, 0, 0, 0, 0, 0, 0, 0, 0,
***** info: fwd pass comm collective for layer: attention_row is finished************
chunk size is: 20971520 , size is: 20971520 , layer_num is: 41 , node: 0
info: all-gather forward pass collective issued for layer: mlp_column, involved dimensions:  1, 0, 0, 0, 0, 0, 0, 0, 0, 0,
***** info: fwd pass comm collective for layer: mlp_column is finished************
chunk size is: 20971520 , size is: 20971520 , layer_num is: 42 , node: 0
info: reduce-scatter forward pass collective issued for layer: mlp_row, involved dimensions:  1, 0, 0, 0, 0, 0, 0, 0, 0, 0,
***** info: fwd pass comm collective for layer: mlp_row is finished************
chunk size is: 20971520 , size is: 20971520 , layer_num is: 43 , node: 0
info: all-gather forward pass collective issued for layer: attention_column, involved dimensions:  1, 0, 0, 0, 0, 0, 0, 0, 0, 0,
***** info: fwd pass comm collective for layer: attention_column is finished************
chunk size is: 20971520 , size is: 20971520 , layer_num is: 44 , node: 0
info: reduce-scatter forward pass collective issued for layer: attention_row, involved dimensions:  1, 0, 0, 0, 0, 0, 0, 0, 0, 0,
***** info: fwd pass comm collective for layer: attention_row is finished************
chunk size is: 20971520 , size is: 20971520 , layer_num is: 45 , node: 0
info: all-gather forward pass collective issued for layer: mlp_column, involved dimensions:  1, 0, 0, 0, 0, 0, 0, 0, 0, 0,
***** info: fwd pass comm collective for layer: mlp_column is finished************
chunk size is: 20971520 , size is: 20971520 , layer_num is: 46 , node: 0
info: reduce-scatter forward pass collective issued for layer: mlp_row, involved dimensions:  1, 0, 0, 0, 0, 0, 0, 0, 0, 0,
***** info: fwd pass comm collective for layer: mlp_row is finished************
chunk size is: 20971520 , size is: 20971520 , layer_num is: 47 , node: 0
info: all-gather forward pass collective issued for layer: attention_column, involved dimensions:  1, 0, 0, 0, 0, 0, 0, 0, 0, 0,
***** info: fwd pass comm collective for layer: attention_column is finished************
chunk size is: 20971520 , size is: 20971520 , layer_num is: 48 , node: 0
info: reduce-scatter forward pass collective issued for layer: attention_row, involved dimensions:  1, 0, 0, 0, 0, 0, 0, 0, 0, 0,
***** info: fwd pass comm collective for layer: attention_row is finished************
chunk size is: 20971520 , size is: 20971520 , layer_num is: 49 , node: 0
info: all-gather forward pass collective issued for layer: mlp_column, involved dimensions:  1, 0, 0, 0, 0, 0, 0, 0, 0, 0,
***** info: fwd pass comm collective for layer: mlp_column is finished************
chunk size is: 20971520 , size is: 20971520 , layer_num is: 50 , node: 0
info: reduce-scatter forward pass collective issued for layer: mlp_row, involved dimensions:  1, 0, 0, 0, 0, 0, 0, 0, 0, 0,
***** info: fwd pass comm collective for layer: mlp_row is finished************
chunk size is: 20971520 , size is: 20971520 , layer_num is: 51 , node: 0
info: all-gather forward pass collective issued for layer: attention_column, involved dimensions:  1, 0, 0, 0, 0, 0, 0, 0, 0, 0,
***** info: fwd pass comm collective for layer: attention_column is finished************
chunk size is: 20971520 , size is: 20971520 , layer_num is: 52 , node: 0
info: reduce-scatter forward pass collective issued for layer: attention_row, involved dimensions:  1, 0, 0, 0, 0, 0, 0, 0, 0, 0,
***** info: fwd pass comm collective for layer: attention_row is finished************
chunk size is: 20971520 , size is: 20971520 , layer_num is: 53 , node: 0
info: all-gather forward pass collective issued for layer: mlp_column, involved dimensions:  1, 0, 0, 0, 0, 0, 0, 0, 0, 0,
***** info: fwd pass comm collective for layer: mlp_column is finished************
chunk size is: 20971520 , size is: 20971520 , layer_num is: 54 , node: 0
info: reduce-scatter forward pass collective issued for layer: mlp_row, involved dimensions:  1, 0, 0, 0, 0, 0, 0, 0, 0, 0,
***** info: fwd pass comm collective for layer: mlp_row is finished************
chunk size is: 20971520 , size is: 20971520 , layer_num is: 55 , node: 0
info: all-gather forward pass collective issued for layer: attention_column, involved dimensions:  1, 0, 0, 0, 0, 0, 0, 0, 0, 0,
***** info: fwd pass comm collective for layer: attention_column is finished************
chunk size is: 20971520 , size is: 20971520 , layer_num is: 56 , node: 0
info: reduce-scatter forward pass collective issued for layer: attention_row, involved dimensions:  1, 0, 0, 0, 0, 0, 0, 0, 0, 0,
***** info: fwd pass comm collective for layer: attention_row is finished************
chunk size is: 20971520 , size is: 20971520 , layer_num is: 57 , node: 0
info: all-gather forward pass collective issued for layer: mlp_column, involved dimensions:  1, 0, 0, 0, 0, 0, 0, 0, 0, 0,
***** info: fwd pass comm collective for layer: mlp_column is finished************
chunk size is: 20971520 , size is: 20971520 , layer_num is: 58 , node: 0
info: reduce-scatter forward pass collective issued for layer: mlp_row, involved dimensions:  1, 0, 0, 0, 0, 0, 0, 0, 0, 0,
***** info: fwd pass comm collective for layer: mlp_row is finished************
chunk size is: 20971520 , size is: 20971520 , layer_num is: 59 , node: 0
info: all-gather forward pass collective issued for layer: attention_column, involved dimensions:  1, 0, 0, 0, 0, 0, 0, 0, 0, 0,
***** info: fwd pass comm collective for layer: attention_column is finished************
chunk size is: 20971520 , size is: 20971520 , layer_num is: 60 , node: 0
info: reduce-scatter forward pass collective issued for layer: attention_row, involved dimensions:  1, 0, 0, 0, 0, 0, 0, 0, 0, 0,
***** info: fwd pass comm collective for layer: attention_row is finished************
chunk size is: 20971520 , size is: 20971520 , layer_num is: 61 , node: 0
info: all-gather forward pass collective issued for layer: mlp_column, involved dimensions:  1, 0, 0, 0, 0, 0, 0, 0, 0, 0,
***** info: fwd pass comm collective for layer: mlp_column is finished************
chunk size is: 20971520 , size is: 20971520 , layer_num is: 62 , node: 0
info: reduce-scatter forward pass collective issued for layer: mlp_row, involved dimensions:  1, 0, 0, 0, 0, 0, 0, 0, 0, 0,
***** info: fwd pass comm collective for layer: mlp_row is finished************
chunk size is: 20971520 , size is: 20971520 , layer_num is: 63 , node: 0
info: all-gather forward pass collective issued for layer: attention_column, involved dimensions:  1, 0, 0, 0, 0, 0, 0, 0, 0, 0,
***** info: fwd pass comm collective for layer: attention_column is finished************
chunk size is: 20971520 , size is: 20971520 , layer_num is: 64 , node: 0
info: reduce-scatter forward pass collective issued for layer: attention_row, involved dimensions:  1, 0, 0, 0, 0, 0, 0, 0, 0, 0,
***** info: fwd pass comm collective for layer: attention_row is finished************
chunk size is: 20971520 , size is: 20971520 , layer_num is: 65 , node: 0
info: all-gather forward pass collective issued for layer: mlp_column, involved dimensions:  1, 0, 0, 0, 0, 0, 0, 0, 0, 0,
***** info: fwd pass comm collective for layer: mlp_column is finished************
chunk size is: 20971520 , size is: 20971520 , layer_num is: 66 , node: 0
info: reduce-scatter forward pass collective issued for layer: mlp_row, involved dimensions:  1, 0, 0, 0, 0, 0, 0, 0, 0, 0,
***** info: fwd pass comm collective for layer: mlp_row is finished************
chunk size is: 20971520 , size is: 20971520 , layer_num is: 67 , node: 0
info: all-gather forward pass collective issued for layer: attention_column, involved dimensions:  1, 0, 0, 0, 0, 0, 0, 0, 0, 0,
***** info: fwd pass comm collective for layer: attention_column is finished************
chunk size is: 20971520 , size is: 20971520 , layer_num is: 68 , node: 0
info: reduce-scatter forward pass collective issued for layer: attention_row, involved dimensions:  1, 0, 0, 0, 0, 0, 0, 0, 0, 0,
***** info: fwd pass comm collective for layer: attention_row is finished************
chunk size is: 20971520 , size is: 20971520 , layer_num is: 69 , node: 0
info: all-gather forward pass collective issued for layer: mlp_column, involved dimensions:  1, 0, 0, 0, 0, 0, 0, 0, 0, 0,
***** info: fwd pass comm collective for layer: mlp_column is finished************
chunk size is: 20971520 , size is: 20971520 , layer_num is: 70 , node: 0
info: reduce-scatter forward pass collective issued for layer: mlp_row, involved dimensions:  1, 0, 0, 0, 0, 0, 0, 0, 0, 0,
***** info: fwd pass comm collective for layer: mlp_row is finished************
chunk size is: 20971520 , size is: 20971520 , layer_num is: 71 , node: 0
info: all-gather forward pass collective issued for layer: attention_column, involved dimensions:  1, 0, 0, 0, 0, 0, 0, 0, 0, 0,
***** info: fwd pass comm collective for layer: attention_column is finished************
chunk size is: 20971520 , size is: 20971520 , layer_num is: 72 , node: 0
info: reduce-scatter forward pass collective issued for layer: attention_row, involved dimensions:  1, 0, 0, 0, 0, 0, 0, 0, 0, 0,
***** info: fwd pass comm collective for layer: attention_row is finished************
chunk size is: 20971520 , size is: 20971520 , layer_num is: 73 , node: 0
info: all-gather forward pass collective issued for layer: mlp_column, involved dimensions:  1, 0, 0, 0, 0, 0, 0, 0, 0, 0,
***** info: fwd pass comm collective for layer: mlp_column is finished************
chunk size is: 20971520 , size is: 20971520 , layer_num is: 74 , node: 0
info: reduce-scatter forward pass collective issued for layer: mlp_row, involved dimensions:  1, 0, 0, 0, 0, 0, 0, 0, 0, 0,
***** info: fwd pass comm collective for layer: mlp_row is finished************
chunk size is: 20971520 , size is: 20971520 , layer_num is: 75 , node: 0
info: all-gather forward pass collective issued for layer: attention_column, involved dimensions:  1, 0, 0, 0, 0, 0, 0, 0, 0, 0,
***** info: fwd pass comm collective for layer: attention_column is finished************
chunk size is: 20971520 , size is: 20971520 , layer_num is: 76 , node: 0
info: reduce-scatter forward pass collective issued for layer: attention_row, involved dimensions:  1, 0, 0, 0, 0, 0, 0, 0, 0, 0,
***** info: fwd pass comm collective for layer: attention_row is finished************
chunk size is: 20971520 , size is: 20971520 , layer_num is: 77 , node: 0
info: all-gather forward pass collective issued for layer: mlp_column, involved dimensions:  1, 0, 0, 0, 0, 0, 0, 0, 0, 0,
***** info: fwd pass comm collective for layer: mlp_column is finished************
chunk size is: 20971520 , size is: 20971520 , layer_num is: 78 , node: 0
info: reduce-scatter forward pass collective issued for layer: mlp_row, involved dimensions:  1, 0, 0, 0, 0, 0, 0, 0, 0, 0,
***** info: fwd pass comm collective for layer: mlp_row is finished************
chunk size is: 20971520 , size is: 20971520 , layer_num is: 79 , node: 0
info: all-gather forward pass collective issued for layer: attention_column, involved dimensions:  1, 0, 0, 0, 0, 0, 0, 0, 0, 0,
***** info: fwd pass comm collective for layer: attention_column is finished************
chunk size is: 20971520 , size is: 20971520 , layer_num is: 80 , node: 0
info: reduce-scatter forward pass collective issued for layer: attention_row, involved dimensions:  1, 0, 0, 0, 0, 0, 0, 0, 0, 0,
***** info: fwd pass comm collective for layer: attention_row is finished************
chunk size is: 20971520 , size is: 20971520 , layer_num is: 81 , node: 0
info: all-gather forward pass collective issued for layer: mlp_column, involved dimensions:  1, 0, 0, 0, 0, 0, 0, 0, 0, 0,
***** info: fwd pass comm collective for layer: mlp_column is finished************
chunk size is: 20971520 , size is: 20971520 , layer_num is: 82 , node: 0
info: reduce-scatter forward pass collective issued for layer: mlp_row, involved dimensions:  1, 0, 0, 0, 0, 0, 0, 0, 0, 0,
***** info: fwd pass comm collective for layer: mlp_row is finished************
chunk size is: 20971520 , size is: 20971520 , layer_num is: 83 , node: 0
info: all-gather forward pass collective issued for layer: attention_column, involved dimensions:  1, 0, 0, 0, 0, 0, 0, 0, 0, 0,
***** info: fwd pass comm collective for layer: attention_column is finished************
chunk size is: 20971520 , size is: 20971520 , layer_num is: 84 , node: 0
info: reduce-scatter forward pass collective issued for layer: attention_row, involved dimensions:  1, 0, 0, 0, 0, 0, 0, 0, 0, 0,
***** info: fwd pass comm collective for layer: attention_row is finished************
chunk size is: 20971520 , size is: 20971520 , layer_num is: 85 , node: 0
info: all-gather forward pass collective issued for layer: mlp_column, involved dimensions:  1, 0, 0, 0, 0, 0, 0, 0, 0, 0,
***** info: fwd pass comm collective for layer: mlp_column is finished************
chunk size is: 20971520 , size is: 20971520 , layer_num is: 86 , node: 0
info: reduce-scatter forward pass collective issued for layer: mlp_row, involved dimensions:  1, 0, 0, 0, 0, 0, 0, 0, 0, 0,
***** info: fwd pass comm collective for layer: mlp_row is finished************
chunk size is: 20971520 , size is: 20971520 , layer_num is: 87 , node: 0
info: all-gather forward pass collective issued for layer: attention_column, involved dimensions:  1, 0, 0, 0, 0, 0, 0, 0, 0, 0,
***** info: fwd pass comm collective for layer: attention_column is finished************
chunk size is: 20971520 , size is: 20971520 , layer_num is: 88 , node: 0
info: reduce-scatter forward pass collective issued for layer: attention_row, involved dimensions:  1, 0, 0, 0, 0, 0, 0, 0, 0, 0,
***** info: fwd pass comm collective for layer: attention_row is finished************
chunk size is: 20971520 , size is: 20971520 , layer_num is: 89 , node: 0
info: all-gather forward pass collective issued for layer: mlp_column, involved dimensions:  1, 0, 0, 0, 0, 0, 0, 0, 0, 0,
***** info: fwd pass comm collective for layer: mlp_column is finished************
chunk size is: 20971520 , size is: 20971520 , layer_num is: 90 , node: 0
info: reduce-scatter forward pass collective issued for layer: mlp_row, involved dimensions:  1, 0, 0, 0, 0, 0, 0, 0, 0, 0,
***** info: fwd pass comm collective for layer: mlp_row is finished************
chunk size is: 20971520 , size is: 20971520 , layer_num is: 91 , node: 0
info: all-gather forward pass collective issued for layer: attention_column, involved dimensions:  1, 0, 0, 0, 0, 0, 0, 0, 0, 0,
***** info: fwd pass comm collective for layer: attention_column is finished************
chunk size is: 20971520 , size is: 20971520 , layer_num is: 92 , node: 0
info: reduce-scatter forward pass collective issued for layer: attention_row, involved dimensions:  1, 0, 0, 0, 0, 0, 0, 0, 0, 0,
***** info: fwd pass comm collective for layer: attention_row is finished************
chunk size is: 20971520 , size is: 20971520 , layer_num is: 93 , node: 0
info: all-gather forward pass collective issued for layer: mlp_column, involved dimensions:  1, 0, 0, 0, 0, 0, 0, 0, 0, 0,
***** info: fwd pass comm collective for layer: mlp_column is finished************
chunk size is: 20971520 , size is: 20971520 , layer_num is: 94 , node: 0
info: reduce-scatter forward pass collective issued for layer: mlp_row, involved dimensions:  1, 0, 0, 0, 0, 0, 0, 0, 0, 0,
***** info: fwd pass comm collective for layer: mlp_row is finished************
chunk size is: 20971520 , size is: 20971520 , layer_num is: 95 , node: 0
info: all-gather forward pass collective issued for layer: attention_column, involved dimensions:  1, 0, 0, 0, 0, 0, 0, 0, 0, 0,
***** info: fwd pass comm collective for layer: attention_column is finished************
chunk size is: 20971520 , size is: 20971520 , layer_num is: 96 , node: 0
info: reduce-scatter forward pass collective issued for layer: attention_row, involved dimensions:  1, 0, 0, 0, 0, 0, 0, 0, 0, 0,
***** info: fwd pass comm collective for layer: attention_row is finished************
chunk size is: 20971520 , size is: 20971520 , layer_num is: 97 , node: 0
info: all-gather forward pass collective issued for layer: mlp_column, involved dimensions:  1, 0, 0, 0, 0, 0, 0, 0, 0, 0,
***** info: fwd pass comm collective for layer: mlp_column is finished************
chunk size is: 20971520 , size is: 20971520 , layer_num is: 98 , node: 0
info: reduce-scatter forward pass collective issued for layer: mlp_row, involved dimensions:  1, 0, 0, 0, 0, 0, 0, 0, 0, 0,
***** info: fwd pass comm collective for layer: mlp_row is finished************
chunk size is: 20971520 , size is: 20971520 , layer_num is: 99 , node: 0
info: all-gather forward pass collective issued for layer: attention_column, involved dimensions:  1, 0, 0, 0, 0, 0, 0, 0, 0, 0,
***** info: fwd pass comm collective for layer: attention_column is finished************
chunk size is: 20971520 , size is: 20971520 , layer_num is: 100 , node: 0
info: reduce-scatter forward pass collective issued for layer: attention_row, involved dimensions:  1, 0, 0, 0, 0, 0, 0, 0, 0, 0,
***** info: fwd pass comm collective for layer: attention_row is finished************
chunk size is: 20971520 , size is: 20971520 , layer_num is: 101 , node: 0
info: all-gather forward pass collective issued for layer: mlp_column, involved dimensions:  1, 0, 0, 0, 0, 0, 0, 0, 0, 0,
***** info: fwd pass comm collective for layer: mlp_column is finished************
chunk size is: 20971520 , size is: 20971520 , layer_num is: 102 , node: 0
info: reduce-scatter forward pass collective issued for layer: mlp_row, involved dimensions:  1, 0, 0, 0, 0, 0, 0, 0, 0, 0,
***** info: fwd pass comm collective for layer: mlp_row is finished************
chunk size is: 20971520 , size is: 20971520 , layer_num is: 103 , node: 0
info: all-gather forward pass collective issued for layer: attention_column, involved dimensions:  1, 0, 0, 0, 0, 0, 0, 0, 0, 0,
***** info: fwd pass comm collective for layer: attention_column is finished************
chunk size is: 20971520 , size is: 20971520 , layer_num is: 104 , node: 0
info: reduce-scatter forward pass collective issued for layer: attention_row, involved dimensions:  1, 0, 0, 0, 0, 0, 0, 0, 0, 0,
***** info: fwd pass comm collective for layer: attention_row is finished************
chunk size is: 20971520 , size is: 20971520 , layer_num is: 105 , node: 0
info: all-gather forward pass collective issued for layer: mlp_column, involved dimensions:  1, 0, 0, 0, 0, 0, 0, 0, 0, 0,
***** info: fwd pass comm collective for layer: mlp_column is finished************
chunk size is: 20971520 , size is: 20971520 , layer_num is: 106 , node: 0
info: reduce-scatter forward pass collective issued for layer: mlp_row, involved dimensions:  1, 0, 0, 0, 0, 0, 0, 0, 0, 0,
***** info: fwd pass comm collective for layer: mlp_row is finished************
chunk size is: 20971520 , size is: 20971520 , layer_num is: 107 , node: 0
info: all-gather forward pass collective issued for layer: attention_column, involved dimensions:  1, 0, 0, 0, 0, 0, 0, 0, 0, 0,
***** info: fwd pass comm collective for layer: attention_column is finished************
chunk size is: 20971520 , size is: 20971520 , layer_num is: 108 , node: 0
info: reduce-scatter forward pass collective issued for layer: attention_row, involved dimensions:  1, 0, 0, 0, 0, 0, 0, 0, 0, 0,
***** info: fwd pass comm collective for layer: attention_row is finished************
chunk size is: 20971520 , size is: 20971520 , layer_num is: 109 , node: 0
info: all-gather forward pass collective issued for layer: mlp_column, involved dimensions:  1, 0, 0, 0, 0, 0, 0, 0, 0, 0,
***** info: fwd pass comm collective for layer: mlp_column is finished************
chunk size is: 20971520 , size is: 20971520 , layer_num is: 110 , node: 0
info: reduce-scatter forward pass collective issued for layer: mlp_row, involved dimensions:  1, 0, 0, 0, 0, 0, 0, 0, 0, 0,
***** info: fwd pass comm collective for layer: mlp_row is finished************
chunk size is: 20971520 , size is: 20971520 , layer_num is: 111 , node: 0
info: all-gather forward pass collective issued for layer: attention_column, involved dimensions:  1, 0, 0, 0, 0, 0, 0, 0, 0, 0,
***** info: fwd pass comm collective for layer: attention_column is finished************
chunk size is: 20971520 , size is: 20971520 , layer_num is: 112 , node: 0
info: reduce-scatter forward pass collective issued for layer: attention_row, involved dimensions:  1, 0, 0, 0, 0, 0, 0, 0, 0, 0,
***** info: fwd pass comm collective for layer: attention_row is finished************
chunk size is: 20971520 , size is: 20971520 , layer_num is: 113 , node: 0
info: all-gather forward pass collective issued for layer: mlp_column, involved dimensions:  1, 0, 0, 0, 0, 0, 0, 0, 0, 0,
***** info: fwd pass comm collective for layer: mlp_column is finished************
chunk size is: 20971520 , size is: 20971520 , layer_num is: 114 , node: 0
info: reduce-scatter forward pass collective issued for layer: mlp_row, involved dimensions:  1, 0, 0, 0, 0, 0, 0, 0, 0, 0,
***** info: fwd pass comm collective for layer: mlp_row is finished************
chunk size is: 20971520 , size is: 20971520 , layer_num is: 115 , node: 0
info: all-gather forward pass collective issued for layer: attention_column, involved dimensions:  1, 0, 0, 0, 0, 0, 0, 0, 0, 0,
***** info: fwd pass comm collective for layer: attention_column is finished************
chunk size is: 20971520 , size is: 20971520 , layer_num is: 116 , node: 0
info: reduce-scatter forward pass collective issued for layer: attention_row, involved dimensions:  1, 0, 0, 0, 0, 0, 0, 0, 0, 0,
***** info: fwd pass comm collective for layer: attention_row is finished************
chunk size is: 20971520 , size is: 20971520 , layer_num is: 117 , node: 0
info: all-gather forward pass collective issued for layer: mlp_column, involved dimensions:  1, 0, 0, 0, 0, 0, 0, 0, 0, 0,
***** info: fwd pass comm collective for layer: mlp_column is finished************
chunk size is: 20971520 , size is: 20971520 , layer_num is: 118 , node: 0
info: reduce-scatter forward pass collective issued for layer: mlp_row, involved dimensions:  1, 0, 0, 0, 0, 0, 0, 0, 0, 0,
***** info: fwd pass comm collective for layer: mlp_row is finished************
chunk size is: 20971520 , size is: 20971520 , layer_num is: 119 , node: 0
info: all-gather forward pass collective issued for layer: attention_column, involved dimensions:  1, 0, 0, 0, 0, 0, 0, 0, 0, 0,
***** info: fwd pass comm collective for layer: attention_column is finished************
chunk size is: 20971520 , size is: 20971520 , layer_num is: 120 , node: 0
info: reduce-scatter forward pass collective issued for layer: attention_row, involved dimensions:  1, 0, 0, 0, 0, 0, 0, 0, 0, 0,
***** info: fwd pass comm collective for layer: attention_row is finished************
chunk size is: 20971520 , size is: 20971520 , layer_num is: 121 , node: 0
info: all-gather forward pass collective issued for layer: mlp_column, involved dimensions:  1, 0, 0, 0, 0, 0, 0, 0, 0, 0,
***** info: fwd pass comm collective for layer: mlp_column is finished************
chunk size is: 20971520 , size is: 20971520 , layer_num is: 122 , node: 0
info: reduce-scatter forward pass collective issued for layer: mlp_row, involved dimensions:  1, 0, 0, 0, 0, 0, 0, 0, 0, 0,
***** info: fwd pass comm collective for layer: mlp_row is finished************
chunk size is: 20971520 , size is: 20971520 , layer_num is: 123 , node: 0
info: all-gather forward pass collective issued for layer: attention_column, involved dimensions:  1, 0, 0, 0, 0, 0, 0, 0, 0, 0,
***** info: fwd pass comm collective for layer: attention_column is finished************
chunk size is: 20971520 , size is: 20971520 , layer_num is: 124 , node: 0
info: reduce-scatter forward pass collective issued for layer: attention_row, involved dimensions:  1, 0, 0, 0, 0, 0, 0, 0, 0, 0,
***** info: fwd pass comm collective for layer: attention_row is finished************
chunk size is: 20971520 , size is: 20971520 , layer_num is: 125 , node: 0
info: all-gather forward pass collective issued for layer: mlp_column, involved dimensions:  1, 0, 0, 0, 0, 0, 0, 0, 0, 0,
***** info: fwd pass comm collective for layer: mlp_column is finished************
chunk size is: 20971520 , size is: 20971520 , layer_num is: 126 , node: 0
info: reduce-scatter forward pass collective issued for layer: mlp_row, involved dimensions:  1, 0, 0, 0, 0, 0, 0, 0, 0, 0,
***** info: fwd pass comm collective for layer: mlp_row is finished************
chunk size is: 20971520 , size is: 20971520 , layer_num is: 127 , node: 0
info: all-gather forward pass collective issued for layer: attention_column, involved dimensions:  1, 0, 0, 0, 0, 0, 0, 0, 0, 0,
***** info: fwd pass comm collective for layer: attention_column is finished************
chunk size is: 20971520 , size is: 20971520 , layer_num is: 128 , node: 0
info: reduce-scatter forward pass collective issued for layer: attention_row, involved dimensions:  1, 0, 0, 0, 0, 0, 0, 0, 0, 0,
***** info: fwd pass comm collective for layer: attention_row is finished************
chunk size is: 20971520 , size is: 20971520 , layer_num is: 129 , node: 0
info: all-gather forward pass collective issued for layer: mlp_column, involved dimensions:  1, 0, 0, 0, 0, 0, 0, 0, 0, 0,
***** info: fwd pass comm collective for layer: mlp_column is finished************
chunk size is: 20971520 , size is: 20971520 , layer_num is: 130 , node: 0
info: reduce-scatter forward pass collective issued for layer: mlp_row, involved dimensions:  1, 0, 0, 0, 0, 0, 0, 0, 0, 0,
***** info: fwd pass comm collective for layer: mlp_row is finished************
chunk size is: 20971520 , size is: 20971520 , layer_num is: 131 , node: 0
info: all-gather forward pass collective issued for layer: attention_column, involved dimensions:  1, 0, 0, 0, 0, 0, 0, 0, 0, 0,
***** info: fwd pass comm collective for layer: attention_column is finished************
chunk size is: 20971520 , size is: 20971520 , layer_num is: 132 , node: 0
info: reduce-scatter forward pass collective issued for layer: attention_row, involved dimensions:  1, 0, 0, 0, 0, 0, 0, 0, 0, 0,
***** info: fwd pass comm collective for layer: attention_row is finished************
chunk size is: 20971520 , size is: 20971520 , layer_num is: 133 , node: 0
info: all-gather forward pass collective issued for layer: mlp_column, involved dimensions:  1, 0, 0, 0, 0, 0, 0, 0, 0, 0,
***** info: fwd pass comm collective for layer: mlp_column is finished************
chunk size is: 20971520 , size is: 20971520 , layer_num is: 134 , node: 0
info: reduce-scatter forward pass collective issued for layer: mlp_row, involved dimensions:  1, 0, 0, 0, 0, 0, 0, 0, 0, 0,
***** info: fwd pass comm collective for layer: mlp_row is finished************
chunk size is: 20971520 , size is: 20971520 , layer_num is: 135 , node: 0
info: all-gather forward pass collective issued for layer: attention_column, involved dimensions:  1, 0, 0, 0, 0, 0, 0, 0, 0, 0,
***** info: fwd pass comm collective for layer: attention_column is finished************
chunk size is: 20971520 , size is: 20971520 , layer_num is: 136 , node: 0
info: reduce-scatter forward pass collective issued for layer: attention_row, involved dimensions:  1, 0, 0, 0, 0, 0, 0, 0, 0, 0,
***** info: fwd pass comm collective for layer: attention_row is finished************
chunk size is: 20971520 , size is: 20971520 , layer_num is: 137 , node: 0
info: all-gather forward pass collective issued for layer: mlp_column, involved dimensions:  1, 0, 0, 0, 0, 0, 0, 0, 0, 0,
***** info: fwd pass comm collective for layer: mlp_column is finished************
chunk size is: 20971520 , size is: 20971520 , layer_num is: 138 , node: 0
info: reduce-scatter forward pass collective issued for layer: mlp_row, involved dimensions:  1, 0, 0, 0, 0, 0, 0, 0, 0, 0,
***** info: fwd pass comm collective for layer: mlp_row is finished************
chunk size is: 20971520 , size is: 20971520 , layer_num is: 139 , node: 0
info: all-gather forward pass collective issued for layer: attention_column, involved dimensions:  1, 0, 0, 0, 0, 0, 0, 0, 0, 0,
***** info: fwd pass comm collective for layer: attention_column is finished************
chunk size is: 20971520 , size is: 20971520 , layer_num is: 140 , node: 0
info: reduce-scatter forward pass collective issued for layer: attention_row, involved dimensions:  1, 0, 0, 0, 0, 0, 0, 0, 0, 0,
***** info: fwd pass comm collective for layer: attention_row is finished************
chunk size is: 20971520 , size is: 20971520 , layer_num is: 141 , node: 0
info: all-gather forward pass collective issued for layer: mlp_column, involved dimensions:  1, 0, 0, 0, 0, 0, 0, 0, 0, 0,
***** info: fwd pass comm collective for layer: mlp_column is finished************
chunk size is: 20971520 , size is: 20971520 , layer_num is: 142 , node: 0
info: reduce-scatter forward pass collective issued for layer: mlp_row, involved dimensions:  1, 0, 0, 0, 0, 0, 0, 0, 0, 0,
***** info: fwd pass comm collective for layer: mlp_row is finished************
chunk size is: 20971520 , size is: 20971520 , layer_num is: 143 , node: 0
info: all-gather forward pass collective issued for layer: attention_column, involved dimensions:  1, 0, 0, 0, 0, 0, 0, 0, 0, 0,
***** info: fwd pass comm collective for layer: attention_column is finished************
chunk size is: 20971520 , size is: 20971520 , layer_num is: 144 , node: 0
info: reduce-scatter forward pass collective issued for layer: attention_row, involved dimensions:  1, 0, 0, 0, 0, 0, 0, 0, 0, 0,
***** info: fwd pass comm collective for layer: attention_row is finished************
chunk size is: 20971520 , size is: 20971520 , layer_num is: 145 , node: 0
info: all-gather forward pass collective issued for layer: mlp_column, involved dimensions:  1, 0, 0, 0, 0, 0, 0, 0, 0, 0,
***** info: fwd pass comm collective for layer: mlp_column is finished************
chunk size is: 20971520 , size is: 20971520 , layer_num is: 146 , node: 0
info: reduce-scatter forward pass collective issued for layer: mlp_row, involved dimensions:  1, 0, 0, 0, 0, 0, 0, 0, 0, 0,
***** info: fwd pass comm collective for layer: mlp_row is finished************
chunk size is: 20971520 , size is: 20971520 , layer_num is: 147 , node: 0
info: all-gather forward pass collective issued for layer: attention_column, involved dimensions:  1, 0, 0, 0, 0, 0, 0, 0, 0, 0,
***** info: fwd pass comm collective for layer: attention_column is finished************
chunk size is: 20971520 , size is: 20971520 , layer_num is: 148 , node: 0
info: reduce-scatter forward pass collective issued for layer: attention_row, involved dimensions:  1, 0, 0, 0, 0, 0, 0, 0, 0, 0,
***** info: fwd pass comm collective for layer: attention_row is finished************
chunk size is: 20971520 , size is: 20971520 , layer_num is: 149 , node: 0
info: all-gather forward pass collective issued for layer: mlp_column, involved dimensions:  1, 0, 0, 0, 0, 0, 0, 0, 0, 0,
***** info: fwd pass comm collective for layer: mlp_column is finished************
chunk size is: 20971520 , size is: 20971520 , layer_num is: 150 , node: 0
info: reduce-scatter forward pass collective issued for layer: mlp_row, involved dimensions:  1, 0, 0, 0, 0, 0, 0, 0, 0, 0,
***** info: fwd pass comm collective for layer: mlp_row is finished************
chunk size is: 20971520 , size is: 20971520 , layer_num is: 151 , node: 0
info: all-gather forward pass collective issued for layer: attention_column, involved dimensions:  1, 0, 0, 0, 0, 0, 0, 0, 0, 0,
***** info: fwd pass comm collective for layer: attention_column is finished************
chunk size is: 20971520 , size is: 20971520 , layer_num is: 152 , node: 0
info: reduce-scatter forward pass collective issued for layer: attention_row, involved dimensions:  1, 0, 0, 0, 0, 0, 0, 0, 0, 0,
***** info: fwd pass comm collective for layer: attention_row is finished************
chunk size is: 20971520 , size is: 20971520 , layer_num is: 153 , node: 0
info: all-gather forward pass collective issued for layer: mlp_column, involved dimensions:  1, 0, 0, 0, 0, 0, 0, 0, 0, 0,
***** info: fwd pass comm collective for layer: mlp_column is finished************
chunk size is: 20971520 , size is: 20971520 , layer_num is: 154 , node: 0
info: reduce-scatter forward pass collective issued for layer: mlp_row, involved dimensions:  1, 0, 0, 0, 0, 0, 0, 0, 0, 0,
***** info: fwd pass comm collective for layer: mlp_row is finished************
chunk size is: 20971520 , size is: 20971520 , layer_num is: 155 , node: 0
info: all-gather forward pass collective issued for layer: attention_column, involved dimensions:  1, 0, 0, 0, 0, 0, 0, 0, 0, 0,
***** info: fwd pass comm collective for layer: attention_column is finished************
chunk size is: 20971520 , size is: 20971520 , layer_num is: 156 , node: 0
info: reduce-scatter forward pass collective issued for layer: attention_row, involved dimensions:  1, 0, 0, 0, 0, 0, 0, 0, 0, 0,
***** info: fwd pass comm collective for layer: attention_row is finished************
chunk size is: 20971520 , size is: 20971520 , layer_num is: 157 , node: 0
info: all-gather forward pass collective issued for layer: mlp_column, involved dimensions:  1, 0, 0, 0, 0, 0, 0, 0, 0, 0,
***** info: fwd pass comm collective for layer: mlp_column is finished************
chunk size is: 20971520 , size is: 20971520 , layer_num is: 158 , node: 0
info: reduce-scatter forward pass collective issued for layer: mlp_row, involved dimensions:  1, 0, 0, 0, 0, 0, 0, 0, 0, 0,
***** info: fwd pass comm collective for layer: mlp_row is finished************
chunk size is: 20971520 , size is: 20971520 , layer_num is: 159 , node: 0
info: all-gather forward pass collective issued for layer: attention_column, involved dimensions:  1, 0, 0, 0, 0, 0, 0, 0, 0, 0,
***** info: fwd pass comm collective for layer: attention_column is finished************
chunk size is: 20971520 , size is: 20971520 , layer_num is: 160 , node: 0
info: reduce-scatter forward pass collective issued for layer: attention_row, involved dimensions:  1, 0, 0, 0, 0, 0, 0, 0, 0, 0,
***** info: fwd pass comm collective for layer: attention_row is finished************
chunk size is: 20971520 , size is: 20971520 , layer_num is: 161 , node: 0
info: all-gather forward pass collective issued for layer: mlp_column, involved dimensions:  1, 0, 0, 0, 0, 0, 0, 0, 0, 0,
***** info: fwd pass comm collective for layer: mlp_column is finished************
chunk size is: 20971520 , size is: 20971520 , layer_num is: 162 , node: 0
info: reduce-scatter forward pass collective issued for layer: mlp_row, involved dimensions:  1, 0, 0, 0, 0, 0, 0, 0, 0, 0,
***** info: fwd pass comm collective for layer: mlp_row is finished************
chunk size is: 20971520 , size is: 20971520 , layer_num is: 163 , node: 0
info: all-gather forward pass collective issued for layer: attention_column, involved dimensions:  1, 0, 0, 0, 0, 0, 0, 0, 0, 0,
***** info: fwd pass comm collective for layer: attention_column is finished************
chunk size is: 20971520 , size is: 20971520 , layer_num is: 164 , node: 0
info: reduce-scatter forward pass collective issued for layer: attention_row, involved dimensions:  1, 0, 0, 0, 0, 0, 0, 0, 0, 0,
***** info: fwd pass comm collective for layer: attention_row is finished************
chunk size is: 20971520 , size is: 20971520 , layer_num is: 165 , node: 0
info: all-gather forward pass collective issued for layer: mlp_column, involved dimensions:  1, 0, 0, 0, 0, 0, 0, 0, 0, 0,
***** info: fwd pass comm collective for layer: mlp_column is finished************
chunk size is: 20971520 , size is: 20971520 , layer_num is: 166 , node: 0
info: reduce-scatter forward pass collective issued for layer: mlp_row, involved dimensions:  1, 0, 0, 0, 0, 0, 0, 0, 0, 0,
***** info: fwd pass comm collective for layer: mlp_row is finished************
chunk size is: 20971520 , size is: 20971520 , layer_num is: 167 , node: 0
info: all-gather forward pass collective issued for layer: final_column, involved dimensions:  1, 0, 0, 0, 0, 0, 0, 0, 0, 0,
***** info: fwd pass comm collective for layer: final_column is finished************
chunk size is: 20971520 , size is: 20971520 , layer_num is: 168 , node: 0
[OXC Integration] shouldUseOxc: ranks=[8,9,10,11], cross_rack=false
info: all-reduce forward pass collective issued for layer: embedding_layer, involved dimensions:  1, 0, 0, 0, 0, 0, 0, 0, 0, 0,
***** info: fwd pass comm collective for layer: embedding_layer is finished************
chunk size is: 20971520 , size is: 20971520 , layer_num is: 169 , node: 0
info: all-gather forward pass collective issued for layer: attention_column, involved dimensions:  1, 0, 0, 0, 0, 0, 0, 0, 0, 0,
***** info: fwd pass comm collective for layer: attention_column is finished************
chunk size is: 20971520 , size is: 20971520 , layer_num is: 170 , node: 0
info: reduce-scatter forward pass collective issued for layer: attention_row, involved dimensions:  1, 0, 0, 0, 0, 0, 0, 0, 0, 0,
***** info: fwd pass comm collective for layer: attention_row is finished************
chunk size is: 20971520 , size is: 20971520 , layer_num is: 171 , node: 0
info: all-gather forward pass collective issued for layer: mlp_column, involved dimensions:  1, 0, 0, 0, 0, 0, 0, 0, 0, 0,
***** info: fwd pass comm collective for layer: mlp_column is finished************
chunk size is: 20971520 , size is: 20971520 , layer_num is: 172 , node: 0
info: reduce-scatter forward pass collective issued for layer: mlp_row, involved dimensions:  1, 0, 0, 0, 0, 0, 0, 0, 0, 0,
***** info: fwd pass comm collective for layer: mlp_row is finished************
chunk size is: 20971520 , size is: 20971520 , layer_num is: 173 , node: 0
info: all-gather forward pass collective issued for layer: attention_column, involved dimensions:  1, 0, 0, 0, 0, 0, 0, 0, 0, 0,
***** info: fwd pass comm collective for layer: attention_column is finished************
chunk size is: 20971520 , size is: 20971520 , layer_num is: 174 , node: 0
info: reduce-scatter forward pass collective issued for layer: attention_row, involved dimensions:  1, 0, 0, 0, 0, 0, 0, 0, 0, 0,
***** info: fwd pass comm collective for layer: attention_row is finished************
chunk size is: 20971520 , size is: 20971520 , layer_num is: 175 , node: 0
info: all-gather forward pass collective issued for layer: mlp_column, involved dimensions:  1, 0, 0, 0, 0, 0, 0, 0, 0, 0,
***** info: fwd pass comm collective for layer: mlp_column is finished************
chunk size is: 20971520 , size is: 20971520 , layer_num is: 176 , node: 0
info: reduce-scatter forward pass collective issued for layer: mlp_row, involved dimensions:  1, 0, 0, 0, 0, 0, 0, 0, 0, 0,
***** info: fwd pass comm collective for layer: mlp_row is finished************
chunk size is: 20971520 , size is: 20971520 , layer_num is: 177 , node: 0
info: all-gather forward pass collective issued for layer: attention_column, involved dimensions:  1, 0, 0, 0, 0, 0, 0, 0, 0, 0,
***** info: fwd pass comm collective for layer: attention_column is finished************
chunk size is: 20971520 , size is: 20971520 , layer_num is: 178 , node: 0
info: reduce-scatter forward pass collective issued for layer: attention_row, involved dimensions:  1, 0, 0, 0, 0, 0, 0, 0, 0, 0,
***** info: fwd pass comm collective for layer: attention_row is finished************
chunk size is: 20971520 , size is: 20971520 , layer_num is: 179 , node: 0
info: all-gather forward pass collective issued for layer: mlp_column, involved dimensions:  1, 0, 0, 0, 0, 0, 0, 0, 0, 0,
***** info: fwd pass comm collective for layer: mlp_column is finished************
chunk size is: 20971520 , size is: 20971520 , layer_num is: 180 , node: 0
info: reduce-scatter forward pass collective issued for layer: mlp_row, involved dimensions:  1, 0, 0, 0, 0, 0, 0, 0, 0, 0,
***** info: fwd pass comm collective for layer: mlp_row is finished************
chunk size is: 20971520 , size is: 20971520 , layer_num is: 181 , node: 0
info: all-gather forward pass collective issued for layer: attention_column, involved dimensions:  1, 0, 0, 0, 0, 0, 0, 0, 0, 0,
***** info: fwd pass comm collective for layer: attention_column is finished************
chunk size is: 20971520 , size is: 20971520 , layer_num is: 182 , node: 0
info: reduce-scatter forward pass collective issued for layer: attention_row, involved dimensions:  1, 0, 0, 0, 0, 0, 0, 0, 0, 0,
***** info: fwd pass comm collective for layer: attention_row is finished************
chunk size is: 20971520 , size is: 20971520 , layer_num is: 183 , node: 0
info: all-gather forward pass collective issued for layer: mlp_column, involved dimensions:  1, 0, 0, 0, 0, 0, 0, 0, 0, 0,
***** info: fwd pass comm collective for layer: mlp_column is finished************
chunk size is: 20971520 , size is: 20971520 , layer_num is: 184 , node: 0
info: reduce-scatter forward pass collective issued for layer: mlp_row, involved dimensions:  1, 0, 0, 0, 0, 0, 0, 0, 0, 0,
***** info: fwd pass comm collective for layer: mlp_row is finished************
chunk size is: 20971520 , size is: 20971520 , layer_num is: 185 , node: 0
info: all-gather forward pass collective issued for layer: attention_column, involved dimensions:  1, 0, 0, 0, 0, 0, 0, 0, 0, 0,
***** info: fwd pass comm collective for layer: attention_column is finished************
chunk size is: 20971520 , size is: 20971520 , layer_num is: 186 , node: 0
info: reduce-scatter forward pass collective issued for layer: attention_row, involved dimensions:  1, 0, 0, 0, 0, 0, 0, 0, 0, 0,
***** info: fwd pass comm collective for layer: attention_row is finished************
chunk size is: 20971520 , size is: 20971520 , layer_num is: 187 , node: 0
info: all-gather forward pass collective issued for layer: mlp_column, involved dimensions:  1, 0, 0, 0, 0, 0, 0, 0, 0, 0,
***** info: fwd pass comm collective for layer: mlp_column is finished************
chunk size is: 20971520 , size is: 20971520 , layer_num is: 188 , node: 0
info: reduce-scatter forward pass collective issued for layer: mlp_row, involved dimensions:  1, 0, 0, 0, 0, 0, 0, 0, 0, 0,
***** info: fwd pass comm collective for layer: mlp_row is finished************
chunk size is: 20971520 , size is: 20971520 , layer_num is: 189 , node: 0
info: all-gather forward pass collective issued for layer: attention_column, involved dimensions:  1, 0, 0, 0, 0, 0, 0, 0, 0, 0,
***** info: fwd pass comm collective for layer: attention_column is finished************
chunk size is: 20971520 , size is: 20971520 , layer_num is: 190 , node: 0
info: reduce-scatter forward pass collective issued for layer: attention_row, involved dimensions:  1, 0, 0, 0, 0, 0, 0, 0, 0, 0,
***** info: fwd pass comm collective for layer: attention_row is finished************
chunk size is: 20971520 , size is: 20971520 , layer_num is: 191 , node: 0
info: all-gather forward pass collective issued for layer: mlp_column, involved dimensions:  1, 0, 0, 0, 0, 0, 0, 0, 0, 0,
***** info: fwd pass comm collective for layer: mlp_column is finished************
chunk size is: 20971520 , size is: 20971520 , layer_num is: 192 , node: 0
info: reduce-scatter forward pass collective issued for layer: mlp_row, involved dimensions:  1, 0, 0, 0, 0, 0, 0, 0, 0, 0,
***** info: fwd pass comm collective for layer: mlp_row is finished************
chunk size is: 20971520 , size is: 20971520 , layer_num is: 193 , node: 0
info: all-gather forward pass collective issued for layer: attention_column, involved dimensions:  1, 0, 0, 0, 0, 0, 0, 0, 0, 0,
***** info: fwd pass comm collective for layer: attention_column is finished************
chunk size is: 20971520 , size is: 20971520 , layer_num is: 194 , node: 0
info: reduce-scatter forward pass collective issued for layer: attention_row, involved dimensions:  1, 0, 0, 0, 0, 0, 0, 0, 0, 0,
***** info: fwd pass comm collective for layer: attention_row is finished************
chunk size is: 20971520 , size is: 20971520 , layer_num is: 195 , node: 0
info: all-gather forward pass collective issued for layer: mlp_column, involved dimensions:  1, 0, 0, 0, 0, 0, 0, 0, 0, 0,
***** info: fwd pass comm collective for layer: mlp_column is finished************
chunk size is: 20971520 , size is: 20971520 , layer_num is: 196 , node: 0
info: reduce-scatter forward pass collective issued for layer: mlp_row, involved dimensions:  1, 0, 0, 0, 0, 0, 0, 0, 0, 0,
***** info: fwd pass comm collective for layer: mlp_row is finished************
chunk size is: 20971520 , size is: 20971520 , layer_num is: 197 , node: 0
info: all-gather forward pass collective issued for layer: attention_column, involved dimensions:  1, 0, 0, 0, 0, 0, 0, 0, 0, 0,
***** info: fwd pass comm collective for layer: attention_column is finished************
chunk size is: 20971520 , size is: 20971520 , layer_num is: 198 , node: 0
info: reduce-scatter forward pass collective issued for layer: attention_row, involved dimensions:  1, 0, 0, 0, 0, 0, 0, 0, 0, 0,
***** info: fwd pass comm collective for layer: attention_row is finished************
chunk size is: 20971520 , size is: 20971520 , layer_num is: 199 , node: 0
info: all-gather forward pass collective issued for layer: mlp_column, involved dimensions:  1, 0, 0, 0, 0, 0, 0, 0, 0, 0,
***** info: fwd pass comm collective for layer: mlp_column is finished************
chunk size is: 20971520 , size is: 20971520 , layer_num is: 200 , node: 0
info: reduce-scatter forward pass collective issued for layer: mlp_row, involved dimensions:  1, 0, 0, 0, 0, 0, 0, 0, 0, 0,
***** info: fwd pass comm collective for layer: mlp_row is finished************
chunk size is: 20971520 , size is: 20971520 , layer_num is: 201 , node: 0
info: all-gather forward pass collective issued for layer: attention_column, involved dimensions:  1, 0, 0, 0, 0, 0, 0, 0, 0, 0,
***** info: fwd pass comm collective for layer: attention_column is finished************
chunk size is: 20971520 , size is: 20971520 , layer_num is: 202 , node: 0
info: reduce-scatter forward pass collective issued for layer: attention_row, involved dimensions:  1, 0, 0, 0, 0, 0, 0, 0, 0, 0,
***** info: fwd pass comm collective for layer: attention_row is finished************
chunk size is: 20971520 , size is: 20971520 , layer_num is: 203 , node: 0
info: all-gather forward pass collective issued for layer: mlp_column, involved dimensions:  1, 0, 0, 0, 0, 0, 0, 0, 0, 0,
***** info: fwd pass comm collective for layer: mlp_column is finished************
chunk size is: 20971520 , size is: 20971520 , layer_num is: 204 , node: 0
info: reduce-scatter forward pass collective issued for layer: mlp_row, involved dimensions:  1, 0, 0, 0, 0, 0, 0, 0, 0, 0,
***** info: fwd pass comm collective for layer: mlp_row is finished************
chunk size is: 20971520 , size is: 20971520 , layer_num is: 205 , node: 0
info: all-gather forward pass collective issued for layer: attention_column, involved dimensions:  1, 0, 0, 0, 0, 0, 0, 0, 0, 0,
***** info: fwd pass comm collective for layer: attention_column is finished************
chunk size is: 20971520 , size is: 20971520 , layer_num is: 206 , node: 0
info: reduce-scatter forward pass collective issued for layer: attention_row, involved dimensions:  1, 0, 0, 0, 0, 0, 0, 0, 0, 0,
***** info: fwd pass comm collective for layer: attention_row is finished************
chunk size is: 20971520 , size is: 20971520 , layer_num is: 207 , node: 0
info: all-gather forward pass collective issued for layer: mlp_column, involved dimensions:  1, 0, 0, 0, 0, 0, 0, 0, 0, 0,
***** info: fwd pass comm collective for layer: mlp_column is finished************
chunk size is: 20971520 , size is: 20971520 , layer_num is: 208 , node: 0
info: reduce-scatter forward pass collective issued for layer: mlp_row, involved dimensions:  1, 0, 0, 0, 0, 0, 0, 0, 0, 0,
***** info: fwd pass comm collective for layer: mlp_row is finished************
chunk size is: 20971520 , size is: 20971520 , layer_num is: 209 , node: 0
info: all-gather forward pass collective issued for layer: attention_column, involved dimensions:  1, 0, 0, 0, 0, 0, 0, 0, 0, 0,
***** info: fwd pass comm collective for layer: attention_column is finished************
chunk size is: 20971520 , size is: 20971520 , layer_num is: 210 , node: 0
info: reduce-scatter forward pass collective issued for layer: attention_row, involved dimensions:  1, 0, 0, 0, 0, 0, 0, 0, 0, 0,
***** info: fwd pass comm collective for layer: attention_row is finished************
chunk size is: 20971520 , size is: 20971520 , layer_num is: 211 , node: 0
info: all-gather forward pass collective issued for layer: mlp_column, involved dimensions:  1, 0, 0, 0, 0, 0, 0, 0, 0, 0,
***** info: fwd pass comm collective for layer: mlp_column is finished************
chunk size is: 20971520 , size is: 20971520 , layer_num is: 212 , node: 0
info: reduce-scatter forward pass collective issued for layer: mlp_row, involved dimensions:  1, 0, 0, 0, 0, 0, 0, 0, 0, 0,
***** info: fwd pass comm collective for layer: mlp_row is finished************
chunk size is: 20971520 , size is: 20971520 , layer_num is: 213 , node: 0
info: all-gather forward pass collective issued for layer: attention_column, involved dimensions:  1, 0, 0, 0, 0, 0, 0, 0, 0, 0,
***** info: fwd pass comm collective for layer: attention_column is finished************
chunk size is: 20971520 , size is: 20971520 , layer_num is: 214 , node: 0
info: reduce-scatter forward pass collective issued for layer: attention_row, involved dimensions:  1, 0, 0, 0, 0, 0, 0, 0, 0, 0,
***** info: fwd pass comm collective for layer: attention_row is finished************
chunk size is: 20971520 , size is: 20971520 , layer_num is: 215 , node: 0
info: all-gather forward pass collective issued for layer: mlp_column, involved dimensions:  1, 0, 0, 0, 0, 0, 0, 0, 0, 0,
***** info: fwd pass comm collective for layer: mlp_column is finished************
chunk size is: 20971520 , size is: 20971520 , layer_num is: 216 , node: 0
info: reduce-scatter forward pass collective issued for layer: mlp_row, involved dimensions:  1, 0, 0, 0, 0, 0, 0, 0, 0, 0,
***** info: fwd pass comm collective for layer: mlp_row is finished************
chunk size is: 20971520 , size is: 20971520 , layer_num is: 217 , node: 0
info: all-gather forward pass collective issued for layer: attention_column, involved dimensions:  1, 0, 0, 0, 0, 0, 0, 0, 0, 0,
***** info: fwd pass comm collective for layer: attention_column is finished************
chunk size is: 20971520 , size is: 20971520 , layer_num is: 218 , node: 0
info: reduce-scatter forward pass collective issued for layer: attention_row, involved dimensions:  1, 0, 0, 0, 0, 0, 0, 0, 0, 0,
***** info: fwd pass comm collective for layer: attention_row is finished************
chunk size is: 20971520 , size is: 20971520 , layer_num is: 219 , node: 0
info: all-gather forward pass collective issued for layer: mlp_column, involved dimensions:  1, 0, 0, 0, 0, 0, 0, 0, 0, 0,
***** info: fwd pass comm collective for layer: mlp_column is finished************
chunk size is: 20971520 , size is: 20971520 , layer_num is: 220 , node: 0
info: reduce-scatter forward pass collective issued for layer: mlp_row, involved dimensions:  1, 0, 0, 0, 0, 0, 0, 0, 0, 0,
***** info: fwd pass comm collective for layer: mlp_row is finished************
chunk size is: 20971520 , size is: 20971520 , layer_num is: 221 , node: 0
info: all-gather forward pass collective issued for layer: attention_column, involved dimensions:  1, 0, 0, 0, 0, 0, 0, 0, 0, 0,
***** info: fwd pass comm collective for layer: attention_column is finished************
chunk size is: 20971520 , size is: 20971520 , layer_num is: 222 , node: 0
info: reduce-scatter forward pass collective issued for layer: attention_row, involved dimensions:  1, 0, 0, 0, 0, 0, 0, 0, 0, 0,
***** info: fwd pass comm collective for layer: attention_row is finished************
chunk size is: 20971520 , size is: 20971520 , layer_num is: 223 , node: 0
info: all-gather forward pass collective issued for layer: mlp_column, involved dimensions:  1, 0, 0, 0, 0, 0, 0, 0, 0, 0,
***** info: fwd pass comm collective for layer: mlp_column is finished************
chunk size is: 20971520 , size is: 20971520 , layer_num is: 224 , node: 0
info: reduce-scatter forward pass collective issued for layer: mlp_row, involved dimensions:  1, 0, 0, 0, 0, 0, 0, 0, 0, 0,
***** info: fwd pass comm collective for layer: mlp_row is finished************
chunk size is: 20971520 , size is: 20971520 , layer_num is: 225 , node: 0
info: all-gather forward pass collective issued for layer: attention_column, involved dimensions:  1, 0, 0, 0, 0, 0, 0, 0, 0, 0,
***** info: fwd pass comm collective for layer: attention_column is finished************
chunk size is: 20971520 , size is: 20971520 , layer_num is: 226 , node: 0
info: reduce-scatter forward pass collective issued for layer: attention_row, involved dimensions:  1, 0, 0, 0, 0, 0, 0, 0, 0, 0,
***** info: fwd pass comm collective for layer: attention_row is finished************
chunk size is: 20971520 , size is: 20971520 , layer_num is: 227 , node: 0
info: all-gather forward pass collective issued for layer: mlp_column, involved dimensions:  1, 0, 0, 0, 0, 0, 0, 0, 0, 0,
***** info: fwd pass comm collective for layer: mlp_column is finished************
chunk size is: 20971520 , size is: 20971520 , layer_num is: 228 , node: 0
info: reduce-scatter forward pass collective issued for layer: mlp_row, involved dimensions:  1, 0, 0, 0, 0, 0, 0, 0, 0, 0,
***** info: fwd pass comm collective for layer: mlp_row is finished************
chunk size is: 20971520 , size is: 20971520 , layer_num is: 229 , node: 0
info: all-gather forward pass collective issued for layer: attention_column, involved dimensions:  1, 0, 0, 0, 0, 0, 0, 0, 0, 0,
***** info: fwd pass comm collective for layer: attention_column is finished************
chunk size is: 20971520 , size is: 20971520 , layer_num is: 230 , node: 0
info: reduce-scatter forward pass collective issued for layer: attention_row, involved dimensions:  1, 0, 0, 0, 0, 0, 0, 0, 0, 0,
***** info: fwd pass comm collective for layer: attention_row is finished************
chunk size is: 20971520 , size is: 20971520 , layer_num is: 231 , node: 0
info: all-gather forward pass collective issued for layer: mlp_column, involved dimensions:  1, 0, 0, 0, 0, 0, 0, 0, 0, 0,
***** info: fwd pass comm collective for layer: mlp_column is finished************
chunk size is: 20971520 , size is: 20971520 , layer_num is: 232 , node: 0
info: reduce-scatter forward pass collective issued for layer: mlp_row, involved dimensions:  1, 0, 0, 0, 0, 0, 0, 0, 0, 0,
***** info: fwd pass comm collective for layer: mlp_row is finished************
chunk size is: 20971520 , size is: 20971520 , layer_num is: 233 , node: 0
info: all-gather forward pass collective issued for layer: attention_column, involved dimensions:  1, 0, 0, 0, 0, 0, 0, 0, 0, 0,
***** info: fwd pass comm collective for layer: attention_column is finished************
chunk size is: 20971520 , size is: 20971520 , layer_num is: 234 , node: 0
info: reduce-scatter forward pass collective issued for layer: attention_row, involved dimensions:  1, 0, 0, 0, 0, 0, 0, 0, 0, 0,
***** info: fwd pass comm collective for layer: attention_row is finished************
chunk size is: 20971520 , size is: 20971520 , layer_num is: 235 , node: 0
info: all-gather forward pass collective issued for layer: mlp_column, involved dimensions:  1, 0, 0, 0, 0, 0, 0, 0, 0, 0,
***** info: fwd pass comm collective for layer: mlp_column is finished************
chunk size is: 20971520 , size is: 20971520 , layer_num is: 236 , node: 0
info: reduce-scatter forward pass collective issued for layer: mlp_row, involved dimensions:  1, 0, 0, 0, 0, 0, 0, 0, 0, 0,
***** info: fwd pass comm collective for layer: mlp_row is finished************
chunk size is: 20971520 , size is: 20971520 , layer_num is: 237 , node: 0
info: all-gather forward pass collective issued for layer: attention_column, involved dimensions:  1, 0, 0, 0, 0, 0, 0, 0, 0, 0,
***** info: fwd pass comm collective for layer: attention_column is finished************
chunk size is: 20971520 , size is: 20971520 , layer_num is: 238 , node: 0
info: reduce-scatter forward pass collective issued for layer: attention_row, involved dimensions:  1, 0, 0, 0, 0, 0, 0, 0, 0, 0,
***** info: fwd pass comm collective for layer: attention_row is finished************
chunk size is: 20971520 , size is: 20971520 , layer_num is: 239 , node: 0
info: all-gather forward pass collective issued for layer: mlp_column, involved dimensions:  1, 0, 0, 0, 0, 0, 0, 0, 0, 0,
***** info: fwd pass comm collective for layer: mlp_column is finished************
chunk size is: 20971520 , size is: 20971520 , layer_num is: 240 , node: 0
info: reduce-scatter forward pass collective issued for layer: mlp_row, involved dimensions:  1, 0, 0, 0, 0, 0, 0, 0, 0, 0,
***** info: fwd pass comm collective for layer: mlp_row is finished************
chunk size is: 20971520 , size is: 20971520 , layer_num is: 241 , node: 0
info: all-gather forward pass collective issued for layer: attention_column, involved dimensions:  1, 0, 0, 0, 0, 0, 0, 0, 0, 0,
***** info: fwd pass comm collective for layer: attention_column is finished************
chunk size is: 20971520 , size is: 20971520 , layer_num is: 242 , node: 0
info: reduce-scatter forward pass collective issued for layer: attention_row, involved dimensions:  1, 0, 0, 0, 0, 0, 0, 0, 0, 0,
***** info: fwd pass comm collective for layer: attention_row is finished************
chunk size is: 20971520 , size is: 20971520 , layer_num is: 243 , node: 0
info: all-gather forward pass collective issued for layer: mlp_column, involved dimensions:  1, 0, 0, 0, 0, 0, 0, 0, 0, 0,
***** info: fwd pass comm collective for layer: mlp_column is finished************
chunk size is: 20971520 , size is: 20971520 , layer_num is: 244 , node: 0
info: reduce-scatter forward pass collective issued for layer: mlp_row, involved dimensions:  1, 0, 0, 0, 0, 0, 0, 0, 0, 0,
***** info: fwd pass comm collective for layer: mlp_row is finished************
chunk size is: 20971520 , size is: 20971520 , layer_num is: 245 , node: 0
info: all-gather forward pass collective issued for layer: attention_column, involved dimensions:  1, 0, 0, 0, 0, 0, 0, 0, 0, 0,
***** info: fwd pass comm collective for layer: attention_column is finished************
chunk size is: 20971520 , size is: 20971520 , layer_num is: 246 , node: 0
info: reduce-scatter forward pass collective issued for layer: attention_row, involved dimensions:  1, 0, 0, 0, 0, 0, 0, 0, 0, 0,
***** info: fwd pass comm collective for layer: attention_row is finished************
chunk size is: 20971520 , size is: 20971520 , layer_num is: 247 , node: 0
info: all-gather forward pass collective issued for layer: mlp_column, involved dimensions:  1, 0, 0, 0, 0, 0, 0, 0, 0, 0,
***** info: fwd pass comm collective for layer: mlp_column is finished************
chunk size is: 20971520 , size is: 20971520 , layer_num is: 248 , node: 0
info: reduce-scatter forward pass collective issued for layer: mlp_row, involved dimensions:  1, 0, 0, 0, 0, 0, 0, 0, 0, 0,
***** info: fwd pass comm collective for layer: mlp_row is finished************
chunk size is: 20971520 , size is: 20971520 , layer_num is: 249 , node: 0
info: all-gather forward pass collective issued for layer: attention_column, involved dimensions:  1, 0, 0, 0, 0, 0, 0, 0, 0, 0,
***** info: fwd pass comm collective for layer: attention_column is finished************
chunk size is: 20971520 , size is: 20971520 , layer_num is: 250 , node: 0
info: reduce-scatter forward pass collective issued for layer: attention_row, involved dimensions:  1, 0, 0, 0, 0, 0, 0, 0, 0, 0,
***** info: fwd pass comm collective for layer: attention_row is finished************
chunk size is: 20971520 , size is: 20971520 , layer_num is: 251 , node: 0
info: all-gather forward pass collective issued for layer: mlp_column, involved dimensions:  1, 0, 0, 0, 0, 0, 0, 0, 0, 0,
***** info: fwd pass comm collective for layer: mlp_column is finished************
chunk size is: 20971520 , size is: 20971520 , layer_num is: 252 , node: 0
info: reduce-scatter forward pass collective issued for layer: mlp_row, involved dimensions:  1, 0, 0, 0, 0, 0, 0, 0, 0, 0,
***** info: fwd pass comm collective for layer: mlp_row is finished************
chunk size is: 20971520 , size is: 20971520 , layer_num is: 253 , node: 0
info: all-gather forward pass collective issued for layer: attention_column, involved dimensions:  1, 0, 0, 0, 0, 0, 0, 0, 0, 0,
***** info: fwd pass comm collective for layer: attention_column is finished************
chunk size is: 20971520 , size is: 20971520 , layer_num is: 254 , node: 0
info: reduce-scatter forward pass collective issued for layer: attention_row, involved dimensions:  1, 0, 0, 0, 0, 0, 0, 0, 0, 0,
***** info: fwd pass comm collective for layer: attention_row is finished************
chunk size is: 20971520 , size is: 20971520 , layer_num is: 255 , node: 0
info: all-gather forward pass collective issued for layer: mlp_column, involved dimensions:  1, 0, 0, 0, 0, 0, 0, 0, 0, 0,
***** info: fwd pass comm collective for layer: mlp_column is finished************
chunk size is: 20971520 , size is: 20971520 , layer_num is: 256 , node: 0
info: reduce-scatter forward pass collective issued for layer: mlp_row, involved dimensions:  1, 0, 0, 0, 0, 0, 0, 0, 0, 0,
***** info: fwd pass comm collective for layer: mlp_row is finished************
chunk size is: 20971520 , size is: 20971520 , layer_num is: 257 , node: 0
info: all-gather forward pass collective issued for layer: attention_column, involved dimensions:  1, 0, 0, 0, 0, 0, 0, 0, 0, 0,
***** info: fwd pass comm collective for layer: attention_column is finished************
chunk size is: 20971520 , size is: 20971520 , layer_num is: 258 , node: 0
info: reduce-scatter forward pass collective issued for layer: attention_row, involved dimensions:  1, 0, 0, 0, 0, 0, 0, 0, 0, 0,
***** info: fwd pass comm collective for layer: attention_row is finished************
chunk size is: 20971520 , size is: 20971520 , layer_num is: 259 , node: 0
info: all-gather forward pass collective issued for layer: mlp_column, involved dimensions:  1, 0, 0, 0, 0, 0, 0, 0, 0, 0,
***** info: fwd pass comm collective for layer: mlp_column is finished************
chunk size is: 20971520 , size is: 20971520 , layer_num is: 260 , node: 0
info: reduce-scatter forward pass collective issued for layer: mlp_row, involved dimensions:  1, 0, 0, 0, 0, 0, 0, 0, 0, 0,
***** info: fwd pass comm collective for layer: mlp_row is finished************
chunk size is: 20971520 , size is: 20971520 , layer_num is: 261 , node: 0
info: all-gather forward pass collective issued for layer: attention_column, involved dimensions:  1, 0, 0, 0, 0, 0, 0, 0, 0, 0,
***** info: fwd pass comm collective for layer: attention_column is finished************
chunk size is: 20971520 , size is: 20971520 , layer_num is: 262 , node: 0
info: reduce-scatter forward pass collective issued for layer: attention_row, involved dimensions:  1, 0, 0, 0, 0, 0, 0, 0, 0, 0,
***** info: fwd pass comm collective for layer: attention_row is finished************
chunk size is: 20971520 , size is: 20971520 , layer_num is: 263 , node: 0
info: all-gather forward pass collective issued for layer: mlp_column, involved dimensions:  1, 0, 0, 0, 0, 0, 0, 0, 0, 0,
***** info: fwd pass comm collective for layer: mlp_column is finished************
chunk size is: 20971520 , size is: 20971520 , layer_num is: 264 , node: 0
info: reduce-scatter forward pass collective issued for layer: mlp_row, involved dimensions:  1, 0, 0, 0, 0, 0, 0, 0, 0, 0,
***** info: fwd pass comm collective for layer: mlp_row is finished************
chunk size is: 20971520 , size is: 20971520 , layer_num is: 265 , node: 0
info: all-gather forward pass collective issued for layer: attention_column, involved dimensions:  1, 0, 0, 0, 0, 0, 0, 0, 0, 0,
***** info: fwd pass comm collective for layer: attention_column is finished************
chunk size is: 20971520 , size is: 20971520 , layer_num is: 266 , node: 0
info: reduce-scatter forward pass collective issued for layer: attention_row, involved dimensions:  1, 0, 0, 0, 0, 0, 0, 0, 0, 0,
***** info: fwd pass comm collective for layer: attention_row is finished************
chunk size is: 20971520 , size is: 20971520 , layer_num is: 267 , node: 0
info: all-gather forward pass collective issued for layer: mlp_column, involved dimensions:  1, 0, 0, 0, 0, 0, 0, 0, 0, 0,
***** info: fwd pass comm collective for layer: mlp_column is finished************
chunk size is: 20971520 , size is: 20971520 , layer_num is: 268 , node: 0
info: reduce-scatter forward pass collective issued for layer: mlp_row, involved dimensions:  1, 0, 0, 0, 0, 0, 0, 0, 0, 0,
***** info: fwd pass comm collective for layer: mlp_row is finished************
chunk size is: 20971520 , size is: 20971520 , layer_num is: 269 , node: 0
info: all-gather forward pass collective issued for layer: attention_column, involved dimensions:  1, 0, 0, 0, 0, 0, 0, 0, 0, 0,
***** info: fwd pass comm collective for layer: attention_column is finished************
chunk size is: 20971520 , size is: 20971520 , layer_num is: 270 , node: 0
info: reduce-scatter forward pass collective issued for layer: attention_row, involved dimensions:  1, 0, 0, 0, 0, 0, 0, 0, 0, 0,
***** info: fwd pass comm collective for layer: attention_row is finished************
chunk size is: 20971520 , size is: 20971520 , layer_num is: 271 , node: 0
info: all-gather forward pass collective issued for layer: mlp_column, involved dimensions:  1, 0, 0, 0, 0, 0, 0, 0, 0, 0,
***** info: fwd pass comm collective for layer: mlp_column is finished************
chunk size is: 20971520 , size is: 20971520 , layer_num is: 272 , node: 0
info: reduce-scatter forward pass collective issued for layer: mlp_row, involved dimensions:  1, 0, 0, 0, 0, 0, 0, 0, 0, 0,
***** info: fwd pass comm collective for layer: mlp_row is finished************
chunk size is: 20971520 , size is: 20971520 , layer_num is: 273 , node: 0
info: all-gather forward pass collective issued for layer: attention_column, involved dimensions:  1, 0, 0, 0, 0, 0, 0, 0, 0, 0,
***** info: fwd pass comm collective for layer: attention_column is finished************
chunk size is: 20971520 , size is: 20971520 , layer_num is: 274 , node: 0
info: reduce-scatter forward pass collective issued for layer: attention_row, involved dimensions:  1, 0, 0, 0, 0, 0, 0, 0, 0, 0,
***** info: fwd pass comm collective for layer: attention_row is finished************
chunk size is: 20971520 , size is: 20971520 , layer_num is: 275 , node: 0
info: all-gather forward pass collective issued for layer: mlp_column, involved dimensions:  1, 0, 0, 0, 0, 0, 0, 0, 0, 0,
***** info: fwd pass comm collective for layer: mlp_column is finished************
chunk size is: 20971520 , size is: 20971520 , layer_num is: 276 , node: 0
info: reduce-scatter forward pass collective issued for layer: mlp_row, involved dimensions:  1, 0, 0, 0, 0, 0, 0, 0, 0, 0,
***** info: fwd pass comm collective for layer: mlp_row is finished************
chunk size is: 20971520 , size is: 20971520 , layer_num is: 277 , node: 0
info: all-gather forward pass collective issued for layer: attention_column, involved dimensions:  1, 0, 0, 0, 0, 0, 0, 0, 0, 0,
***** info: fwd pass comm collective for layer: attention_column is finished************
chunk size is: 20971520 , size is: 20971520 , layer_num is: 278 , node: 0
info: reduce-scatter forward pass collective issued for layer: attention_row, involved dimensions:  1, 0, 0, 0, 0, 0, 0, 0, 0, 0,
***** info: fwd pass comm collective for layer: attention_row is finished************
chunk size is: 20971520 , size is: 20971520 , layer_num is: 279 , node: 0
info: all-gather forward pass collective issued for layer: mlp_column, involved dimensions:  1, 0, 0, 0, 0, 0, 0, 0, 0, 0,
***** info: fwd pass comm collective for layer: mlp_column is finished************
chunk size is: 20971520 , size is: 20971520 , layer_num is: 280 , node: 0
info: reduce-scatter forward pass collective issued for layer: mlp_row, involved dimensions:  1, 0, 0, 0, 0, 0, 0, 0, 0, 0,
***** info: fwd pass comm collective for layer: mlp_row is finished************
chunk size is: 20971520 , size is: 20971520 , layer_num is: 281 , node: 0
info: all-gather forward pass collective issued for layer: attention_column, involved dimensions:  1, 0, 0, 0, 0, 0, 0, 0, 0, 0,
***** info: fwd pass comm collective for layer: attention_column is finished************
chunk size is: 20971520 , size is: 20971520 , layer_num is: 282 , node: 0
info: reduce-scatter forward pass collective issued for layer: attention_row, involved dimensions:  1, 0, 0, 0, 0, 0, 0, 0, 0, 0,
***** info: fwd pass comm collective for layer: attention_row is finished************
chunk size is: 20971520 , size is: 20971520 , layer_num is: 283 , node: 0
info: all-gather forward pass collective issued for layer: mlp_column, involved dimensions:  1, 0, 0, 0, 0, 0, 0, 0, 0, 0,
***** info: fwd pass comm collective for layer: mlp_column is finished************
chunk size is: 20971520 , size is: 20971520 , layer_num is: 284 , node: 0
info: reduce-scatter forward pass collective issued for layer: mlp_row, involved dimensions:  1, 0, 0, 0, 0, 0, 0, 0, 0, 0,
***** info: fwd pass comm collective for layer: mlp_row is finished************
chunk size is: 20971520 , size is: 20971520 , layer_num is: 285 , node: 0
info: all-gather forward pass collective issued for layer: attention_column, involved dimensions:  1, 0, 0, 0, 0, 0, 0, 0, 0, 0,
***** info: fwd pass comm collective for layer: attention_column is finished************
chunk size is: 20971520 , size is: 20971520 , layer_num is: 286 , node: 0
info: reduce-scatter forward pass collective issued for layer: attention_row, involved dimensions:  1, 0, 0, 0, 0, 0, 0, 0, 0, 0,
***** info: fwd pass comm collective for layer: attention_row is finished************
chunk size is: 20971520 , size is: 20971520 , layer_num is: 287 , node: 0
info: all-gather forward pass collective issued for layer: mlp_column, involved dimensions:  1, 0, 0, 0, 0, 0, 0, 0, 0, 0,
***** info: fwd pass comm collective for layer: mlp_column is finished************
chunk size is: 20971520 , size is: 20971520 , layer_num is: 288 , node: 0
info: reduce-scatter forward pass collective issued for layer: mlp_row, involved dimensions:  1, 0, 0, 0, 0, 0, 0, 0, 0, 0,
***** info: fwd pass comm collective for layer: mlp_row is finished************
chunk size is: 20971520 , size is: 20971520 , layer_num is: 289 , node: 0
info: all-gather forward pass collective issued for layer: attention_column, involved dimensions:  1, 0, 0, 0, 0, 0, 0, 0, 0, 0,
***** info: fwd pass comm collective for layer: attention_column is finished************
chunk size is: 20971520 , size is: 20971520 , layer_num is: 290 , node: 0
info: reduce-scatter forward pass collective issued for layer: attention_row, involved dimensions:  1, 0, 0, 0, 0, 0, 0, 0, 0, 0,
***** info: fwd pass comm collective for layer: attention_row is finished************
chunk size is: 20971520 , size is: 20971520 , layer_num is: 291 , node: 0
info: all-gather forward pass collective issued for layer: mlp_column, involved dimensions:  1, 0, 0, 0, 0, 0, 0, 0, 0, 0,
***** info: fwd pass comm collective for layer: mlp_column is finished************
chunk size is: 20971520 , size is: 20971520 , layer_num is: 292 , node: 0
info: reduce-scatter forward pass collective issued for layer: mlp_row, involved dimensions:  1, 0, 0, 0, 0, 0, 0, 0, 0, 0,
***** info: fwd pass comm collective for layer: mlp_row is finished************
chunk size is: 20971520 , size is: 20971520 , layer_num is: 293 , node: 0
info: all-gather forward pass collective issued for layer: attention_column, involved dimensions:  1, 0, 0, 0, 0, 0, 0, 0, 0, 0,
***** info: fwd pass comm collective for layer: attention_column is finished************
chunk size is: 20971520 , size is: 20971520 , layer_num is: 294 , node: 0
info: reduce-scatter forward pass collective issued for layer: attention_row, involved dimensions:  1, 0, 0, 0, 0, 0, 0, 0, 0, 0,
***** info: fwd pass comm collective for layer: attention_row is finished************
chunk size is: 20971520 , size is: 20971520 , layer_num is: 295 , node: 0
info: all-gather forward pass collective issued for layer: mlp_column, involved dimensions:  1, 0, 0, 0, 0, 0, 0, 0, 0, 0,
***** info: fwd pass comm collective for layer: mlp_column is finished************
chunk size is: 20971520 , size is: 20971520 , layer_num is: 296 , node: 0
info: reduce-scatter forward pass collective issued for layer: mlp_row, involved dimensions:  1, 0, 0, 0, 0, 0, 0, 0, 0, 0,
***** info: fwd pass comm collective for layer: mlp_row is finished************
chunk size is: 20971520 , size is: 20971520 , layer_num is: 297 , node: 0
info: all-gather forward pass collective issued for layer: attention_column, involved dimensions:  1, 0, 0, 0, 0, 0, 0, 0, 0, 0,
***** info: fwd pass comm collective for layer: attention_column is finished************
chunk size is: 20971520 , size is: 20971520 , layer_num is: 298 , node: 0
info: reduce-scatter forward pass collective issued for layer: attention_row, involved dimensions:  1, 0, 0, 0, 0, 0, 0, 0, 0, 0,
***** info: fwd pass comm collective for layer: attention_row is finished************
chunk size is: 20971520 , size is: 20971520 , layer_num is: 299 , node: 0
info: all-gather forward pass collective issued for layer: mlp_column, involved dimensions:  1, 0, 0, 0, 0, 0, 0, 0, 0, 0,
***** info: fwd pass comm collective for layer: mlp_column is finished************
chunk size is: 20971520 , size is: 20971520 , layer_num is: 300 , node: 0
info: reduce-scatter forward pass collective issued for layer: mlp_row, involved dimensions:  1, 0, 0, 0, 0, 0, 0, 0, 0, 0,
***** info: fwd pass comm collective for layer: mlp_row is finished************
chunk size is: 20971520 , size is: 20971520 , layer_num is: 301 , node: 0
info: all-gather forward pass collective issued for layer: attention_column, involved dimensions:  1, 0, 0, 0, 0, 0, 0, 0, 0, 0,
***** info: fwd pass comm collective for layer: attention_column is finished************
chunk size is: 20971520 , size is: 20971520 , layer_num is: 302 , node: 0
info: reduce-scatter forward pass collective issued for layer: attention_row, involved dimensions:  1, 0, 0, 0, 0, 0, 0, 0, 0, 0,
***** info: fwd pass comm collective for layer: attention_row is finished************
chunk size is: 20971520 , size is: 20971520 , layer_num is: 303 , node: 0
info: all-gather forward pass collective issued for layer: mlp_column, involved dimensions:  1, 0, 0, 0, 0, 0, 0, 0, 0, 0,
***** info: fwd pass comm collective for layer: mlp_column is finished************
chunk size is: 20971520 , size is: 20971520 , layer_num is: 304 , node: 0
info: reduce-scatter forward pass collective issued for layer: mlp_row, involved dimensions:  1, 0, 0, 0, 0, 0, 0, 0, 0, 0,
***** info: fwd pass comm collective for layer: mlp_row is finished************
chunk size is: 20971520 , size is: 20971520 , layer_num is: 305 , node: 0
info: all-gather forward pass collective issued for layer: attention_column, involved dimensions:  1, 0, 0, 0, 0, 0, 0, 0, 0, 0,
***** info: fwd pass comm collective for layer: attention_column is finished************
chunk size is: 20971520 , size is: 20971520 , layer_num is: 306 , node: 0
info: reduce-scatter forward pass collective issued for layer: attention_row, involved dimensions:  1, 0, 0, 0, 0, 0, 0, 0, 0, 0,
***** info: fwd pass comm collective for layer: attention_row is finished************
chunk size is: 20971520 , size is: 20971520 , layer_num is: 307 , node: 0
info: all-gather forward pass collective issued for layer: mlp_column, involved dimensions:  1, 0, 0, 0, 0, 0, 0, 0, 0, 0,
***** info: fwd pass comm collective for layer: mlp_column is finished************
chunk size is: 20971520 , size is: 20971520 , layer_num is: 308 , node: 0
info: reduce-scatter forward pass collective issued for layer: mlp_row, involved dimensions:  1, 0, 0, 0, 0, 0, 0, 0, 0, 0,
***** info: fwd pass comm collective for layer: mlp_row is finished************
chunk size is: 20971520 , size is: 20971520 , layer_num is: 309 , node: 0
info: all-gather forward pass collective issued for layer: attention_column, involved dimensions:  1, 0, 0, 0, 0, 0, 0, 0, 0, 0,
***** info: fwd pass comm collective for layer: attention_column is finished************
chunk size is: 20971520 , size is: 20971520 , layer_num is: 310 , node: 0
info: reduce-scatter forward pass collective issued for layer: attention_row, involved dimensions:  1, 0, 0, 0, 0, 0, 0, 0, 0, 0,
***** info: fwd pass comm collective for layer: attention_row is finished************
chunk size is: 20971520 , size is: 20971520 , layer_num is: 311 , node: 0
info: all-gather forward pass collective issued for layer: mlp_column, involved dimensions:  1, 0, 0, 0, 0, 0, 0, 0, 0, 0,
***** info: fwd pass comm collective for layer: mlp_column is finished************
chunk size is: 20971520 , size is: 20971520 , layer_num is: 312 , node: 0
info: reduce-scatter forward pass collective issued for layer: mlp_row, involved dimensions:  1, 0, 0, 0, 0, 0, 0, 0, 0, 0,
***** info: fwd pass comm collective for layer: mlp_row is finished************
chunk size is: 20971520 , size is: 20971520 , layer_num is: 313 , node: 0
info: all-gather forward pass collective issued for layer: attention_column, involved dimensions:  1, 0, 0, 0, 0, 0, 0, 0, 0, 0,
***** info: fwd pass comm collective for layer: attention_column is finished************
chunk size is: 20971520 , size is: 20971520 , layer_num is: 314 , node: 0
info: reduce-scatter forward pass collective issued for layer: attention_row, involved dimensions:  1, 0, 0, 0, 0, 0, 0, 0, 0, 0,
***** info: fwd pass comm collective for layer: attention_row is finished************
chunk size is: 20971520 , size is: 20971520 , layer_num is: 315 , node: 0
info: all-gather forward pass collective issued for layer: mlp_column, involved dimensions:  1, 0, 0, 0, 0, 0, 0, 0, 0, 0,
***** info: fwd pass comm collective for layer: mlp_column is finished************
chunk size is: 20971520 , size is: 20971520 , layer_num is: 316 , node: 0
info: reduce-scatter forward pass collective issued for layer: mlp_row, involved dimensions:  1, 0, 0, 0, 0, 0, 0, 0, 0, 0,
***** info: fwd pass comm collective for layer: mlp_row is finished************
chunk size is: 20971520 , size is: 20971520 , layer_num is: 317 , node: 0
info: all-gather forward pass collective issued for layer: attention_column, involved dimensions:  1, 0, 0, 0, 0, 0, 0, 0, 0, 0,
***** info: fwd pass comm collective for layer: attention_column is finished************
chunk size is: 20971520 , size is: 20971520 , layer_num is: 318 , node: 0
info: reduce-scatter forward pass collective issued for layer: attention_row, involved dimensions:  1, 0, 0, 0, 0, 0, 0, 0, 0, 0,
***** info: fwd pass comm collective for layer: attention_row is finished************
chunk size is: 20971520 , size is: 20971520 , layer_num is: 319 , node: 0
info: all-gather forward pass collective issued for layer: mlp_column, involved dimensions:  1, 0, 0, 0, 0, 0, 0, 0, 0, 0,
***** info: fwd pass comm collective for layer: mlp_column is finished************
chunk size is: 20971520 , size is: 20971520 , layer_num is: 320 , node: 0
info: reduce-scatter forward pass collective issued for layer: mlp_row, involved dimensions:  1, 0, 0, 0, 0, 0, 0, 0, 0, 0,
***** info: fwd pass comm collective for layer: mlp_row is finished************
chunk size is: 20971520 , size is: 20971520 , layer_num is: 321 , node: 0
info: all-gather forward pass collective issued for layer: attention_column, involved dimensions:  1, 0, 0, 0, 0, 0, 0, 0, 0, 0,
***** info: fwd pass comm collective for layer: attention_column is finished************
chunk size is: 20971520 , size is: 20971520 , layer_num is: 322 , node: 0
info: reduce-scatter forward pass collective issued for layer: attention_row, involved dimensions:  1, 0, 0, 0, 0, 0, 0, 0, 0, 0,
***** info: fwd pass comm collective for layer: attention_row is finished************
chunk size is: 20971520 , size is: 20971520 , layer_num is: 323 , node: 0
info: all-gather forward pass collective issued for layer: mlp_column, involved dimensions:  1, 0, 0, 0, 0, 0, 0, 0, 0, 0,
***** info: fwd pass comm collective for layer: mlp_column is finished************
chunk size is: 20971520 , size is: 20971520 , layer_num is: 324 , node: 0
info: reduce-scatter forward pass collective issued for layer: mlp_row, involved dimensions:  1, 0, 0, 0, 0, 0, 0, 0, 0, 0,
***** info: fwd pass comm collective for layer: mlp_row is finished************
chunk size is: 20971520 , size is: 20971520 , layer_num is: 325 , node: 0
info: all-gather forward pass collective issued for layer: attention_column, involved dimensions:  1, 0, 0, 0, 0, 0, 0, 0, 0, 0,
***** info: fwd pass comm collective for layer: attention_column is finished************
chunk size is: 20971520 , size is: 20971520 , layer_num is: 326 , node: 0
info: reduce-scatter forward pass collective issued for layer: attention_row, involved dimensions:  1, 0, 0, 0, 0, 0, 0, 0, 0, 0,
***** info: fwd pass comm collective for layer: attention_row is finished************
chunk size is: 20971520 , size is: 20971520 , layer_num is: 327 , node: 0
info: all-gather forward pass collective issued for layer: mlp_column, involved dimensions:  1, 0, 0, 0, 0, 0, 0, 0, 0, 0,
***** info: fwd pass comm collective for layer: mlp_column is finished************
chunk size is: 20971520 , size is: 20971520 , layer_num is: 328 , node: 0
info: reduce-scatter forward pass collective issued for layer: mlp_row, involved dimensions:  1, 0, 0, 0, 0, 0, 0, 0, 0, 0,
***** info: fwd pass comm collective for layer: mlp_row is finished************
chunk size is: 20971520 , size is: 20971520 , layer_num is: 329 , node: 0
info: all-gather forward pass collective issued for layer: final_column, involved dimensions:  1, 0, 0, 0, 0, 0, 0, 0, 0, 0,
***** info: fwd pass comm collective for layer: final_column is finished************
chunk size is: 20971520 , size is: 20971520 , layer_num is: 330 , node: 0
info: all-reduce forward pass collective issued for layer: embedding_layer, involved dimensions:  1, 0, 0, 0, 0, 0, 0, 0, 0, 0,
***** info: fwd pass comm collective for layer: embedding_layer is finished************
chunk size is: 20971520 , size is: 20971520 , layer_num is: 331 , node: 0
info: all-gather forward pass collective issued for layer: attention_column, involved dimensions:  1, 0, 0, 0, 0, 0, 0, 0, 0, 0,
***** info: fwd pass comm collective for layer: attention_column is finished************
chunk size is: 20971520 , size is: 20971520 , layer_num is: 332 , node: 0
info: reduce-scatter forward pass collective issued for layer: attention_row, involved dimensions:  1, 0, 0, 0, 0, 0, 0, 0, 0, 0,
***** info: fwd pass comm collective for layer: attention_row is finished************
chunk size is: 20971520 , size is: 20971520 , layer_num is: 333 , node: 0
info: all-gather forward pass collective issued for layer: mlp_column, involved dimensions:  1, 0, 0, 0, 0, 0, 0, 0, 0, 0,
***** info: fwd pass comm collective for layer: mlp_column is finished************
chunk size is: 20971520 , size is: 20971520 , layer_num is: 334 , node: 0
info: reduce-scatter forward pass collective issued for layer: mlp_row, involved dimensions:  1, 0, 0, 0, 0, 0, 0, 0, 0, 0,
***** info: fwd pass comm collective for layer: mlp_row is finished************
chunk size is: 20971520 , size is: 20971520 , layer_num is: 335 , node: 0
info: all-gather forward pass collective issued for layer: attention_column, involved dimensions:  1, 0, 0, 0, 0, 0, 0, 0, 0, 0,
***** info: fwd pass comm collective for layer: attention_column is finished************
chunk size is: 20971520 , size is: 20971520 , layer_num is: 336 , node: 0
info: reduce-scatter forward pass collective issued for layer: attention_row, involved dimensions:  1, 0, 0, 0, 0, 0, 0, 0, 0, 0,
***** info: fwd pass comm collective for layer: attention_row is finished************
chunk size is: 20971520 , size is: 20971520 , layer_num is: 337 , node: 0
info: all-gather forward pass collective issued for layer: mlp_column, involved dimensions:  1, 0, 0, 0, 0, 0, 0, 0, 0, 0,
***** info: fwd pass comm collective for layer: mlp_column is finished************
chunk size is: 20971520 , size is: 20971520 , layer_num is: 338 , node: 0
info: reduce-scatter forward pass collective issued for layer: mlp_row, involved dimensions:  1, 0, 0, 0, 0, 0, 0, 0, 0, 0,
***** info: fwd pass comm collective for layer: mlp_row is finished************
chunk size is: 20971520 , size is: 20971520 , layer_num is: 339 , node: 0
info: all-gather forward pass collective issued for layer: attention_column, involved dimensions:  1, 0, 0, 0, 0, 0, 0, 0, 0, 0,
***** info: fwd pass comm collective for layer: attention_column is finished************
chunk size is: 20971520 , size is: 20971520 , layer_num is: 340 , node: 0
info: reduce-scatter forward pass collective issued for layer: attention_row, involved dimensions:  1, 0, 0, 0, 0, 0, 0, 0, 0, 0,
***** info: fwd pass comm collective for layer: attention_row is finished************
chunk size is: 20971520 , size is: 20971520 , layer_num is: 341 , node: 0
info: all-gather forward pass collective issued for layer: mlp_column, involved dimensions:  1, 0, 0, 0, 0, 0, 0, 0, 0, 0,
***** info: fwd pass comm collective for layer: mlp_column is finished************
chunk size is: 20971520 , size is: 20971520 , layer_num is: 342 , node: 0
info: reduce-scatter forward pass collective issued for layer: mlp_row, involved dimensions:  1, 0, 0, 0, 0, 0, 0, 0, 0, 0,
***** info: fwd pass comm collective for layer: mlp_row is finished************
chunk size is: 20971520 , size is: 20971520 , layer_num is: 343 , node: 0
info: all-gather forward pass collective issued for layer: attention_column, involved dimensions:  1, 0, 0, 0, 0, 0, 0, 0, 0, 0,
***** info: fwd pass comm collective for layer: attention_column is finished************
chunk size is: 20971520 , size is: 20971520 , layer_num is: 344 , node: 0
info: reduce-scatter forward pass collective issued for layer: attention_row, involved dimensions:  1, 0, 0, 0, 0, 0, 0, 0, 0, 0,
***** info: fwd pass comm collective for layer: attention_row is finished************
chunk size is: 20971520 , size is: 20971520 , layer_num is: 345 , node: 0
info: all-gather forward pass collective issued for layer: mlp_column, involved dimensions:  1, 0, 0, 0, 0, 0, 0, 0, 0, 0,
***** info: fwd pass comm collective for layer: mlp_column is finished************
chunk size is: 20971520 , size is: 20971520 , layer_num is: 346 , node: 0
info: reduce-scatter forward pass collective issued for layer: mlp_row, involved dimensions:  1, 0, 0, 0, 0, 0, 0, 0, 0, 0,
***** info: fwd pass comm collective for layer: mlp_row is finished************
chunk size is: 20971520 , size is: 20971520 , layer_num is: 347 , node: 0
info: all-gather forward pass collective issued for layer: attention_column, involved dimensions:  1, 0, 0, 0, 0, 0, 0, 0, 0, 0,
***** info: fwd pass comm collective for layer: attention_column is finished************
chunk size is: 20971520 , size is: 20971520 , layer_num is: 348 , node: 0
info: reduce-scatter forward pass collective issued for layer: attention_row, involved dimensions:  1, 0, 0, 0, 0, 0, 0, 0, 0, 0,
***** info: fwd pass comm collective for layer: attention_row is finished************
chunk size is: 20971520 , size is: 20971520 , layer_num is: 349 , node: 0
info: all-gather forward pass collective issued for layer: mlp_column, involved dimensions:  1, 0, 0, 0, 0, 0, 0, 0, 0, 0,
***** info: fwd pass comm collective for layer: mlp_column is finished************
chunk size is: 20971520 , size is: 20971520 , layer_num is: 350 , node: 0
info: reduce-scatter forward pass collective issued for layer: mlp_row, involved dimensions:  1, 0, 0, 0, 0, 0, 0, 0, 0, 0,
***** info: fwd pass comm collective for layer: mlp_row is finished************
chunk size is: 20971520 , size is: 20971520 , layer_num is: 351 , node: 0
info: all-gather forward pass collective issued for layer: attention_column, involved dimensions:  1, 0, 0, 0, 0, 0, 0, 0, 0, 0,
***** info: fwd pass comm collective for layer: attention_column is finished************
chunk size is: 20971520 , size is: 20971520 , layer_num is: 352 , node: 0
info: reduce-scatter forward pass collective issued for layer: attention_row, involved dimensions:  1, 0, 0, 0, 0, 0, 0, 0, 0, 0,
***** info: fwd pass comm collective for layer: attention_row is finished************
chunk size is: 20971520 , size is: 20971520 , layer_num is: 353 , node: 0
info: all-gather forward pass collective issued for layer: mlp_column, involved dimensions:  1, 0, 0, 0, 0, 0, 0, 0, 0, 0,
***** info: fwd pass comm collective for layer: mlp_column is finished************
chunk size is: 20971520 , size is: 20971520 , layer_num is: 354 , node: 0
info: reduce-scatter forward pass collective issued for layer: mlp_row, involved dimensions:  1, 0, 0, 0, 0, 0, 0, 0, 0, 0,
***** info: fwd pass comm collective for layer: mlp_row is finished************
chunk size is: 20971520 , size is: 20971520 , layer_num is: 355 , node: 0
info: all-gather forward pass collective issued for layer: attention_column, involved dimensions:  1, 0, 0, 0, 0, 0, 0, 0, 0, 0,
***** info: fwd pass comm collective for layer: attention_column is finished************
chunk size is: 20971520 , size is: 20971520 , layer_num is: 356 , node: 0
info: reduce-scatter forward pass collective issued for layer: attention_row, involved dimensions:  1, 0, 0, 0, 0, 0, 0, 0, 0, 0,
***** info: fwd pass comm collective for layer: attention_row is finished************
chunk size is: 20971520 , size is: 20971520 , layer_num is: 357 , node: 0
info: all-gather forward pass collective issued for layer: mlp_column, involved dimensions:  1, 0, 0, 0, 0, 0, 0, 0, 0, 0,
***** info: fwd pass comm collective for layer: mlp_column is finished************
chunk size is: 20971520 , size is: 20971520 , layer_num is: 358 , node: 0
info: reduce-scatter forward pass collective issued for layer: mlp_row, involved dimensions:  1, 0, 0, 0, 0, 0, 0, 0, 0, 0,
***** info: fwd pass comm collective for layer: mlp_row is finished************
chunk size is: 20971520 , size is: 20971520 , layer_num is: 359 , node: 0
info: all-gather forward pass collective issued for layer: attention_column, involved dimensions:  1, 0, 0, 0, 0, 0, 0, 0, 0, 0,
***** info: fwd pass comm collective for layer: attention_column is finished************
chunk size is: 20971520 , size is: 20971520 , layer_num is: 360 , node: 0
info: reduce-scatter forward pass collective issued for layer: attention_row, involved dimensions:  1, 0, 0, 0, 0, 0, 0, 0, 0, 0,
***** info: fwd pass comm collective for layer: attention_row is finished************
chunk size is: 20971520 , size is: 20971520 , layer_num is: 361 , node: 0
info: all-gather forward pass collective issued for layer: mlp_column, involved dimensions:  1, 0, 0, 0, 0, 0, 0, 0, 0, 0,
***** info: fwd pass comm collective for layer: mlp_column is finished************
chunk size is: 20971520 , size is: 20971520 , layer_num is: 362 , node: 0
info: reduce-scatter forward pass collective issued for layer: mlp_row, involved dimensions:  1, 0, 0, 0, 0, 0, 0, 0, 0, 0,
***** info: fwd pass comm collective for layer: mlp_row is finished************
chunk size is: 20971520 , size is: 20971520 , layer_num is: 363 , node: 0
info: all-gather forward pass collective issued for layer: attention_column, involved dimensions:  1, 0, 0, 0, 0, 0, 0, 0, 0, 0,
***** info: fwd pass comm collective for layer: attention_column is finished************
chunk size is: 20971520 , size is: 20971520 , layer_num is: 364 , node: 0
info: reduce-scatter forward pass collective issued for layer: attention_row, involved dimensions:  1, 0, 0, 0, 0, 0, 0, 0, 0, 0,
***** info: fwd pass comm collective for layer: attention_row is finished************
chunk size is: 20971520 , size is: 20971520 , layer_num is: 365 , node: 0
info: all-gather forward pass collective issued for layer: mlp_column, involved dimensions:  1, 0, 0, 0, 0, 0, 0, 0, 0, 0,
***** info: fwd pass comm collective for layer: mlp_column is finished************
chunk size is: 20971520 , size is: 20971520 , layer_num is: 366 , node: 0
info: reduce-scatter forward pass collective issued for layer: mlp_row, involved dimensions:  1, 0, 0, 0, 0, 0, 0, 0, 0, 0,
***** info: fwd pass comm collective for layer: mlp_row is finished************
chunk size is: 20971520 , size is: 20971520 , layer_num is: 367 , node: 0
info: all-gather forward pass collective issued for layer: attention_column, involved dimensions:  1, 0, 0, 0, 0, 0, 0, 0, 0, 0,
***** info: fwd pass comm collective for layer: attention_column is finished************
chunk size is: 20971520 , size is: 20971520 , layer_num is: 368 , node: 0
info: reduce-scatter forward pass collective issued for layer: attention_row, involved dimensions:  1, 0, 0, 0, 0, 0, 0, 0, 0, 0,
***** info: fwd pass comm collective for layer: attention_row is finished************
chunk size is: 20971520 , size is: 20971520 , layer_num is: 369 , node: 0
info: all-gather forward pass collective issued for layer: mlp_column, involved dimensions:  1, 0, 0, 0, 0, 0, 0, 0, 0, 0,
***** info: fwd pass comm collective for layer: mlp_column is finished************
chunk size is: 20971520 , size is: 20971520 , layer_num is: 370 , node: 0
info: reduce-scatter forward pass collective issued for layer: mlp_row, involved dimensions:  1, 0, 0, 0, 0, 0, 0, 0, 0, 0,
***** info: fwd pass comm collective for layer: mlp_row is finished************
chunk size is: 20971520 , size is: 20971520 , layer_num is: 371 , node: 0
info: all-gather forward pass collective issued for layer: attention_column, involved dimensions:  1, 0, 0, 0, 0, 0, 0, 0, 0, 0,
***** info: fwd pass comm collective for layer: attention_column is finished************
chunk size is: 20971520 , size is: 20971520 , layer_num is: 372 , node: 0
info: reduce-scatter forward pass collective issued for layer: attention_row, involved dimensions:  1, 0, 0, 0, 0, 0, 0, 0, 0, 0,
***** info: fwd pass comm collective for layer: attention_row is finished************
chunk size is: 20971520 , size is: 20971520 , layer_num is: 373 , node: 0
info: all-gather forward pass collective issued for layer: mlp_column, involved dimensions:  1, 0, 0, 0, 0, 0, 0, 0, 0, 0,
***** info: fwd pass comm collective for layer: mlp_column is finished************
chunk size is: 20971520 , size is: 20971520 , layer_num is: 374 , node: 0
info: reduce-scatter forward pass collective issued for layer: mlp_row, involved dimensions:  1, 0, 0, 0, 0, 0, 0, 0, 0, 0,
***** info: fwd pass comm collective for layer: mlp_row is finished************
chunk size is: 20971520 , size is: 20971520 , layer_num is: 375 , node: 0
info: all-gather forward pass collective issued for layer: attention_column, involved dimensions:  1, 0, 0, 0, 0, 0, 0, 0, 0, 0,
***** info: fwd pass comm collective for layer: attention_column is finished************
chunk size is: 20971520 , size is: 20971520 , layer_num is: 376 , node: 0
info: reduce-scatter forward pass collective issued for layer: attention_row, involved dimensions:  1, 0, 0, 0, 0, 0, 0, 0, 0, 0,
***** info: fwd pass comm collective for layer: attention_row is finished************
chunk size is: 20971520 , size is: 20971520 , layer_num is: 377 , node: 0
info: all-gather forward pass collective issued for layer: mlp_column, involved dimensions:  1, 0, 0, 0, 0, 0, 0, 0, 0, 0,
***** info: fwd pass comm collective for layer: mlp_column is finished************
chunk size is: 20971520 , size is: 20971520 , layer_num is: 378 , node: 0
info: reduce-scatter forward pass collective issued for layer: mlp_row, involved dimensions:  1, 0, 0, 0, 0, 0, 0, 0, 0, 0,
***** info: fwd pass comm collective for layer: mlp_row is finished************
chunk size is: 20971520 , size is: 20971520 , layer_num is: 379 , node: 0
info: all-gather forward pass collective issued for layer: attention_column, involved dimensions:  1, 0, 0, 0, 0, 0, 0, 0, 0, 0,
***** info: fwd pass comm collective for layer: attention_column is finished************
chunk size is: 20971520 , size is: 20971520 , layer_num is: 380 , node: 0
info: reduce-scatter forward pass collective issued for layer: attention_row, involved dimensions:  1, 0, 0, 0, 0, 0, 0, 0, 0, 0,
***** info: fwd pass comm collective for layer: attention_row is finished************
chunk size is: 20971520 , size is: 20971520 , layer_num is: 381 , node: 0
info: all-gather forward pass collective issued for layer: mlp_column, involved dimensions:  1, 0, 0, 0, 0, 0, 0, 0, 0, 0,
***** info: fwd pass comm collective for layer: mlp_column is finished************
chunk size is: 20971520 , size is: 20971520 , layer_num is: 382 , node: 0
info: reduce-scatter forward pass collective issued for layer: mlp_row, involved dimensions:  1, 0, 0, 0, 0, 0, 0, 0, 0, 0,
***** info: fwd pass comm collective for layer: mlp_row is finished************
chunk size is: 20971520 , size is: 20971520 , layer_num is: 383 , node: 0
info: all-gather forward pass collective issued for layer: attention_column, involved dimensions:  1, 0, 0, 0, 0, 0, 0, 0, 0, 0,
***** info: fwd pass comm collective for layer: attention_column is finished************
chunk size is: 20971520 , size is: 20971520 , layer_num is: 384 , node: 0
info: reduce-scatter forward pass collective issued for layer: attention_row, involved dimensions:  1, 0, 0, 0, 0, 0, 0, 0, 0, 0,
***** info: fwd pass comm collective for layer: attention_row is finished************
chunk size is: 20971520 , size is: 20971520 , layer_num is: 385 , node: 0
info: all-gather forward pass collective issued for layer: mlp_column, involved dimensions:  1, 0, 0, 0, 0, 0, 0, 0, 0, 0,
***** info: fwd pass comm collective for layer: mlp_column is finished************
chunk size is: 20971520 , size is: 20971520 , layer_num is: 386 , node: 0
info: reduce-scatter forward pass collective issued for layer: mlp_row, involved dimensions:  1, 0, 0, 0, 0, 0, 0, 0, 0, 0,
***** info: fwd pass comm collective for layer: mlp_row is finished************
chunk size is: 20971520 , size is: 20971520 , layer_num is: 387 , node: 0
info: all-gather forward pass collective issued for layer: attention_column, involved dimensions:  1, 0, 0, 0, 0, 0, 0, 0, 0, 0,
***** info: fwd pass comm collective for layer: attention_column is finished************
chunk size is: 20971520 , size is: 20971520 , layer_num is: 388 , node: 0
info: reduce-scatter forward pass collective issued for layer: attention_row, involved dimensions:  1, 0, 0, 0, 0, 0, 0, 0, 0, 0,
***** info: fwd pass comm collective for layer: attention_row is finished************
chunk size is: 20971520 , size is: 20971520 , layer_num is: 389 , node: 0
info: all-gather forward pass collective issued for layer: mlp_column, involved dimensions:  1, 0, 0, 0, 0, 0, 0, 0, 0, 0,
***** info: fwd pass comm collective for layer: mlp_column is finished************
chunk size is: 20971520 , size is: 20971520 , layer_num is: 390 , node: 0
info: reduce-scatter forward pass collective issued for layer: mlp_row, involved dimensions:  1, 0, 0, 0, 0, 0, 0, 0, 0, 0,
***** info: fwd pass comm collective for layer: mlp_row is finished************
chunk size is: 20971520 , size is: 20971520 , layer_num is: 391 , node: 0
info: all-gather forward pass collective issued for layer: attention_column, involved dimensions:  1, 0, 0, 0, 0, 0, 0, 0, 0, 0,
***** info: fwd pass comm collective for layer: attention_column is finished************
chunk size is: 20971520 , size is: 20971520 , layer_num is: 392 , node: 0
info: reduce-scatter forward pass collective issued for layer: attention_row, involved dimensions:  1, 0, 0, 0, 0, 0, 0, 0, 0, 0,
***** info: fwd pass comm collective for layer: attention_row is finished************
chunk size is: 20971520 , size is: 20971520 , layer_num is: 393 , node: 0
info: all-gather forward pass collective issued for layer: mlp_column, involved dimensions:  1, 0, 0, 0, 0, 0, 0, 0, 0, 0,
***** info: fwd pass comm collective for layer: mlp_column is finished************
chunk size is: 20971520 , size is: 20971520 , layer_num is: 394 , node: 0
info: reduce-scatter forward pass collective issued for layer: mlp_row, involved dimensions:  1, 0, 0, 0, 0, 0, 0, 0, 0, 0,
***** info: fwd pass comm collective for layer: mlp_row is finished************
chunk size is: 20971520 , size is: 20971520 , layer_num is: 395 , node: 0
info: all-gather forward pass collective issued for layer: attention_column, involved dimensions:  1, 0, 0, 0, 0, 0, 0, 0, 0, 0,
***** info: fwd pass comm collective for layer: attention_column is finished************
chunk size is: 20971520 , size is: 20971520 , layer_num is: 396 , node: 0
info: reduce-scatter forward pass collective issued for layer: attention_row, involved dimensions:  1, 0, 0, 0, 0, 0, 0, 0, 0, 0,
***** info: fwd pass comm collective for layer: attention_row is finished************
chunk size is: 20971520 , size is: 20971520 , layer_num is: 397 , node: 0
info: all-gather forward pass collective issued for layer: mlp_column, involved dimensions:  1, 0, 0, 0, 0, 0, 0, 0, 0, 0,
***** info: fwd pass comm collective for layer: mlp_column is finished************
chunk size is: 20971520 , size is: 20971520 , layer_num is: 398 , node: 0
info: reduce-scatter forward pass collective issued for layer: mlp_row, involved dimensions:  1, 0, 0, 0, 0, 0, 0, 0, 0, 0,
***** info: fwd pass comm collective for layer: mlp_row is finished************
chunk size is: 20971520 , size is: 20971520 , layer_num is: 399 , node: 0
info: all-gather forward pass collective issued for layer: attention_column, involved dimensions:  1, 0, 0, 0, 0, 0, 0, 0, 0, 0,
***** info: fwd pass comm collective for layer: attention_column is finished************
chunk size is: 20971520 , size is: 20971520 , layer_num is: 400 , node: 0
info: reduce-scatter forward pass collective issued for layer: attention_row, involved dimensions:  1, 0, 0, 0, 0, 0, 0, 0, 0, 0,
***** info: fwd pass comm collective for layer: attention_row is finished************
chunk size is: 20971520 , size is: 20971520 , layer_num is: 401 , node: 0
info: all-gather forward pass collective issued for layer: mlp_column, involved dimensions:  1, 0, 0, 0, 0, 0, 0, 0, 0, 0,
***** info: fwd pass comm collective for layer: mlp_column is finished************
chunk size is: 20971520 , size is: 20971520 , layer_num is: 402 , node: 0
info: reduce-scatter forward pass collective issued for layer: mlp_row, involved dimensions:  1, 0, 0, 0, 0, 0, 0, 0, 0, 0,
***** info: fwd pass comm collective for layer: mlp_row is finished************
chunk size is: 20971520 , size is: 20971520 , layer_num is: 403 , node: 0
info: all-gather forward pass collective issued for layer: attention_column, involved dimensions:  1, 0, 0, 0, 0, 0, 0, 0, 0, 0,
***** info: fwd pass comm collective for layer: attention_column is finished************
chunk size is: 20971520 , size is: 20971520 , layer_num is: 404 , node: 0
info: reduce-scatter forward pass collective issued for layer: attention_row, involved dimensions:  1, 0, 0, 0, 0, 0, 0, 0, 0, 0,
***** info: fwd pass comm collective for layer: attention_row is finished************
chunk size is: 20971520 , size is: 20971520 , layer_num is: 405 , node: 0
info: all-gather forward pass collective issued for layer: mlp_column, involved dimensions:  1, 0, 0, 0, 0, 0, 0, 0, 0, 0,
***** info: fwd pass comm collective for layer: mlp_column is finished************
chunk size is: 20971520 , size is: 20971520 , layer_num is: 406 , node: 0
info: reduce-scatter forward pass collective issued for layer: mlp_row, involved dimensions:  1, 0, 0, 0, 0, 0, 0, 0, 0, 0,
***** info: fwd pass comm collective for layer: mlp_row is finished************
chunk size is: 20971520 , size is: 20971520 , layer_num is: 407 , node: 0
info: all-gather forward pass collective issued for layer: attention_column, involved dimensions:  1, 0, 0, 0, 0, 0, 0, 0, 0, 0,
***** info: fwd pass comm collective for layer: attention_column is finished************
chunk size is: 20971520 , size is: 20971520 , layer_num is: 408 , node: 0
info: reduce-scatter forward pass collective issued for layer: attention_row, involved dimensions:  1, 0, 0, 0, 0, 0, 0, 0, 0, 0,
***** info: fwd pass comm collective for layer: attention_row is finished************
chunk size is: 20971520 , size is: 20971520 , layer_num is: 409 , node: 0
info: all-gather forward pass collective issued for layer: mlp_column, involved dimensions:  1, 0, 0, 0, 0, 0, 0, 0, 0, 0,
***** info: fwd pass comm collective for layer: mlp_column is finished************
chunk size is: 20971520 , size is: 20971520 , layer_num is: 410 , node: 0
info: reduce-scatter forward pass collective issued for layer: mlp_row, involved dimensions:  1, 0, 0, 0, 0, 0, 0, 0, 0, 0,
***** info: fwd pass comm collective for layer: mlp_row is finished************
chunk size is: 20971520 , size is: 20971520 , layer_num is: 411 , node: 0
info: all-gather forward pass collective issued for layer: attention_column, involved dimensions:  1, 0, 0, 0, 0, 0, 0, 0, 0, 0,
***** info: fwd pass comm collective for layer: attention_column is finished************
chunk size is: 20971520 , size is: 20971520 , layer_num is: 412 , node: 0
info: reduce-scatter forward pass collective issued for layer: attention_row, involved dimensions:  1, 0, 0, 0, 0, 0, 0, 0, 0, 0,
***** info: fwd pass comm collective for layer: attention_row is finished************
chunk size is: 20971520 , size is: 20971520 , layer_num is: 413 , node: 0
info: all-gather forward pass collective issued for layer: mlp_column, involved dimensions:  1, 0, 0, 0, 0, 0, 0, 0, 0, 0,
***** info: fwd pass comm collective for layer: mlp_column is finished************
chunk size is: 20971520 , size is: 20971520 , layer_num is: 414 , node: 0
info: reduce-scatter forward pass collective issued for layer: mlp_row, involved dimensions:  1, 0, 0, 0, 0, 0, 0, 0, 0, 0,
***** info: fwd pass comm collective for layer: mlp_row is finished************
chunk size is: 20971520 , size is: 20971520 , layer_num is: 415 , node: 0
info: all-gather forward pass collective issued for layer: attention_column, involved dimensions:  1, 0, 0, 0, 0, 0, 0, 0, 0, 0,
***** info: fwd pass comm collective for layer: attention_column is finished************
chunk size is: 20971520 , size is: 20971520 , layer_num is: 416 , node: 0
info: reduce-scatter forward pass collective issued for layer: attention_row, involved dimensions:  1, 0, 0, 0, 0, 0, 0, 0, 0, 0,
***** info: fwd pass comm collective for layer: attention_row is finished************
chunk size is: 20971520 , size is: 20971520 , layer_num is: 417 , node: 0
info: all-gather forward pass collective issued for layer: mlp_column, involved dimensions:  1, 0, 0, 0, 0, 0, 0, 0, 0, 0,
***** info: fwd pass comm collective for layer: mlp_column is finished************
chunk size is: 20971520 , size is: 20971520 , layer_num is: 418 , node: 0
info: reduce-scatter forward pass collective issued for layer: mlp_row, involved dimensions:  1, 0, 0, 0, 0, 0, 0, 0, 0, 0,
***** info: fwd pass comm collective for layer: mlp_row is finished************
chunk size is: 20971520 , size is: 20971520 , layer_num is: 419 , node: 0
info: all-gather forward pass collective issued for layer: attention_column, involved dimensions:  1, 0, 0, 0, 0, 0, 0, 0, 0, 0,
***** info: fwd pass comm collective for layer: attention_column is finished************
chunk size is: 20971520 , size is: 20971520 , layer_num is: 420 , node: 0
info: reduce-scatter forward pass collective issued for layer: attention_row, involved dimensions:  1, 0, 0, 0, 0, 0, 0, 0, 0, 0,
***** info: fwd pass comm collective for layer: attention_row is finished************
chunk size is: 20971520 , size is: 20971520 , layer_num is: 421 , node: 0
info: all-gather forward pass collective issued for layer: mlp_column, involved dimensions:  1, 0, 0, 0, 0, 0, 0, 0, 0, 0,
***** info: fwd pass comm collective for layer: mlp_column is finished************
chunk size is: 20971520 , size is: 20971520 , layer_num is: 422 , node: 0
info: reduce-scatter forward pass collective issued for layer: mlp_row, involved dimensions:  1, 0, 0, 0, 0, 0, 0, 0, 0, 0,
***** info: fwd pass comm collective for layer: mlp_row is finished************
chunk size is: 20971520 , size is: 20971520 , layer_num is: 423 , node: 0
info: all-gather forward pass collective issued for layer: attention_column, involved dimensions:  1, 0, 0, 0, 0, 0, 0, 0, 0, 0,
***** info: fwd pass comm collective for layer: attention_column is finished************
chunk size is: 20971520 , size is: 20971520 , layer_num is: 424 , node: 0
info: reduce-scatter forward pass collective issued for layer: attention_row, involved dimensions:  1, 0, 0, 0, 0, 0, 0, 0, 0, 0,
***** info: fwd pass comm collective for layer: attention_row is finished************
chunk size is: 20971520 , size is: 20971520 , layer_num is: 425 , node: 0
info: all-gather forward pass collective issued for layer: mlp_column, involved dimensions:  1, 0, 0, 0, 0, 0, 0, 0, 0, 0,
***** info: fwd pass comm collective for layer: mlp_column is finished************
chunk size is: 20971520 , size is: 20971520 , layer_num is: 426 , node: 0
info: reduce-scatter forward pass collective issued for layer: mlp_row, involved dimensions:  1, 0, 0, 0, 0, 0, 0, 0, 0, 0,
***** info: fwd pass comm collective for layer: mlp_row is finished************
chunk size is: 20971520 , size is: 20971520 , layer_num is: 427 , node: 0
info: all-gather forward pass collective issued for layer: attention_column, involved dimensions:  1, 0, 0, 0, 0, 0, 0, 0, 0, 0,
***** info: fwd pass comm collective for layer: attention_column is finished************
chunk size is: 20971520 , size is: 20971520 , layer_num is: 428 , node: 0
info: reduce-scatter forward pass collective issued for layer: attention_row, involved dimensions:  1, 0, 0, 0, 0, 0, 0, 0, 0, 0,
***** info: fwd pass comm collective for layer: attention_row is finished************
chunk size is: 20971520 , size is: 20971520 , layer_num is: 429 , node: 0
info: all-gather forward pass collective issued for layer: mlp_column, involved dimensions:  1, 0, 0, 0, 0, 0, 0, 0, 0, 0,
***** info: fwd pass comm collective for layer: mlp_column is finished************
chunk size is: 20971520 , size is: 20971520 , layer_num is: 430 , node: 0
info: reduce-scatter forward pass collective issued for layer: mlp_row, involved dimensions:  1, 0, 0, 0, 0, 0, 0, 0, 0, 0,
***** info: fwd pass comm collective for layer: mlp_row is finished************
chunk size is: 20971520 , size is: 20971520 , layer_num is: 431 , node: 0
info: all-gather forward pass collective issued for layer: attention_column, involved dimensions:  1, 0, 0, 0, 0, 0, 0, 0, 0, 0,
***** info: fwd pass comm collective for layer: attention_column is finished************
chunk size is: 20971520 , size is: 20971520 , layer_num is: 432 , node: 0
info: reduce-scatter forward pass collective issued for layer: attention_row, involved dimensions:  1, 0, 0, 0, 0, 0, 0, 0, 0, 0,
***** info: fwd pass comm collective for layer: attention_row is finished************
chunk size is: 20971520 , size is: 20971520 , layer_num is: 433 , node: 0
info: all-gather forward pass collective issued for layer: mlp_column, involved dimensions:  1, 0, 0, 0, 0, 0, 0, 0, 0, 0,
***** info: fwd pass comm collective for layer: mlp_column is finished************
chunk size is: 20971520 , size is: 20971520 , layer_num is: 434 , node: 0
info: reduce-scatter forward pass collective issued for layer: mlp_row, involved dimensions:  1, 0, 0, 0, 0, 0, 0, 0, 0, 0,
***** info: fwd pass comm collective for layer: mlp_row is finished************
chunk size is: 20971520 , size is: 20971520 , layer_num is: 435 , node: 0
info: all-gather forward pass collective issued for layer: attention_column, involved dimensions:  1, 0, 0, 0, 0, 0, 0, 0, 0, 0,
***** info: fwd pass comm collective for layer: attention_column is finished************
chunk size is: 20971520 , size is: 20971520 , layer_num is: 436 , node: 0
info: reduce-scatter forward pass collective issued for layer: attention_row, involved dimensions:  1, 0, 0, 0, 0, 0, 0, 0, 0, 0,
***** info: fwd pass comm collective for layer: attention_row is finished************
chunk size is: 20971520 , size is: 20971520 , layer_num is: 437 , node: 0
info: all-gather forward pass collective issued for layer: mlp_column, involved dimensions:  1, 0, 0, 0, 0, 0, 0, 0, 0, 0,
***** info: fwd pass comm collective for layer: mlp_column is finished************
chunk size is: 20971520 , size is: 20971520 , layer_num is: 438 , node: 0
info: reduce-scatter forward pass collective issued for layer: mlp_row, involved dimensions:  1, 0, 0, 0, 0, 0, 0, 0, 0, 0,
***** info: fwd pass comm collective for layer: mlp_row is finished************
chunk size is: 20971520 , size is: 20971520 , layer_num is: 439 , node: 0
info: all-gather forward pass collective issued for layer: attention_column, involved dimensions:  1, 0, 0, 0, 0, 0, 0, 0, 0, 0,
***** info: fwd pass comm collective for layer: attention_column is finished************
chunk size is: 20971520 , size is: 20971520 , layer_num is: 440 , node: 0
info: reduce-scatter forward pass collective issued for layer: attention_row, involved dimensions:  1, 0, 0, 0, 0, 0, 0, 0, 0, 0,
***** info: fwd pass comm collective for layer: attention_row is finished************
chunk size is: 20971520 , size is: 20971520 , layer_num is: 441 , node: 0
info: all-gather forward pass collective issued for layer: mlp_column, involved dimensions:  1, 0, 0, 0, 0, 0, 0, 0, 0, 0,
***** info: fwd pass comm collective for layer: mlp_column is finished************
chunk size is: 20971520 , size is: 20971520 , layer_num is: 442 , node: 0
info: reduce-scatter forward pass collective issued for layer: mlp_row, involved dimensions:  1, 0, 0, 0, 0, 0, 0, 0, 0, 0,
***** info: fwd pass comm collective for layer: mlp_row is finished************
chunk size is: 20971520 , size is: 20971520 , layer_num is: 443 , node: 0
info: all-gather forward pass collective issued for layer: attention_column, involved dimensions:  1, 0, 0, 0, 0, 0, 0, 0, 0, 0,
***** info: fwd pass comm collective for layer: attention_column is finished************
chunk size is: 20971520 , size is: 20971520 , layer_num is: 444 , node: 0
info: reduce-scatter forward pass collective issued for layer: attention_row, involved dimensions:  1, 0, 0, 0, 0, 0, 0, 0, 0, 0,
***** info: fwd pass comm collective for layer: attention_row is finished************
chunk size is: 20971520 , size is: 20971520 , layer_num is: 445 , node: 0
info: all-gather forward pass collective issued for layer: mlp_column, involved dimensions:  1, 0, 0, 0, 0, 0, 0, 0, 0, 0,
***** info: fwd pass comm collective for layer: mlp_column is finished************
chunk size is: 20971520 , size is: 20971520 , layer_num is: 446 , node: 0
info: reduce-scatter forward pass collective issued for layer: mlp_row, involved dimensions:  1, 0, 0, 0, 0, 0, 0, 0, 0, 0,
***** info: fwd pass comm collective for layer: mlp_row is finished************
chunk size is: 20971520 , size is: 20971520 , layer_num is: 447 , node: 0
info: all-gather forward pass collective issued for layer: attention_column, involved dimensions:  1, 0, 0, 0, 0, 0, 0, 0, 0, 0,
***** info: fwd pass comm collective for layer: attention_column is finished************
chunk size is: 20971520 , size is: 20971520 , layer_num is: 448 , node: 0
info: reduce-scatter forward pass collective issued for layer: attention_row, involved dimensions:  1, 0, 0, 0, 0, 0, 0, 0, 0, 0,
***** info: fwd pass comm collective for layer: attention_row is finished************
chunk size is: 20971520 , size is: 20971520 , layer_num is: 449 , node: 0
info: all-gather forward pass collective issued for layer: mlp_column, involved dimensions:  1, 0, 0, 0, 0, 0, 0, 0, 0, 0,
***** info: fwd pass comm collective for layer: mlp_column is finished************
chunk size is: 20971520 , size is: 20971520 , layer_num is: 450 , node: 0
info: reduce-scatter forward pass collective issued for layer: mlp_row, involved dimensions:  1, 0, 0, 0, 0, 0, 0, 0, 0, 0,
***** info: fwd pass comm collective for layer: mlp_row is finished************
chunk size is: 20971520 , size is: 20971520 , layer_num is: 451 , node: 0
info: all-gather forward pass collective issued for layer: attention_column, involved dimensions:  1, 0, 0, 0, 0, 0, 0, 0, 0, 0,
***** info: fwd pass comm collective for layer: attention_column is finished************
chunk size is: 20971520 , size is: 20971520 , layer_num is: 452 , node: 0
info: reduce-scatter forward pass collective issued for layer: attention_row, involved dimensions:  1, 0, 0, 0, 0, 0, 0, 0, 0, 0,
***** info: fwd pass comm collective for layer: attention_row is finished************
chunk size is: 20971520 , size is: 20971520 , layer_num is: 453 , node: 0
info: all-gather forward pass collective issued for layer: mlp_column, involved dimensions:  1, 0, 0, 0, 0, 0, 0, 0, 0, 0,
***** info: fwd pass comm collective for layer: mlp_column is finished************
chunk size is: 20971520 , size is: 20971520 , layer_num is: 454 , node: 0
info: reduce-scatter forward pass collective issued for layer: mlp_row, involved dimensions:  1, 0, 0, 0, 0, 0, 0, 0, 0, 0,
***** info: fwd pass comm collective for layer: mlp_row is finished************
chunk size is: 20971520 , size is: 20971520 , layer_num is: 455 , node: 0
info: all-gather forward pass collective issued for layer: attention_column, involved dimensions:  1, 0, 0, 0, 0, 0, 0, 0, 0, 0,
***** info: fwd pass comm collective for layer: attention_column is finished************
chunk size is: 20971520 , size is: 20971520 , layer_num is: 456 , node: 0
info: reduce-scatter forward pass collective issued for layer: attention_row, involved dimensions:  1, 0, 0, 0, 0, 0, 0, 0, 0, 0,
***** info: fwd pass comm collective for layer: attention_row is finished************
chunk size is: 20971520 , size is: 20971520 , layer_num is: 457 , node: 0
info: all-gather forward pass collective issued for layer: mlp_column, involved dimensions:  1, 0, 0, 0, 0, 0, 0, 0, 0, 0,
***** info: fwd pass comm collective for layer: mlp_column is finished************
chunk size is: 20971520 , size is: 20971520 , layer_num is: 458 , node: 0
info: reduce-scatter forward pass collective issued for layer: mlp_row, involved dimensions:  1, 0, 0, 0, 0, 0, 0, 0, 0, 0,
***** info: fwd pass comm collective for layer: mlp_row is finished************
chunk size is: 20971520 , size is: 20971520 , layer_num is: 459 , node: 0
info: all-gather forward pass collective issued for layer: attention_column, involved dimensions:  1, 0, 0, 0, 0, 0, 0, 0, 0, 0,
***** info: fwd pass comm collective for layer: attention_column is finished************
chunk size is: 20971520 , size is: 20971520 , layer_num is: 460 , node: 0
info: reduce-scatter forward pass collective issued for layer: attention_row, involved dimensions:  1, 0, 0, 0, 0, 0, 0, 0, 0, 0,
***** info: fwd pass comm collective for layer: attention_row is finished************
chunk size is: 20971520 , size is: 20971520 , layer_num is: 461 , node: 0
info: all-gather forward pass collective issued for layer: mlp_column, involved dimensions:  1, 0, 0, 0, 0, 0, 0, 0, 0, 0,
***** info: fwd pass comm collective for layer: mlp_column is finished************
chunk size is: 20971520 , size is: 20971520 , layer_num is: 462 , node: 0
info: reduce-scatter forward pass collective issued for layer: mlp_row, involved dimensions:  1, 0, 0, 0, 0, 0, 0, 0, 0, 0,
***** info: fwd pass comm collective for layer: mlp_row is finished************
chunk size is: 20971520 , size is: 20971520 , layer_num is: 463 , node: 0
info: all-gather forward pass collective issued for layer: attention_column, involved dimensions:  1, 0, 0, 0, 0, 0, 0, 0, 0, 0,
***** info: fwd pass comm collective for layer: attention_column is finished************
chunk size is: 20971520 , size is: 20971520 , layer_num is: 464 , node: 0
info: reduce-scatter forward pass collective issued for layer: attention_row, involved dimensions:  1, 0, 0, 0, 0, 0, 0, 0, 0, 0,
***** info: fwd pass comm collective for layer: attention_row is finished************
chunk size is: 20971520 , size is: 20971520 , layer_num is: 465 , node: 0
info: all-gather forward pass collective issued for layer: mlp_column, involved dimensions:  1, 0, 0, 0, 0, 0, 0, 0, 0, 0,
***** info: fwd pass comm collective for layer: mlp_column is finished************
chunk size is: 20971520 , size is: 20971520 , layer_num is: 466 , node: 0
info: reduce-scatter forward pass collective issued for layer: mlp_row, involved dimensions:  1, 0, 0, 0, 0, 0, 0, 0, 0, 0,
***** info: fwd pass comm collective for layer: mlp_row is finished************
chunk size is: 20971520 , size is: 20971520 , layer_num is: 467 , node: 0
info: all-gather forward pass collective issued for layer: attention_column, involved dimensions:  1, 0, 0, 0, 0, 0, 0, 0, 0, 0,
***** info: fwd pass comm collective for layer: attention_column is finished************
chunk size is: 20971520 , size is: 20971520 , layer_num is: 468 , node: 0
info: reduce-scatter forward pass collective issued for layer: attention_row, involved dimensions:  1, 0, 0, 0, 0, 0, 0, 0, 0, 0,
***** info: fwd pass comm collective for layer: attention_row is finished************
chunk size is: 20971520 , size is: 20971520 , layer_num is: 469 , node: 0
info: all-gather forward pass collective issued for layer: mlp_column, involved dimensions:  1, 0, 0, 0, 0, 0, 0, 0, 0, 0,
***** info: fwd pass comm collective for layer: mlp_column is finished************
chunk size is: 20971520 , size is: 20971520 , layer_num is: 470 , node: 0
info: reduce-scatter forward pass collective issued for layer: mlp_row, involved dimensions:  1, 0, 0, 0, 0, 0, 0, 0, 0, 0,
***** info: fwd pass comm collective for layer: mlp_row is finished************
chunk size is: 20971520 , size is: 20971520 , layer_num is: 471 , node: 0
info: all-gather forward pass collective issued for layer: attention_column, involved dimensions:  1, 0, 0, 0, 0, 0, 0, 0, 0, 0,
***** info: fwd pass comm collective for layer: attention_column is finished************
chunk size is: 20971520 , size is: 20971520 , layer_num is: 472 , node: 0
info: reduce-scatter forward pass collective issued for layer: attention_row, involved dimensions:  1, 0, 0, 0, 0, 0, 0, 0, 0, 0,
***** info: fwd pass comm collective for layer: attention_row is finished************
chunk size is: 20971520 , size is: 20971520 , layer_num is: 473 , node: 0
info: all-gather forward pass collective issued for layer: mlp_column, involved dimensions:  1, 0, 0, 0, 0, 0, 0, 0, 0, 0,
***** info: fwd pass comm collective for layer: mlp_column is finished************
chunk size is: 20971520 , size is: 20971520 , layer_num is: 474 , node: 0
info: reduce-scatter forward pass collective issued for layer: mlp_row, involved dimensions:  1, 0, 0, 0, 0, 0, 0, 0, 0, 0,
***** info: fwd pass comm collective for layer: mlp_row is finished************
chunk size is: 20971520 , size is: 20971520 , layer_num is: 475 , node: 0
info: all-gather forward pass collective issued for layer: attention_column, involved dimensions:  1, 0, 0, 0, 0, 0, 0, 0, 0, 0,
***** info: fwd pass comm collective for layer: attention_column is finished************
chunk size is: 20971520 , size is: 20971520 , layer_num is: 476 , node: 0
info: reduce-scatter forward pass collective issued for layer: attention_row, involved dimensions:  1, 0, 0, 0, 0, 0, 0, 0, 0, 0,
***** info: fwd pass comm collective for layer: attention_row is finished************
chunk size is: 20971520 , size is: 20971520 , layer_num is: 477 , node: 0
info: all-gather forward pass collective issued for layer: mlp_column, involved dimensions:  1, 0, 0, 0, 0, 0, 0, 0, 0, 0,
***** info: fwd pass comm collective for layer: mlp_column is finished************
chunk size is: 20971520 , size is: 20971520 , layer_num is: 478 , node: 0
info: reduce-scatter forward pass collective issued for layer: mlp_row, involved dimensions:  1, 0, 0, 0, 0, 0, 0, 0, 0, 0,
***** info: fwd pass comm collective for layer: mlp_row is finished************
chunk size is: 20971520 , size is: 20971520 , layer_num is: 479 , node: 0
info: all-gather forward pass collective issued for layer: attention_column, involved dimensions:  1, 0, 0, 0, 0, 0, 0, 0, 0, 0,
***** info: fwd pass comm collective for layer: attention_column is finished************
chunk size is: 20971520 , size is: 20971520 , layer_num is: 480 , node: 0
info: reduce-scatter forward pass collective issued for layer: attention_row, involved dimensions:  1, 0, 0, 0, 0, 0, 0, 0, 0, 0,
***** info: fwd pass comm collective for layer: attention_row is finished************
chunk size is: 20971520 , size is: 20971520 , layer_num is: 481 , node: 0
info: all-gather forward pass collective issued for layer: mlp_column, involved dimensions:  1, 0, 0, 0, 0, 0, 0, 0, 0, 0,
***** info: fwd pass comm collective for layer: mlp_column is finished************
chunk size is: 20971520 , size is: 20971520 , layer_num is: 482 , node: 0
info: reduce-scatter forward pass collective issued for layer: mlp_row, involved dimensions:  1, 0, 0, 0, 0, 0, 0, 0, 0, 0,
***** info: fwd pass comm collective for layer: mlp_row is finished************
chunk size is: 20971520 , size is: 20971520 , layer_num is: 483 , node: 0
info: all-gather forward pass collective issued for layer: attention_column, involved dimensions:  1, 0, 0, 0, 0, 0, 0, 0, 0, 0,
***** info: fwd pass comm collective for layer: attention_column is finished************
chunk size is: 20971520 , size is: 20971520 , layer_num is: 484 , node: 0
info: reduce-scatter forward pass collective issued for layer: attention_row, involved dimensions:  1, 0, 0, 0, 0, 0, 0, 0, 0, 0,
***** info: fwd pass comm collective for layer: attention_row is finished************
chunk size is: 20971520 , size is: 20971520 , layer_num is: 485 , node: 0
info: all-gather forward pass collective issued for layer: mlp_column, involved dimensions:  1, 0, 0, 0, 0, 0, 0, 0, 0, 0,
***** info: fwd pass comm collective for layer: mlp_column is finished************
chunk size is: 20971520 , size is: 20971520 , layer_num is: 486 , node: 0
info: reduce-scatter forward pass collective issued for layer: mlp_row, involved dimensions:  1, 0, 0, 0, 0, 0, 0, 0, 0, 0,
***** info: fwd pass comm collective for layer: mlp_row is finished************
chunk size is: 20971520 , size is: 20971520 , layer_num is: 487 , node: 0
info: all-gather forward pass collective issued for layer: attention_column, involved dimensions:  1, 0, 0, 0, 0, 0, 0, 0, 0, 0,
***** info: fwd pass comm collective for layer: attention_column is finished************
chunk size is: 20971520 , size is: 20971520 , layer_num is: 488 , node: 0
info: reduce-scatter forward pass collective issued for layer: attention_row, involved dimensions:  1, 0, 0, 0, 0, 0, 0, 0, 0, 0,
***** info: fwd pass comm collective for layer: attention_row is finished************
chunk size is: 20971520 , size is: 20971520 , layer_num is: 489 , node: 0
info: all-gather forward pass collective issued for layer: mlp_column, involved dimensions:  1, 0, 0, 0, 0, 0, 0, 0, 0, 0,
***** info: fwd pass comm collective for layer: mlp_column is finished************
chunk size is: 20971520 , size is: 20971520 , layer_num is: 490 , node: 0
info: reduce-scatter forward pass collective issued for layer: mlp_row, involved dimensions:  1, 0, 0, 0, 0, 0, 0, 0, 0, 0,
***** info: fwd pass comm collective for layer: mlp_row is finished************
chunk size is: 20971520 , size is: 20971520 , layer_num is: 491 , node: 0
info: all-gather forward pass collective issued for layer: final_column, involved dimensions:  1, 0, 0, 0, 0, 0, 0, 0, 0, 0,
***** info: fwd pass comm collective for layer: final_column is finished************
chunk size is: 20971520 , size is: 20971520 , layer_num is: 492 , node: 0
info: all-reduce forward pass collective issued for layer: embedding_layer, involved dimensions:  1, 0, 0, 0, 0, 0, 0, 0, 0, 0,
***** info: fwd pass comm collective for layer: embedding_layer is finished************
chunk size is: 20971520 , size is: 20971520 , layer_num is: 493 , node: 0
info: all-gather forward pass collective issued for layer: attention_column, involved dimensions:  1, 0, 0, 0, 0, 0, 0, 0, 0, 0,
***** info: fwd pass comm collective for layer: attention_column is finished************
chunk size is: 20971520 , size is: 20971520 , layer_num is: 494 , node: 0
info: reduce-scatter forward pass collective issued for layer: attention_row, involved dimensions:  1, 0, 0, 0, 0, 0, 0, 0, 0, 0,
***** info: fwd pass comm collective for layer: attention_row is finished************
chunk size is: 20971520 , size is: 20971520 , layer_num is: 495 , node: 0
info: all-gather forward pass collective issued for layer: mlp_column, involved dimensions:  1, 0, 0, 0, 0, 0, 0, 0, 0, 0,
***** info: fwd pass comm collective for layer: mlp_column is finished************
chunk size is: 20971520 , size is: 20971520 , layer_num is: 496 , node: 0
info: reduce-scatter forward pass collective issued for layer: mlp_row, involved dimensions:  1, 0, 0, 0, 0, 0, 0, 0, 0, 0,
***** info: fwd pass comm collective for layer: mlp_row is finished************
chunk size is: 20971520 , size is: 20971520 , layer_num is: 497 , node: 0
info: all-gather forward pass collective issued for layer: attention_column, involved dimensions:  1, 0, 0, 0, 0, 0, 0, 0, 0, 0,
***** info: fwd pass comm collective for layer: attention_column is finished************
chunk size is: 20971520 , size is: 20971520 , layer_num is: 498 , node: 0
info: reduce-scatter forward pass collective issued for layer: attention_row, involved dimensions:  1, 0, 0, 0, 0, 0, 0, 0, 0, 0,
***** info: fwd pass comm collective for layer: attention_row is finished************
chunk size is: 20971520 , size is: 20971520 , layer_num is: 499 , node: 0
info: all-gather forward pass collective issued for layer: mlp_column, involved dimensions:  1, 0, 0, 0, 0, 0, 0, 0, 0, 0,
***** info: fwd pass comm collective for layer: mlp_column is finished************
chunk size is: 20971520 , size is: 20971520 , layer_num is: 500 , node: 0
info: reduce-scatter forward pass collective issued for layer: mlp_row, involved dimensions:  1, 0, 0, 0, 0, 0, 0, 0, 0, 0,
***** info: fwd pass comm collective for layer: mlp_row is finished************
chunk size is: 20971520 , size is: 20971520 , layer_num is: 501 , node: 0
info: all-gather forward pass collective issued for layer: attention_column, involved dimensions:  1, 0, 0, 0, 0, 0, 0, 0, 0, 0,
***** info: fwd pass comm collective for layer: attention_column is finished************
chunk size is: 20971520 , size is: 20971520 , layer_num is: 502 , node: 0
info: reduce-scatter forward pass collective issued for layer: attention_row, involved dimensions:  1, 0, 0, 0, 0, 0, 0, 0, 0, 0,
***** info: fwd pass comm collective for layer: attention_row is finished************
chunk size is: 20971520 , size is: 20971520 , layer_num is: 503 , node: 0
info: all-gather forward pass collective issued for layer: mlp_column, involved dimensions:  1, 0, 0, 0, 0, 0, 0, 0, 0, 0,
***** info: fwd pass comm collective for layer: mlp_column is finished************
chunk size is: 20971520 , size is: 20971520 , layer_num is: 504 , node: 0
info: reduce-scatter forward pass collective issued for layer: mlp_row, involved dimensions:  1, 0, 0, 0, 0, 0, 0, 0, 0, 0,
***** info: fwd pass comm collective for layer: mlp_row is finished************
chunk size is: 20971520 , size is: 20971520 , layer_num is: 505 , node: 0
info: all-gather forward pass collective issued for layer: attention_column, involved dimensions:  1, 0, 0, 0, 0, 0, 0, 0, 0, 0,
***** info: fwd pass comm collective for layer: attention_column is finished************
chunk size is: 20971520 , size is: 20971520 , layer_num is: 506 , node: 0
info: reduce-scatter forward pass collective issued for layer: attention_row, involved dimensions:  1, 0, 0, 0, 0, 0, 0, 0, 0, 0,
***** info: fwd pass comm collective for layer: attention_row is finished************
chunk size is: 20971520 , size is: 20971520 , layer_num is: 507 , node: 0
info: all-gather forward pass collective issued for layer: mlp_column, involved dimensions:  1, 0, 0, 0, 0, 0, 0, 0, 0, 0,
***** info: fwd pass comm collective for layer: mlp_column is finished************
chunk size is: 20971520 , size is: 20971520 , layer_num is: 508 , node: 0
info: reduce-scatter forward pass collective issued for layer: mlp_row, involved dimensions:  1, 0, 0, 0, 0, 0, 0, 0, 0, 0,
***** info: fwd pass comm collective for layer: mlp_row is finished************
chunk size is: 20971520 , size is: 20971520 , layer_num is: 509 , node: 0
info: all-gather forward pass collective issued for layer: attention_column, involved dimensions:  1, 0, 0, 0, 0, 0, 0, 0, 0, 0,
***** info: fwd pass comm collective for layer: attention_column is finished************
chunk size is: 20971520 , size is: 20971520 , layer_num is: 510 , node: 0
info: reduce-scatter forward pass collective issued for layer: attention_row, involved dimensions:  1, 0, 0, 0, 0, 0, 0, 0, 0, 0,
***** info: fwd pass comm collective for layer: attention_row is finished************
chunk size is: 20971520 , size is: 20971520 , layer_num is: 511 , node: 0
info: all-gather forward pass collective issued for layer: mlp_column, involved dimensions:  1, 0, 0, 0, 0, 0, 0, 0, 0, 0,
***** info: fwd pass comm collective for layer: mlp_column is finished************
chunk size is: 20971520 , size is: 20971520 , layer_num is: 512 , node: 0
info: reduce-scatter forward pass collective issued for layer: mlp_row, involved dimensions:  1, 0, 0, 0, 0, 0, 0, 0, 0, 0,
***** info: fwd pass comm collective for layer: mlp_row is finished************
chunk size is: 20971520 , size is: 20971520 , layer_num is: 513 , node: 0
info: all-gather forward pass collective issued for layer: attention_column, involved dimensions:  1, 0, 0, 0, 0, 0, 0, 0, 0, 0,
***** info: fwd pass comm collective for layer: attention_column is finished************
chunk size is: 20971520 , size is: 20971520 , layer_num is: 514 , node: 0
info: reduce-scatter forward pass collective issued for layer: attention_row, involved dimensions:  1, 0, 0, 0, 0, 0, 0, 0, 0, 0,
***** info: fwd pass comm collective for layer: attention_row is finished************
chunk size is: 20971520 , size is: 20971520 , layer_num is: 515 , node: 0
info: all-gather forward pass collective issued for layer: mlp_column, involved dimensions:  1, 0, 0, 0, 0, 0, 0, 0, 0, 0,
***** info: fwd pass comm collective for layer: mlp_column is finished************
chunk size is: 20971520 , size is: 20971520 , layer_num is: 516 , node: 0
info: reduce-scatter forward pass collective issued for layer: mlp_row, involved dimensions:  1, 0, 0, 0, 0, 0, 0, 0, 0, 0,
***** info: fwd pass comm collective for layer: mlp_row is finished************
chunk size is: 20971520 , size is: 20971520 , layer_num is: 517 , node: 0
info: all-gather forward pass collective issued for layer: attention_column, involved dimensions:  1, 0, 0, 0, 0, 0, 0, 0, 0, 0,
***** info: fwd pass comm collective for layer: attention_column is finished************
chunk size is: 20971520 , size is: 20971520 , layer_num is: 518 , node: 0
info: reduce-scatter forward pass collective issued for layer: attention_row, involved dimensions:  1, 0, 0, 0, 0, 0, 0, 0, 0, 0,
***** info: fwd pass comm collective for layer: attention_row is finished************
chunk size is: 20971520 , size is: 20971520 , layer_num is: 519 , node: 0
info: all-gather forward pass collective issued for layer: mlp_column, involved dimensions:  1, 0, 0, 0, 0, 0, 0, 0, 0, 0,
***** info: fwd pass comm collective for layer: mlp_column is finished************
chunk size is: 20971520 , size is: 20971520 , layer_num is: 520 , node: 0
info: reduce-scatter forward pass collective issued for layer: mlp_row, involved dimensions:  1, 0, 0, 0, 0, 0, 0, 0, 0, 0,
***** info: fwd pass comm collective for layer: mlp_row is finished************
chunk size is: 20971520 , size is: 20971520 , layer_num is: 521 , node: 0
info: all-gather forward pass collective issued for layer: attention_column, involved dimensions:  1, 0, 0, 0, 0, 0, 0, 0, 0, 0,
***** info: fwd pass comm collective for layer: attention_column is finished************
chunk size is: 20971520 , size is: 20971520 , layer_num is: 522 , node: 0
info: reduce-scatter forward pass collective issued for layer: attention_row, involved dimensions:  1, 0, 0, 0, 0, 0, 0, 0, 0, 0,
***** info: fwd pass comm collective for layer: attention_row is finished************
chunk size is: 20971520 , size is: 20971520 , layer_num is: 523 , node: 0
info: all-gather forward pass collective issued for layer: mlp_column, involved dimensions:  1, 0, 0, 0, 0, 0, 0, 0, 0, 0,
***** info: fwd pass comm collective for layer: mlp_column is finished************
chunk size is: 20971520 , size is: 20971520 , layer_num is: 524 , node: 0
info: reduce-scatter forward pass collective issued for layer: mlp_row, involved dimensions:  1, 0, 0, 0, 0, 0, 0, 0, 0, 0,
***** info: fwd pass comm collective for layer: mlp_row is finished************
chunk size is: 20971520 , size is: 20971520 , layer_num is: 525 , node: 0
info: all-gather forward pass collective issued for layer: attention_column, involved dimensions:  1, 0, 0, 0, 0, 0, 0, 0, 0, 0,
***** info: fwd pass comm collective for layer: attention_column is finished************
chunk size is: 20971520 , size is: 20971520 , layer_num is: 526 , node: 0
info: reduce-scatter forward pass collective issued for layer: attention_row, involved dimensions:  1, 0, 0, 0, 0, 0, 0, 0, 0, 0,
***** info: fwd pass comm collective for layer: attention_row is finished************
chunk size is: 20971520 , size is: 20971520 , layer_num is: 527 , node: 0
info: all-gather forward pass collective issued for layer: mlp_column, involved dimensions:  1, 0, 0, 0, 0, 0, 0, 0, 0, 0,
***** info: fwd pass comm collective for layer: mlp_column is finished************
chunk size is: 20971520 , size is: 20971520 , layer_num is: 528 , node: 0
info: reduce-scatter forward pass collective issued for layer: mlp_row, involved dimensions:  1, 0, 0, 0, 0, 0, 0, 0, 0, 0,
***** info: fwd pass comm collective for layer: mlp_row is finished************
chunk size is: 20971520 , size is: 20971520 , layer_num is: 529 , node: 0
info: all-gather forward pass collective issued for layer: attention_column, involved dimensions:  1, 0, 0, 0, 0, 0, 0, 0, 0, 0,
***** info: fwd pass comm collective for layer: attention_column is finished************
chunk size is: 20971520 , size is: 20971520 , layer_num is: 530 , node: 0
info: reduce-scatter forward pass collective issued for layer: attention_row, involved dimensions:  1, 0, 0, 0, 0, 0, 0, 0, 0, 0,
***** info: fwd pass comm collective for layer: attention_row is finished************
chunk size is: 20971520 , size is: 20971520 , layer_num is: 531 , node: 0
info: all-gather forward pass collective issued for layer: mlp_column, involved dimensions:  1, 0, 0, 0, 0, 0, 0, 0, 0, 0,
***** info: fwd pass comm collective for layer: mlp_column is finished************
chunk size is: 20971520 , size is: 20971520 , layer_num is: 532 , node: 0
info: reduce-scatter forward pass collective issued for layer: mlp_row, involved dimensions:  1, 0, 0, 0, 0, 0, 0, 0, 0, 0,
***** info: fwd pass comm collective for layer: mlp_row is finished************
chunk size is: 20971520 , size is: 20971520 , layer_num is: 533 , node: 0
info: all-gather forward pass collective issued for layer: attention_column, involved dimensions:  1, 0, 0, 0, 0, 0, 0, 0, 0, 0,
***** info: fwd pass comm collective for layer: attention_column is finished************
chunk size is: 20971520 , size is: 20971520 , layer_num is: 534 , node: 0
info: reduce-scatter forward pass collective issued for layer: attention_row, involved dimensions:  1, 0, 0, 0, 0, 0, 0, 0, 0, 0,
***** info: fwd pass comm collective for layer: attention_row is finished************
chunk size is: 20971520 , size is: 20971520 , layer_num is: 535 , node: 0
info: all-gather forward pass collective issued for layer: mlp_column, involved dimensions:  1, 0, 0, 0, 0, 0, 0, 0, 0, 0,
***** info: fwd pass comm collective for layer: mlp_column is finished************
chunk size is: 20971520 , size is: 20971520 , layer_num is: 536 , node: 0
info: reduce-scatter forward pass collective issued for layer: mlp_row, involved dimensions:  1, 0, 0, 0, 0, 0, 0, 0, 0, 0,
***** info: fwd pass comm collective for layer: mlp_row is finished************
chunk size is: 20971520 , size is: 20971520 , layer_num is: 537 , node: 0
info: all-gather forward pass collective issued for layer: attention_column, involved dimensions:  1, 0, 0, 0, 0, 0, 0, 0, 0, 0,
***** info: fwd pass comm collective for layer: attention_column is finished************
chunk size is: 20971520 , size is: 20971520 , layer_num is: 538 , node: 0
info: reduce-scatter forward pass collective issued for layer: attention_row, involved dimensions:  1, 0, 0, 0, 0, 0, 0, 0, 0, 0,
***** info: fwd pass comm collective for layer: attention_row is finished************
chunk size is: 20971520 , size is: 20971520 , layer_num is: 539 , node: 0
info: all-gather forward pass collective issued for layer: mlp_column, involved dimensions:  1, 0, 0, 0, 0, 0, 0, 0, 0, 0,
***** info: fwd pass comm collective for layer: mlp_column is finished************
chunk size is: 20971520 , size is: 20971520 , layer_num is: 540 , node: 0
info: reduce-scatter forward pass collective issued for layer: mlp_row, involved dimensions:  1, 0, 0, 0, 0, 0, 0, 0, 0, 0,
***** info: fwd pass comm collective for layer: mlp_row is finished************
chunk size is: 20971520 , size is: 20971520 , layer_num is: 541 , node: 0
info: all-gather forward pass collective issued for layer: attention_column, involved dimensions:  1, 0, 0, 0, 0, 0, 0, 0, 0, 0,
***** info: fwd pass comm collective for layer: attention_column is finished************
chunk size is: 20971520 , size is: 20971520 , layer_num is: 542 , node: 0
info: reduce-scatter forward pass collective issued for layer: attention_row, involved dimensions:  1, 0, 0, 0, 0, 0, 0, 0, 0, 0,
***** info: fwd pass comm collective for layer: attention_row is finished************
chunk size is: 20971520 , size is: 20971520 , layer_num is: 543 , node: 0
info: all-gather forward pass collective issued for layer: mlp_column, involved dimensions:  1, 0, 0, 0, 0, 0, 0, 0, 0, 0,
***** info: fwd pass comm collective for layer: mlp_column is finished************
chunk size is: 20971520 , size is: 20971520 , layer_num is: 544 , node: 0
info: reduce-scatter forward pass collective issued for layer: mlp_row, involved dimensions:  1, 0, 0, 0, 0, 0, 0, 0, 0, 0,
***** info: fwd pass comm collective for layer: mlp_row is finished************
chunk size is: 20971520 , size is: 20971520 , layer_num is: 545 , node: 0
info: all-gather forward pass collective issued for layer: attention_column, involved dimensions:  1, 0, 0, 0, 0, 0, 0, 0, 0, 0,
***** info: fwd pass comm collective for layer: attention_column is finished************
chunk size is: 20971520 , size is: 20971520 , layer_num is: 546 , node: 0
info: reduce-scatter forward pass collective issued for layer: attention_row, involved dimensions:  1, 0, 0, 0, 0, 0, 0, 0, 0, 0,
***** info: fwd pass comm collective for layer: attention_row is finished************
chunk size is: 20971520 , size is: 20971520 , layer_num is: 547 , node: 0
info: all-gather forward pass collective issued for layer: mlp_column, involved dimensions:  1, 0, 0, 0, 0, 0, 0, 0, 0, 0,
***** info: fwd pass comm collective for layer: mlp_column is finished************
chunk size is: 20971520 , size is: 20971520 , layer_num is: 548 , node: 0
info: reduce-scatter forward pass collective issued for layer: mlp_row, involved dimensions:  1, 0, 0, 0, 0, 0, 0, 0, 0, 0,
***** info: fwd pass comm collective for layer: mlp_row is finished************
chunk size is: 20971520 , size is: 20971520 , layer_num is: 549 , node: 0
info: all-gather forward pass collective issued for layer: attention_column, involved dimensions:  1, 0, 0, 0, 0, 0, 0, 0, 0, 0,
***** info: fwd pass comm collective for layer: attention_column is finished************
chunk size is: 20971520 , size is: 20971520 , layer_num is: 550 , node: 0
info: reduce-scatter forward pass collective issued for layer: attention_row, involved dimensions:  1, 0, 0, 0, 0, 0, 0, 0, 0, 0,
***** info: fwd pass comm collective for layer: attention_row is finished************
chunk size is: 20971520 , size is: 20971520 , layer_num is: 551 , node: 0
info: all-gather forward pass collective issued for layer: mlp_column, involved dimensions:  1, 0, 0, 0, 0, 0, 0, 0, 0, 0,
***** info: fwd pass comm collective for layer: mlp_column is finished************
chunk size is: 20971520 , size is: 20971520 , layer_num is: 552 , node: 0
info: reduce-scatter forward pass collective issued for layer: mlp_row, involved dimensions:  1, 0, 0, 0, 0, 0, 0, 0, 0, 0,
***** info: fwd pass comm collective for layer: mlp_row is finished************
chunk size is: 20971520 , size is: 20971520 , layer_num is: 553 , node: 0
info: all-gather forward pass collective issued for layer: attention_column, involved dimensions:  1, 0, 0, 0, 0, 0, 0, 0, 0, 0,
***** info: fwd pass comm collective for layer: attention_column is finished************
chunk size is: 20971520 , size is: 20971520 , layer_num is: 554 , node: 0
info: reduce-scatter forward pass collective issued for layer: attention_row, involved dimensions:  1, 0, 0, 0, 0, 0, 0, 0, 0, 0,
***** info: fwd pass comm collective for layer: attention_row is finished************
chunk size is: 20971520 , size is: 20971520 , layer_num is: 555 , node: 0
info: all-gather forward pass collective issued for layer: mlp_column, involved dimensions:  1, 0, 0, 0, 0, 0, 0, 0, 0, 0,
***** info: fwd pass comm collective for layer: mlp_column is finished************
chunk size is: 20971520 , size is: 20971520 , layer_num is: 556 , node: 0
info: reduce-scatter forward pass collective issued for layer: mlp_row, involved dimensions:  1, 0, 0, 0, 0, 0, 0, 0, 0, 0,
***** info: fwd pass comm collective for layer: mlp_row is finished************
chunk size is: 20971520 , size is: 20971520 , layer_num is: 557 , node: 0
info: all-gather forward pass collective issued for layer: attention_column, involved dimensions:  1, 0, 0, 0, 0, 0, 0, 0, 0, 0,
***** info: fwd pass comm collective for layer: attention_column is finished************
chunk size is: 20971520 , size is: 20971520 , layer_num is: 558 , node: 0
info: reduce-scatter forward pass collective issued for layer: attention_row, involved dimensions:  1, 0, 0, 0, 0, 0, 0, 0, 0, 0,
***** info: fwd pass comm collective for layer: attention_row is finished************
chunk size is: 20971520 , size is: 20971520 , layer_num is: 559 , node: 0
info: all-gather forward pass collective issued for layer: mlp_column, involved dimensions:  1, 0, 0, 0, 0, 0, 0, 0, 0, 0,
***** info: fwd pass comm collective for layer: mlp_column is finished************
chunk size is: 20971520 , size is: 20971520 , layer_num is: 560 , node: 0
info: reduce-scatter forward pass collective issued for layer: mlp_row, involved dimensions:  1, 0, 0, 0, 0, 0, 0, 0, 0, 0,
***** info: fwd pass comm collective for layer: mlp_row is finished************
chunk size is: 20971520 , size is: 20971520 , layer_num is: 561 , node: 0
info: all-gather forward pass collective issued for layer: attention_column, involved dimensions:  1, 0, 0, 0, 0, 0, 0, 0, 0, 0,
***** info: fwd pass comm collective for layer: attention_column is finished************
chunk size is: 20971520 , size is: 20971520 , layer_num is: 562 , node: 0
info: reduce-scatter forward pass collective issued for layer: attention_row, involved dimensions:  1, 0, 0, 0, 0, 0, 0, 0, 0, 0,
***** info: fwd pass comm collective for layer: attention_row is finished************
chunk size is: 20971520 , size is: 20971520 , layer_num is: 563 , node: 0
info: all-gather forward pass collective issued for layer: mlp_column, involved dimensions:  1, 0, 0, 0, 0, 0, 0, 0, 0, 0,
***** info: fwd pass comm collective for layer: mlp_column is finished************
chunk size is: 20971520 , size is: 20971520 , layer_num is: 564 , node: 0
info: reduce-scatter forward pass collective issued for layer: mlp_row, involved dimensions:  1, 0, 0, 0, 0, 0, 0, 0, 0, 0,
***** info: fwd pass comm collective for layer: mlp_row is finished************
chunk size is: 20971520 , size is: 20971520 , layer_num is: 565 , node: 0
info: all-gather forward pass collective issued for layer: attention_column, involved dimensions:  1, 0, 0, 0, 0, 0, 0, 0, 0, 0,
***** info: fwd pass comm collective for layer: attention_column is finished************
chunk size is: 20971520 , size is: 20971520 , layer_num is: 566 , node: 0
info: reduce-scatter forward pass collective issued for layer: attention_row, involved dimensions:  1, 0, 0, 0, 0, 0, 0, 0, 0, 0,
***** info: fwd pass comm collective for layer: attention_row is finished************
chunk size is: 20971520 , size is: 20971520 , layer_num is: 567 , node: 0
info: all-gather forward pass collective issued for layer: mlp_column, involved dimensions:  1, 0, 0, 0, 0, 0, 0, 0, 0, 0,
***** info: fwd pass comm collective for layer: mlp_column is finished************
chunk size is: 20971520 , size is: 20971520 , layer_num is: 568 , node: 0
info: reduce-scatter forward pass collective issued for layer: mlp_row, involved dimensions:  1, 0, 0, 0, 0, 0, 0, 0, 0, 0,
***** info: fwd pass comm collective for layer: mlp_row is finished************
chunk size is: 20971520 , size is: 20971520 , layer_num is: 569 , node: 0
info: all-gather forward pass collective issued for layer: attention_column, involved dimensions:  1, 0, 0, 0, 0, 0, 0, 0, 0, 0,
***** info: fwd pass comm collective for layer: attention_column is finished************
chunk size is: 20971520 , size is: 20971520 , layer_num is: 570 , node: 0
info: reduce-scatter forward pass collective issued for layer: attention_row, involved dimensions:  1, 0, 0, 0, 0, 0, 0, 0, 0, 0,
***** info: fwd pass comm collective for layer: attention_row is finished************
chunk size is: 20971520 , size is: 20971520 , layer_num is: 571 , node: 0
info: all-gather forward pass collective issued for layer: mlp_column, involved dimensions:  1, 0, 0, 0, 0, 0, 0, 0, 0, 0,
***** info: fwd pass comm collective for layer: mlp_column is finished************
chunk size is: 20971520 , size is: 20971520 , layer_num is: 572 , node: 0
info: reduce-scatter forward pass collective issued for layer: mlp_row, involved dimensions:  1, 0, 0, 0, 0, 0, 0, 0, 0, 0,
***** info: fwd pass comm collective for layer: mlp_row is finished************
chunk size is: 20971520 , size is: 20971520 , layer_num is: 573 , node: 0
info: all-gather forward pass collective issued for layer: attention_column, involved dimensions:  1, 0, 0, 0, 0, 0, 0, 0, 0, 0,
***** info: fwd pass comm collective for layer: attention_column is finished************
chunk size is: 20971520 , size is: 20971520 , layer_num is: 574 , node: 0
info: reduce-scatter forward pass collective issued for layer: attention_row, involved dimensions:  1, 0, 0, 0, 0, 0, 0, 0, 0, 0,
***** info: fwd pass comm collective for layer: attention_row is finished************
chunk size is: 20971520 , size is: 20971520 , layer_num is: 575 , node: 0
info: all-gather forward pass collective issued for layer: mlp_column, involved dimensions:  1, 0, 0, 0, 0, 0, 0, 0, 0, 0,
***** info: fwd pass comm collective for layer: mlp_column is finished************
chunk size is: 20971520 , size is: 20971520 , layer_num is: 576 , node: 0
info: reduce-scatter forward pass collective issued for layer: mlp_row, involved dimensions:  1, 0, 0, 0, 0, 0, 0, 0, 0, 0,
***** info: fwd pass comm collective for layer: mlp_row is finished************
chunk size is: 20971520 , size is: 20971520 , layer_num is: 577 , node: 0
info: all-gather forward pass collective issued for layer: attention_column, involved dimensions:  1, 0, 0, 0, 0, 0, 0, 0, 0, 0,
***** info: fwd pass comm collective for layer: attention_column is finished************
chunk size is: 20971520 , size is: 20971520 , layer_num is: 578 , node: 0
info: reduce-scatter forward pass collective issued for layer: attention_row, involved dimensions:  1, 0, 0, 0, 0, 0, 0, 0, 0, 0,
***** info: fwd pass comm collective for layer: attention_row is finished************
chunk size is: 20971520 , size is: 20971520 , layer_num is: 579 , node: 0
info: all-gather forward pass collective issued for layer: mlp_column, involved dimensions:  1, 0, 0, 0, 0, 0, 0, 0, 0, 0,
***** info: fwd pass comm collective for layer: mlp_column is finished************
chunk size is: 20971520 , size is: 20971520 , layer_num is: 580 , node: 0
info: reduce-scatter forward pass collective issued for layer: mlp_row, involved dimensions:  1, 0, 0, 0, 0, 0, 0, 0, 0, 0,
***** info: fwd pass comm collective for layer: mlp_row is finished************
chunk size is: 20971520 , size is: 20971520 , layer_num is: 581 , node: 0
info: all-gather forward pass collective issued for layer: attention_column, involved dimensions:  1, 0, 0, 0, 0, 0, 0, 0, 0, 0,
***** info: fwd pass comm collective for layer: attention_column is finished************
chunk size is: 20971520 , size is: 20971520 , layer_num is: 582 , node: 0
info: reduce-scatter forward pass collective issued for layer: attention_row, involved dimensions:  1, 0, 0, 0, 0, 0, 0, 0, 0, 0,
***** info: fwd pass comm collective for layer: attention_row is finished************
chunk size is: 20971520 , size is: 20971520 , layer_num is: 583 , node: 0
info: all-gather forward pass collective issued for layer: mlp_column, involved dimensions:  1, 0, 0, 0, 0, 0, 0, 0, 0, 0,
***** info: fwd pass comm collective for layer: mlp_column is finished************
chunk size is: 20971520 , size is: 20971520 , layer_num is: 584 , node: 0
info: reduce-scatter forward pass collective issued for layer: mlp_row, involved dimensions:  1, 0, 0, 0, 0, 0, 0, 0, 0, 0,
***** info: fwd pass comm collective for layer: mlp_row is finished************
chunk size is: 20971520 , size is: 20971520 , layer_num is: 585 , node: 0
info: all-gather forward pass collective issued for layer: attention_column, involved dimensions:  1, 0, 0, 0, 0, 0, 0, 0, 0, 0,
***** info: fwd pass comm collective for layer: attention_column is finished************
chunk size is: 20971520 , size is: 20971520 , layer_num is: 586 , node: 0
info: reduce-scatter forward pass collective issued for layer: attention_row, involved dimensions:  1, 0, 0, 0, 0, 0, 0, 0, 0, 0,
***** info: fwd pass comm collective for layer: attention_row is finished************
chunk size is: 20971520 , size is: 20971520 , layer_num is: 587 , node: 0
info: all-gather forward pass collective issued for layer: mlp_column, involved dimensions:  1, 0, 0, 0, 0, 0, 0, 0, 0, 0,
***** info: fwd pass comm collective for layer: mlp_column is finished************
chunk size is: 20971520 , size is: 20971520 , layer_num is: 588 , node: 0
info: reduce-scatter forward pass collective issued for layer: mlp_row, involved dimensions:  1, 0, 0, 0, 0, 0, 0, 0, 0, 0,
***** info: fwd pass comm collective for layer: mlp_row is finished************
chunk size is: 20971520 , size is: 20971520 , layer_num is: 589 , node: 0
info: all-gather forward pass collective issued for layer: attention_column, involved dimensions:  1, 0, 0, 0, 0, 0, 0, 0, 0, 0,
***** info: fwd pass comm collective for layer: attention_column is finished************
chunk size is: 20971520 , size is: 20971520 , layer_num is: 590 , node: 0
info: reduce-scatter forward pass collective issued for layer: attention_row, involved dimensions:  1, 0, 0, 0, 0, 0, 0, 0, 0, 0,
***** info: fwd pass comm collective for layer: attention_row is finished************
chunk size is: 20971520 , size is: 20971520 , layer_num is: 591 , node: 0
info: all-gather forward pass collective issued for layer: mlp_column, involved dimensions:  1, 0, 0, 0, 0, 0, 0, 0, 0, 0,
***** info: fwd pass comm collective for layer: mlp_column is finished************
chunk size is: 20971520 , size is: 20971520 , layer_num is: 592 , node: 0
info: reduce-scatter forward pass collective issued for layer: mlp_row, involved dimensions:  1, 0, 0, 0, 0, 0, 0, 0, 0, 0,
***** info: fwd pass comm collective for layer: mlp_row is finished************
chunk size is: 20971520 , size is: 20971520 , layer_num is: 593 , node: 0
info: all-gather forward pass collective issued for layer: attention_column, involved dimensions:  1, 0, 0, 0, 0, 0, 0, 0, 0, 0,
***** info: fwd pass comm collective for layer: attention_column is finished************
chunk size is: 20971520 , size is: 20971520 , layer_num is: 594 , node: 0
info: reduce-scatter forward pass collective issued for layer: attention_row, involved dimensions:  1, 0, 0, 0, 0, 0, 0, 0, 0, 0,
***** info: fwd pass comm collective for layer: attention_row is finished************
chunk size is: 20971520 , size is: 20971520 , layer_num is: 595 , node: 0
info: all-gather forward pass collective issued for layer: mlp_column, involved dimensions:  1, 0, 0, 0, 0, 0, 0, 0, 0, 0,
***** info: fwd pass comm collective for layer: mlp_column is finished************
chunk size is: 20971520 , size is: 20971520 , layer_num is: 596 , node: 0
info: reduce-scatter forward pass collective issued for layer: mlp_row, involved dimensions:  1, 0, 0, 0, 0, 0, 0, 0, 0, 0,
***** info: fwd pass comm collective for layer: mlp_row is finished************
chunk size is: 20971520 , size is: 20971520 , layer_num is: 597 , node: 0
info: all-gather forward pass collective issued for layer: attention_column, involved dimensions:  1, 0, 0, 0, 0, 0, 0, 0, 0, 0,
***** info: fwd pass comm collective for layer: attention_column is finished************
chunk size is: 20971520 , size is: 20971520 , layer_num is: 598 , node: 0
info: reduce-scatter forward pass collective issued for layer: attention_row, involved dimensions:  1, 0, 0, 0, 0, 0, 0, 0, 0, 0,
***** info: fwd pass comm collective for layer: attention_row is finished************
chunk size is: 20971520 , size is: 20971520 , layer_num is: 599 , node: 0
info: all-gather forward pass collective issued for layer: mlp_column, involved dimensions:  1, 0, 0, 0, 0, 0, 0, 0, 0, 0,
***** info: fwd pass comm collective for layer: mlp_column is finished************
chunk size is: 20971520 , size is: 20971520 , layer_num is: 600 , node: 0
info: reduce-scatter forward pass collective issued for layer: mlp_row, involved dimensions:  1, 0, 0, 0, 0, 0, 0, 0, 0, 0,
***** info: fwd pass comm collective for layer: mlp_row is finished************
chunk size is: 20971520 , size is: 20971520 , layer_num is: 601 , node: 0
info: all-gather forward pass collective issued for layer: attention_column, involved dimensions:  1, 0, 0, 0, 0, 0, 0, 0, 0, 0,
***** info: fwd pass comm collective for layer: attention_column is finished************
chunk size is: 20971520 , size is: 20971520 , layer_num is: 602 , node: 0
info: reduce-scatter forward pass collective issued for layer: attention_row, involved dimensions:  1, 0, 0, 0, 0, 0, 0, 0, 0, 0,
***** info: fwd pass comm collective for layer: attention_row is finished************
chunk size is: 20971520 , size is: 20971520 , layer_num is: 603 , node: 0
info: all-gather forward pass collective issued for layer: mlp_column, involved dimensions:  1, 0, 0, 0, 0, 0, 0, 0, 0, 0,
***** info: fwd pass comm collective for layer: mlp_column is finished************
chunk size is: 20971520 , size is: 20971520 , layer_num is: 604 , node: 0
info: reduce-scatter forward pass collective issued for layer: mlp_row, involved dimensions:  1, 0, 0, 0, 0, 0, 0, 0, 0, 0,
***** info: fwd pass comm collective for layer: mlp_row is finished************
chunk size is: 20971520 , size is: 20971520 , layer_num is: 605 , node: 0
info: all-gather forward pass collective issued for layer: attention_column, involved dimensions:  1, 0, 0, 0, 0, 0, 0, 0, 0, 0,
***** info: fwd pass comm collective for layer: attention_column is finished************
chunk size is: 20971520 , size is: 20971520 , layer_num is: 606 , node: 0
info: reduce-scatter forward pass collective issued for layer: attention_row, involved dimensions:  1, 0, 0, 0, 0, 0, 0, 0, 0, 0,
***** info: fwd pass comm collective for layer: attention_row is finished************
chunk size is: 20971520 , size is: 20971520 , layer_num is: 607 , node: 0
info: all-gather forward pass collective issued for layer: mlp_column, involved dimensions:  1, 0, 0, 0, 0, 0, 0, 0, 0, 0,
***** info: fwd pass comm collective for layer: mlp_column is finished************
chunk size is: 20971520 , size is: 20971520 , layer_num is: 608 , node: 0
info: reduce-scatter forward pass collective issued for layer: mlp_row, involved dimensions:  1, 0, 0, 0, 0, 0, 0, 0, 0, 0,
***** info: fwd pass comm collective for layer: mlp_row is finished************
chunk size is: 20971520 , size is: 20971520 , layer_num is: 609 , node: 0
info: all-gather forward pass collective issued for layer: attention_column, involved dimensions:  1, 0, 0, 0, 0, 0, 0, 0, 0, 0,
***** info: fwd pass comm collective for layer: attention_column is finished************
chunk size is: 20971520 , size is: 20971520 , layer_num is: 610 , node: 0
info: reduce-scatter forward pass collective issued for layer: attention_row, involved dimensions:  1, 0, 0, 0, 0, 0, 0, 0, 0, 0,
***** info: fwd pass comm collective for layer: attention_row is finished************
chunk size is: 20971520 , size is: 20971520 , layer_num is: 611 , node: 0
info: all-gather forward pass collective issued for layer: mlp_column, involved dimensions:  1, 0, 0, 0, 0, 0, 0, 0, 0, 0,
***** info: fwd pass comm collective for layer: mlp_column is finished************
chunk size is: 20971520 , size is: 20971520 , layer_num is: 612 , node: 0
info: reduce-scatter forward pass collective issued for layer: mlp_row, involved dimensions:  1, 0, 0, 0, 0, 0, 0, 0, 0, 0,
***** info: fwd pass comm collective for layer: mlp_row is finished************
chunk size is: 20971520 , size is: 20971520 , layer_num is: 613 , node: 0
info: all-gather forward pass collective issued for layer: attention_column, involved dimensions:  1, 0, 0, 0, 0, 0, 0, 0, 0, 0,
***** info: fwd pass comm collective for layer: attention_column is finished************
chunk size is: 20971520 , size is: 20971520 , layer_num is: 614 , node: 0
info: reduce-scatter forward pass collective issued for layer: attention_row, involved dimensions:  1, 0, 0, 0, 0, 0, 0, 0, 0, 0,
***** info: fwd pass comm collective for layer: attention_row is finished************
chunk size is: 20971520 , size is: 20971520 , layer_num is: 615 , node: 0
info: all-gather forward pass collective issued for layer: mlp_column, involved dimensions:  1, 0, 0, 0, 0, 0, 0, 0, 0, 0,
***** info: fwd pass comm collective for layer: mlp_column is finished************
chunk size is: 20971520 , size is: 20971520 , layer_num is: 616 , node: 0
info: reduce-scatter forward pass collective issued for layer: mlp_row, involved dimensions:  1, 0, 0, 0, 0, 0, 0, 0, 0, 0,
***** info: fwd pass comm collective for layer: mlp_row is finished************
chunk size is: 20971520 , size is: 20971520 , layer_num is: 617 , node: 0
info: all-gather forward pass collective issued for layer: attention_column, involved dimensions:  1, 0, 0, 0, 0, 0, 0, 0, 0, 0,
***** info: fwd pass comm collective for layer: attention_column is finished************
chunk size is: 20971520 , size is: 20971520 , layer_num is: 618 , node: 0
info: reduce-scatter forward pass collective issued for layer: attention_row, involved dimensions:  1, 0, 0, 0, 0, 0, 0, 0, 0, 0,
***** info: fwd pass comm collective for layer: attention_row is finished************
chunk size is: 20971520 , size is: 20971520 , layer_num is: 619 , node: 0
info: all-gather forward pass collective issued for layer: mlp_column, involved dimensions:  1, 0, 0, 0, 0, 0, 0, 0, 0, 0,
***** info: fwd pass comm collective for layer: mlp_column is finished************
chunk size is: 20971520 , size is: 20971520 , layer_num is: 620 , node: 0
info: reduce-scatter forward pass collective issued for layer: mlp_row, involved dimensions:  1, 0, 0, 0, 0, 0, 0, 0, 0, 0,
***** info: fwd pass comm collective for layer: mlp_row is finished************
chunk size is: 20971520 , size is: 20971520 , layer_num is: 621 , node: 0
info: all-gather forward pass collective issued for layer: attention_column, involved dimensions:  1, 0, 0, 0, 0, 0, 0, 0, 0, 0,
***** info: fwd pass comm collective for layer: attention_column is finished************
chunk size is: 20971520 , size is: 20971520 , layer_num is: 622 , node: 0
info: reduce-scatter forward pass collective issued for layer: attention_row, involved dimensions:  1, 0, 0, 0, 0, 0, 0, 0, 0, 0,
***** info: fwd pass comm collective for layer: attention_row is finished************
chunk size is: 20971520 , size is: 20971520 , layer_num is: 623 , node: 0
info: all-gather forward pass collective issued for layer: mlp_column, involved dimensions:  1, 0, 0, 0, 0, 0, 0, 0, 0, 0,
***** info: fwd pass comm collective for layer: mlp_column is finished************
chunk size is: 20971520 , size is: 20971520 , layer_num is: 624 , node: 0
info: reduce-scatter forward pass collective issued for layer: mlp_row, involved dimensions:  1, 0, 0, 0, 0, 0, 0, 0, 0, 0,
***** info: fwd pass comm collective for layer: mlp_row is finished************
chunk size is: 20971520 , size is: 20971520 , layer_num is: 625 , node: 0
info: all-gather forward pass collective issued for layer: attention_column, involved dimensions:  1, 0, 0, 0, 0, 0, 0, 0, 0, 0,
***** info: fwd pass comm collective for layer: attention_column is finished************
chunk size is: 20971520 , size is: 20971520 , layer_num is: 626 , node: 0
info: reduce-scatter forward pass collective issued for layer: attention_row, involved dimensions:  1, 0, 0, 0, 0, 0, 0, 0, 0, 0,
***** info: fwd pass comm collective for layer: attention_row is finished************
chunk size is: 20971520 , size is: 20971520 , layer_num is: 627 , node: 0
info: all-gather forward pass collective issued for layer: mlp_column, involved dimensions:  1, 0, 0, 0, 0, 0, 0, 0, 0, 0,
***** info: fwd pass comm collective for layer: mlp_column is finished************
chunk size is: 20971520 , size is: 20971520 , layer_num is: 628 , node: 0
info: reduce-scatter forward pass collective issued for layer: mlp_row, involved dimensions:  1, 0, 0, 0, 0, 0, 0, 0, 0, 0,
***** info: fwd pass comm collective for layer: mlp_row is finished************
chunk size is: 20971520 , size is: 20971520 , layer_num is: 629 , node: 0
info: all-gather forward pass collective issued for layer: attention_column, involved dimensions:  1, 0, 0, 0, 0, 0, 0, 0, 0, 0,
***** info: fwd pass comm collective for layer: attention_column is finished************
chunk size is: 20971520 , size is: 20971520 , layer_num is: 630 , node: 0
info: reduce-scatter forward pass collective issued for layer: attention_row, involved dimensions:  1, 0, 0, 0, 0, 0, 0, 0, 0, 0,
***** info: fwd pass comm collective for layer: attention_row is finished************
chunk size is: 20971520 , size is: 20971520 , layer_num is: 631 , node: 0
info: all-gather forward pass collective issued for layer: mlp_column, involved dimensions:  1, 0, 0, 0, 0, 0, 0, 0, 0, 0,
***** info: fwd pass comm collective for layer: mlp_column is finished************
chunk size is: 20971520 , size is: 20971520 , layer_num is: 632 , node: 0
info: reduce-scatter forward pass collective issued for layer: mlp_row, involved dimensions:  1, 0, 0, 0, 0, 0, 0, 0, 0, 0,
***** info: fwd pass comm collective for layer: mlp_row is finished************
chunk size is: 20971520 , size is: 20971520 , layer_num is: 633 , node: 0
info: all-gather forward pass collective issued for layer: attention_column, involved dimensions:  1, 0, 0, 0, 0, 0, 0, 0, 0, 0,
***** info: fwd pass comm collective for layer: attention_column is finished************
chunk size is: 20971520 , size is: 20971520 , layer_num is: 634 , node: 0
info: reduce-scatter forward pass collective issued for layer: attention_row, involved dimensions:  1, 0, 0, 0, 0, 0, 0, 0, 0, 0,
***** info: fwd pass comm collective for layer: attention_row is finished************
chunk size is: 20971520 , size is: 20971520 , layer_num is: 635 , node: 0
info: all-gather forward pass collective issued for layer: mlp_column, involved dimensions:  1, 0, 0, 0, 0, 0, 0, 0, 0, 0,
***** info: fwd pass comm collective for layer: mlp_column is finished************
chunk size is: 20971520 , size is: 20971520 , layer_num is: 636 , node: 0
info: reduce-scatter forward pass collective issued for layer: mlp_row, involved dimensions:  1, 0, 0, 0, 0, 0, 0, 0, 0, 0,
***** info: fwd pass comm collective for layer: mlp_row is finished************
chunk size is: 20971520 , size is: 20971520 , layer_num is: 637 , node: 0
info: all-gather forward pass collective issued for layer: attention_column, involved dimensions:  1, 0, 0, 0, 0, 0, 0, 0, 0, 0,
***** info: fwd pass comm collective for layer: attention_column is finished************
chunk size is: 20971520 , size is: 20971520 , layer_num is: 638 , node: 0
info: reduce-scatter forward pass collective issued for layer: attention_row, involved dimensions:  1, 0, 0, 0, 0, 0, 0, 0, 0, 0,
***** info: fwd pass comm collective for layer: attention_row is finished************
chunk size is: 20971520 , size is: 20971520 , layer_num is: 639 , node: 0
info: all-gather forward pass collective issued for layer: mlp_column, involved dimensions:  1, 0, 0, 0, 0, 0, 0, 0, 0, 0,
***** info: fwd pass comm collective for layer: mlp_column is finished************
chunk size is: 20971520 , size is: 20971520 , layer_num is: 640 , node: 0
info: reduce-scatter forward pass collective issued for layer: mlp_row, involved dimensions:  1, 0, 0, 0, 0, 0, 0, 0, 0, 0,
***** info: fwd pass comm collective for layer: mlp_row is finished************
chunk size is: 20971520 , size is: 20971520 , layer_num is: 641 , node: 0
info: all-gather forward pass collective issued for layer: attention_column, involved dimensions:  1, 0, 0, 0, 0, 0, 0, 0, 0, 0,
***** info: fwd pass comm collective for layer: attention_column is finished************
chunk size is: 20971520 , size is: 20971520 , layer_num is: 642 , node: 0
info: reduce-scatter forward pass collective issued for layer: attention_row, involved dimensions:  1, 0, 0, 0, 0, 0, 0, 0, 0, 0,
***** info: fwd pass comm collective for layer: attention_row is finished************
chunk size is: 20971520 , size is: 20971520 , layer_num is: 643 , node: 0
info: all-gather forward pass collective issued for layer: mlp_column, involved dimensions:  1, 0, 0, 0, 0, 0, 0, 0, 0, 0,
***** info: fwd pass comm collective for layer: mlp_column is finished************
chunk size is: 20971520 , size is: 20971520 , layer_num is: 644 , node: 0
info: reduce-scatter forward pass collective issued for layer: mlp_row, involved dimensions:  1, 0, 0, 0, 0, 0, 0, 0, 0, 0,
***** info: fwd pass comm collective for layer: mlp_row is finished************
chunk size is: 20971520 , size is: 20971520 , layer_num is: 645 , node: 0
info: all-gather forward pass collective issued for layer: attention_column, involved dimensions:  1, 0, 0, 0, 0, 0, 0, 0, 0, 0,
***** info: fwd pass comm collective for layer: attention_column is finished************
chunk size is: 20971520 , size is: 20971520 , layer_num is: 646 , node: 0
info: reduce-scatter forward pass collective issued for layer: attention_row, involved dimensions:  1, 0, 0, 0, 0, 0, 0, 0, 0, 0,
***** info: fwd pass comm collective for layer: attention_row is finished************
chunk size is: 20971520 , size is: 20971520 , layer_num is: 647 , node: 0
info: all-gather forward pass collective issued for layer: mlp_column, involved dimensions:  1, 0, 0, 0, 0, 0, 0, 0, 0, 0,
***** info: fwd pass comm collective for layer: mlp_column is finished************
chunk size is: 20971520 , size is: 20971520 , layer_num is: 648 , node: 0
info: reduce-scatter forward pass collective issued for layer: mlp_row, involved dimensions:  1, 0, 0, 0, 0, 0, 0, 0, 0, 0,
***** info: fwd pass comm collective for layer: mlp_row is finished************
chunk size is: 20971520 , size is: 20971520 , layer_num is: 649 , node: 0
info: all-gather forward pass collective issued for layer: attention_column, involved dimensions:  1, 0, 0, 0, 0, 0, 0, 0, 0, 0,
***** info: fwd pass comm collective for layer: attention_column is finished************
chunk size is: 20971520 , size is: 20971520 , layer_num is: 650 , node: 0
info: reduce-scatter forward pass collective issued for layer: attention_row, involved dimensions:  1, 0, 0, 0, 0, 0, 0, 0, 0, 0,
***** info: fwd pass comm collective for layer: attention_row is finished************
chunk size is: 20971520 , size is: 20971520 , layer_num is: 651 , node: 0
info: all-gather forward pass collective issued for layer: mlp_column, involved dimensions:  1, 0, 0, 0, 0, 0, 0, 0, 0, 0,
***** info: fwd pass comm collective for layer: mlp_column is finished************
chunk size is: 20971520 , size is: 20971520 , layer_num is: 652 , node: 0
info: reduce-scatter forward pass collective issued for layer: mlp_row, involved dimensions:  1, 0, 0, 0, 0, 0, 0, 0, 0, 0,
***** info: fwd pass comm collective for layer: mlp_row is finished************
chunk size is: 20971520 , size is: 20971520 , layer_num is: 653 , node: 0
info: all-gather forward pass collective issued for layer: final_column, involved dimensions:  1, 0, 0, 0, 0, 0, 0, 0, 0, 0,
***** info: fwd pass comm collective for layer: final_column is finished************
chunk size is: 20971520 , size is: 20971520 , layer_num is: 654 , node: 0
info: all-reduce forward pass collective issued for layer: embedding_layer, involved dimensions:  1, 0, 0, 0, 0, 0, 0, 0, 0, 0,
***** info: fwd pass comm collective for layer: embedding_layer is finished************
chunk size is: 20971520 , size is: 20971520 , layer_num is: 655 , node: 0
info: all-gather forward pass collective issued for layer: attention_column, involved dimensions:  1, 0, 0, 0, 0, 0, 0, 0, 0, 0,
***** info: fwd pass comm collective for layer: attention_column is finished************
chunk size is: 20971520 , size is: 20971520 , layer_num is: 656 , node: 0
info: reduce-scatter forward pass collective issued for layer: attention_row, involved dimensions:  1, 0, 0, 0, 0, 0, 0, 0, 0, 0,
***** info: fwd pass comm collective for layer: attention_row is finished************
chunk size is: 20971520 , size is: 20971520 , layer_num is: 657 , node: 0
info: all-gather forward pass collective issued for layer: mlp_column, involved dimensions:  1, 0, 0, 0, 0, 0, 0, 0, 0, 0,
***** info: fwd pass comm collective for layer: mlp_column is finished************
chunk size is: 20971520 , size is: 20971520 , layer_num is: 658 , node: 0
info: reduce-scatter forward pass collective issued for layer: mlp_row, involved dimensions:  1, 0, 0, 0, 0, 0, 0, 0, 0, 0,
***** info: fwd pass comm collective for layer: mlp_row is finished************
chunk size is: 20971520 , size is: 20971520 , layer_num is: 659 , node: 0
info: all-gather forward pass collective issued for layer: attention_column, involved dimensions:  1, 0, 0, 0, 0, 0, 0, 0, 0, 0,
***** info: fwd pass comm collective for layer: attention_column is finished************
chunk size is: 20971520 , size is: 20971520 , layer_num is: 660 , node: 0
info: reduce-scatter forward pass collective issued for layer: attention_row, involved dimensions:  1, 0, 0, 0, 0, 0, 0, 0, 0, 0,
***** info: fwd pass comm collective for layer: attention_row is finished************
chunk size is: 20971520 , size is: 20971520 , layer_num is: 661 , node: 0
info: all-gather forward pass collective issued for layer: mlp_column, involved dimensions:  1, 0, 0, 0, 0, 0, 0, 0, 0, 0,
***** info: fwd pass comm collective for layer: mlp_column is finished************
chunk size is: 20971520 , size is: 20971520 , layer_num is: 662 , node: 0
info: reduce-scatter forward pass collective issued for layer: mlp_row, involved dimensions:  1, 0, 0, 0, 0, 0, 0, 0, 0, 0,
***** info: fwd pass comm collective for layer: mlp_row is finished************
chunk size is: 20971520 , size is: 20971520 , layer_num is: 663 , node: 0
info: all-gather forward pass collective issued for layer: attention_column, involved dimensions:  1, 0, 0, 0, 0, 0, 0, 0, 0, 0,
***** info: fwd pass comm collective for layer: attention_column is finished************
chunk size is: 20971520 , size is: 20971520 , layer_num is: 664 , node: 0
info: reduce-scatter forward pass collective issued for layer: attention_row, involved dimensions:  1, 0, 0, 0, 0, 0, 0, 0, 0, 0,
***** info: fwd pass comm collective for layer: attention_row is finished************
chunk size is: 20971520 , size is: 20971520 , layer_num is: 665 , node: 0
info: all-gather forward pass collective issued for layer: mlp_column, involved dimensions:  1, 0, 0, 0, 0, 0, 0, 0, 0, 0,
***** info: fwd pass comm collective for layer: mlp_column is finished************
chunk size is: 20971520 , size is: 20971520 , layer_num is: 666 , node: 0
info: reduce-scatter forward pass collective issued for layer: mlp_row, involved dimensions:  1, 0, 0, 0, 0, 0, 0, 0, 0, 0,
***** info: fwd pass comm collective for layer: mlp_row is finished************
chunk size is: 20971520 , size is: 20971520 , layer_num is: 667 , node: 0
info: all-gather forward pass collective issued for layer: attention_column, involved dimensions:  1, 0, 0, 0, 0, 0, 0, 0, 0, 0,
***** info: fwd pass comm collective for layer: attention_column is finished************
chunk size is: 20971520 , size is: 20971520 , layer_num is: 668 , node: 0
info: reduce-scatter forward pass collective issued for layer: attention_row, involved dimensions:  1, 0, 0, 0, 0, 0, 0, 0, 0, 0,
***** info: fwd pass comm collective for layer: attention_row is finished************
chunk size is: 20971520 , size is: 20971520 , layer_num is: 669 , node: 0
info: all-gather forward pass collective issued for layer: mlp_column, involved dimensions:  1, 0, 0, 0, 0, 0, 0, 0, 0, 0,
***** info: fwd pass comm collective for layer: mlp_column is finished************
chunk size is: 20971520 , size is: 20971520 , layer_num is: 670 , node: 0
info: reduce-scatter forward pass collective issued for layer: mlp_row, involved dimensions:  1, 0, 0, 0, 0, 0, 0, 0, 0, 0,
***** info: fwd pass comm collective for layer: mlp_row is finished************
chunk size is: 20971520 , size is: 20971520 , layer_num is: 671 , node: 0
info: all-gather forward pass collective issued for layer: attention_column, involved dimensions:  1, 0, 0, 0, 0, 0, 0, 0, 0, 0,
***** info: fwd pass comm collective for layer: attention_column is finished************
chunk size is: 20971520 , size is: 20971520 , layer_num is: 672 , node: 0
info: reduce-scatter forward pass collective issued for layer: attention_row, involved dimensions:  1, 0, 0, 0, 0, 0, 0, 0, 0, 0,
***** info: fwd pass comm collective for layer: attention_row is finished************
chunk size is: 20971520 , size is: 20971520 , layer_num is: 673 , node: 0
info: all-gather forward pass collective issued for layer: mlp_column, involved dimensions:  1, 0, 0, 0, 0, 0, 0, 0, 0, 0,
***** info: fwd pass comm collective for layer: mlp_column is finished************
chunk size is: 20971520 , size is: 20971520 , layer_num is: 674 , node: 0
info: reduce-scatter forward pass collective issued for layer: mlp_row, involved dimensions:  1, 0, 0, 0, 0, 0, 0, 0, 0, 0,
***** info: fwd pass comm collective for layer: mlp_row is finished************
chunk size is: 20971520 , size is: 20971520 , layer_num is: 675 , node: 0
info: all-gather forward pass collective issued for layer: attention_column, involved dimensions:  1, 0, 0, 0, 0, 0, 0, 0, 0, 0,
***** info: fwd pass comm collective for layer: attention_column is finished************
chunk size is: 20971520 , size is: 20971520 , layer_num is: 676 , node: 0
info: reduce-scatter forward pass collective issued for layer: attention_row, involved dimensions:  1, 0, 0, 0, 0, 0, 0, 0, 0, 0,
***** info: fwd pass comm collective for layer: attention_row is finished************
chunk size is: 20971520 , size is: 20971520 , layer_num is: 677 , node: 0
info: all-gather forward pass collective issued for layer: mlp_column, involved dimensions:  1, 0, 0, 0, 0, 0, 0, 0, 0, 0,
***** info: fwd pass comm collective for layer: mlp_column is finished************
chunk size is: 20971520 , size is: 20971520 , layer_num is: 678 , node: 0
info: reduce-scatter forward pass collective issued for layer: mlp_row, involved dimensions:  1, 0, 0, 0, 0, 0, 0, 0, 0, 0,
***** info: fwd pass comm collective for layer: mlp_row is finished************
chunk size is: 20971520 , size is: 20971520 , layer_num is: 679 , node: 0
info: all-gather forward pass collective issued for layer: attention_column, involved dimensions:  1, 0, 0, 0, 0, 0, 0, 0, 0, 0,
***** info: fwd pass comm collective for layer: attention_column is finished************
chunk size is: 20971520 , size is: 20971520 , layer_num is: 680 , node: 0
info: reduce-scatter forward pass collective issued for layer: attention_row, involved dimensions:  1, 0, 0, 0, 0, 0, 0, 0, 0, 0,
***** info: fwd pass comm collective for layer: attention_row is finished************
chunk size is: 20971520 , size is: 20971520 , layer_num is: 681 , node: 0
info: all-gather forward pass collective issued for layer: mlp_column, involved dimensions:  1, 0, 0, 0, 0, 0, 0, 0, 0, 0,
***** info: fwd pass comm collective for layer: mlp_column is finished************
chunk size is: 20971520 , size is: 20971520 , layer_num is: 682 , node: 0
info: reduce-scatter forward pass collective issued for layer: mlp_row, involved dimensions:  1, 0, 0, 0, 0, 0, 0, 0, 0, 0,
***** info: fwd pass comm collective for layer: mlp_row is finished************
chunk size is: 20971520 , size is: 20971520 , layer_num is: 683 , node: 0
info: all-gather forward pass collective issued for layer: attention_column, involved dimensions:  1, 0, 0, 0, 0, 0, 0, 0, 0, 0,
***** info: fwd pass comm collective for layer: attention_column is finished************
chunk size is: 20971520 , size is: 20971520 , layer_num is: 684 , node: 0
info: reduce-scatter forward pass collective issued for layer: attention_row, involved dimensions:  1, 0, 0, 0, 0, 0, 0, 0, 0, 0,
***** info: fwd pass comm collective for layer: attention_row is finished************
chunk size is: 20971520 , size is: 20971520 , layer_num is: 685 , node: 0
info: all-gather forward pass collective issued for layer: mlp_column, involved dimensions:  1, 0, 0, 0, 0, 0, 0, 0, 0, 0,
***** info: fwd pass comm collective for layer: mlp_column is finished************
chunk size is: 20971520 , size is: 20971520 , layer_num is: 686 , node: 0
info: reduce-scatter forward pass collective issued for layer: mlp_row, involved dimensions:  1, 0, 0, 0, 0, 0, 0, 0, 0, 0,
***** info: fwd pass comm collective for layer: mlp_row is finished************
chunk size is: 20971520 , size is: 20971520 , layer_num is: 687 , node: 0
info: all-gather forward pass collective issued for layer: attention_column, involved dimensions:  1, 0, 0, 0, 0, 0, 0, 0, 0, 0,
***** info: fwd pass comm collective for layer: attention_column is finished************
chunk size is: 20971520 , size is: 20971520 , layer_num is: 688 , node: 0
info: reduce-scatter forward pass collective issued for layer: attention_row, involved dimensions:  1, 0, 0, 0, 0, 0, 0, 0, 0, 0,
***** info: fwd pass comm collective for layer: attention_row is finished************
chunk size is: 20971520 , size is: 20971520 , layer_num is: 689 , node: 0
info: all-gather forward pass collective issued for layer: mlp_column, involved dimensions:  1, 0, 0, 0, 0, 0, 0, 0, 0, 0,
***** info: fwd pass comm collective for layer: mlp_column is finished************
chunk size is: 20971520 , size is: 20971520 , layer_num is: 690 , node: 0
info: reduce-scatter forward pass collective issued for layer: mlp_row, involved dimensions:  1, 0, 0, 0, 0, 0, 0, 0, 0, 0,
***** info: fwd pass comm collective for layer: mlp_row is finished************
chunk size is: 20971520 , size is: 20971520 , layer_num is: 691 , node: 0
info: all-gather forward pass collective issued for layer: attention_column, involved dimensions:  1, 0, 0, 0, 0, 0, 0, 0, 0, 0,
***** info: fwd pass comm collective for layer: attention_column is finished************
chunk size is: 20971520 , size is: 20971520 , layer_num is: 692 , node: 0
info: reduce-scatter forward pass collective issued for layer: attention_row, involved dimensions:  1, 0, 0, 0, 0, 0, 0, 0, 0, 0,
***** info: fwd pass comm collective for layer: attention_row is finished************
chunk size is: 20971520 , size is: 20971520 , layer_num is: 693 , node: 0
info: all-gather forward pass collective issued for layer: mlp_column, involved dimensions:  1, 0, 0, 0, 0, 0, 0, 0, 0, 0,
***** info: fwd pass comm collective for layer: mlp_column is finished************
chunk size is: 20971520 , size is: 20971520 , layer_num is: 694 , node: 0
info: reduce-scatter forward pass collective issued for layer: mlp_row, involved dimensions:  1, 0, 0, 0, 0, 0, 0, 0, 0, 0,
***** info: fwd pass comm collective for layer: mlp_row is finished************
chunk size is: 20971520 , size is: 20971520 , layer_num is: 695 , node: 0
info: all-gather forward pass collective issued for layer: attention_column, involved dimensions:  1, 0, 0, 0, 0, 0, 0, 0, 0, 0,
***** info: fwd pass comm collective for layer: attention_column is finished************
chunk size is: 20971520 , size is: 20971520 , layer_num is: 696 , node: 0
info: reduce-scatter forward pass collective issued for layer: attention_row, involved dimensions:  1, 0, 0, 0, 0, 0, 0, 0, 0, 0,
***** info: fwd pass comm collective for layer: attention_row is finished************
chunk size is: 20971520 , size is: 20971520 , layer_num is: 697 , node: 0
info: all-gather forward pass collective issued for layer: mlp_column, involved dimensions:  1, 0, 0, 0, 0, 0, 0, 0, 0, 0,
***** info: fwd pass comm collective for layer: mlp_column is finished************
chunk size is: 20971520 , size is: 20971520 , layer_num is: 698 , node: 0
info: reduce-scatter forward pass collective issued for layer: mlp_row, involved dimensions:  1, 0, 0, 0, 0, 0, 0, 0, 0, 0,
***** info: fwd pass comm collective for layer: mlp_row is finished************
chunk size is: 20971520 , size is: 20971520 , layer_num is: 699 , node: 0
info: all-gather forward pass collective issued for layer: attention_column, involved dimensions:  1, 0, 0, 0, 0, 0, 0, 0, 0, 0,
***** info: fwd pass comm collective for layer: attention_column is finished************
chunk size is: 20971520 , size is: 20971520 , layer_num is: 700 , node: 0
info: reduce-scatter forward pass collective issued for layer: attention_row, involved dimensions:  1, 0, 0, 0, 0, 0, 0, 0, 0, 0,
***** info: fwd pass comm collective for layer: attention_row is finished************
chunk size is: 20971520 , size is: 20971520 , layer_num is: 701 , node: 0
info: all-gather forward pass collective issued for layer: mlp_column, involved dimensions:  1, 0, 0, 0, 0, 0, 0, 0, 0, 0,
***** info: fwd pass comm collective for layer: mlp_column is finished************
chunk size is: 20971520 , size is: 20971520 , layer_num is: 702 , node: 0
info: reduce-scatter forward pass collective issued for layer: mlp_row, involved dimensions:  1, 0, 0, 0, 0, 0, 0, 0, 0, 0,
***** info: fwd pass comm collective for layer: mlp_row is finished************
chunk size is: 20971520 , size is: 20971520 , layer_num is: 703 , node: 0
info: all-gather forward pass collective issued for layer: attention_column, involved dimensions:  1, 0, 0, 0, 0, 0, 0, 0, 0, 0,
***** info: fwd pass comm collective for layer: attention_column is finished************
chunk size is: 20971520 , size is: 20971520 , layer_num is: 704 , node: 0
info: reduce-scatter forward pass collective issued for layer: attention_row, involved dimensions:  1, 0, 0, 0, 0, 0, 0, 0, 0, 0,
***** info: fwd pass comm collective for layer: attention_row is finished************
chunk size is: 20971520 , size is: 20971520 , layer_num is: 705 , node: 0
info: all-gather forward pass collective issued for layer: mlp_column, involved dimensions:  1, 0, 0, 0, 0, 0, 0, 0, 0, 0,
***** info: fwd pass comm collective for layer: mlp_column is finished************
chunk size is: 20971520 , size is: 20971520 , layer_num is: 706 , node: 0
info: reduce-scatter forward pass collective issued for layer: mlp_row, involved dimensions:  1, 0, 0, 0, 0, 0, 0, 0, 0, 0,
***** info: fwd pass comm collective for layer: mlp_row is finished************
chunk size is: 20971520 , size is: 20971520 , layer_num is: 707 , node: 0
info: all-gather forward pass collective issued for layer: attention_column, involved dimensions:  1, 0, 0, 0, 0, 0, 0, 0, 0, 0,
***** info: fwd pass comm collective for layer: attention_column is finished************
chunk size is: 20971520 , size is: 20971520 , layer_num is: 708 , node: 0
info: reduce-scatter forward pass collective issued for layer: attention_row, involved dimensions:  1, 0, 0, 0, 0, 0, 0, 0, 0, 0,
***** info: fwd pass comm collective for layer: attention_row is finished************
chunk size is: 20971520 , size is: 20971520 , layer_num is: 709 , node: 0
info: all-gather forward pass collective issued for layer: mlp_column, involved dimensions:  1, 0, 0, 0, 0, 0, 0, 0, 0, 0,
***** info: fwd pass comm collective for layer: mlp_column is finished************
chunk size is: 20971520 , size is: 20971520 , layer_num is: 710 , node: 0
info: reduce-scatter forward pass collective issued for layer: mlp_row, involved dimensions:  1, 0, 0, 0, 0, 0, 0, 0, 0, 0,
***** info: fwd pass comm collective for layer: mlp_row is finished************
chunk size is: 20971520 , size is: 20971520 , layer_num is: 711 , node: 0
info: all-gather forward pass collective issued for layer: attention_column, involved dimensions:  1, 0, 0, 0, 0, 0, 0, 0, 0, 0,
***** info: fwd pass comm collective for layer: attention_column is finished************
chunk size is: 20971520 , size is: 20971520 , layer_num is: 712 , node: 0
info: reduce-scatter forward pass collective issued for layer: attention_row, involved dimensions:  1, 0, 0, 0, 0, 0, 0, 0, 0, 0,
***** info: fwd pass comm collective for layer: attention_row is finished************
chunk size is: 20971520 , size is: 20971520 , layer_num is: 713 , node: 0
info: all-gather forward pass collective issued for layer: mlp_column, involved dimensions:  1, 0, 0, 0, 0, 0, 0, 0, 0, 0,
***** info: fwd pass comm collective for layer: mlp_column is finished************
chunk size is: 20971520 , size is: 20971520 , layer_num is: 714 , node: 0
info: reduce-scatter forward pass collective issued for layer: mlp_row, involved dimensions:  1, 0, 0, 0, 0, 0, 0, 0, 0, 0,
***** info: fwd pass comm collective for layer: mlp_row is finished************
chunk size is: 20971520 , size is: 20971520 , layer_num is: 715 , node: 0
info: all-gather forward pass collective issued for layer: attention_column, involved dimensions:  1, 0, 0, 0, 0, 0, 0, 0, 0, 0,
***** info: fwd pass comm collective for layer: attention_column is finished************
chunk size is: 20971520 , size is: 20971520 , layer_num is: 716 , node: 0
info: reduce-scatter forward pass collective issued for layer: attention_row, involved dimensions:  1, 0, 0, 0, 0, 0, 0, 0, 0, 0,
***** info: fwd pass comm collective for layer: attention_row is finished************
chunk size is: 20971520 , size is: 20971520 , layer_num is: 717 , node: 0
info: all-gather forward pass collective issued for layer: mlp_column, involved dimensions:  1, 0, 0, 0, 0, 0, 0, 0, 0, 0,
***** info: fwd pass comm collective for layer: mlp_column is finished************
chunk size is: 20971520 , size is: 20971520 , layer_num is: 718 , node: 0
info: reduce-scatter forward pass collective issued for layer: mlp_row, involved dimensions:  1, 0, 0, 0, 0, 0, 0, 0, 0, 0,
***** info: fwd pass comm collective for layer: mlp_row is finished************
chunk size is: 20971520 , size is: 20971520 , layer_num is: 719 , node: 0
info: all-gather forward pass collective issued for layer: attention_column, involved dimensions:  1, 0, 0, 0, 0, 0, 0, 0, 0, 0,
***** info: fwd pass comm collective for layer: attention_column is finished************
chunk size is: 20971520 , size is: 20971520 , layer_num is: 720 , node: 0
info: reduce-scatter forward pass collective issued for layer: attention_row, involved dimensions:  1, 0, 0, 0, 0, 0, 0, 0, 0, 0,
***** info: fwd pass comm collective for layer: attention_row is finished************
chunk size is: 20971520 , size is: 20971520 , layer_num is: 721 , node: 0
info: all-gather forward pass collective issued for layer: mlp_column, involved dimensions:  1, 0, 0, 0, 0, 0, 0, 0, 0, 0,
***** info: fwd pass comm collective for layer: mlp_column is finished************
chunk size is: 20971520 , size is: 20971520 , layer_num is: 722 , node: 0
info: reduce-scatter forward pass collective issued for layer: mlp_row, involved dimensions:  1, 0, 0, 0, 0, 0, 0, 0, 0, 0,
***** info: fwd pass comm collective for layer: mlp_row is finished************
chunk size is: 20971520 , size is: 20971520 , layer_num is: 723 , node: 0
info: all-gather forward pass collective issued for layer: attention_column, involved dimensions:  1, 0, 0, 0, 0, 0, 0, 0, 0, 0,
***** info: fwd pass comm collective for layer: attention_column is finished************
chunk size is: 20971520 , size is: 20971520 , layer_num is: 724 , node: 0
info: reduce-scatter forward pass collective issued for layer: attention_row, involved dimensions:  1, 0, 0, 0, 0, 0, 0, 0, 0, 0,
***** info: fwd pass comm collective for layer: attention_row is finished************
chunk size is: 20971520 , size is: 20971520 , layer_num is: 725 , node: 0
info: all-gather forward pass collective issued for layer: mlp_column, involved dimensions:  1, 0, 0, 0, 0, 0, 0, 0, 0, 0,
***** info: fwd pass comm collective for layer: mlp_column is finished************
chunk size is: 20971520 , size is: 20971520 , layer_num is: 726 , node: 0
info: reduce-scatter forward pass collective issued for layer: mlp_row, involved dimensions:  1, 0, 0, 0, 0, 0, 0, 0, 0, 0,
***** info: fwd pass comm collective for layer: mlp_row is finished************
chunk size is: 20971520 , size is: 20971520 , layer_num is: 727 , node: 0
info: all-gather forward pass collective issued for layer: attention_column, involved dimensions:  1, 0, 0, 0, 0, 0, 0, 0, 0, 0,
***** info: fwd pass comm collective for layer: attention_column is finished************
chunk size is: 20971520 , size is: 20971520 , layer_num is: 728 , node: 0
info: reduce-scatter forward pass collective issued for layer: attention_row, involved dimensions:  1, 0, 0, 0, 0, 0, 0, 0, 0, 0,
***** info: fwd pass comm collective for layer: attention_row is finished************
chunk size is: 20971520 , size is: 20971520 , layer_num is: 729 , node: 0
info: all-gather forward pass collective issued for layer: mlp_column, involved dimensions:  1, 0, 0, 0, 0, 0, 0, 0, 0, 0,
***** info: fwd pass comm collective for layer: mlp_column is finished************
chunk size is: 20971520 , size is: 20971520 , layer_num is: 730 , node: 0
info: reduce-scatter forward pass collective issued for layer: mlp_row, involved dimensions:  1, 0, 0, 0, 0, 0, 0, 0, 0, 0,
***** info: fwd pass comm collective for layer: mlp_row is finished************
chunk size is: 20971520 , size is: 20971520 , layer_num is: 731 , node: 0
info: all-gather forward pass collective issued for layer: attention_column, involved dimensions:  1, 0, 0, 0, 0, 0, 0, 0, 0, 0,
***** info: fwd pass comm collective for layer: attention_column is finished************
chunk size is: 20971520 , size is: 20971520 , layer_num is: 732 , node: 0
info: reduce-scatter forward pass collective issued for layer: attention_row, involved dimensions:  1, 0, 0, 0, 0, 0, 0, 0, 0, 0,
***** info: fwd pass comm collective for layer: attention_row is finished************
chunk size is: 20971520 , size is: 20971520 , layer_num is: 733 , node: 0
info: all-gather forward pass collective issued for layer: mlp_column, involved dimensions:  1, 0, 0, 0, 0, 0, 0, 0, 0, 0,
***** info: fwd pass comm collective for layer: mlp_column is finished************
chunk size is: 20971520 , size is: 20971520 , layer_num is: 734 , node: 0
info: reduce-scatter forward pass collective issued for layer: mlp_row, involved dimensions:  1, 0, 0, 0, 0, 0, 0, 0, 0, 0,
***** info: fwd pass comm collective for layer: mlp_row is finished************
chunk size is: 20971520 , size is: 20971520 , layer_num is: 735 , node: 0
info: all-gather forward pass collective issued for layer: attention_column, involved dimensions:  1, 0, 0, 0, 0, 0, 0, 0, 0, 0,
***** info: fwd pass comm collective for layer: attention_column is finished************
chunk size is: 20971520 , size is: 20971520 , layer_num is: 736 , node: 0
info: reduce-scatter forward pass collective issued for layer: attention_row, involved dimensions:  1, 0, 0, 0, 0, 0, 0, 0, 0, 0,
***** info: fwd pass comm collective for layer: attention_row is finished************
chunk size is: 20971520 , size is: 20971520 , layer_num is: 737 , node: 0
info: all-gather forward pass collective issued for layer: mlp_column, involved dimensions:  1, 0, 0, 0, 0, 0, 0, 0, 0, 0,
***** info: fwd pass comm collective for layer: mlp_column is finished************
chunk size is: 20971520 , size is: 20971520 , layer_num is: 738 , node: 0
info: reduce-scatter forward pass collective issued for layer: mlp_row, involved dimensions:  1, 0, 0, 0, 0, 0, 0, 0, 0, 0,
***** info: fwd pass comm collective for layer: mlp_row is finished************
chunk size is: 20971520 , size is: 20971520 , layer_num is: 739 , node: 0
info: all-gather forward pass collective issued for layer: attention_column, involved dimensions:  1, 0, 0, 0, 0, 0, 0, 0, 0, 0,
***** info: fwd pass comm collective for layer: attention_column is finished************
chunk size is: 20971520 , size is: 20971520 , layer_num is: 740 , node: 0
info: reduce-scatter forward pass collective issued for layer: attention_row, involved dimensions:  1, 0, 0, 0, 0, 0, 0, 0, 0, 0,
***** info: fwd pass comm collective for layer: attention_row is finished************
chunk size is: 20971520 , size is: 20971520 , layer_num is: 741 , node: 0
info: all-gather forward pass collective issued for layer: mlp_column, involved dimensions:  1, 0, 0, 0, 0, 0, 0, 0, 0, 0,
***** info: fwd pass comm collective for layer: mlp_column is finished************
chunk size is: 20971520 , size is: 20971520 , layer_num is: 742 , node: 0
info: reduce-scatter forward pass collective issued for layer: mlp_row, involved dimensions:  1, 0, 0, 0, 0, 0, 0, 0, 0, 0,
***** info: fwd pass comm collective for layer: mlp_row is finished************
chunk size is: 20971520 , size is: 20971520 , layer_num is: 743 , node: 0
info: all-gather forward pass collective issued for layer: attention_column, involved dimensions:  1, 0, 0, 0, 0, 0, 0, 0, 0, 0,
***** info: fwd pass comm collective for layer: attention_column is finished************
chunk size is: 20971520 , size is: 20971520 , layer_num is: 744 , node: 0
info: reduce-scatter forward pass collective issued for layer: attention_row, involved dimensions:  1, 0, 0, 0, 0, 0, 0, 0, 0, 0,
***** info: fwd pass comm collective for layer: attention_row is finished************
chunk size is: 20971520 , size is: 20971520 , layer_num is: 745 , node: 0
info: all-gather forward pass collective issued for layer: mlp_column, involved dimensions:  1, 0, 0, 0, 0, 0, 0, 0, 0, 0,
***** info: fwd pass comm collective for layer: mlp_column is finished************
chunk size is: 20971520 , size is: 20971520 , layer_num is: 746 , node: 0
info: reduce-scatter forward pass collective issued for layer: mlp_row, involved dimensions:  1, 0, 0, 0, 0, 0, 0, 0, 0, 0,
***** info: fwd pass comm collective for layer: mlp_row is finished************
chunk size is: 20971520 , size is: 20971520 , layer_num is: 747 , node: 0
info: all-gather forward pass collective issued for layer: attention_column, involved dimensions:  1, 0, 0, 0, 0, 0, 0, 0, 0, 0,
***** info: fwd pass comm collective for layer: attention_column is finished************
chunk size is: 20971520 , size is: 20971520 , layer_num is: 748 , node: 0
info: reduce-scatter forward pass collective issued for layer: attention_row, involved dimensions:  1, 0, 0, 0, 0, 0, 0, 0, 0, 0,
***** info: fwd pass comm collective for layer: attention_row is finished************
chunk size is: 20971520 , size is: 20971520 , layer_num is: 749 , node: 0
info: all-gather forward pass collective issued for layer: mlp_column, involved dimensions:  1, 0, 0, 0, 0, 0, 0, 0, 0, 0,
***** info: fwd pass comm collective for layer: mlp_column is finished************
chunk size is: 20971520 , size is: 20971520 , layer_num is: 750 , node: 0
info: reduce-scatter forward pass collective issued for layer: mlp_row, involved dimensions:  1, 0, 0, 0, 0, 0, 0, 0, 0, 0,
***** info: fwd pass comm collective for layer: mlp_row is finished************
chunk size is: 20971520 , size is: 20971520 , layer_num is: 751 , node: 0
info: all-gather forward pass collective issued for layer: attention_column, involved dimensions:  1, 0, 0, 0, 0, 0, 0, 0, 0, 0,
***** info: fwd pass comm collective for layer: attention_column is finished************
chunk size is: 20971520 , size is: 20971520 , layer_num is: 752 , node: 0
info: reduce-scatter forward pass collective issued for layer: attention_row, involved dimensions:  1, 0, 0, 0, 0, 0, 0, 0, 0, 0,
***** info: fwd pass comm collective for layer: attention_row is finished************
chunk size is: 20971520 , size is: 20971520 , layer_num is: 753 , node: 0
info: all-gather forward pass collective issued for layer: mlp_column, involved dimensions:  1, 0, 0, 0, 0, 0, 0, 0, 0, 0,
***** info: fwd pass comm collective for layer: mlp_column is finished************
chunk size is: 20971520 , size is: 20971520 , layer_num is: 754 , node: 0
info: reduce-scatter forward pass collective issued for layer: mlp_row, involved dimensions:  1, 0, 0, 0, 0, 0, 0, 0, 0, 0,
***** info: fwd pass comm collective for layer: mlp_row is finished************
chunk size is: 20971520 , size is: 20971520 , layer_num is: 755 , node: 0
info: all-gather forward pass collective issued for layer: attention_column, involved dimensions:  1, 0, 0, 0, 0, 0, 0, 0, 0, 0,
***** info: fwd pass comm collective for layer: attention_column is finished************
chunk size is: 20971520 , size is: 20971520 , layer_num is: 756 , node: 0
info: reduce-scatter forward pass collective issued for layer: attention_row, involved dimensions:  1, 0, 0, 0, 0, 0, 0, 0, 0, 0,
***** info: fwd pass comm collective for layer: attention_row is finished************
chunk size is: 20971520 , size is: 20971520 , layer_num is: 757 , node: 0
info: all-gather forward pass collective issued for layer: mlp_column, involved dimensions:  1, 0, 0, 0, 0, 0, 0, 0, 0, 0,
***** info: fwd pass comm collective for layer: mlp_column is finished************
chunk size is: 20971520 , size is: 20971520 , layer_num is: 758 , node: 0
info: reduce-scatter forward pass collective issued for layer: mlp_row, involved dimensions:  1, 0, 0, 0, 0, 0, 0, 0, 0, 0,
***** info: fwd pass comm collective for layer: mlp_row is finished************
chunk size is: 20971520 , size is: 20971520 , layer_num is: 759 , node: 0
info: all-gather forward pass collective issued for layer: attention_column, involved dimensions:  1, 0, 0, 0, 0, 0, 0, 0, 0, 0,
***** info: fwd pass comm collective for layer: attention_column is finished************
chunk size is: 20971520 , size is: 20971520 , layer_num is: 760 , node: 0
info: reduce-scatter forward pass collective issued for layer: attention_row, involved dimensions:  1, 0, 0, 0, 0, 0, 0, 0, 0, 0,
***** info: fwd pass comm collective for layer: attention_row is finished************
chunk size is: 20971520 , size is: 20971520 , layer_num is: 761 , node: 0
info: all-gather forward pass collective issued for layer: mlp_column, involved dimensions:  1, 0, 0, 0, 0, 0, 0, 0, 0, 0,
***** info: fwd pass comm collective for layer: mlp_column is finished************
chunk size is: 20971520 , size is: 20971520 , layer_num is: 762 , node: 0
info: reduce-scatter forward pass collective issued for layer: mlp_row, involved dimensions:  1, 0, 0, 0, 0, 0, 0, 0, 0, 0,
***** info: fwd pass comm collective for layer: mlp_row is finished************
chunk size is: 20971520 , size is: 20971520 , layer_num is: 763 , node: 0
info: all-gather forward pass collective issued for layer: attention_column, involved dimensions:  1, 0, 0, 0, 0, 0, 0, 0, 0, 0,
***** info: fwd pass comm collective for layer: attention_column is finished************
chunk size is: 20971520 , size is: 20971520 , layer_num is: 764 , node: 0
info: reduce-scatter forward pass collective issued for layer: attention_row, involved dimensions:  1, 0, 0, 0, 0, 0, 0, 0, 0, 0,
***** info: fwd pass comm collective for layer: attention_row is finished************
chunk size is: 20971520 , size is: 20971520 , layer_num is: 765 , node: 0
info: all-gather forward pass collective issued for layer: mlp_column, involved dimensions:  1, 0, 0, 0, 0, 0, 0, 0, 0, 0,
***** info: fwd pass comm collective for layer: mlp_column is finished************
chunk size is: 20971520 , size is: 20971520 , layer_num is: 766 , node: 0
info: reduce-scatter forward pass collective issued for layer: mlp_row, involved dimensions:  1, 0, 0, 0, 0, 0, 0, 0, 0, 0,
***** info: fwd pass comm collective for layer: mlp_row is finished************
chunk size is: 20971520 , size is: 20971520 , layer_num is: 767 , node: 0
info: all-gather forward pass collective issued for layer: attention_column, involved dimensions:  1, 0, 0, 0, 0, 0, 0, 0, 0, 0,
***** info: fwd pass comm collective for layer: attention_column is finished************
chunk size is: 20971520 , size is: 20971520 , layer_num is: 768 , node: 0
info: reduce-scatter forward pass collective issued for layer: attention_row, involved dimensions:  1, 0, 0, 0, 0, 0, 0, 0, 0, 0,
***** info: fwd pass comm collective for layer: attention_row is finished************
chunk size is: 20971520 , size is: 20971520 , layer_num is: 769 , node: 0
info: all-gather forward pass collective issued for layer: mlp_column, involved dimensions:  1, 0, 0, 0, 0, 0, 0, 0, 0, 0,
***** info: fwd pass comm collective for layer: mlp_column is finished************
chunk size is: 20971520 , size is: 20971520 , layer_num is: 770 , node: 0
info: reduce-scatter forward pass collective issued for layer: mlp_row, involved dimensions:  1, 0, 0, 0, 0, 0, 0, 0, 0, 0,
***** info: fwd pass comm collective for layer: mlp_row is finished************
chunk size is: 20971520 , size is: 20971520 , layer_num is: 771 , node: 0
info: all-gather forward pass collective issued for layer: attention_column, involved dimensions:  1, 0, 0, 0, 0, 0, 0, 0, 0, 0,
***** info: fwd pass comm collective for layer: attention_column is finished************
chunk size is: 20971520 , size is: 20971520 , layer_num is: 772 , node: 0
info: reduce-scatter forward pass collective issued for layer: attention_row, involved dimensions:  1, 0, 0, 0, 0, 0, 0, 0, 0, 0,
***** info: fwd pass comm collective for layer: attention_row is finished************
chunk size is: 20971520 , size is: 20971520 , layer_num is: 773 , node: 0
info: all-gather forward pass collective issued for layer: mlp_column, involved dimensions:  1, 0, 0, 0, 0, 0, 0, 0, 0, 0,
***** info: fwd pass comm collective for layer: mlp_column is finished************
chunk size is: 20971520 , size is: 20971520 , layer_num is: 774 , node: 0
info: reduce-scatter forward pass collective issued for layer: mlp_row, involved dimensions:  1, 0, 0, 0, 0, 0, 0, 0, 0, 0,
***** info: fwd pass comm collective for layer: mlp_row is finished************
chunk size is: 20971520 , size is: 20971520 , layer_num is: 775 , node: 0
info: all-gather forward pass collective issued for layer: attention_column, involved dimensions:  1, 0, 0, 0, 0, 0, 0, 0, 0, 0,
***** info: fwd pass comm collective for layer: attention_column is finished************
chunk size is: 20971520 , size is: 20971520 , layer_num is: 776 , node: 0
info: reduce-scatter forward pass collective issued for layer: attention_row, involved dimensions:  1, 0, 0, 0, 0, 0, 0, 0, 0, 0,
***** info: fwd pass comm collective for layer: attention_row is finished************
chunk size is: 20971520 , size is: 20971520 , layer_num is: 777 , node: 0
info: all-gather forward pass collective issued for layer: mlp_column, involved dimensions:  1, 0, 0, 0, 0, 0, 0, 0, 0, 0,
***** info: fwd pass comm collective for layer: mlp_column is finished************
chunk size is: 20971520 , size is: 20971520 , layer_num is: 778 , node: 0
info: reduce-scatter forward pass collective issued for layer: mlp_row, involved dimensions:  1, 0, 0, 0, 0, 0, 0, 0, 0, 0,
***** info: fwd pass comm collective for layer: mlp_row is finished************
chunk size is: 20971520 , size is: 20971520 , layer_num is: 779 , node: 0
info: all-gather forward pass collective issued for layer: attention_column, involved dimensions:  1, 0, 0, 0, 0, 0, 0, 0, 0, 0,
***** info: fwd pass comm collective for layer: attention_column is finished************
chunk size is: 20971520 , size is: 20971520 , layer_num is: 780 , node: 0
info: reduce-scatter forward pass collective issued for layer: attention_row, involved dimensions:  1, 0, 0, 0, 0, 0, 0, 0, 0, 0,
***** info: fwd pass comm collective for layer: attention_row is finished************
chunk size is: 20971520 , size is: 20971520 , layer_num is: 781 , node: 0
info: all-gather forward pass collective issued for layer: mlp_column, involved dimensions:  1, 0, 0, 0, 0, 0, 0, 0, 0, 0,
***** info: fwd pass comm collective for layer: mlp_column is finished************
chunk size is: 20971520 , size is: 20971520 , layer_num is: 782 , node: 0
info: reduce-scatter forward pass collective issued for layer: mlp_row, involved dimensions:  1, 0, 0, 0, 0, 0, 0, 0, 0, 0,
***** info: fwd pass comm collective for layer: mlp_row is finished************
chunk size is: 20971520 , size is: 20971520 , layer_num is: 783 , node: 0
info: all-gather forward pass collective issued for layer: attention_column, involved dimensions:  1, 0, 0, 0, 0, 0, 0, 0, 0, 0,
***** info: fwd pass comm collective for layer: attention_column is finished************
chunk size is: 20971520 , size is: 20971520 , layer_num is: 784 , node: 0
info: reduce-scatter forward pass collective issued for layer: attention_row, involved dimensions:  1, 0, 0, 0, 0, 0, 0, 0, 0, 0,
***** info: fwd pass comm collective for layer: attention_row is finished************
chunk size is: 20971520 , size is: 20971520 , layer_num is: 785 , node: 0
info: all-gather forward pass collective issued for layer: mlp_column, involved dimensions:  1, 0, 0, 0, 0, 0, 0, 0, 0, 0,
***** info: fwd pass comm collective for layer: mlp_column is finished************
chunk size is: 20971520 , size is: 20971520 , layer_num is: 786 , node: 0
info: reduce-scatter forward pass collective issued for layer: mlp_row, involved dimensions:  1, 0, 0, 0, 0, 0, 0, 0, 0, 0,
***** info: fwd pass comm collective for layer: mlp_row is finished************
chunk size is: 20971520 , size is: 20971520 , layer_num is: 787 , node: 0
info: all-gather forward pass collective issued for layer: attention_column, involved dimensions:  1, 0, 0, 0, 0, 0, 0, 0, 0, 0,
***** info: fwd pass comm collective for layer: attention_column is finished************
chunk size is: 20971520 , size is: 20971520 , layer_num is: 788 , node: 0
info: reduce-scatter forward pass collective issued for layer: attention_row, involved dimensions:  1, 0, 0, 0, 0, 0, 0, 0, 0, 0,
***** info: fwd pass comm collective for layer: attention_row is finished************
chunk size is: 20971520 , size is: 20971520 , layer_num is: 789 , node: 0
info: all-gather forward pass collective issued for layer: mlp_column, involved dimensions:  1, 0, 0, 0, 0, 0, 0, 0, 0, 0,
***** info: fwd pass comm collective for layer: mlp_column is finished************
chunk size is: 20971520 , size is: 20971520 , layer_num is: 790 , node: 0
info: reduce-scatter forward pass collective issued for layer: mlp_row, involved dimensions:  1, 0, 0, 0, 0, 0, 0, 0, 0, 0,
***** info: fwd pass comm collective for layer: mlp_row is finished************
chunk size is: 20971520 , size is: 20971520 , layer_num is: 791 , node: 0
info: all-gather forward pass collective issued for layer: attention_column, involved dimensions:  1, 0, 0, 0, 0, 0, 0, 0, 0, 0,
***** info: fwd pass comm collective for layer: attention_column is finished************
chunk size is: 20971520 , size is: 20971520 , layer_num is: 792 , node: 0
info: reduce-scatter forward pass collective issued for layer: attention_row, involved dimensions:  1, 0, 0, 0, 0, 0, 0, 0, 0, 0,
***** info: fwd pass comm collective for layer: attention_row is finished************
chunk size is: 20971520 , size is: 20971520 , layer_num is: 793 , node: 0
info: all-gather forward pass collective issued for layer: mlp_column, involved dimensions:  1, 0, 0, 0, 0, 0, 0, 0, 0, 0,
***** info: fwd pass comm collective for layer: mlp_column is finished************
chunk size is: 20971520 , size is: 20971520 , layer_num is: 794 , node: 0
info: reduce-scatter forward pass collective issued for layer: mlp_row, involved dimensions:  1, 0, 0, 0, 0, 0, 0, 0, 0, 0,
***** info: fwd pass comm collective for layer: mlp_row is finished************
chunk size is: 20971520 , size is: 20971520 , layer_num is: 795 , node: 0
info: all-gather forward pass collective issued for layer: attention_column, involved dimensions:  1, 0, 0, 0, 0, 0, 0, 0, 0, 0,
***** info: fwd pass comm collective for layer: attention_column is finished************
chunk size is: 20971520 , size is: 20971520 , layer_num is: 796 , node: 0
info: reduce-scatter forward pass collective issued for layer: attention_row, involved dimensions:  1, 0, 0, 0, 0, 0, 0, 0, 0, 0,
***** info: fwd pass comm collective for layer: attention_row is finished************
chunk size is: 20971520 , size is: 20971520 , layer_num is: 797 , node: 0
info: all-gather forward pass collective issued for layer: mlp_column, involved dimensions:  1, 0, 0, 0, 0, 0, 0, 0, 0, 0,
***** info: fwd pass comm collective for layer: mlp_column is finished************
chunk size is: 20971520 , size is: 20971520 , layer_num is: 798 , node: 0
info: reduce-scatter forward pass collective issued for layer: mlp_row, involved dimensions:  1, 0, 0, 0, 0, 0, 0, 0, 0, 0,
***** info: fwd pass comm collective for layer: mlp_row is finished************
chunk size is: 20971520 , size is: 20971520 , layer_num is: 799 , node: 0
info: all-gather forward pass collective issued for layer: attention_column, involved dimensions:  1, 0, 0, 0, 0, 0, 0, 0, 0, 0,
***** info: fwd pass comm collective for layer: attention_column is finished************
chunk size is: 20971520 , size is: 20971520 , layer_num is: 800 , node: 0
info: reduce-scatter forward pass collective issued for layer: attention_row, involved dimensions:  1, 0, 0, 0, 0, 0, 0, 0, 0, 0,
***** info: fwd pass comm collective for layer: attention_row is finished************
chunk size is: 20971520 , size is: 20971520 , layer_num is: 801 , node: 0
info: all-gather forward pass collective issued for layer: mlp_column, involved dimensions:  1, 0, 0, 0, 0, 0, 0, 0, 0, 0,
***** info: fwd pass comm collective for layer: mlp_column is finished************
chunk size is: 20971520 , size is: 20971520 , layer_num is: 802 , node: 0
info: reduce-scatter forward pass collective issued for layer: mlp_row, involved dimensions:  1, 0, 0, 0, 0, 0, 0, 0, 0, 0,
***** info: fwd pass comm collective for layer: mlp_row is finished************
chunk size is: 20971520 , size is: 20971520 , layer_num is: 803 , node: 0
info: all-gather forward pass collective issued for layer: attention_column, involved dimensions:  1, 0, 0, 0, 0, 0, 0, 0, 0, 0,
***** info: fwd pass comm collective for layer: attention_column is finished************
chunk size is: 20971520 , size is: 20971520 , layer_num is: 804 , node: 0
info: reduce-scatter forward pass collective issued for layer: attention_row, involved dimensions:  1, 0, 0, 0, 0, 0, 0, 0, 0, 0,
***** info: fwd pass comm collective for layer: attention_row is finished************
chunk size is: 20971520 , size is: 20971520 , layer_num is: 805 , node: 0
info: all-gather forward pass collective issued for layer: mlp_column, involved dimensions:  1, 0, 0, 0, 0, 0, 0, 0, 0, 0,
***** info: fwd pass comm collective for layer: mlp_column is finished************
chunk size is: 20971520 , size is: 20971520 , layer_num is: 806 , node: 0
info: reduce-scatter forward pass collective issued for layer: mlp_row, involved dimensions:  1, 0, 0, 0, 0, 0, 0, 0, 0, 0,
***** info: fwd pass comm collective for layer: mlp_row is finished************
chunk size is: 20971520 , size is: 20971520 , layer_num is: 807 , node: 0
info: all-gather forward pass collective issued for layer: attention_column, involved dimensions:  1, 0, 0, 0, 0, 0, 0, 0, 0, 0,
***** info: fwd pass comm collective for layer: attention_column is finished************
chunk size is: 20971520 , size is: 20971520 , layer_num is: 808 , node: 0
info: reduce-scatter forward pass collective issued for layer: attention_row, involved dimensions:  1, 0, 0, 0, 0, 0, 0, 0, 0, 0,
***** info: fwd pass comm collective for layer: attention_row is finished************
chunk size is: 20971520 , size is: 20971520 , layer_num is: 809 , node: 0
info: all-gather forward pass collective issued for layer: mlp_column, involved dimensions:  1, 0, 0, 0, 0, 0, 0, 0, 0, 0,
***** info: fwd pass comm collective for layer: mlp_column is finished************
chunk size is: 20971520 , size is: 20971520 , layer_num is: 810 , node: 0
info: reduce-scatter forward pass collective issued for layer: mlp_row, involved dimensions:  1, 0, 0, 0, 0, 0, 0, 0, 0, 0,
***** info: fwd pass comm collective for layer: mlp_row is finished************
chunk size is: 20971520 , size is: 20971520 , layer_num is: 811 , node: 0
info: all-gather forward pass collective issued for layer: attention_column, involved dimensions:  1, 0, 0, 0, 0, 0, 0, 0, 0, 0,
***** info: fwd pass comm collective for layer: attention_column is finished************
chunk size is: 20971520 , size is: 20971520 , layer_num is: 812 , node: 0
info: reduce-scatter forward pass collective issued for layer: attention_row, involved dimensions:  1, 0, 0, 0, 0, 0, 0, 0, 0, 0,
***** info: fwd pass comm collective for layer: attention_row is finished************
chunk size is: 20971520 , size is: 20971520 , layer_num is: 813 , node: 0
info: all-gather forward pass collective issued for layer: mlp_column, involved dimensions:  1, 0, 0, 0, 0, 0, 0, 0, 0, 0,
***** info: fwd pass comm collective for layer: mlp_column is finished************
chunk size is: 20971520 , size is: 20971520 , layer_num is: 814 , node: 0
info: reduce-scatter forward pass collective issued for layer: mlp_row, involved dimensions:  1, 0, 0, 0, 0, 0, 0, 0, 0, 0,
***** info: fwd pass comm collective for layer: mlp_row is finished************
chunk size is: 20971520 , size is: 20971520 , layer_num is: 815 , node: 0
info: all-gather forward pass collective issued for layer: final_column, involved dimensions:  1, 0, 0, 0, 0, 0, 0, 0, 0, 0,
***** info: fwd pass comm collective for layer: final_column is finished************
chunk size is: 20971520 , size is: 20971520 , layer_num is: 816 , node: 0
info: all-reduce forward pass collective issued for layer: embedding_layer, involved dimensions:  1, 0, 0, 0, 0, 0, 0, 0, 0, 0,
***** info: fwd pass comm collective for layer: embedding_layer is finished************
chunk size is: 20971520 , size is: 20971520 , layer_num is: 817 , node: 0
info: all-gather forward pass collective issued for layer: attention_column, involved dimensions:  1, 0, 0, 0, 0, 0, 0, 0, 0, 0,
***** info: fwd pass comm collective for layer: attention_column is finished************
chunk size is: 20971520 , size is: 20971520 , layer_num is: 818 , node: 0
info: reduce-scatter forward pass collective issued for layer: attention_row, involved dimensions:  1, 0, 0, 0, 0, 0, 0, 0, 0, 0,
***** info: fwd pass comm collective for layer: attention_row is finished************
chunk size is: 20971520 , size is: 20971520 , layer_num is: 819 , node: 0
info: all-gather forward pass collective issued for layer: mlp_column, involved dimensions:  1, 0, 0, 0, 0, 0, 0, 0, 0, 0,
***** info: fwd pass comm collective for layer: mlp_column is finished************
chunk size is: 20971520 , size is: 20971520 , layer_num is: 820 , node: 0
info: reduce-scatter forward pass collective issued for layer: mlp_row, involved dimensions:  1, 0, 0, 0, 0, 0, 0, 0, 0, 0,
***** info: fwd pass comm collective for layer: mlp_row is finished************
chunk size is: 20971520 , size is: 20971520 , layer_num is: 821 , node: 0
info: all-gather forward pass collective issued for layer: attention_column, involved dimensions:  1, 0, 0, 0, 0, 0, 0, 0, 0, 0,
***** info: fwd pass comm collective for layer: attention_column is finished************
chunk size is: 20971520 , size is: 20971520 , layer_num is: 822 , node: 0
info: reduce-scatter forward pass collective issued for layer: attention_row, involved dimensions:  1, 0, 0, 0, 0, 0, 0, 0, 0, 0,
***** info: fwd pass comm collective for layer: attention_row is finished************
chunk size is: 20971520 , size is: 20971520 , layer_num is: 823 , node: 0
info: all-gather forward pass collective issued for layer: mlp_column, involved dimensions:  1, 0, 0, 0, 0, 0, 0, 0, 0, 0,
***** info: fwd pass comm collective for layer: mlp_column is finished************
chunk size is: 20971520 , size is: 20971520 , layer_num is: 824 , node: 0
info: reduce-scatter forward pass collective issued for layer: mlp_row, involved dimensions:  1, 0, 0, 0, 0, 0, 0, 0, 0, 0,
***** info: fwd pass comm collective for layer: mlp_row is finished************
chunk size is: 20971520 , size is: 20971520 , layer_num is: 825 , node: 0
info: all-gather forward pass collective issued for layer: attention_column, involved dimensions:  1, 0, 0, 0, 0, 0, 0, 0, 0, 0,
***** info: fwd pass comm collective for layer: attention_column is finished************
chunk size is: 20971520 , size is: 20971520 , layer_num is: 826 , node: 0
info: reduce-scatter forward pass collective issued for layer: attention_row, involved dimensions:  1, 0, 0, 0, 0, 0, 0, 0, 0, 0,
***** info: fwd pass comm collective for layer: attention_row is finished************
chunk size is: 20971520 , size is: 20971520 , layer_num is: 827 , node: 0
info: all-gather forward pass collective issued for layer: mlp_column, involved dimensions:  1, 0, 0, 0, 0, 0, 0, 0, 0, 0,
***** info: fwd pass comm collective for layer: mlp_column is finished************
chunk size is: 20971520 , size is: 20971520 , layer_num is: 828 , node: 0
info: reduce-scatter forward pass collective issued for layer: mlp_row, involved dimensions:  1, 0, 0, 0, 0, 0, 0, 0, 0, 0,
***** info: fwd pass comm collective for layer: mlp_row is finished************
chunk size is: 20971520 , size is: 20971520 , layer_num is: 829 , node: 0
info: all-gather forward pass collective issued for layer: attention_column, involved dimensions:  1, 0, 0, 0, 0, 0, 0, 0, 0, 0,
***** info: fwd pass comm collective for layer: attention_column is finished************
chunk size is: 20971520 , size is: 20971520 , layer_num is: 830 , node: 0
info: reduce-scatter forward pass collective issued for layer: attention_row, involved dimensions:  1, 0, 0, 0, 0, 0, 0, 0, 0, 0,
***** info: fwd pass comm collective for layer: attention_row is finished************
chunk size is: 20971520 , size is: 20971520 , layer_num is: 831 , node: 0
info: all-gather forward pass collective issued for layer: mlp_column, involved dimensions:  1, 0, 0, 0, 0, 0, 0, 0, 0, 0,
***** info: fwd pass comm collective for layer: mlp_column is finished************
chunk size is: 20971520 , size is: 20971520 , layer_num is: 832 , node: 0
info: reduce-scatter forward pass collective issued for layer: mlp_row, involved dimensions:  1, 0, 0, 0, 0, 0, 0, 0, 0, 0,
***** info: fwd pass comm collective for layer: mlp_row is finished************
chunk size is: 20971520 , size is: 20971520 , layer_num is: 833 , node: 0
info: all-gather forward pass collective issued for layer: attention_column, involved dimensions:  1, 0, 0, 0, 0, 0, 0, 0, 0, 0,
***** info: fwd pass comm collective for layer: attention_column is finished************
chunk size is: 20971520 , size is: 20971520 , layer_num is: 834 , node: 0
info: reduce-scatter forward pass collective issued for layer: attention_row, involved dimensions:  1, 0, 0, 0, 0, 0, 0, 0, 0, 0,
***** info: fwd pass comm collective for layer: attention_row is finished************
chunk size is: 20971520 , size is: 20971520 , layer_num is: 835 , node: 0
info: all-gather forward pass collective issued for layer: mlp_column, involved dimensions:  1, 0, 0, 0, 0, 0, 0, 0, 0, 0,
***** info: fwd pass comm collective for layer: mlp_column is finished************
chunk size is: 20971520 , size is: 20971520 , layer_num is: 836 , node: 0
info: reduce-scatter forward pass collective issued for layer: mlp_row, involved dimensions:  1, 0, 0, 0, 0, 0, 0, 0, 0, 0,
***** info: fwd pass comm collective for layer: mlp_row is finished************
chunk size is: 20971520 , size is: 20971520 , layer_num is: 837 , node: 0
info: all-gather forward pass collective issued for layer: attention_column, involved dimensions:  1, 0, 0, 0, 0, 0, 0, 0, 0, 0,
***** info: fwd pass comm collective for layer: attention_column is finished************
chunk size is: 20971520 , size is: 20971520 , layer_num is: 838 , node: 0
info: reduce-scatter forward pass collective issued for layer: attention_row, involved dimensions:  1, 0, 0, 0, 0, 0, 0, 0, 0, 0,
***** info: fwd pass comm collective for layer: attention_row is finished************
chunk size is: 20971520 , size is: 20971520 , layer_num is: 839 , node: 0
info: all-gather forward pass collective issued for layer: mlp_column, involved dimensions:  1, 0, 0, 0, 0, 0, 0, 0, 0, 0,
***** info: fwd pass comm collective for layer: mlp_column is finished************
chunk size is: 20971520 , size is: 20971520 , layer_num is: 840 , node: 0
info: reduce-scatter forward pass collective issued for layer: mlp_row, involved dimensions:  1, 0, 0, 0, 0, 0, 0, 0, 0, 0,
***** info: fwd pass comm collective for layer: mlp_row is finished************
chunk size is: 20971520 , size is: 20971520 , layer_num is: 841 , node: 0
info: all-gather forward pass collective issued for layer: attention_column, involved dimensions:  1, 0, 0, 0, 0, 0, 0, 0, 0, 0,
***** info: fwd pass comm collective for layer: attention_column is finished************
chunk size is: 20971520 , size is: 20971520 , layer_num is: 842 , node: 0
info: reduce-scatter forward pass collective issued for layer: attention_row, involved dimensions:  1, 0, 0, 0, 0, 0, 0, 0, 0, 0,
***** info: fwd pass comm collective for layer: attention_row is finished************
chunk size is: 20971520 , size is: 20971520 , layer_num is: 843 , node: 0
info: all-gather forward pass collective issued for layer: mlp_column, involved dimensions:  1, 0, 0, 0, 0, 0, 0, 0, 0, 0,
***** info: fwd pass comm collective for layer: mlp_column is finished************
chunk size is: 20971520 , size is: 20971520 , layer_num is: 844 , node: 0
info: reduce-scatter forward pass collective issued for layer: mlp_row, involved dimensions:  1, 0, 0, 0, 0, 0, 0, 0, 0, 0,
***** info: fwd pass comm collective for layer: mlp_row is finished************
chunk size is: 20971520 , size is: 20971520 , layer_num is: 845 , node: 0
info: all-gather forward pass collective issued for layer: attention_column, involved dimensions:  1, 0, 0, 0, 0, 0, 0, 0, 0, 0,
***** info: fwd pass comm collective for layer: attention_column is finished************
chunk size is: 20971520 , size is: 20971520 , layer_num is: 846 , node: 0
info: reduce-scatter forward pass collective issued for layer: attention_row, involved dimensions:  1, 0, 0, 0, 0, 0, 0, 0, 0, 0,
***** info: fwd pass comm collective for layer: attention_row is finished************
chunk size is: 20971520 , size is: 20971520 , layer_num is: 847 , node: 0
info: all-gather forward pass collective issued for layer: mlp_column, involved dimensions:  1, 0, 0, 0, 0, 0, 0, 0, 0, 0,
***** info: fwd pass comm collective for layer: mlp_column is finished************
chunk size is: 20971520 , size is: 20971520 , layer_num is: 848 , node: 0
info: reduce-scatter forward pass collective issued for layer: mlp_row, involved dimensions:  1, 0, 0, 0, 0, 0, 0, 0, 0, 0,
***** info: fwd pass comm collective for layer: mlp_row is finished************
chunk size is: 20971520 , size is: 20971520 , layer_num is: 849 , node: 0
info: all-gather forward pass collective issued for layer: attention_column, involved dimensions:  1, 0, 0, 0, 0, 0, 0, 0, 0, 0,
***** info: fwd pass comm collective for layer: attention_column is finished************
chunk size is: 20971520 , size is: 20971520 , layer_num is: 850 , node: 0
info: reduce-scatter forward pass collective issued for layer: attention_row, involved dimensions:  1, 0, 0, 0, 0, 0, 0, 0, 0, 0,
***** info: fwd pass comm collective for layer: attention_row is finished************
chunk size is: 20971520 , size is: 20971520 , layer_num is: 851 , node: 0
info: all-gather forward pass collective issued for layer: mlp_column, involved dimensions:  1, 0, 0, 0, 0, 0, 0, 0, 0, 0,
***** info: fwd pass comm collective for layer: mlp_column is finished************
chunk size is: 20971520 , size is: 20971520 , layer_num is: 852 , node: 0
info: reduce-scatter forward pass collective issued for layer: mlp_row, involved dimensions:  1, 0, 0, 0, 0, 0, 0, 0, 0, 0,
***** info: fwd pass comm collective for layer: mlp_row is finished************
chunk size is: 20971520 , size is: 20971520 , layer_num is: 853 , node: 0
info: all-gather forward pass collective issued for layer: attention_column, involved dimensions:  1, 0, 0, 0, 0, 0, 0, 0, 0, 0,
***** info: fwd pass comm collective for layer: attention_column is finished************
chunk size is: 20971520 , size is: 20971520 , layer_num is: 854 , node: 0
info: reduce-scatter forward pass collective issued for layer: attention_row, involved dimensions:  1, 0, 0, 0, 0, 0, 0, 0, 0, 0,
***** info: fwd pass comm collective for layer: attention_row is finished************
chunk size is: 20971520 , size is: 20971520 , layer_num is: 855 , node: 0
info: all-gather forward pass collective issued for layer: mlp_column, involved dimensions:  1, 0, 0, 0, 0, 0, 0, 0, 0, 0,
***** info: fwd pass comm collective for layer: mlp_column is finished************
chunk size is: 20971520 , size is: 20971520 , layer_num is: 856 , node: 0
info: reduce-scatter forward pass collective issued for layer: mlp_row, involved dimensions:  1, 0, 0, 0, 0, 0, 0, 0, 0, 0,
***** info: fwd pass comm collective for layer: mlp_row is finished************
chunk size is: 20971520 , size is: 20971520 , layer_num is: 857 , node: 0
info: all-gather forward pass collective issued for layer: attention_column, involved dimensions:  1, 0, 0, 0, 0, 0, 0, 0, 0, 0,
***** info: fwd pass comm collective for layer: attention_column is finished************
chunk size is: 20971520 , size is: 20971520 , layer_num is: 858 , node: 0
info: reduce-scatter forward pass collective issued for layer: attention_row, involved dimensions:  1, 0, 0, 0, 0, 0, 0, 0, 0, 0,
***** info: fwd pass comm collective for layer: attention_row is finished************
chunk size is: 20971520 , size is: 20971520 , layer_num is: 859 , node: 0
info: all-gather forward pass collective issued for layer: mlp_column, involved dimensions:  1, 0, 0, 0, 0, 0, 0, 0, 0, 0,
***** info: fwd pass comm collective for layer: mlp_column is finished************
chunk size is: 20971520 , size is: 20971520 , layer_num is: 860 , node: 0
info: reduce-scatter forward pass collective issued for layer: mlp_row, involved dimensions:  1, 0, 0, 0, 0, 0, 0, 0, 0, 0,
***** info: fwd pass comm collective for layer: mlp_row is finished************
chunk size is: 20971520 , size is: 20971520 , layer_num is: 861 , node: 0
info: all-gather forward pass collective issued for layer: attention_column, involved dimensions:  1, 0, 0, 0, 0, 0, 0, 0, 0, 0,
***** info: fwd pass comm collective for layer: attention_column is finished************
chunk size is: 20971520 , size is: 20971520 , layer_num is: 862 , node: 0
info: reduce-scatter forward pass collective issued for layer: attention_row, involved dimensions:  1, 0, 0, 0, 0, 0, 0, 0, 0, 0,
***** info: fwd pass comm collective for layer: attention_row is finished************
chunk size is: 20971520 , size is: 20971520 , layer_num is: 863 , node: 0
info: all-gather forward pass collective issued for layer: mlp_column, involved dimensions:  1, 0, 0, 0, 0, 0, 0, 0, 0, 0,
***** info: fwd pass comm collective for layer: mlp_column is finished************
chunk size is: 20971520 , size is: 20971520 , layer_num is: 864 , node: 0
info: reduce-scatter forward pass collective issued for layer: mlp_row, involved dimensions:  1, 0, 0, 0, 0, 0, 0, 0, 0, 0,
***** info: fwd pass comm collective for layer: mlp_row is finished************
chunk size is: 20971520 , size is: 20971520 , layer_num is: 865 , node: 0
info: all-gather forward pass collective issued for layer: attention_column, involved dimensions:  1, 0, 0, 0, 0, 0, 0, 0, 0, 0,
***** info: fwd pass comm collective for layer: attention_column is finished************
chunk size is: 20971520 , size is: 20971520 , layer_num is: 866 , node: 0
info: reduce-scatter forward pass collective issued for layer: attention_row, involved dimensions:  1, 0, 0, 0, 0, 0, 0, 0, 0, 0,
***** info: fwd pass comm collective for layer: attention_row is finished************
chunk size is: 20971520 , size is: 20971520 , layer_num is: 867 , node: 0
info: all-gather forward pass collective issued for layer: mlp_column, involved dimensions:  1, 0, 0, 0, 0, 0, 0, 0, 0, 0,
***** info: fwd pass comm collective for layer: mlp_column is finished************
chunk size is: 20971520 , size is: 20971520 , layer_num is: 868 , node: 0
info: reduce-scatter forward pass collective issued for layer: mlp_row, involved dimensions:  1, 0, 0, 0, 0, 0, 0, 0, 0, 0,
***** info: fwd pass comm collective for layer: mlp_row is finished************
chunk size is: 20971520 , size is: 20971520 , layer_num is: 869 , node: 0
info: all-gather forward pass collective issued for layer: attention_column, involved dimensions:  1, 0, 0, 0, 0, 0, 0, 0, 0, 0,
***** info: fwd pass comm collective for layer: attention_column is finished************
chunk size is: 20971520 , size is: 20971520 , layer_num is: 870 , node: 0
info: reduce-scatter forward pass collective issued for layer: attention_row, involved dimensions:  1, 0, 0, 0, 0, 0, 0, 0, 0, 0,
***** info: fwd pass comm collective for layer: attention_row is finished************
chunk size is: 20971520 , size is: 20971520 , layer_num is: 871 , node: 0
info: all-gather forward pass collective issued for layer: mlp_column, involved dimensions:  1, 0, 0, 0, 0, 0, 0, 0, 0, 0,
***** info: fwd pass comm collective for layer: mlp_column is finished************
chunk size is: 20971520 , size is: 20971520 , layer_num is: 872 , node: 0
info: reduce-scatter forward pass collective issued for layer: mlp_row, involved dimensions:  1, 0, 0, 0, 0, 0, 0, 0, 0, 0,
***** info: fwd pass comm collective for layer: mlp_row is finished************
chunk size is: 20971520 , size is: 20971520 , layer_num is: 873 , node: 0
info: all-gather forward pass collective issued for layer: attention_column, involved dimensions:  1, 0, 0, 0, 0, 0, 0, 0, 0, 0,
***** info: fwd pass comm collective for layer: attention_column is finished************
chunk size is: 20971520 , size is: 20971520 , layer_num is: 874 , node: 0
info: reduce-scatter forward pass collective issued for layer: attention_row, involved dimensions:  1, 0, 0, 0, 0, 0, 0, 0, 0, 0,
***** info: fwd pass comm collective for layer: attention_row is finished************
chunk size is: 20971520 , size is: 20971520 , layer_num is: 875 , node: 0
info: all-gather forward pass collective issued for layer: mlp_column, involved dimensions:  1, 0, 0, 0, 0, 0, 0, 0, 0, 0,
***** info: fwd pass comm collective for layer: mlp_column is finished************
chunk size is: 20971520 , size is: 20971520 , layer_num is: 876 , node: 0
info: reduce-scatter forward pass collective issued for layer: mlp_row, involved dimensions:  1, 0, 0, 0, 0, 0, 0, 0, 0, 0,
***** info: fwd pass comm collective for layer: mlp_row is finished************
chunk size is: 20971520 , size is: 20971520 , layer_num is: 877 , node: 0
info: all-gather forward pass collective issued for layer: attention_column, involved dimensions:  1, 0, 0, 0, 0, 0, 0, 0, 0, 0,
***** info: fwd pass comm collective for layer: attention_column is finished************
chunk size is: 20971520 , size is: 20971520 , layer_num is: 878 , node: 0
info: reduce-scatter forward pass collective issued for layer: attention_row, involved dimensions:  1, 0, 0, 0, 0, 0, 0, 0, 0, 0,
***** info: fwd pass comm collective for layer: attention_row is finished************
chunk size is: 20971520 , size is: 20971520 , layer_num is: 879 , node: 0
info: all-gather forward pass collective issued for layer: mlp_column, involved dimensions:  1, 0, 0, 0, 0, 0, 0, 0, 0, 0,
***** info: fwd pass comm collective for layer: mlp_column is finished************
chunk size is: 20971520 , size is: 20971520 , layer_num is: 880 , node: 0
info: reduce-scatter forward pass collective issued for layer: mlp_row, involved dimensions:  1, 0, 0, 0, 0, 0, 0, 0, 0, 0,
***** info: fwd pass comm collective for layer: mlp_row is finished************
chunk size is: 20971520 , size is: 20971520 , layer_num is: 881 , node: 0
info: all-gather forward pass collective issued for layer: attention_column, involved dimensions:  1, 0, 0, 0, 0, 0, 0, 0, 0, 0,
***** info: fwd pass comm collective for layer: attention_column is finished************
chunk size is: 20971520 , size is: 20971520 , layer_num is: 882 , node: 0
info: reduce-scatter forward pass collective issued for layer: attention_row, involved dimensions:  1, 0, 0, 0, 0, 0, 0, 0, 0, 0,
***** info: fwd pass comm collective for layer: attention_row is finished************
chunk size is: 20971520 , size is: 20971520 , layer_num is: 883 , node: 0
info: all-gather forward pass collective issued for layer: mlp_column, involved dimensions:  1, 0, 0, 0, 0, 0, 0, 0, 0, 0,
***** info: fwd pass comm collective for layer: mlp_column is finished************
chunk size is: 20971520 , size is: 20971520 , layer_num is: 884 , node: 0
info: reduce-scatter forward pass collective issued for layer: mlp_row, involved dimensions:  1, 0, 0, 0, 0, 0, 0, 0, 0, 0,
***** info: fwd pass comm collective for layer: mlp_row is finished************
chunk size is: 20971520 , size is: 20971520 , layer_num is: 885 , node: 0
info: all-gather forward pass collective issued for layer: attention_column, involved dimensions:  1, 0, 0, 0, 0, 0, 0, 0, 0, 0,
***** info: fwd pass comm collective for layer: attention_column is finished************
chunk size is: 20971520 , size is: 20971520 , layer_num is: 886 , node: 0
info: reduce-scatter forward pass collective issued for layer: attention_row, involved dimensions:  1, 0, 0, 0, 0, 0, 0, 0, 0, 0,
***** info: fwd pass comm collective for layer: attention_row is finished************
chunk size is: 20971520 , size is: 20971520 , layer_num is: 887 , node: 0
info: all-gather forward pass collective issued for layer: mlp_column, involved dimensions:  1, 0, 0, 0, 0, 0, 0, 0, 0, 0,
***** info: fwd pass comm collective for layer: mlp_column is finished************
chunk size is: 20971520 , size is: 20971520 , layer_num is: 888 , node: 0
info: reduce-scatter forward pass collective issued for layer: mlp_row, involved dimensions:  1, 0, 0, 0, 0, 0, 0, 0, 0, 0,
***** info: fwd pass comm collective for layer: mlp_row is finished************
chunk size is: 20971520 , size is: 20971520 , layer_num is: 889 , node: 0
info: all-gather forward pass collective issued for layer: attention_column, involved dimensions:  1, 0, 0, 0, 0, 0, 0, 0, 0, 0,
***** info: fwd pass comm collective for layer: attention_column is finished************
chunk size is: 20971520 , size is: 20971520 , layer_num is: 890 , node: 0
info: reduce-scatter forward pass collective issued for layer: attention_row, involved dimensions:  1, 0, 0, 0, 0, 0, 0, 0, 0, 0,
***** info: fwd pass comm collective for layer: attention_row is finished************
chunk size is: 20971520 , size is: 20971520 , layer_num is: 891 , node: 0
info: all-gather forward pass collective issued for layer: mlp_column, involved dimensions:  1, 0, 0, 0, 0, 0, 0, 0, 0, 0,
***** info: fwd pass comm collective for layer: mlp_column is finished************
chunk size is: 20971520 , size is: 20971520 , layer_num is: 892 , node: 0
info: reduce-scatter forward pass collective issued for layer: mlp_row, involved dimensions:  1, 0, 0, 0, 0, 0, 0, 0, 0, 0,
***** info: fwd pass comm collective for layer: mlp_row is finished************
chunk size is: 20971520 , size is: 20971520 , layer_num is: 893 , node: 0
info: all-gather forward pass collective issued for layer: attention_column, involved dimensions:  1, 0, 0, 0, 0, 0, 0, 0, 0, 0,
***** info: fwd pass comm collective for layer: attention_column is finished************
chunk size is: 20971520 , size is: 20971520 , layer_num is: 894 , node: 0
info: reduce-scatter forward pass collective issued for layer: attention_row, involved dimensions:  1, 0, 0, 0, 0, 0, 0, 0, 0, 0,
***** info: fwd pass comm collective for layer: attention_row is finished************
chunk size is: 20971520 , size is: 20971520 , layer_num is: 895 , node: 0
info: all-gather forward pass collective issued for layer: mlp_column, involved dimensions:  1, 0, 0, 0, 0, 0, 0, 0, 0, 0,
***** info: fwd pass comm collective for layer: mlp_column is finished************
chunk size is: 20971520 , size is: 20971520 , layer_num is: 896 , node: 0
info: reduce-scatter forward pass collective issued for layer: mlp_row, involved dimensions:  1, 0, 0, 0, 0, 0, 0, 0, 0, 0,
***** info: fwd pass comm collective for layer: mlp_row is finished************
chunk size is: 20971520 , size is: 20971520 , layer_num is: 897 , node: 0
info: all-gather forward pass collective issued for layer: attention_column, involved dimensions:  1, 0, 0, 0, 0, 0, 0, 0, 0, 0,
***** info: fwd pass comm collective for layer: attention_column is finished************
chunk size is: 20971520 , size is: 20971520 , layer_num is: 898 , node: 0
info: reduce-scatter forward pass collective issued for layer: attention_row, involved dimensions:  1, 0, 0, 0, 0, 0, 0, 0, 0, 0,
***** info: fwd pass comm collective for layer: attention_row is finished************
chunk size is: 20971520 , size is: 20971520 , layer_num is: 899 , node: 0
info: all-gather forward pass collective issued for layer: mlp_column, involved dimensions:  1, 0, 0, 0, 0, 0, 0, 0, 0, 0,
***** info: fwd pass comm collective for layer: mlp_column is finished************
chunk size is: 20971520 , size is: 20971520 , layer_num is: 900 , node: 0
info: reduce-scatter forward pass collective issued for layer: mlp_row, involved dimensions:  1, 0, 0, 0, 0, 0, 0, 0, 0, 0,
***** info: fwd pass comm collective for layer: mlp_row is finished************
chunk size is: 20971520 , size is: 20971520 , layer_num is: 901 , node: 0
info: all-gather forward pass collective issued for layer: attention_column, involved dimensions:  1, 0, 0, 0, 0, 0, 0, 0, 0, 0,
***** info: fwd pass comm collective for layer: attention_column is finished************
chunk size is: 20971520 , size is: 20971520 , layer_num is: 902 , node: 0
info: reduce-scatter forward pass collective issued for layer: attention_row, involved dimensions:  1, 0, 0, 0, 0, 0, 0, 0, 0, 0,
***** info: fwd pass comm collective for layer: attention_row is finished************
chunk size is: 20971520 , size is: 20971520 , layer_num is: 903 , node: 0
info: all-gather forward pass collective issued for layer: mlp_column, involved dimensions:  1, 0, 0, 0, 0, 0, 0, 0, 0, 0,
***** info: fwd pass comm collective for layer: mlp_column is finished************
chunk size is: 20971520 , size is: 20971520 , layer_num is: 904 , node: 0
info: reduce-scatter forward pass collective issued for layer: mlp_row, involved dimensions:  1, 0, 0, 0, 0, 0, 0, 0, 0, 0,
***** info: fwd pass comm collective for layer: mlp_row is finished************
chunk size is: 20971520 , size is: 20971520 , layer_num is: 905 , node: 0
info: all-gather forward pass collective issued for layer: attention_column, involved dimensions:  1, 0, 0, 0, 0, 0, 0, 0, 0, 0,
***** info: fwd pass comm collective for layer: attention_column is finished************
chunk size is: 20971520 , size is: 20971520 , layer_num is: 906 , node: 0
info: reduce-scatter forward pass collective issued for layer: attention_row, involved dimensions:  1, 0, 0, 0, 0, 0, 0, 0, 0, 0,
***** info: fwd pass comm collective for layer: attention_row is finished************
chunk size is: 20971520 , size is: 20971520 , layer_num is: 907 , node: 0
info: all-gather forward pass collective issued for layer: mlp_column, involved dimensions:  1, 0, 0, 0, 0, 0, 0, 0, 0, 0,
***** info: fwd pass comm collective for layer: mlp_column is finished************
chunk size is: 20971520 , size is: 20971520 , layer_num is: 908 , node: 0
info: reduce-scatter forward pass collective issued for layer: mlp_row, involved dimensions:  1, 0, 0, 0, 0, 0, 0, 0, 0, 0,
***** info: fwd pass comm collective for layer: mlp_row is finished************
chunk size is: 20971520 , size is: 20971520 , layer_num is: 909 , node: 0
info: all-gather forward pass collective issued for layer: attention_column, involved dimensions:  1, 0, 0, 0, 0, 0, 0, 0, 0, 0,
***** info: fwd pass comm collective for layer: attention_column is finished************
chunk size is: 20971520 , size is: 20971520 , layer_num is: 910 , node: 0
info: reduce-scatter forward pass collective issued for layer: attention_row, involved dimensions:  1, 0, 0, 0, 0, 0, 0, 0, 0, 0,
***** info: fwd pass comm collective for layer: attention_row is finished************
chunk size is: 20971520 , size is: 20971520 , layer_num is: 911 , node: 0
info: all-gather forward pass collective issued for layer: mlp_column, involved dimensions:  1, 0, 0, 0, 0, 0, 0, 0, 0, 0,
***** info: fwd pass comm collective for layer: mlp_column is finished************
chunk size is: 20971520 , size is: 20971520 , layer_num is: 912 , node: 0
info: reduce-scatter forward pass collective issued for layer: mlp_row, involved dimensions:  1, 0, 0, 0, 0, 0, 0, 0, 0, 0,
***** info: fwd pass comm collective for layer: mlp_row is finished************
chunk size is: 20971520 , size is: 20971520 , layer_num is: 913 , node: 0
info: all-gather forward pass collective issued for layer: attention_column, involved dimensions:  1, 0, 0, 0, 0, 0, 0, 0, 0, 0,
***** info: fwd pass comm collective for layer: attention_column is finished************
chunk size is: 20971520 , size is: 20971520 , layer_num is: 914 , node: 0
info: reduce-scatter forward pass collective issued for layer: attention_row, involved dimensions:  1, 0, 0, 0, 0, 0, 0, 0, 0, 0,
***** info: fwd pass comm collective for layer: attention_row is finished************
chunk size is: 20971520 , size is: 20971520 , layer_num is: 915 , node: 0
info: all-gather forward pass collective issued for layer: mlp_column, involved dimensions:  1, 0, 0, 0, 0, 0, 0, 0, 0, 0,
***** info: fwd pass comm collective for layer: mlp_column is finished************
chunk size is: 20971520 , size is: 20971520 , layer_num is: 916 , node: 0
info: reduce-scatter forward pass collective issued for layer: mlp_row, involved dimensions:  1, 0, 0, 0, 0, 0, 0, 0, 0, 0,
***** info: fwd pass comm collective for layer: mlp_row is finished************
chunk size is: 20971520 , size is: 20971520 , layer_num is: 917 , node: 0
info: all-gather forward pass collective issued for layer: attention_column, involved dimensions:  1, 0, 0, 0, 0, 0, 0, 0, 0, 0,
***** info: fwd pass comm collective for layer: attention_column is finished************
chunk size is: 20971520 , size is: 20971520 , layer_num is: 918 , node: 0
info: reduce-scatter forward pass collective issued for layer: attention_row, involved dimensions:  1, 0, 0, 0, 0, 0, 0, 0, 0, 0,
***** info: fwd pass comm collective for layer: attention_row is finished************
chunk size is: 20971520 , size is: 20971520 , layer_num is: 919 , node: 0
info: all-gather forward pass collective issued for layer: mlp_column, involved dimensions:  1, 0, 0, 0, 0, 0, 0, 0, 0, 0,
***** info: fwd pass comm collective for layer: mlp_column is finished************
chunk size is: 20971520 , size is: 20971520 , layer_num is: 920 , node: 0
info: reduce-scatter forward pass collective issued for layer: mlp_row, involved dimensions:  1, 0, 0, 0, 0, 0, 0, 0, 0, 0,
***** info: fwd pass comm collective for layer: mlp_row is finished************
chunk size is: 20971520 , size is: 20971520 , layer_num is: 921 , node: 0
info: all-gather forward pass collective issued for layer: attention_column, involved dimensions:  1, 0, 0, 0, 0, 0, 0, 0, 0, 0,
***** info: fwd pass comm collective for layer: attention_column is finished************
chunk size is: 20971520 , size is: 20971520 , layer_num is: 922 , node: 0
info: reduce-scatter forward pass collective issued for layer: attention_row, involved dimensions:  1, 0, 0, 0, 0, 0, 0, 0, 0, 0,
***** info: fwd pass comm collective for layer: attention_row is finished************
chunk size is: 20971520 , size is: 20971520 , layer_num is: 923 , node: 0
info: all-gather forward pass collective issued for layer: mlp_column, involved dimensions:  1, 0, 0, 0, 0, 0, 0, 0, 0, 0,
***** info: fwd pass comm collective for layer: mlp_column is finished************
chunk size is: 20971520 , size is: 20971520 , layer_num is: 924 , node: 0
info: reduce-scatter forward pass collective issued for layer: mlp_row, involved dimensions:  1, 0, 0, 0, 0, 0, 0, 0, 0, 0,
***** info: fwd pass comm collective for layer: mlp_row is finished************
chunk size is: 20971520 , size is: 20971520 , layer_num is: 925 , node: 0
info: all-gather forward pass collective issued for layer: attention_column, involved dimensions:  1, 0, 0, 0, 0, 0, 0, 0, 0, 0,
***** info: fwd pass comm collective for layer: attention_column is finished************
chunk size is: 20971520 , size is: 20971520 , layer_num is: 926 , node: 0
info: reduce-scatter forward pass collective issued for layer: attention_row, involved dimensions:  1, 0, 0, 0, 0, 0, 0, 0, 0, 0,
***** info: fwd pass comm collective for layer: attention_row is finished************
chunk size is: 20971520 , size is: 20971520 , layer_num is: 927 , node: 0
info: all-gather forward pass collective issued for layer: mlp_column, involved dimensions:  1, 0, 0, 0, 0, 0, 0, 0, 0, 0,
***** info: fwd pass comm collective for layer: mlp_column is finished************
chunk size is: 20971520 , size is: 20971520 , layer_num is: 928 , node: 0
info: reduce-scatter forward pass collective issued for layer: mlp_row, involved dimensions:  1, 0, 0, 0, 0, 0, 0, 0, 0, 0,
***** info: fwd pass comm collective for layer: mlp_row is finished************
chunk size is: 20971520 , size is: 20971520 , layer_num is: 929 , node: 0
info: all-gather forward pass collective issued for layer: attention_column, involved dimensions:  1, 0, 0, 0, 0, 0, 0, 0, 0, 0,
***** info: fwd pass comm collective for layer: attention_column is finished************
chunk size is: 20971520 , size is: 20971520 , layer_num is: 930 , node: 0
info: reduce-scatter forward pass collective issued for layer: attention_row, involved dimensions:  1, 0, 0, 0, 0, 0, 0, 0, 0, 0,
***** info: fwd pass comm collective for layer: attention_row is finished************
chunk size is: 20971520 , size is: 20971520 , layer_num is: 931 , node: 0
info: all-gather forward pass collective issued for layer: mlp_column, involved dimensions:  1, 0, 0, 0, 0, 0, 0, 0, 0, 0,
***** info: fwd pass comm collective for layer: mlp_column is finished************
chunk size is: 20971520 , size is: 20971520 , layer_num is: 932 , node: 0
info: reduce-scatter forward pass collective issued for layer: mlp_row, involved dimensions:  1, 0, 0, 0, 0, 0, 0, 0, 0, 0,
***** info: fwd pass comm collective for layer: mlp_row is finished************
chunk size is: 20971520 , size is: 20971520 , layer_num is: 933 , node: 0
info: all-gather forward pass collective issued for layer: attention_column, involved dimensions:  1, 0, 0, 0, 0, 0, 0, 0, 0, 0,
***** info: fwd pass comm collective for layer: attention_column is finished************
chunk size is: 20971520 , size is: 20971520 , layer_num is: 934 , node: 0
info: reduce-scatter forward pass collective issued for layer: attention_row, involved dimensions:  1, 0, 0, 0, 0, 0, 0, 0, 0, 0,
***** info: fwd pass comm collective for layer: attention_row is finished************
chunk size is: 20971520 , size is: 20971520 , layer_num is: 935 , node: 0
info: all-gather forward pass collective issued for layer: mlp_column, involved dimensions:  1, 0, 0, 0, 0, 0, 0, 0, 0, 0,
***** info: fwd pass comm collective for layer: mlp_column is finished************
chunk size is: 20971520 , size is: 20971520 , layer_num is: 936 , node: 0
info: reduce-scatter forward pass collective issued for layer: mlp_row, involved dimensions:  1, 0, 0, 0, 0, 0, 0, 0, 0, 0,
***** info: fwd pass comm collective for layer: mlp_row is finished************
chunk size is: 20971520 , size is: 20971520 , layer_num is: 937 , node: 0
info: all-gather forward pass collective issued for layer: attention_column, involved dimensions:  1, 0, 0, 0, 0, 0, 0, 0, 0, 0,
***** info: fwd pass comm collective for layer: attention_column is finished************
chunk size is: 20971520 , size is: 20971520 , layer_num is: 938 , node: 0
info: reduce-scatter forward pass collective issued for layer: attention_row, involved dimensions:  1, 0, 0, 0, 0, 0, 0, 0, 0, 0,
***** info: fwd pass comm collective for layer: attention_row is finished************
chunk size is: 20971520 , size is: 20971520 , layer_num is: 939 , node: 0
info: all-gather forward pass collective issued for layer: mlp_column, involved dimensions:  1, 0, 0, 0, 0, 0, 0, 0, 0, 0,
***** info: fwd pass comm collective for layer: mlp_column is finished************
chunk size is: 20971520 , size is: 20971520 , layer_num is: 940 , node: 0
info: reduce-scatter forward pass collective issued for layer: mlp_row, involved dimensions:  1, 0, 0, 0, 0, 0, 0, 0, 0, 0,
***** info: fwd pass comm collective for layer: mlp_row is finished************
chunk size is: 20971520 , size is: 20971520 , layer_num is: 941 , node: 0
info: all-gather forward pass collective issued for layer: attention_column, involved dimensions:  1, 0, 0, 0, 0, 0, 0, 0, 0, 0,
***** info: fwd pass comm collective for layer: attention_column is finished************
chunk size is: 20971520 , size is: 20971520 , layer_num is: 942 , node: 0
info: reduce-scatter forward pass collective issued for layer: attention_row, involved dimensions:  1, 0, 0, 0, 0, 0, 0, 0, 0, 0,
***** info: fwd pass comm collective for layer: attention_row is finished************
chunk size is: 20971520 , size is: 20971520 , layer_num is: 943 , node: 0
info: all-gather forward pass collective issued for layer: mlp_column, involved dimensions:  1, 0, 0, 0, 0, 0, 0, 0, 0, 0,
***** info: fwd pass comm collective for layer: mlp_column is finished************
chunk size is: 20971520 , size is: 20971520 , layer_num is: 944 , node: 0
info: reduce-scatter forward pass collective issued for layer: mlp_row, involved dimensions:  1, 0, 0, 0, 0, 0, 0, 0, 0, 0,
***** info: fwd pass comm collective for layer: mlp_row is finished************
chunk size is: 20971520 , size is: 20971520 , layer_num is: 945 , node: 0
info: all-gather forward pass collective issued for layer: attention_column, involved dimensions:  1, 0, 0, 0, 0, 0, 0, 0, 0, 0,
***** info: fwd pass comm collective for layer: attention_column is finished************
chunk size is: 20971520 , size is: 20971520 , layer_num is: 946 , node: 0
info: reduce-scatter forward pass collective issued for layer: attention_row, involved dimensions:  1, 0, 0, 0, 0, 0, 0, 0, 0, 0,
***** info: fwd pass comm collective for layer: attention_row is finished************
chunk size is: 20971520 , size is: 20971520 , layer_num is: 947 , node: 0
info: all-gather forward pass collective issued for layer: mlp_column, involved dimensions:  1, 0, 0, 0, 0, 0, 0, 0, 0, 0,
***** info: fwd pass comm collective for layer: mlp_column is finished************
chunk size is: 20971520 , size is: 20971520 , layer_num is: 948 , node: 0
info: reduce-scatter forward pass collective issued for layer: mlp_row, involved dimensions:  1, 0, 0, 0, 0, 0, 0, 0, 0, 0,
***** info: fwd pass comm collective for layer: mlp_row is finished************
chunk size is: 20971520 , size is: 20971520 , layer_num is: 949 , node: 0
info: all-gather forward pass collective issued for layer: attention_column, involved dimensions:  1, 0, 0, 0, 0, 0, 0, 0, 0, 0,
***** info: fwd pass comm collective for layer: attention_column is finished************
chunk size is: 20971520 , size is: 20971520 , layer_num is: 950 , node: 0
info: reduce-scatter forward pass collective issued for layer: attention_row, involved dimensions:  1, 0, 0, 0, 0, 0, 0, 0, 0, 0,
***** info: fwd pass comm collective for layer: attention_row is finished************
chunk size is: 20971520 , size is: 20971520 , layer_num is: 951 , node: 0
info: all-gather forward pass collective issued for layer: mlp_column, involved dimensions:  1, 0, 0, 0, 0, 0, 0, 0, 0, 0,
***** info: fwd pass comm collective for layer: mlp_column is finished************
chunk size is: 20971520 , size is: 20971520 , layer_num is: 952 , node: 0
info: reduce-scatter forward pass collective issued for layer: mlp_row, involved dimensions:  1, 0, 0, 0, 0, 0, 0, 0, 0, 0,
***** info: fwd pass comm collective for layer: mlp_row is finished************
chunk size is: 20971520 , size is: 20971520 , layer_num is: 953 , node: 0
info: all-gather forward pass collective issued for layer: attention_column, involved dimensions:  1, 0, 0, 0, 0, 0, 0, 0, 0, 0,
***** info: fwd pass comm collective for layer: attention_column is finished************
chunk size is: 20971520 , size is: 20971520 , layer_num is: 954 , node: 0
info: reduce-scatter forward pass collective issued for layer: attention_row, involved dimensions:  1, 0, 0, 0, 0, 0, 0, 0, 0, 0,
***** info: fwd pass comm collective for layer: attention_row is finished************
chunk size is: 20971520 , size is: 20971520 , layer_num is: 955 , node: 0
info: all-gather forward pass collective issued for layer: mlp_column, involved dimensions:  1, 0, 0, 0, 0, 0, 0, 0, 0, 0,
***** info: fwd pass comm collective for layer: mlp_column is finished************
chunk size is: 20971520 , size is: 20971520 , layer_num is: 956 , node: 0
info: reduce-scatter forward pass collective issued for layer: mlp_row, involved dimensions:  1, 0, 0, 0, 0, 0, 0, 0, 0, 0,
***** info: fwd pass comm collective for layer: mlp_row is finished************
chunk size is: 20971520 , size is: 20971520 , layer_num is: 957 , node: 0
info: all-gather forward pass collective issued for layer: attention_column, involved dimensions:  1, 0, 0, 0, 0, 0, 0, 0, 0, 0,
***** info: fwd pass comm collective for layer: attention_column is finished************
chunk size is: 20971520 , size is: 20971520 , layer_num is: 958 , node: 0
info: reduce-scatter forward pass collective issued for layer: attention_row, involved dimensions:  1, 0, 0, 0, 0, 0, 0, 0, 0, 0,
***** info: fwd pass comm collective for layer: attention_row is finished************
chunk size is: 20971520 , size is: 20971520 , layer_num is: 959 , node: 0
info: all-gather forward pass collective issued for layer: mlp_column, involved dimensions:  1, 0, 0, 0, 0, 0, 0, 0, 0, 0,
***** info: fwd pass comm collective for layer: mlp_column is finished************
chunk size is: 20971520 , size is: 20971520 , layer_num is: 960 , node: 0
info: reduce-scatter forward pass collective issued for layer: mlp_row, involved dimensions:  1, 0, 0, 0, 0, 0, 0, 0, 0, 0,
***** info: fwd pass comm collective for layer: mlp_row is finished************
chunk size is: 20971520 , size is: 20971520 , layer_num is: 961 , node: 0
info: all-gather forward pass collective issued for layer: attention_column, involved dimensions:  1, 0, 0, 0, 0, 0, 0, 0, 0, 0,
***** info: fwd pass comm collective for layer: attention_column is finished************
chunk size is: 20971520 , size is: 20971520 , layer_num is: 962 , node: 0
info: reduce-scatter forward pass collective issued for layer: attention_row, involved dimensions:  1, 0, 0, 0, 0, 0, 0, 0, 0, 0,
***** info: fwd pass comm collective for layer: attention_row is finished************
chunk size is: 20971520 , size is: 20971520 , layer_num is: 963 , node: 0
info: all-gather forward pass collective issued for layer: mlp_column, involved dimensions:  1, 0, 0, 0, 0, 0, 0, 0, 0, 0,
***** info: fwd pass comm collective for layer: mlp_column is finished************
chunk size is: 20971520 , size is: 20971520 , layer_num is: 964 , node: 0
info: reduce-scatter forward pass collective issued for layer: mlp_row, involved dimensions:  1, 0, 0, 0, 0, 0, 0, 0, 0, 0,
***** info: fwd pass comm collective for layer: mlp_row is finished************
chunk size is: 20971520 , size is: 20971520 , layer_num is: 965 , node: 0
info: all-gather forward pass collective issued for layer: attention_column, involved dimensions:  1, 0, 0, 0, 0, 0, 0, 0, 0, 0,
***** info: fwd pass comm collective for layer: attention_column is finished************
chunk size is: 20971520 , size is: 20971520 , layer_num is: 966 , node: 0
info: reduce-scatter forward pass collective issued for layer: attention_row, involved dimensions:  1, 0, 0, 0, 0, 0, 0, 0, 0, 0,
***** info: fwd pass comm collective for layer: attention_row is finished************
chunk size is: 20971520 , size is: 20971520 , layer_num is: 967 , node: 0
info: all-gather forward pass collective issued for layer: mlp_column, involved dimensions:  1, 0, 0, 0, 0, 0, 0, 0, 0, 0,
***** info: fwd pass comm collective for layer: mlp_column is finished************
chunk size is: 20971520 , size is: 20971520 , layer_num is: 968 , node: 0
info: reduce-scatter forward pass collective issued for layer: mlp_row, involved dimensions:  1, 0, 0, 0, 0, 0, 0, 0, 0, 0,
***** info: fwd pass comm collective for layer: mlp_row is finished************
chunk size is: 20971520 , size is: 20971520 , layer_num is: 969 , node: 0
info: all-gather forward pass collective issued for layer: attention_column, involved dimensions:  1, 0, 0, 0, 0, 0, 0, 0, 0, 0,
***** info: fwd pass comm collective for layer: attention_column is finished************
chunk size is: 20971520 , size is: 20971520 , layer_num is: 970 , node: 0
info: reduce-scatter forward pass collective issued for layer: attention_row, involved dimensions:  1, 0, 0, 0, 0, 0, 0, 0, 0, 0,
***** info: fwd pass comm collective for layer: attention_row is finished************
chunk size is: 20971520 , size is: 20971520 , layer_num is: 971 , node: 0
info: all-gather forward pass collective issued for layer: mlp_column, involved dimensions:  1, 0, 0, 0, 0, 0, 0, 0, 0, 0,
***** info: fwd pass comm collective for layer: mlp_column is finished************
chunk size is: 20971520 , size is: 20971520 , layer_num is: 972 , node: 0
info: reduce-scatter forward pass collective issued for layer: mlp_row, involved dimensions:  1, 0, 0, 0, 0, 0, 0, 0, 0, 0,
***** info: fwd pass comm collective for layer: mlp_row is finished************
chunk size is: 20971520 , size is: 20971520 , layer_num is: 973 , node: 0
info: all-gather forward pass collective issued for layer: attention_column, involved dimensions:  1, 0, 0, 0, 0, 0, 0, 0, 0, 0,
***** info: fwd pass comm collective for layer: attention_column is finished************
chunk size is: 20971520 , size is: 20971520 , layer_num is: 974 , node: 0
info: reduce-scatter forward pass collective issued for layer: attention_row, involved dimensions:  1, 0, 0, 0, 0, 0, 0, 0, 0, 0,
***** info: fwd pass comm collective for layer: attention_row is finished************
chunk size is: 20971520 , size is: 20971520 , layer_num is: 975 , node: 0
info: all-gather forward pass collective issued for layer: mlp_column, involved dimensions:  1, 0, 0, 0, 0, 0, 0, 0, 0, 0,
***** info: fwd pass comm collective for layer: mlp_column is finished************
chunk size is: 20971520 , size is: 20971520 , layer_num is: 976 , node: 0
info: reduce-scatter forward pass collective issued for layer: mlp_row, involved dimensions:  1, 0, 0, 0, 0, 0, 0, 0, 0, 0,
***** info: fwd pass comm collective for layer: mlp_row is finished************
chunk size is: 20971520 , size is: 20971520 , layer_num is: 977 , node: 0
info: all-gather forward pass collective issued for layer: final_column, involved dimensions:  1, 0, 0, 0, 0, 0, 0, 0, 0, 0,
***** info: fwd pass comm collective for layer: final_column is finished************
chunk size is: 20971520 , size is: 20971520 , layer_num is: 978 , node: 0
info: all-reduce forward pass collective issued for layer: embedding_layer, involved dimensions:  1, 0, 0, 0, 0, 0, 0, 0, 0, 0,
***** info: fwd pass comm collective for layer: embedding_layer is finished************
chunk size is: 20971520 , size is: 20971520 , layer_num is: 979 , node: 0
info: all-gather forward pass collective issued for layer: attention_column, involved dimensions:  1, 0, 0, 0, 0, 0, 0, 0, 0, 0,
***** info: fwd pass comm collective for layer: attention_column is finished************
chunk size is: 20971520 , size is: 20971520 , layer_num is: 980 , node: 0
info: reduce-scatter forward pass collective issued for layer: attention_row, involved dimensions:  1, 0, 0, 0, 0, 0, 0, 0, 0, 0,
***** info: fwd pass comm collective for layer: attention_row is finished************
chunk size is: 20971520 , size is: 20971520 , layer_num is: 981 , node: 0
info: all-gather forward pass collective issued for layer: mlp_column, involved dimensions:  1, 0, 0, 0, 0, 0, 0, 0, 0, 0,
***** info: fwd pass comm collective for layer: mlp_column is finished************
chunk size is: 20971520 , size is: 20971520 , layer_num is: 982 , node: 0
info: reduce-scatter forward pass collective issued for layer: mlp_row, involved dimensions:  1, 0, 0, 0, 0, 0, 0, 0, 0, 0,
***** info: fwd pass comm collective for layer: mlp_row is finished************
chunk size is: 20971520 , size is: 20971520 , layer_num is: 983 , node: 0
info: all-gather forward pass collective issued for layer: attention_column, involved dimensions:  1, 0, 0, 0, 0, 0, 0, 0, 0, 0,
***** info: fwd pass comm collective for layer: attention_column is finished************
chunk size is: 20971520 , size is: 20971520 , layer_num is: 984 , node: 0
info: reduce-scatter forward pass collective issued for layer: attention_row, involved dimensions:  1, 0, 0, 0, 0, 0, 0, 0, 0, 0,
***** info: fwd pass comm collective for layer: attention_row is finished************
chunk size is: 20971520 , size is: 20971520 , layer_num is: 985 , node: 0
info: all-gather forward pass collective issued for layer: mlp_column, involved dimensions:  1, 0, 0, 0, 0, 0, 0, 0, 0, 0,
***** info: fwd pass comm collective for layer: mlp_column is finished************
chunk size is: 20971520 , size is: 20971520 , layer_num is: 986 , node: 0
info: reduce-scatter forward pass collective issued for layer: mlp_row, involved dimensions:  1, 0, 0, 0, 0, 0, 0, 0, 0, 0,
***** info: fwd pass comm collective for layer: mlp_row is finished************
chunk size is: 20971520 , size is: 20971520 , layer_num is: 987 , node: 0
info: all-gather forward pass collective issued for layer: attention_column, involved dimensions:  1, 0, 0, 0, 0, 0, 0, 0, 0, 0,
***** info: fwd pass comm collective for layer: attention_column is finished************
chunk size is: 20971520 , size is: 20971520 , layer_num is: 988 , node: 0
info: reduce-scatter forward pass collective issued for layer: attention_row, involved dimensions:  1, 0, 0, 0, 0, 0, 0, 0, 0, 0,
***** info: fwd pass comm collective for layer: attention_row is finished************
chunk size is: 20971520 , size is: 20971520 , layer_num is: 989 , node: 0
info: all-gather forward pass collective issued for layer: mlp_column, involved dimensions:  1, 0, 0, 0, 0, 0, 0, 0, 0, 0,
***** info: fwd pass comm collective for layer: mlp_column is finished************
chunk size is: 20971520 , size is: 20971520 , layer_num is: 990 , node: 0
info: reduce-scatter forward pass collective issued for layer: mlp_row, involved dimensions:  1, 0, 0, 0, 0, 0, 0, 0, 0, 0,
***** info: fwd pass comm collective for layer: mlp_row is finished************
chunk size is: 20971520 , size is: 20971520 , layer_num is: 991 , node: 0
info: all-gather forward pass collective issued for layer: attention_column, involved dimensions:  1, 0, 0, 0, 0, 0, 0, 0, 0, 0,
***** info: fwd pass comm collective for layer: attention_column is finished************
chunk size is: 20971520 , size is: 20971520 , layer_num is: 992 , node: 0
info: reduce-scatter forward pass collective issued for layer: attention_row, involved dimensions:  1, 0, 0, 0, 0, 0, 0, 0, 0, 0,
***** info: fwd pass comm collective for layer: attention_row is finished************
chunk size is: 20971520 , size is: 20971520 , layer_num is: 993 , node: 0
info: all-gather forward pass collective issued for layer: mlp_column, involved dimensions:  1, 0, 0, 0, 0, 0, 0, 0, 0, 0,
***** info: fwd pass comm collective for layer: mlp_column is finished************
chunk size is: 20971520 , size is: 20971520 , layer_num is: 994 , node: 0
info: reduce-scatter forward pass collective issued for layer: mlp_row, involved dimensions:  1, 0, 0, 0, 0, 0, 0, 0, 0, 0,
***** info: fwd pass comm collective for layer: mlp_row is finished************
chunk size is: 20971520 , size is: 20971520 , layer_num is: 995 , node: 0
info: all-gather forward pass collective issued for layer: attention_column, involved dimensions:  1, 0, 0, 0, 0, 0, 0, 0, 0, 0,
***** info: fwd pass comm collective for layer: attention_column is finished************
chunk size is: 20971520 , size is: 20971520 , layer_num is: 996 , node: 0
info: reduce-scatter forward pass collective issued for layer: attention_row, involved dimensions:  1, 0, 0, 0, 0, 0, 0, 0, 0, 0,
***** info: fwd pass comm collective for layer: attention_row is finished************
chunk size is: 20971520 , size is: 20971520 , layer_num is: 997 , node: 0
info: all-gather forward pass collective issued for layer: mlp_column, involved dimensions:  1, 0, 0, 0, 0, 0, 0, 0, 0, 0,
***** info: fwd pass comm collective for layer: mlp_column is finished************
chunk size is: 20971520 , size is: 20971520 , layer_num is: 998 , node: 0
info: reduce-scatter forward pass collective issued for layer: mlp_row, involved dimensions:  1, 0, 0, 0, 0, 0, 0, 0, 0, 0,
***** info: fwd pass comm collective for layer: mlp_row is finished************
chunk size is: 20971520 , size is: 20971520 , layer_num is: 999 , node: 0
info: all-gather forward pass collective issued for layer: attention_column, involved dimensions:  1, 0, 0, 0, 0, 0, 0, 0, 0, 0,
***** info: fwd pass comm collective for layer: attention_column is finished************
chunk size is: 20971520 , size is: 20971520 , layer_num is: 1000 , node: 0
info: reduce-scatter forward pass collective issued for layer: attention_row, involved dimensions:  1, 0, 0, 0, 0, 0, 0, 0, 0, 0,
***** info: fwd pass comm collective for layer: attention_row is finished************
chunk size is: 20971520 , size is: 20971520 , layer_num is: 1001 , node: 0
info: all-gather forward pass collective issued for layer: mlp_column, involved dimensions:  1, 0, 0, 0, 0, 0, 0, 0, 0, 0,
***** info: fwd pass comm collective for layer: mlp_column is finished************
chunk size is: 20971520 , size is: 20971520 , layer_num is: 1002 , node: 0
info: reduce-scatter forward pass collective issued for layer: mlp_row, involved dimensions:  1, 0, 0, 0, 0, 0, 0, 0, 0, 0,
***** info: fwd pass comm collective for layer: mlp_row is finished************
chunk size is: 20971520 , size is: 20971520 , layer_num is: 1003 , node: 0
info: all-gather forward pass collective issued for layer: attention_column, involved dimensions:  1, 0, 0, 0, 0, 0, 0, 0, 0, 0,
***** info: fwd pass comm collective for layer: attention_column is finished************
chunk size is: 20971520 , size is: 20971520 , layer_num is: 1004 , node: 0
info: reduce-scatter forward pass collective issued for layer: attention_row, involved dimensions:  1, 0, 0, 0, 0, 0, 0, 0, 0, 0,
***** info: fwd pass comm collective for layer: attention_row is finished************
chunk size is: 20971520 , size is: 20971520 , layer_num is: 1005 , node: 0
info: all-gather forward pass collective issued for layer: mlp_column, involved dimensions:  1, 0, 0, 0, 0, 0, 0, 0, 0, 0,
***** info: fwd pass comm collective for layer: mlp_column is finished************
chunk size is: 20971520 , size is: 20971520 , layer_num is: 1006 , node: 0
info: reduce-scatter forward pass collective issued for layer: mlp_row, involved dimensions:  1, 0, 0, 0, 0, 0, 0, 0, 0, 0,
***** info: fwd pass comm collective for layer: mlp_row is finished************
chunk size is: 20971520 , size is: 20971520 , layer_num is: 1007 , node: 0
info: all-gather forward pass collective issued for layer: attention_column, involved dimensions:  1, 0, 0, 0, 0, 0, 0, 0, 0, 0,
***** info: fwd pass comm collective for layer: attention_column is finished************
chunk size is: 20971520 , size is: 20971520 , layer_num is: 1008 , node: 0
info: reduce-scatter forward pass collective issued for layer: attention_row, involved dimensions:  1, 0, 0, 0, 0, 0, 0, 0, 0, 0,
***** info: fwd pass comm collective for layer: attention_row is finished************
chunk size is: 20971520 , size is: 20971520 , layer_num is: 1009 , node: 0
info: all-gather forward pass collective issued for layer: mlp_column, involved dimensions:  1, 0, 0, 0, 0, 0, 0, 0, 0, 0,
***** info: fwd pass comm collective for layer: mlp_column is finished************
chunk size is: 20971520 , size is: 20971520 , layer_num is: 1010 , node: 0
info: reduce-scatter forward pass collective issued for layer: mlp_row, involved dimensions:  1, 0, 0, 0, 0, 0, 0, 0, 0, 0,
***** info: fwd pass comm collective for layer: mlp_row is finished************
chunk size is: 20971520 , size is: 20971520 , layer_num is: 1011 , node: 0
info: all-gather forward pass collective issued for layer: attention_column, involved dimensions:  1, 0, 0, 0, 0, 0, 0, 0, 0, 0,
***** info: fwd pass comm collective for layer: attention_column is finished************
chunk size is: 20971520 , size is: 20971520 , layer_num is: 1012 , node: 0
info: reduce-scatter forward pass collective issued for layer: attention_row, involved dimensions:  1, 0, 0, 0, 0, 0, 0, 0, 0, 0,
***** info: fwd pass comm collective for layer: attention_row is finished************
chunk size is: 20971520 , size is: 20971520 , layer_num is: 1013 , node: 0
info: all-gather forward pass collective issued for layer: mlp_column, involved dimensions:  1, 0, 0, 0, 0, 0, 0, 0, 0, 0,
***** info: fwd pass comm collective for layer: mlp_column is finished************
chunk size is: 20971520 , size is: 20971520 , layer_num is: 1014 , node: 0
info: reduce-scatter forward pass collective issued for layer: mlp_row, involved dimensions:  1, 0, 0, 0, 0, 0, 0, 0, 0, 0,
***** info: fwd pass comm collective for layer: mlp_row is finished************
chunk size is: 20971520 , size is: 20971520 , layer_num is: 1015 , node: 0
info: all-gather forward pass collective issued for layer: attention_column, involved dimensions:  1, 0, 0, 0, 0, 0, 0, 0, 0, 0,
***** info: fwd pass comm collective for layer: attention_column is finished************
chunk size is: 20971520 , size is: 20971520 , layer_num is: 1016 , node: 0
info: reduce-scatter forward pass collective issued for layer: attention_row, involved dimensions:  1, 0, 0, 0, 0, 0, 0, 0, 0, 0,
***** info: fwd pass comm collective for layer: attention_row is finished************
chunk size is: 20971520 , size is: 20971520 , layer_num is: 1017 , node: 0
info: all-gather forward pass collective issued for layer: mlp_column, involved dimensions:  1, 0, 0, 0, 0, 0, 0, 0, 0, 0,
***** info: fwd pass comm collective for layer: mlp_column is finished************
chunk size is: 20971520 , size is: 20971520 , layer_num is: 1018 , node: 0
info: reduce-scatter forward pass collective issued for layer: mlp_row, involved dimensions:  1, 0, 0, 0, 0, 0, 0, 0, 0, 0,
***** info: fwd pass comm collective for layer: mlp_row is finished************
chunk size is: 20971520 , size is: 20971520 , layer_num is: 1019 , node: 0
info: all-gather forward pass collective issued for layer: attention_column, involved dimensions:  1, 0, 0, 0, 0, 0, 0, 0, 0, 0,
***** info: fwd pass comm collective for layer: attention_column is finished************
chunk size is: 20971520 , size is: 20971520 , layer_num is: 1020 , node: 0
info: reduce-scatter forward pass collective issued for layer: attention_row, involved dimensions:  1, 0, 0, 0, 0, 0, 0, 0, 0, 0,
***** info: fwd pass comm collective for layer: attention_row is finished************
chunk size is: 20971520 , size is: 20971520 , layer_num is: 1021 , node: 0
info: all-gather forward pass collective issued for layer: mlp_column, involved dimensions:  1, 0, 0, 0, 0, 0, 0, 0, 0, 0,
***** info: fwd pass comm collective for layer: mlp_column is finished************
chunk size is: 20971520 , size is: 20971520 , layer_num is: 1022 , node: 0
info: reduce-scatter forward pass collective issued for layer: mlp_row, involved dimensions:  1, 0, 0, 0, 0, 0, 0, 0, 0, 0,
***** info: fwd pass comm collective for layer: mlp_row is finished************
chunk size is: 20971520 , size is: 20971520 , layer_num is: 1023 , node: 0
info: all-gather forward pass collective issued for layer: attention_column, involved dimensions:  1, 0, 0, 0, 0, 0, 0, 0, 0, 0,
***** info: fwd pass comm collective for layer: attention_column is finished************
chunk size is: 20971520 , size is: 20971520 , layer_num is: 1024 , node: 0
info: reduce-scatter forward pass collective issued for layer: attention_row, involved dimensions:  1, 0, 0, 0, 0, 0, 0, 0, 0, 0,
***** info: fwd pass comm collective for layer: attention_row is finished************
chunk size is: 20971520 , size is: 20971520 , layer_num is: 1025 , node: 0
info: all-gather forward pass collective issued for layer: mlp_column, involved dimensions:  1, 0, 0, 0, 0, 0, 0, 0, 0, 0,
***** info: fwd pass comm collective for layer: mlp_column is finished************
chunk size is: 20971520 , size is: 20971520 , layer_num is: 1026 , node: 0
info: reduce-scatter forward pass collective issued for layer: mlp_row, involved dimensions:  1, 0, 0, 0, 0, 0, 0, 0, 0, 0,
***** info: fwd pass comm collective for layer: mlp_row is finished************
chunk size is: 20971520 , size is: 20971520 , layer_num is: 1027 , node: 0
info: all-gather forward pass collective issued for layer: attention_column, involved dimensions:  1, 0, 0, 0, 0, 0, 0, 0, 0, 0,
***** info: fwd pass comm collective for layer: attention_column is finished************
chunk size is: 20971520 , size is: 20971520 , layer_num is: 1028 , node: 0
info: reduce-scatter forward pass collective issued for layer: attention_row, involved dimensions:  1, 0, 0, 0, 0, 0, 0, 0, 0, 0,
***** info: fwd pass comm collective for layer: attention_row is finished************
chunk size is: 20971520 , size is: 20971520 , layer_num is: 1029 , node: 0
info: all-gather forward pass collective issued for layer: mlp_column, involved dimensions:  1, 0, 0, 0, 0, 0, 0, 0, 0, 0,
***** info: fwd pass comm collective for layer: mlp_column is finished************
chunk size is: 20971520 , size is: 20971520 , layer_num is: 1030 , node: 0
info: reduce-scatter forward pass collective issued for layer: mlp_row, involved dimensions:  1, 0, 0, 0, 0, 0, 0, 0, 0, 0,
***** info: fwd pass comm collective for layer: mlp_row is finished************
chunk size is: 20971520 , size is: 20971520 , layer_num is: 1031 , node: 0
info: all-gather forward pass collective issued for layer: attention_column, involved dimensions:  1, 0, 0, 0, 0, 0, 0, 0, 0, 0,
***** info: fwd pass comm collective for layer: attention_column is finished************
chunk size is: 20971520 , size is: 20971520 , layer_num is: 1032 , node: 0
info: reduce-scatter forward pass collective issued for layer: attention_row, involved dimensions:  1, 0, 0, 0, 0, 0, 0, 0, 0, 0,
***** info: fwd pass comm collective for layer: attention_row is finished************
chunk size is: 20971520 , size is: 20971520 , layer_num is: 1033 , node: 0
info: all-gather forward pass collective issued for layer: mlp_column, involved dimensions:  1, 0, 0, 0, 0, 0, 0, 0, 0, 0,
***** info: fwd pass comm collective for layer: mlp_column is finished************
chunk size is: 20971520 , size is: 20971520 , layer_num is: 1034 , node: 0
info: reduce-scatter forward pass collective issued for layer: mlp_row, involved dimensions:  1, 0, 0, 0, 0, 0, 0, 0, 0, 0,
***** info: fwd pass comm collective for layer: mlp_row is finished************
chunk size is: 20971520 , size is: 20971520 , layer_num is: 1035 , node: 0
info: all-gather forward pass collective issued for layer: attention_column, involved dimensions:  1, 0, 0, 0, 0, 0, 0, 0, 0, 0,
***** info: fwd pass comm collective for layer: attention_column is finished************
chunk size is: 20971520 , size is: 20971520 , layer_num is: 1036 , node: 0
info: reduce-scatter forward pass collective issued for layer: attention_row, involved dimensions:  1, 0, 0, 0, 0, 0, 0, 0, 0, 0,
***** info: fwd pass comm collective for layer: attention_row is finished************
chunk size is: 20971520 , size is: 20971520 , layer_num is: 1037 , node: 0
info: all-gather forward pass collective issued for layer: mlp_column, involved dimensions:  1, 0, 0, 0, 0, 0, 0, 0, 0, 0,
***** info: fwd pass comm collective for layer: mlp_column is finished************
chunk size is: 20971520 , size is: 20971520 , layer_num is: 1038 , node: 0
info: reduce-scatter forward pass collective issued for layer: mlp_row, involved dimensions:  1, 0, 0, 0, 0, 0, 0, 0, 0, 0,
***** info: fwd pass comm collective for layer: mlp_row is finished************
chunk size is: 20971520 , size is: 20971520 , layer_num is: 1039 , node: 0
info: all-gather forward pass collective issued for layer: attention_column, involved dimensions:  1, 0, 0, 0, 0, 0, 0, 0, 0, 0,
***** info: fwd pass comm collective for layer: attention_column is finished************
chunk size is: 20971520 , size is: 20971520 , layer_num is: 1040 , node: 0
info: reduce-scatter forward pass collective issued for layer: attention_row, involved dimensions:  1, 0, 0, 0, 0, 0, 0, 0, 0, 0,
***** info: fwd pass comm collective for layer: attention_row is finished************
chunk size is: 20971520 , size is: 20971520 , layer_num is: 1041 , node: 0
info: all-gather forward pass collective issued for layer: mlp_column, involved dimensions:  1, 0, 0, 0, 0, 0, 0, 0, 0, 0,
***** info: fwd pass comm collective for layer: mlp_column is finished************
chunk size is: 20971520 , size is: 20971520 , layer_num is: 1042 , node: 0
info: reduce-scatter forward pass collective issued for layer: mlp_row, involved dimensions:  1, 0, 0, 0, 0, 0, 0, 0, 0, 0,
***** info: fwd pass comm collective for layer: mlp_row is finished************
chunk size is: 20971520 , size is: 20971520 , layer_num is: 1043 , node: 0
info: all-gather forward pass collective issued for layer: attention_column, involved dimensions:  1, 0, 0, 0, 0, 0, 0, 0, 0, 0,
***** info: fwd pass comm collective for layer: attention_column is finished************
chunk size is: 20971520 , size is: 20971520 , layer_num is: 1044 , node: 0
info: reduce-scatter forward pass collective issued for layer: attention_row, involved dimensions:  1, 0, 0, 0, 0, 0, 0, 0, 0, 0,
***** info: fwd pass comm collective for layer: attention_row is finished************
chunk size is: 20971520 , size is: 20971520 , layer_num is: 1045 , node: 0
info: all-gather forward pass collective issued for layer: mlp_column, involved dimensions:  1, 0, 0, 0, 0, 0, 0, 0, 0, 0,
***** info: fwd pass comm collective for layer: mlp_column is finished************
chunk size is: 20971520 , size is: 20971520 , layer_num is: 1046 , node: 0
info: reduce-scatter forward pass collective issued for layer: mlp_row, involved dimensions:  1, 0, 0, 0, 0, 0, 0, 0, 0, 0,
***** info: fwd pass comm collective for layer: mlp_row is finished************
chunk size is: 20971520 , size is: 20971520 , layer_num is: 1047 , node: 0
info: all-gather forward pass collective issued for layer: attention_column, involved dimensions:  1, 0, 0, 0, 0, 0, 0, 0, 0, 0,
***** info: fwd pass comm collective for layer: attention_column is finished************
chunk size is: 20971520 , size is: 20971520 , layer_num is: 1048 , node: 0
info: reduce-scatter forward pass collective issued for layer: attention_row, involved dimensions:  1, 0, 0, 0, 0, 0, 0, 0, 0, 0,
***** info: fwd pass comm collective for layer: attention_row is finished************
chunk size is: 20971520 , size is: 20971520 , layer_num is: 1049 , node: 0
info: all-gather forward pass collective issued for layer: mlp_column, involved dimensions:  1, 0, 0, 0, 0, 0, 0, 0, 0, 0,
***** info: fwd pass comm collective for layer: mlp_column is finished************
chunk size is: 20971520 , size is: 20971520 , layer_num is: 1050 , node: 0
info: reduce-scatter forward pass collective issued for layer: mlp_row, involved dimensions:  1, 0, 0, 0, 0, 0, 0, 0, 0, 0,
***** info: fwd pass comm collective for layer: mlp_row is finished************
chunk size is: 20971520 , size is: 20971520 , layer_num is: 1051 , node: 0
info: all-gather forward pass collective issued for layer: attention_column, involved dimensions:  1, 0, 0, 0, 0, 0, 0, 0, 0, 0,
***** info: fwd pass comm collective for layer: attention_column is finished************
chunk size is: 20971520 , size is: 20971520 , layer_num is: 1052 , node: 0
info: reduce-scatter forward pass collective issued for layer: attention_row, involved dimensions:  1, 0, 0, 0, 0, 0, 0, 0, 0, 0,
***** info: fwd pass comm collective for layer: attention_row is finished************
chunk size is: 20971520 , size is: 20971520 , layer_num is: 1053 , node: 0
info: all-gather forward pass collective issued for layer: mlp_column, involved dimensions:  1, 0, 0, 0, 0, 0, 0, 0, 0, 0,
***** info: fwd pass comm collective for layer: mlp_column is finished************
chunk size is: 20971520 , size is: 20971520 , layer_num is: 1054 , node: 0
info: reduce-scatter forward pass collective issued for layer: mlp_row, involved dimensions:  1, 0, 0, 0, 0, 0, 0, 0, 0, 0,
***** info: fwd pass comm collective for layer: mlp_row is finished************
chunk size is: 20971520 , size is: 20971520 , layer_num is: 1055 , node: 0
info: all-gather forward pass collective issued for layer: attention_column, involved dimensions:  1, 0, 0, 0, 0, 0, 0, 0, 0, 0,
***** info: fwd pass comm collective for layer: attention_column is finished************
chunk size is: 20971520 , size is: 20971520 , layer_num is: 1056 , node: 0
info: reduce-scatter forward pass collective issued for layer: attention_row, involved dimensions:  1, 0, 0, 0, 0, 0, 0, 0, 0, 0,
***** info: fwd pass comm collective for layer: attention_row is finished************
chunk size is: 20971520 , size is: 20971520 , layer_num is: 1057 , node: 0
info: all-gather forward pass collective issued for layer: mlp_column, involved dimensions:  1, 0, 0, 0, 0, 0, 0, 0, 0, 0,
***** info: fwd pass comm collective for layer: mlp_column is finished************
chunk size is: 20971520 , size is: 20971520 , layer_num is: 1058 , node: 0
info: reduce-scatter forward pass collective issued for layer: mlp_row, involved dimensions:  1, 0, 0, 0, 0, 0, 0, 0, 0, 0,
***** info: fwd pass comm collective for layer: mlp_row is finished************
chunk size is: 20971520 , size is: 20971520 , layer_num is: 1059 , node: 0
info: all-gather forward pass collective issued for layer: attention_column, involved dimensions:  1, 0, 0, 0, 0, 0, 0, 0, 0, 0,
***** info: fwd pass comm collective for layer: attention_column is finished************
chunk size is: 20971520 , size is: 20971520 , layer_num is: 1060 , node: 0
info: reduce-scatter forward pass collective issued for layer: attention_row, involved dimensions:  1, 0, 0, 0, 0, 0, 0, 0, 0, 0,
***** info: fwd pass comm collective for layer: attention_row is finished************
chunk size is: 20971520 , size is: 20971520 , layer_num is: 1061 , node: 0
info: all-gather forward pass collective issued for layer: mlp_column, involved dimensions:  1, 0, 0, 0, 0, 0, 0, 0, 0, 0,
***** info: fwd pass comm collective for layer: mlp_column is finished************
chunk size is: 20971520 , size is: 20971520 , layer_num is: 1062 , node: 0
info: reduce-scatter forward pass collective issued for layer: mlp_row, involved dimensions:  1, 0, 0, 0, 0, 0, 0, 0, 0, 0,
***** info: fwd pass comm collective for layer: mlp_row is finished************
chunk size is: 20971520 , size is: 20971520 , layer_num is: 1063 , node: 0
info: all-gather forward pass collective issued for layer: attention_column, involved dimensions:  1, 0, 0, 0, 0, 0, 0, 0, 0, 0,
***** info: fwd pass comm collective for layer: attention_column is finished************
chunk size is: 20971520 , size is: 20971520 , layer_num is: 1064 , node: 0
info: reduce-scatter forward pass collective issued for layer: attention_row, involved dimensions:  1, 0, 0, 0, 0, 0, 0, 0, 0, 0,
***** info: fwd pass comm collective for layer: attention_row is finished************
chunk size is: 20971520 , size is: 20971520 , layer_num is: 1065 , node: 0
info: all-gather forward pass collective issued for layer: mlp_column, involved dimensions:  1, 0, 0, 0, 0, 0, 0, 0, 0, 0,
***** info: fwd pass comm collective for layer: mlp_column is finished************
chunk size is: 20971520 , size is: 20971520 , layer_num is: 1066 , node: 0
info: reduce-scatter forward pass collective issued for layer: mlp_row, involved dimensions:  1, 0, 0, 0, 0, 0, 0, 0, 0, 0,
***** info: fwd pass comm collective for layer: mlp_row is finished************
chunk size is: 20971520 , size is: 20971520 , layer_num is: 1067 , node: 0
info: all-gather forward pass collective issued for layer: attention_column, involved dimensions:  1, 0, 0, 0, 0, 0, 0, 0, 0, 0,
***** info: fwd pass comm collective for layer: attention_column is finished************
chunk size is: 20971520 , size is: 20971520 , layer_num is: 1068 , node: 0
info: reduce-scatter forward pass collective issued for layer: attention_row, involved dimensions:  1, 0, 0, 0, 0, 0, 0, 0, 0, 0,
***** info: fwd pass comm collective for layer: attention_row is finished************
chunk size is: 20971520 , size is: 20971520 , layer_num is: 1069 , node: 0
info: all-gather forward pass collective issued for layer: mlp_column, involved dimensions:  1, 0, 0, 0, 0, 0, 0, 0, 0, 0,
***** info: fwd pass comm collective for layer: mlp_column is finished************
chunk size is: 20971520 , size is: 20971520 , layer_num is: 1070 , node: 0
info: reduce-scatter forward pass collective issued for layer: mlp_row, involved dimensions:  1, 0, 0, 0, 0, 0, 0, 0, 0, 0,
***** info: fwd pass comm collective for layer: mlp_row is finished************
chunk size is: 20971520 , size is: 20971520 , layer_num is: 1071 , node: 0
info: all-gather forward pass collective issued for layer: attention_column, involved dimensions:  1, 0, 0, 0, 0, 0, 0, 0, 0, 0,
***** info: fwd pass comm collective for layer: attention_column is finished************
chunk size is: 20971520 , size is: 20971520 , layer_num is: 1072 , node: 0
info: reduce-scatter forward pass collective issued for layer: attention_row, involved dimensions:  1, 0, 0, 0, 0, 0, 0, 0, 0, 0,
***** info: fwd pass comm collective for layer: attention_row is finished************
chunk size is: 20971520 , size is: 20971520 , layer_num is: 1073 , node: 0
info: all-gather forward pass collective issued for layer: mlp_column, involved dimensions:  1, 0, 0, 0, 0, 0, 0, 0, 0, 0,
***** info: fwd pass comm collective for layer: mlp_column is finished************
chunk size is: 20971520 , size is: 20971520 , layer_num is: 1074 , node: 0
info: reduce-scatter forward pass collective issued for layer: mlp_row, involved dimensions:  1, 0, 0, 0, 0, 0, 0, 0, 0, 0,
***** info: fwd pass comm collective for layer: mlp_row is finished************
chunk size is: 20971520 , size is: 20971520 , layer_num is: 1075 , node: 0
info: all-gather forward pass collective issued for layer: attention_column, involved dimensions:  1, 0, 0, 0, 0, 0, 0, 0, 0, 0,
***** info: fwd pass comm collective for layer: attention_column is finished************
chunk size is: 20971520 , size is: 20971520 , layer_num is: 1076 , node: 0
info: reduce-scatter forward pass collective issued for layer: attention_row, involved dimensions:  1, 0, 0, 0, 0, 0, 0, 0, 0, 0,
***** info: fwd pass comm collective for layer: attention_row is finished************
chunk size is: 20971520 , size is: 20971520 , layer_num is: 1077 , node: 0
info: all-gather forward pass collective issued for layer: mlp_column, involved dimensions:  1, 0, 0, 0, 0, 0, 0, 0, 0, 0,
***** info: fwd pass comm collective for layer: mlp_column is finished************
chunk size is: 20971520 , size is: 20971520 , layer_num is: 1078 , node: 0
info: reduce-scatter forward pass collective issued for layer: mlp_row, involved dimensions:  1, 0, 0, 0, 0, 0, 0, 0, 0, 0,
***** info: fwd pass comm collective for layer: mlp_row is finished************
chunk size is: 20971520 , size is: 20971520 , layer_num is: 1079 , node: 0
info: all-gather forward pass collective issued for layer: attention_column, involved dimensions:  1, 0, 0, 0, 0, 0, 0, 0, 0, 0,
***** info: fwd pass comm collective for layer: attention_column is finished************
chunk size is: 20971520 , size is: 20971520 , layer_num is: 1080 , node: 0
info: reduce-scatter forward pass collective issued for layer: attention_row, involved dimensions:  1, 0, 0, 0, 0, 0, 0, 0, 0, 0,
***** info: fwd pass comm collective for layer: attention_row is finished************
chunk size is: 20971520 , size is: 20971520 , layer_num is: 1081 , node: 0
info: all-gather forward pass collective issued for layer: mlp_column, involved dimensions:  1, 0, 0, 0, 0, 0, 0, 0, 0, 0,
***** info: fwd pass comm collective for layer: mlp_column is finished************
chunk size is: 20971520 , size is: 20971520 , layer_num is: 1082 , node: 0
info: reduce-scatter forward pass collective issued for layer: mlp_row, involved dimensions:  1, 0, 0, 0, 0, 0, 0, 0, 0, 0,
***** info: fwd pass comm collective for layer: mlp_row is finished************
chunk size is: 20971520 , size is: 20971520 , layer_num is: 1083 , node: 0
info: all-gather forward pass collective issued for layer: attention_column, involved dimensions:  1, 0, 0, 0, 0, 0, 0, 0, 0, 0,
***** info: fwd pass comm collective for layer: attention_column is finished************
chunk size is: 20971520 , size is: 20971520 , layer_num is: 1084 , node: 0
info: reduce-scatter forward pass collective issued for layer: attention_row, involved dimensions:  1, 0, 0, 0, 0, 0, 0, 0, 0, 0,
***** info: fwd pass comm collective for layer: attention_row is finished************
chunk size is: 20971520 , size is: 20971520 , layer_num is: 1085 , node: 0
info: all-gather forward pass collective issued for layer: mlp_column, involved dimensions:  1, 0, 0, 0, 0, 0, 0, 0, 0, 0,
***** info: fwd pass comm collective for layer: mlp_column is finished************
chunk size is: 20971520 , size is: 20971520 , layer_num is: 1086 , node: 0
info: reduce-scatter forward pass collective issued for layer: mlp_row, involved dimensions:  1, 0, 0, 0, 0, 0, 0, 0, 0, 0,
***** info: fwd pass comm collective for layer: mlp_row is finished************
chunk size is: 20971520 , size is: 20971520 , layer_num is: 1087 , node: 0
info: all-gather forward pass collective issued for layer: attention_column, involved dimensions:  1, 0, 0, 0, 0, 0, 0, 0, 0, 0,
***** info: fwd pass comm collective for layer: attention_column is finished************
chunk size is: 20971520 , size is: 20971520 , layer_num is: 1088 , node: 0
info: reduce-scatter forward pass collective issued for layer: attention_row, involved dimensions:  1, 0, 0, 0, 0, 0, 0, 0, 0, 0,
***** info: fwd pass comm collective for layer: attention_row is finished************
chunk size is: 20971520 , size is: 20971520 , layer_num is: 1089 , node: 0
info: all-gather forward pass collective issued for layer: mlp_column, involved dimensions:  1, 0, 0, 0, 0, 0, 0, 0, 0, 0,
***** info: fwd pass comm collective for layer: mlp_column is finished************
chunk size is: 20971520 , size is: 20971520 , layer_num is: 1090 , node: 0
info: reduce-scatter forward pass collective issued for layer: mlp_row, involved dimensions:  1, 0, 0, 0, 0, 0, 0, 0, 0, 0,
***** info: fwd pass comm collective for layer: mlp_row is finished************
chunk size is: 20971520 , size is: 20971520 , layer_num is: 1091 , node: 0
info: all-gather forward pass collective issued for layer: attention_column, involved dimensions:  1, 0, 0, 0, 0, 0, 0, 0, 0, 0,
***** info: fwd pass comm collective for layer: attention_column is finished************
chunk size is: 20971520 , size is: 20971520 , layer_num is: 1092 , node: 0
info: reduce-scatter forward pass collective issued for layer: attention_row, involved dimensions:  1, 0, 0, 0, 0, 0, 0, 0, 0, 0,
***** info: fwd pass comm collective for layer: attention_row is finished************
chunk size is: 20971520 , size is: 20971520 , layer_num is: 1093 , node: 0
info: all-gather forward pass collective issued for layer: mlp_column, involved dimensions:  1, 0, 0, 0, 0, 0, 0, 0, 0, 0,
***** info: fwd pass comm collective for layer: mlp_column is finished************
chunk size is: 20971520 , size is: 20971520 , layer_num is: 1094 , node: 0
info: reduce-scatter forward pass collective issued for layer: mlp_row, involved dimensions:  1, 0, 0, 0, 0, 0, 0, 0, 0, 0,
***** info: fwd pass comm collective for layer: mlp_row is finished************
chunk size is: 20971520 , size is: 20971520 , layer_num is: 1095 , node: 0
info: all-gather forward pass collective issued for layer: attention_column, involved dimensions:  1, 0, 0, 0, 0, 0, 0, 0, 0, 0,
***** info: fwd pass comm collective for layer: attention_column is finished************
chunk size is: 20971520 , size is: 20971520 , layer_num is: 1096 , node: 0
info: reduce-scatter forward pass collective issued for layer: attention_row, involved dimensions:  1, 0, 0, 0, 0, 0, 0, 0, 0, 0,
***** info: fwd pass comm collective for layer: attention_row is finished************
chunk size is: 20971520 , size is: 20971520 , layer_num is: 1097 , node: 0
info: all-gather forward pass collective issued for layer: mlp_column, involved dimensions:  1, 0, 0, 0, 0, 0, 0, 0, 0, 0,
***** info: fwd pass comm collective for layer: mlp_column is finished************
chunk size is: 20971520 , size is: 20971520 , layer_num is: 1098 , node: 0
info: reduce-scatter forward pass collective issued for layer: mlp_row, involved dimensions:  1, 0, 0, 0, 0, 0, 0, 0, 0, 0,
***** info: fwd pass comm collective for layer: mlp_row is finished************
chunk size is: 20971520 , size is: 20971520 , layer_num is: 1099 , node: 0
info: all-gather forward pass collective issued for layer: attention_column, involved dimensions:  1, 0, 0, 0, 0, 0, 0, 0, 0, 0,
***** info: fwd pass comm collective for layer: attention_column is finished************
chunk size is: 20971520 , size is: 20971520 , layer_num is: 1100 , node: 0
info: reduce-scatter forward pass collective issued for layer: attention_row, involved dimensions:  1, 0, 0, 0, 0, 0, 0, 0, 0, 0,
***** info: fwd pass comm collective for layer: attention_row is finished************
chunk size is: 20971520 , size is: 20971520 , layer_num is: 1101 , node: 0
info: all-gather forward pass collective issued for layer: mlp_column, involved dimensions:  1, 0, 0, 0, 0, 0, 0, 0, 0, 0,
***** info: fwd pass comm collective for layer: mlp_column is finished************
chunk size is: 20971520 , size is: 20971520 , layer_num is: 1102 , node: 0
info: reduce-scatter forward pass collective issued for layer: mlp_row, involved dimensions:  1, 0, 0, 0, 0, 0, 0, 0, 0, 0,
***** info: fwd pass comm collective for layer: mlp_row is finished************
chunk size is: 20971520 , size is: 20971520 , layer_num is: 1103 , node: 0
info: all-gather forward pass collective issued for layer: attention_column, involved dimensions:  1, 0, 0, 0, 0, 0, 0, 0, 0, 0,
***** info: fwd pass comm collective for layer: attention_column is finished************
chunk size is: 20971520 , size is: 20971520 , layer_num is: 1104 , node: 0
info: reduce-scatter forward pass collective issued for layer: attention_row, involved dimensions:  1, 0, 0, 0, 0, 0, 0, 0, 0, 0,
***** info: fwd pass comm collective for layer: attention_row is finished************
chunk size is: 20971520 , size is: 20971520 , layer_num is: 1105 , node: 0
info: all-gather forward pass collective issued for layer: mlp_column, involved dimensions:  1, 0, 0, 0, 0, 0, 0, 0, 0, 0,
***** info: fwd pass comm collective for layer: mlp_column is finished************
chunk size is: 20971520 , size is: 20971520 , layer_num is: 1106 , node: 0
info: reduce-scatter forward pass collective issued for layer: mlp_row, involved dimensions:  1, 0, 0, 0, 0, 0, 0, 0, 0, 0,
***** info: fwd pass comm collective for layer: mlp_row is finished************
chunk size is: 20971520 , size is: 20971520 , layer_num is: 1107 , node: 0
info: all-gather forward pass collective issued for layer: attention_column, involved dimensions:  1, 0, 0, 0, 0, 0, 0, 0, 0, 0,
***** info: fwd pass comm collective for layer: attention_column is finished************
chunk size is: 20971520 , size is: 20971520 , layer_num is: 1108 , node: 0
info: reduce-scatter forward pass collective issued for layer: attention_row, involved dimensions:  1, 0, 0, 0, 0, 0, 0, 0, 0, 0,
***** info: fwd pass comm collective for layer: attention_row is finished************
chunk size is: 20971520 , size is: 20971520 , layer_num is: 1109 , node: 0
info: all-gather forward pass collective issued for layer: mlp_column, involved dimensions:  1, 0, 0, 0, 0, 0, 0, 0, 0, 0,
***** info: fwd pass comm collective for layer: mlp_column is finished************
chunk size is: 20971520 , size is: 20971520 , layer_num is: 1110 , node: 0
info: reduce-scatter forward pass collective issued for layer: mlp_row, involved dimensions:  1, 0, 0, 0, 0, 0, 0, 0, 0, 0,
***** info: fwd pass comm collective for layer: mlp_row is finished************
chunk size is: 20971520 , size is: 20971520 , layer_num is: 1111 , node: 0
info: all-gather forward pass collective issued for layer: attention_column, involved dimensions:  1, 0, 0, 0, 0, 0, 0, 0, 0, 0,
***** info: fwd pass comm collective for layer: attention_column is finished************
chunk size is: 20971520 , size is: 20971520 , layer_num is: 1112 , node: 0
info: reduce-scatter forward pass collective issued for layer: attention_row, involved dimensions:  1, 0, 0, 0, 0, 0, 0, 0, 0, 0,
***** info: fwd pass comm collective for layer: attention_row is finished************
chunk size is: 20971520 , size is: 20971520 , layer_num is: 1113 , node: 0
info: all-gather forward pass collective issued for layer: mlp_column, involved dimensions:  1, 0, 0, 0, 0, 0, 0, 0, 0, 0,
***** info: fwd pass comm collective for layer: mlp_column is finished************
chunk size is: 20971520 , size is: 20971520 , layer_num is: 1114 , node: 0
info: reduce-scatter forward pass collective issued for layer: mlp_row, involved dimensions:  1, 0, 0, 0, 0, 0, 0, 0, 0, 0,
***** info: fwd pass comm collective for layer: mlp_row is finished************
chunk size is: 20971520 , size is: 20971520 , layer_num is: 1115 , node: 0
info: all-gather forward pass collective issued for layer: attention_column, involved dimensions:  1, 0, 0, 0, 0, 0, 0, 0, 0, 0,
***** info: fwd pass comm collective for layer: attention_column is finished************
chunk size is: 20971520 , size is: 20971520 , layer_num is: 1116 , node: 0
info: reduce-scatter forward pass collective issued for layer: attention_row, involved dimensions:  1, 0, 0, 0, 0, 0, 0, 0, 0, 0,
***** info: fwd pass comm collective for layer: attention_row is finished************
chunk size is: 20971520 , size is: 20971520 , layer_num is: 1117 , node: 0
info: all-gather forward pass collective issued for layer: mlp_column, involved dimensions:  1, 0, 0, 0, 0, 0, 0, 0, 0, 0,
***** info: fwd pass comm collective for layer: mlp_column is finished************
chunk size is: 20971520 , size is: 20971520 , layer_num is: 1118 , node: 0
info: reduce-scatter forward pass collective issued for layer: mlp_row, involved dimensions:  1, 0, 0, 0, 0, 0, 0, 0, 0, 0,
***** info: fwd pass comm collective for layer: mlp_row is finished************
chunk size is: 20971520 , size is: 20971520 , layer_num is: 1119 , node: 0
info: all-gather forward pass collective issued for layer: attention_column, involved dimensions:  1, 0, 0, 0, 0, 0, 0, 0, 0, 0,
***** info: fwd pass comm collective for layer: attention_column is finished************
chunk size is: 20971520 , size is: 20971520 , layer_num is: 1120 , node: 0
info: reduce-scatter forward pass collective issued for layer: attention_row, involved dimensions:  1, 0, 0, 0, 0, 0, 0, 0, 0, 0,
***** info: fwd pass comm collective for layer: attention_row is finished************
chunk size is: 20971520 , size is: 20971520 , layer_num is: 1121 , node: 0
info: all-gather forward pass collective issued for layer: mlp_column, involved dimensions:  1, 0, 0, 0, 0, 0, 0, 0, 0, 0,
***** info: fwd pass comm collective for layer: mlp_column is finished************
chunk size is: 20971520 , size is: 20971520 , layer_num is: 1122 , node: 0
info: reduce-scatter forward pass collective issued for layer: mlp_row, involved dimensions:  1, 0, 0, 0, 0, 0, 0, 0, 0, 0,
***** info: fwd pass comm collective for layer: mlp_row is finished************
chunk size is: 20971520 , size is: 20971520 , layer_num is: 1123 , node: 0
info: all-gather forward pass collective issued for layer: attention_column, involved dimensions:  1, 0, 0, 0, 0, 0, 0, 0, 0, 0,
***** info: fwd pass comm collective for layer: attention_column is finished************
chunk size is: 20971520 , size is: 20971520 , layer_num is: 1124 , node: 0
info: reduce-scatter forward pass collective issued for layer: attention_row, involved dimensions:  1, 0, 0, 0, 0, 0, 0, 0, 0, 0,
***** info: fwd pass comm collective for layer: attention_row is finished************
chunk size is: 20971520 , size is: 20971520 , layer_num is: 1125 , node: 0
info: all-gather forward pass collective issued for layer: mlp_column, involved dimensions:  1, 0, 0, 0, 0, 0, 0, 0, 0, 0,
***** info: fwd pass comm collective for layer: mlp_column is finished************
chunk size is: 20971520 , size is: 20971520 , layer_num is: 1126 , node: 0
info: reduce-scatter forward pass collective issued for layer: mlp_row, involved dimensions:  1, 0, 0, 0, 0, 0, 0, 0, 0, 0,
***** info: fwd pass comm collective for layer: mlp_row is finished************
chunk size is: 20971520 , size is: 20971520 , layer_num is: 1127 , node: 0
info: all-gather forward pass collective issued for layer: attention_column, involved dimensions:  1, 0, 0, 0, 0, 0, 0, 0, 0, 0,
***** info: fwd pass comm collective for layer: attention_column is finished************
chunk size is: 20971520 , size is: 20971520 , layer_num is: 1128 , node: 0
info: reduce-scatter forward pass collective issued for layer: attention_row, involved dimensions:  1, 0, 0, 0, 0, 0, 0, 0, 0, 0,
***** info: fwd pass comm collective for layer: attention_row is finished************
chunk size is: 20971520 , size is: 20971520 , layer_num is: 1129 , node: 0
info: all-gather forward pass collective issued for layer: mlp_column, involved dimensions:  1, 0, 0, 0, 0, 0, 0, 0, 0, 0,
***** info: fwd pass comm collective for layer: mlp_column is finished************
chunk size is: 20971520 , size is: 20971520 , layer_num is: 1130 , node: 0
info: reduce-scatter forward pass collective issued for layer: mlp_row, involved dimensions:  1, 0, 0, 0, 0, 0, 0, 0, 0, 0,
***** info: fwd pass comm collective for layer: mlp_row is finished************
chunk size is: 20971520 , size is: 20971520 , layer_num is: 1131 , node: 0
info: all-gather forward pass collective issued for layer: attention_column, involved dimensions:  1, 0, 0, 0, 0, 0, 0, 0, 0, 0,
***** info: fwd pass comm collective for layer: attention_column is finished************
chunk size is: 20971520 , size is: 20971520 , layer_num is: 1132 , node: 0
info: reduce-scatter forward pass collective issued for layer: attention_row, involved dimensions:  1, 0, 0, 0, 0, 0, 0, 0, 0, 0,
***** info: fwd pass comm collective for layer: attention_row is finished************
chunk size is: 20971520 , size is: 20971520 , layer_num is: 1133 , node: 0
info: all-gather forward pass collective issued for layer: mlp_column, involved dimensions:  1, 0, 0, 0, 0, 0, 0, 0, 0, 0,
***** info: fwd pass comm collective for layer: mlp_column is finished************
chunk size is: 20971520 , size is: 20971520 , layer_num is: 1134 , node: 0
info: reduce-scatter forward pass collective issued for layer: mlp_row, involved dimensions:  1, 0, 0, 0, 0, 0, 0, 0, 0, 0,
***** info: fwd pass comm collective for layer: mlp_row is finished************
chunk size is: 20971520 , size is: 20971520 , layer_num is: 1135 , node: 0
info: all-gather forward pass collective issued for layer: attention_column, involved dimensions:  1, 0, 0, 0, 0, 0, 0, 0, 0, 0,
***** info: fwd pass comm collective for layer: attention_column is finished************
chunk size is: 20971520 , size is: 20971520 , layer_num is: 1136 , node: 0
info: reduce-scatter forward pass collective issued for layer: attention_row, involved dimensions:  1, 0, 0, 0, 0, 0, 0, 0, 0, 0,
***** info: fwd pass comm collective for layer: attention_row is finished************
chunk size is: 20971520 , size is: 20971520 , layer_num is: 1137 , node: 0
info: all-gather forward pass collective issued for layer: mlp_column, involved dimensions:  1, 0, 0, 0, 0, 0, 0, 0, 0, 0,
***** info: fwd pass comm collective for layer: mlp_column is finished************
chunk size is: 20971520 , size is: 20971520 , layer_num is: 1138 , node: 0
info: reduce-scatter forward pass collective issued for layer: mlp_row, involved dimensions:  1, 0, 0, 0, 0, 0, 0, 0, 0, 0,
***** info: fwd pass comm collective for layer: mlp_row is finished************
chunk size is: 20971520 , size is: 20971520 , layer_num is: 1139 , node: 0
info: all-gather forward pass collective issued for layer: final_column, involved dimensions:  1, 0, 0, 0, 0, 0, 0, 0, 0, 0,
***** info: fwd pass comm collective for layer: final_column is finished************
chunk size is: 20971520 , size is: 20971520 , layer_num is: 1140 , node: 0
info: all-reduce forward pass collective issued for layer: embedding_layer, involved dimensions:  1, 0, 0, 0, 0, 0, 0, 0, 0, 0,
***** info: fwd pass comm collective for layer: embedding_layer is finished************
chunk size is: 20971520 , size is: 20971520 , layer_num is: 1141 , node: 0
info: all-gather forward pass collective issued for layer: attention_column, involved dimensions:  1, 0, 0, 0, 0, 0, 0, 0, 0, 0,
***** info: fwd pass comm collective for layer: attention_column is finished************
chunk size is: 20971520 , size is: 20971520 , layer_num is: 1142 , node: 0
info: reduce-scatter forward pass collective issued for layer: attention_row, involved dimensions:  1, 0, 0, 0, 0, 0, 0, 0, 0, 0,
***** info: fwd pass comm collective for layer: attention_row is finished************
chunk size is: 20971520 , size is: 20971520 , layer_num is: 1143 , node: 0
info: all-gather forward pass collective issued for layer: mlp_column, involved dimensions:  1, 0, 0, 0, 0, 0, 0, 0, 0, 0,
***** info: fwd pass comm collective for layer: mlp_column is finished************
chunk size is: 20971520 , size is: 20971520 , layer_num is: 1144 , node: 0
info: reduce-scatter forward pass collective issued for layer: mlp_row, involved dimensions:  1, 0, 0, 0, 0, 0, 0, 0, 0, 0,
***** info: fwd pass comm collective for layer: mlp_row is finished************
chunk size is: 20971520 , size is: 20971520 , layer_num is: 1145 , node: 0
info: all-gather forward pass collective issued for layer: attention_column, involved dimensions:  1, 0, 0, 0, 0, 0, 0, 0, 0, 0,
***** info: fwd pass comm collective for layer: attention_column is finished************
chunk size is: 20971520 , size is: 20971520 , layer_num is: 1146 , node: 0
info: reduce-scatter forward pass collective issued for layer: attention_row, involved dimensions:  1, 0, 0, 0, 0, 0, 0, 0, 0, 0,
***** info: fwd pass comm collective for layer: attention_row is finished************
chunk size is: 20971520 , size is: 20971520 , layer_num is: 1147 , node: 0
info: all-gather forward pass collective issued for layer: mlp_column, involved dimensions:  1, 0, 0, 0, 0, 0, 0, 0, 0, 0,
***** info: fwd pass comm collective for layer: mlp_column is finished************
chunk size is: 20971520 , size is: 20971520 , layer_num is: 1148 , node: 0
info: reduce-scatter forward pass collective issued for layer: mlp_row, involved dimensions:  1, 0, 0, 0, 0, 0, 0, 0, 0, 0,
***** info: fwd pass comm collective for layer: mlp_row is finished************
chunk size is: 20971520 , size is: 20971520 , layer_num is: 1149 , node: 0
info: all-gather forward pass collective issued for layer: attention_column, involved dimensions:  1, 0, 0, 0, 0, 0, 0, 0, 0, 0,
***** info: fwd pass comm collective for layer: attention_column is finished************
chunk size is: 20971520 , size is: 20971520 , layer_num is: 1150 , node: 0
info: reduce-scatter forward pass collective issued for layer: attention_row, involved dimensions:  1, 0, 0, 0, 0, 0, 0, 0, 0, 0,
***** info: fwd pass comm collective for layer: attention_row is finished************
chunk size is: 20971520 , size is: 20971520 , layer_num is: 1151 , node: 0
info: all-gather forward pass collective issued for layer: mlp_column, involved dimensions:  1, 0, 0, 0, 0, 0, 0, 0, 0, 0,
***** info: fwd pass comm collective for layer: mlp_column is finished************
chunk size is: 20971520 , size is: 20971520 , layer_num is: 1152 , node: 0
info: reduce-scatter forward pass collective issued for layer: mlp_row, involved dimensions:  1, 0, 0, 0, 0, 0, 0, 0, 0, 0,
***** info: fwd pass comm collective for layer: mlp_row is finished************
chunk size is: 20971520 , size is: 20971520 , layer_num is: 1153 , node: 0
info: all-gather forward pass collective issued for layer: attention_column, involved dimensions:  1, 0, 0, 0, 0, 0, 0, 0, 0, 0,
***** info: fwd pass comm collective for layer: attention_column is finished************
chunk size is: 20971520 , size is: 20971520 , layer_num is: 1154 , node: 0
info: reduce-scatter forward pass collective issued for layer: attention_row, involved dimensions:  1, 0, 0, 0, 0, 0, 0, 0, 0, 0,
***** info: fwd pass comm collective for layer: attention_row is finished************
chunk size is: 20971520 , size is: 20971520 , layer_num is: 1155 , node: 0
info: all-gather forward pass collective issued for layer: mlp_column, involved dimensions:  1, 0, 0, 0, 0, 0, 0, 0, 0, 0,
***** info: fwd pass comm collective for layer: mlp_column is finished************
chunk size is: 20971520 , size is: 20971520 , layer_num is: 1156 , node: 0
info: reduce-scatter forward pass collective issued for layer: mlp_row, involved dimensions:  1, 0, 0, 0, 0, 0, 0, 0, 0, 0,
***** info: fwd pass comm collective for layer: mlp_row is finished************
chunk size is: 20971520 , size is: 20971520 , layer_num is: 1157 , node: 0
info: all-gather forward pass collective issued for layer: attention_column, involved dimensions:  1, 0, 0, 0, 0, 0, 0, 0, 0, 0,
***** info: fwd pass comm collective for layer: attention_column is finished************
chunk size is: 20971520 , size is: 20971520 , layer_num is: 1158 , node: 0
info: reduce-scatter forward pass collective issued for layer: attention_row, involved dimensions:  1, 0, 0, 0, 0, 0, 0, 0, 0, 0,
***** info: fwd pass comm collective for layer: attention_row is finished************
chunk size is: 20971520 , size is: 20971520 , layer_num is: 1159 , node: 0
info: all-gather forward pass collective issued for layer: mlp_column, involved dimensions:  1, 0, 0, 0, 0, 0, 0, 0, 0, 0,
***** info: fwd pass comm collective for layer: mlp_column is finished************
chunk size is: 20971520 , size is: 20971520 , layer_num is: 1160 , node: 0
info: reduce-scatter forward pass collective issued for layer: mlp_row, involved dimensions:  1, 0, 0, 0, 0, 0, 0, 0, 0, 0,
***** info: fwd pass comm collective for layer: mlp_row is finished************
chunk size is: 20971520 , size is: 20971520 , layer_num is: 1161 , node: 0
info: all-gather forward pass collective issued for layer: attention_column, involved dimensions:  1, 0, 0, 0, 0, 0, 0, 0, 0, 0,
***** info: fwd pass comm collective for layer: attention_column is finished************
chunk size is: 20971520 , size is: 20971520 , layer_num is: 1162 , node: 0
info: reduce-scatter forward pass collective issued for layer: attention_row, involved dimensions:  1, 0, 0, 0, 0, 0, 0, 0, 0, 0,
***** info: fwd pass comm collective for layer: attention_row is finished************
chunk size is: 20971520 , size is: 20971520 , layer_num is: 1163 , node: 0
info: all-gather forward pass collective issued for layer: mlp_column, involved dimensions:  1, 0, 0, 0, 0, 0, 0, 0, 0, 0,
***** info: fwd pass comm collective for layer: mlp_column is finished************
chunk size is: 20971520 , size is: 20971520 , layer_num is: 1164 , node: 0
info: reduce-scatter forward pass collective issued for layer: mlp_row, involved dimensions:  1, 0, 0, 0, 0, 0, 0, 0, 0, 0,
***** info: fwd pass comm collective for layer: mlp_row is finished************
chunk size is: 20971520 , size is: 20971520 , layer_num is: 1165 , node: 0
info: all-gather forward pass collective issued for layer: attention_column, involved dimensions:  1, 0, 0, 0, 0, 0, 0, 0, 0, 0,
***** info: fwd pass comm collective for layer: attention_column is finished************
chunk size is: 20971520 , size is: 20971520 , layer_num is: 1166 , node: 0
info: reduce-scatter forward pass collective issued for layer: attention_row, involved dimensions:  1, 0, 0, 0, 0, 0, 0, 0, 0, 0,
***** info: fwd pass comm collective for layer: attention_row is finished************
chunk size is: 20971520 , size is: 20971520 , layer_num is: 1167 , node: 0
info: all-gather forward pass collective issued for layer: mlp_column, involved dimensions:  1, 0, 0, 0, 0, 0, 0, 0, 0, 0,
***** info: fwd pass comm collective for layer: mlp_column is finished************
chunk size is: 20971520 , size is: 20971520 , layer_num is: 1168 , node: 0
info: reduce-scatter forward pass collective issued for layer: mlp_row, involved dimensions:  1, 0, 0, 0, 0, 0, 0, 0, 0, 0,
***** info: fwd pass comm collective for layer: mlp_row is finished************
chunk size is: 20971520 , size is: 20971520 , layer_num is: 1169 , node: 0
info: all-gather forward pass collective issued for layer: attention_column, involved dimensions:  1, 0, 0, 0, 0, 0, 0, 0, 0, 0,
***** info: fwd pass comm collective for layer: attention_column is finished************
chunk size is: 20971520 , size is: 20971520 , layer_num is: 1170 , node: 0
info: reduce-scatter forward pass collective issued for layer: attention_row, involved dimensions:  1, 0, 0, 0, 0, 0, 0, 0, 0, 0,
***** info: fwd pass comm collective for layer: attention_row is finished************
chunk size is: 20971520 , size is: 20971520 , layer_num is: 1171 , node: 0
info: all-gather forward pass collective issued for layer: mlp_column, involved dimensions:  1, 0, 0, 0, 0, 0, 0, 0, 0, 0,
***** info: fwd pass comm collective for layer: mlp_column is finished************
chunk size is: 20971520 , size is: 20971520 , layer_num is: 1172 , node: 0
info: reduce-scatter forward pass collective issued for layer: mlp_row, involved dimensions:  1, 0, 0, 0, 0, 0, 0, 0, 0, 0,
***** info: fwd pass comm collective for layer: mlp_row is finished************
chunk size is: 20971520 , size is: 20971520 , layer_num is: 1173 , node: 0
info: all-gather forward pass collective issued for layer: attention_column, involved dimensions:  1, 0, 0, 0, 0, 0, 0, 0, 0, 0,
***** info: fwd pass comm collective for layer: attention_column is finished************
chunk size is: 20971520 , size is: 20971520 , layer_num is: 1174 , node: 0
info: reduce-scatter forward pass collective issued for layer: attention_row, involved dimensions:  1, 0, 0, 0, 0, 0, 0, 0, 0, 0,
***** info: fwd pass comm collective for layer: attention_row is finished************
chunk size is: 20971520 , size is: 20971520 , layer_num is: 1175 , node: 0
info: all-gather forward pass collective issued for layer: mlp_column, involved dimensions:  1, 0, 0, 0, 0, 0, 0, 0, 0, 0,
***** info: fwd pass comm collective for layer: mlp_column is finished************
chunk size is: 20971520 , size is: 20971520 , layer_num is: 1176 , node: 0
info: reduce-scatter forward pass collective issued for layer: mlp_row, involved dimensions:  1, 0, 0, 0, 0, 0, 0, 0, 0, 0,
***** info: fwd pass comm collective for layer: mlp_row is finished************
chunk size is: 20971520 , size is: 20971520 , layer_num is: 1177 , node: 0
info: all-gather forward pass collective issued for layer: attention_column, involved dimensions:  1, 0, 0, 0, 0, 0, 0, 0, 0, 0,
***** info: fwd pass comm collective for layer: attention_column is finished************
chunk size is: 20971520 , size is: 20971520 , layer_num is: 1178 , node: 0
info: reduce-scatter forward pass collective issued for layer: attention_row, involved dimensions:  1, 0, 0, 0, 0, 0, 0, 0, 0, 0,
***** info: fwd pass comm collective for layer: attention_row is finished************
chunk size is: 20971520 , size is: 20971520 , layer_num is: 1179 , node: 0
info: all-gather forward pass collective issued for layer: mlp_column, involved dimensions:  1, 0, 0, 0, 0, 0, 0, 0, 0, 0,
***** info: fwd pass comm collective for layer: mlp_column is finished************
chunk size is: 20971520 , size is: 20971520 , layer_num is: 1180 , node: 0
info: reduce-scatter forward pass collective issued for layer: mlp_row, involved dimensions:  1, 0, 0, 0, 0, 0, 0, 0, 0, 0,
***** info: fwd pass comm collective for layer: mlp_row is finished************
chunk size is: 20971520 , size is: 20971520 , layer_num is: 1181 , node: 0
info: all-gather forward pass collective issued for layer: attention_column, involved dimensions:  1, 0, 0, 0, 0, 0, 0, 0, 0, 0,
***** info: fwd pass comm collective for layer: attention_column is finished************
chunk size is: 20971520 , size is: 20971520 , layer_num is: 1182 , node: 0
info: reduce-scatter forward pass collective issued for layer: attention_row, involved dimensions:  1, 0, 0, 0, 0, 0, 0, 0, 0, 0,
***** info: fwd pass comm collective for layer: attention_row is finished************
chunk size is: 20971520 , size is: 20971520 , layer_num is: 1183 , node: 0
info: all-gather forward pass collective issued for layer: mlp_column, involved dimensions:  1, 0, 0, 0, 0, 0, 0, 0, 0, 0,
***** info: fwd pass comm collective for layer: mlp_column is finished************
chunk size is: 20971520 , size is: 20971520 , layer_num is: 1184 , node: 0
info: reduce-scatter forward pass collective issued for layer: mlp_row, involved dimensions:  1, 0, 0, 0, 0, 0, 0, 0, 0, 0,
***** info: fwd pass comm collective for layer: mlp_row is finished************
chunk size is: 20971520 , size is: 20971520 , layer_num is: 1185 , node: 0
info: all-gather forward pass collective issued for layer: attention_column, involved dimensions:  1, 0, 0, 0, 0, 0, 0, 0, 0, 0,
***** info: fwd pass comm collective for layer: attention_column is finished************
chunk size is: 20971520 , size is: 20971520 , layer_num is: 1186 , node: 0
info: reduce-scatter forward pass collective issued for layer: attention_row, involved dimensions:  1, 0, 0, 0, 0, 0, 0, 0, 0, 0,
***** info: fwd pass comm collective for layer: attention_row is finished************
chunk size is: 20971520 , size is: 20971520 , layer_num is: 1187 , node: 0
info: all-gather forward pass collective issued for layer: mlp_column, involved dimensions:  1, 0, 0, 0, 0, 0, 0, 0, 0, 0,
***** info: fwd pass comm collective for layer: mlp_column is finished************
chunk size is: 20971520 , size is: 20971520 , layer_num is: 1188 , node: 0
info: reduce-scatter forward pass collective issued for layer: mlp_row, involved dimensions:  1, 0, 0, 0, 0, 0, 0, 0, 0, 0,
***** info: fwd pass comm collective for layer: mlp_row is finished************
chunk size is: 20971520 , size is: 20971520 , layer_num is: 1189 , node: 0
info: all-gather forward pass collective issued for layer: attention_column, involved dimensions:  1, 0, 0, 0, 0, 0, 0, 0, 0, 0,
***** info: fwd pass comm collective for layer: attention_column is finished************
chunk size is: 20971520 , size is: 20971520 , layer_num is: 1190 , node: 0
info: reduce-scatter forward pass collective issued for layer: attention_row, involved dimensions:  1, 0, 0, 0, 0, 0, 0, 0, 0, 0,
***** info: fwd pass comm collective for layer: attention_row is finished************
chunk size is: 20971520 , size is: 20971520 , layer_num is: 1191 , node: 0
info: all-gather forward pass collective issued for layer: mlp_column, involved dimensions:  1, 0, 0, 0, 0, 0, 0, 0, 0, 0,
***** info: fwd pass comm collective for layer: mlp_column is finished************
chunk size is: 20971520 , size is: 20971520 , layer_num is: 1192 , node: 0
info: reduce-scatter forward pass collective issued for layer: mlp_row, involved dimensions:  1, 0, 0, 0, 0, 0, 0, 0, 0, 0,
***** info: fwd pass comm collective for layer: mlp_row is finished************
chunk size is: 20971520 , size is: 20971520 , layer_num is: 1193 , node: 0
info: all-gather forward pass collective issued for layer: attention_column, involved dimensions:  1, 0, 0, 0, 0, 0, 0, 0, 0, 0,
***** info: fwd pass comm collective for layer: attention_column is finished************
chunk size is: 20971520 , size is: 20971520 , layer_num is: 1194 , node: 0
info: reduce-scatter forward pass collective issued for layer: attention_row, involved dimensions:  1, 0, 0, 0, 0, 0, 0, 0, 0, 0,
***** info: fwd pass comm collective for layer: attention_row is finished************
chunk size is: 20971520 , size is: 20971520 , layer_num is: 1195 , node: 0
info: all-gather forward pass collective issued for layer: mlp_column, involved dimensions:  1, 0, 0, 0, 0, 0, 0, 0, 0, 0,
***** info: fwd pass comm collective for layer: mlp_column is finished************
chunk size is: 20971520 , size is: 20971520 , layer_num is: 1196 , node: 0
info: reduce-scatter forward pass collective issued for layer: mlp_row, involved dimensions:  1, 0, 0, 0, 0, 0, 0, 0, 0, 0,
***** info: fwd pass comm collective for layer: mlp_row is finished************
chunk size is: 20971520 , size is: 20971520 , layer_num is: 1197 , node: 0
info: all-gather forward pass collective issued for layer: attention_column, involved dimensions:  1, 0, 0, 0, 0, 0, 0, 0, 0, 0,
***** info: fwd pass comm collective for layer: attention_column is finished************
chunk size is: 20971520 , size is: 20971520 , layer_num is: 1198 , node: 0
info: reduce-scatter forward pass collective issued for layer: attention_row, involved dimensions:  1, 0, 0, 0, 0, 0, 0, 0, 0, 0,
***** info: fwd pass comm collective for layer: attention_row is finished************
chunk size is: 20971520 , size is: 20971520 , layer_num is: 1199 , node: 0
info: all-gather forward pass collective issued for layer: mlp_column, involved dimensions:  1, 0, 0, 0, 0, 0, 0, 0, 0, 0,
***** info: fwd pass comm collective for layer: mlp_column is finished************
chunk size is: 20971520 , size is: 20971520 , layer_num is: 1200 , node: 0
info: reduce-scatter forward pass collective issued for layer: mlp_row, involved dimensions:  1, 0, 0, 0, 0, 0, 0, 0, 0, 0,
***** info: fwd pass comm collective for layer: mlp_row is finished************
chunk size is: 20971520 , size is: 20971520 , layer_num is: 1201 , node: 0
info: all-gather forward pass collective issued for layer: attention_column, involved dimensions:  1, 0, 0, 0, 0, 0, 0, 0, 0, 0,
***** info: fwd pass comm collective for layer: attention_column is finished************
chunk size is: 20971520 , size is: 20971520 , layer_num is: 1202 , node: 0
info: reduce-scatter forward pass collective issued for layer: attention_row, involved dimensions:  1, 0, 0, 0, 0, 0, 0, 0, 0, 0,
***** info: fwd pass comm collective for layer: attention_row is finished************
chunk size is: 20971520 , size is: 20971520 , layer_num is: 1203 , node: 0
info: all-gather forward pass collective issued for layer: mlp_column, involved dimensions:  1, 0, 0, 0, 0, 0, 0, 0, 0, 0,
***** info: fwd pass comm collective for layer: mlp_column is finished************
chunk size is: 20971520 , size is: 20971520 , layer_num is: 1204 , node: 0
info: reduce-scatter forward pass collective issued for layer: mlp_row, involved dimensions:  1, 0, 0, 0, 0, 0, 0, 0, 0, 0,
***** info: fwd pass comm collective for layer: mlp_row is finished************
chunk size is: 20971520 , size is: 20971520 , layer_num is: 1205 , node: 0
info: all-gather forward pass collective issued for layer: attention_column, involved dimensions:  1, 0, 0, 0, 0, 0, 0, 0, 0, 0,
***** info: fwd pass comm collective for layer: attention_column is finished************
chunk size is: 20971520 , size is: 20971520 , layer_num is: 1206 , node: 0
info: reduce-scatter forward pass collective issued for layer: attention_row, involved dimensions:  1, 0, 0, 0, 0, 0, 0, 0, 0, 0,
***** info: fwd pass comm collective for layer: attention_row is finished************
chunk size is: 20971520 , size is: 20971520 , layer_num is: 1207 , node: 0
info: all-gather forward pass collective issued for layer: mlp_column, involved dimensions:  1, 0, 0, 0, 0, 0, 0, 0, 0, 0,
***** info: fwd pass comm collective for layer: mlp_column is finished************
chunk size is: 20971520 , size is: 20971520 , layer_num is: 1208 , node: 0
info: reduce-scatter forward pass collective issued for layer: mlp_row, involved dimensions:  1, 0, 0, 0, 0, 0, 0, 0, 0, 0,
***** info: fwd pass comm collective for layer: mlp_row is finished************
chunk size is: 20971520 , size is: 20971520 , layer_num is: 1209 , node: 0
info: all-gather forward pass collective issued for layer: attention_column, involved dimensions:  1, 0, 0, 0, 0, 0, 0, 0, 0, 0,
***** info: fwd pass comm collective for layer: attention_column is finished************
chunk size is: 20971520 , size is: 20971520 , layer_num is: 1210 , node: 0
info: reduce-scatter forward pass collective issued for layer: attention_row, involved dimensions:  1, 0, 0, 0, 0, 0, 0, 0, 0, 0,
***** info: fwd pass comm collective for layer: attention_row is finished************
chunk size is: 20971520 , size is: 20971520 , layer_num is: 1211 , node: 0
info: all-gather forward pass collective issued for layer: mlp_column, involved dimensions:  1, 0, 0, 0, 0, 0, 0, 0, 0, 0,
***** info: fwd pass comm collective for layer: mlp_column is finished************
chunk size is: 20971520 , size is: 20971520 , layer_num is: 1212 , node: 0
info: reduce-scatter forward pass collective issued for layer: mlp_row, involved dimensions:  1, 0, 0, 0, 0, 0, 0, 0, 0, 0,
***** info: fwd pass comm collective for layer: mlp_row is finished************
chunk size is: 20971520 , size is: 20971520 , layer_num is: 1213 , node: 0
info: all-gather forward pass collective issued for layer: attention_column, involved dimensions:  1, 0, 0, 0, 0, 0, 0, 0, 0, 0,
***** info: fwd pass comm collective for layer: attention_column is finished************
chunk size is: 20971520 , size is: 20971520 , layer_num is: 1214 , node: 0
info: reduce-scatter forward pass collective issued for layer: attention_row, involved dimensions:  1, 0, 0, 0, 0, 0, 0, 0, 0, 0,
***** info: fwd pass comm collective for layer: attention_row is finished************
chunk size is: 20971520 , size is: 20971520 , layer_num is: 1215 , node: 0
info: all-gather forward pass collective issued for layer: mlp_column, involved dimensions:  1, 0, 0, 0, 0, 0, 0, 0, 0, 0,
***** info: fwd pass comm collective for layer: mlp_column is finished************
chunk size is: 20971520 , size is: 20971520 , layer_num is: 1216 , node: 0
info: reduce-scatter forward pass collective issued for layer: mlp_row, involved dimensions:  1, 0, 0, 0, 0, 0, 0, 0, 0, 0,
***** info: fwd pass comm collective for layer: mlp_row is finished************
chunk size is: 20971520 , size is: 20971520 , layer_num is: 1217 , node: 0
info: all-gather forward pass collective issued for layer: attention_column, involved dimensions:  1, 0, 0, 0, 0, 0, 0, 0, 0, 0,
***** info: fwd pass comm collective for layer: attention_column is finished************
chunk size is: 20971520 , size is: 20971520 , layer_num is: 1218 , node: 0
info: reduce-scatter forward pass collective issued for layer: attention_row, involved dimensions:  1, 0, 0, 0, 0, 0, 0, 0, 0, 0,
***** info: fwd pass comm collective for layer: attention_row is finished************
chunk size is: 20971520 , size is: 20971520 , layer_num is: 1219 , node: 0
info: all-gather forward pass collective issued for layer: mlp_column, involved dimensions:  1, 0, 0, 0, 0, 0, 0, 0, 0, 0,
***** info: fwd pass comm collective for layer: mlp_column is finished************
chunk size is: 20971520 , size is: 20971520 , layer_num is: 1220 , node: 0
info: reduce-scatter forward pass collective issued for layer: mlp_row, involved dimensions:  1, 0, 0, 0, 0, 0, 0, 0, 0, 0,
***** info: fwd pass comm collective for layer: mlp_row is finished************
chunk size is: 20971520 , size is: 20971520 , layer_num is: 1221 , node: 0
info: all-gather forward pass collective issued for layer: attention_column, involved dimensions:  1, 0, 0, 0, 0, 0, 0, 0, 0, 0,
***** info: fwd pass comm collective for layer: attention_column is finished************
chunk size is: 20971520 , size is: 20971520 , layer_num is: 1222 , node: 0
info: reduce-scatter forward pass collective issued for layer: attention_row, involved dimensions:  1, 0, 0, 0, 0, 0, 0, 0, 0, 0,
***** info: fwd pass comm collective for layer: attention_row is finished************
chunk size is: 20971520 , size is: 20971520 , layer_num is: 1223 , node: 0
info: all-gather forward pass collective issued for layer: mlp_column, involved dimensions:  1, 0, 0, 0, 0, 0, 0, 0, 0, 0,
***** info: fwd pass comm collective for layer: mlp_column is finished************
chunk size is: 20971520 , size is: 20971520 , layer_num is: 1224 , node: 0
info: reduce-scatter forward pass collective issued for layer: mlp_row, involved dimensions:  1, 0, 0, 0, 0, 0, 0, 0, 0, 0,
***** info: fwd pass comm collective for layer: mlp_row is finished************
chunk size is: 20971520 , size is: 20971520 , layer_num is: 1225 , node: 0
info: all-gather forward pass collective issued for layer: attention_column, involved dimensions:  1, 0, 0, 0, 0, 0, 0, 0, 0, 0,
***** info: fwd pass comm collective for layer: attention_column is finished************
chunk size is: 20971520 , size is: 20971520 , layer_num is: 1226 , node: 0
info: reduce-scatter forward pass collective issued for layer: attention_row, involved dimensions:  1, 0, 0, 0, 0, 0, 0, 0, 0, 0,
***** info: fwd pass comm collective for layer: attention_row is finished************
chunk size is: 20971520 , size is: 20971520 , layer_num is: 1227 , node: 0
info: all-gather forward pass collective issued for layer: mlp_column, involved dimensions:  1, 0, 0, 0, 0, 0, 0, 0, 0, 0,
***** info: fwd pass comm collective for layer: mlp_column is finished************
chunk size is: 20971520 , size is: 20971520 , layer_num is: 1228 , node: 0
info: reduce-scatter forward pass collective issued for layer: mlp_row, involved dimensions:  1, 0, 0, 0, 0, 0, 0, 0, 0, 0,
***** info: fwd pass comm collective for layer: mlp_row is finished************
chunk size is: 20971520 , size is: 20971520 , layer_num is: 1229 , node: 0
info: all-gather forward pass collective issued for layer: attention_column, involved dimensions:  1, 0, 0, 0, 0, 0, 0, 0, 0, 0,
***** info: fwd pass comm collective for layer: attention_column is finished************
chunk size is: 20971520 , size is: 20971520 , layer_num is: 1230 , node: 0
info: reduce-scatter forward pass collective issued for layer: attention_row, involved dimensions:  1, 0, 0, 0, 0, 0, 0, 0, 0, 0,
***** info: fwd pass comm collective for layer: attention_row is finished************
chunk size is: 20971520 , size is: 20971520 , layer_num is: 1231 , node: 0
info: all-gather forward pass collective issued for layer: mlp_column, involved dimensions:  1, 0, 0, 0, 0, 0, 0, 0, 0, 0,
***** info: fwd pass comm collective for layer: mlp_column is finished************
chunk size is: 20971520 , size is: 20971520 , layer_num is: 1232 , node: 0
info: reduce-scatter forward pass collective issued for layer: mlp_row, involved dimensions:  1, 0, 0, 0, 0, 0, 0, 0, 0, 0,
***** info: fwd pass comm collective for layer: mlp_row is finished************
chunk size is: 20971520 , size is: 20971520 , layer_num is: 1233 , node: 0
info: all-gather forward pass collective issued for layer: attention_column, involved dimensions:  1, 0, 0, 0, 0, 0, 0, 0, 0, 0,
***** info: fwd pass comm collective for layer: attention_column is finished************
chunk size is: 20971520 , size is: 20971520 , layer_num is: 1234 , node: 0
info: reduce-scatter forward pass collective issued for layer: attention_row, involved dimensions:  1, 0, 0, 0, 0, 0, 0, 0, 0, 0,
***** info: fwd pass comm collective for layer: attention_row is finished************
chunk size is: 20971520 , size is: 20971520 , layer_num is: 1235 , node: 0
info: all-gather forward pass collective issued for layer: mlp_column, involved dimensions:  1, 0, 0, 0, 0, 0, 0, 0, 0, 0,
***** info: fwd pass comm collective for layer: mlp_column is finished************
chunk size is: 20971520 , size is: 20971520 , layer_num is: 1236 , node: 0
info: reduce-scatter forward pass collective issued for layer: mlp_row, involved dimensions:  1, 0, 0, 0, 0, 0, 0, 0, 0, 0,
***** info: fwd pass comm collective for layer: mlp_row is finished************
chunk size is: 20971520 , size is: 20971520 , layer_num is: 1237 , node: 0
info: all-gather forward pass collective issued for layer: attention_column, involved dimensions:  1, 0, 0, 0, 0, 0, 0, 0, 0, 0,
***** info: fwd pass comm collective for layer: attention_column is finished************
chunk size is: 20971520 , size is: 20971520 , layer_num is: 1238 , node: 0
info: reduce-scatter forward pass collective issued for layer: attention_row, involved dimensions:  1, 0, 0, 0, 0, 0, 0, 0, 0, 0,
***** info: fwd pass comm collective for layer: attention_row is finished************
chunk size is: 20971520 , size is: 20971520 , layer_num is: 1239 , node: 0
info: all-gather forward pass collective issued for layer: mlp_column, involved dimensions:  1, 0, 0, 0, 0, 0, 0, 0, 0, 0,
***** info: fwd pass comm collective for layer: mlp_column is finished************
chunk size is: 20971520 , size is: 20971520 , layer_num is: 1240 , node: 0
info: reduce-scatter forward pass collective issued for layer: mlp_row, involved dimensions:  1, 0, 0, 0, 0, 0, 0, 0, 0, 0,
***** info: fwd pass comm collective for layer: mlp_row is finished************
chunk size is: 20971520 , size is: 20971520 , layer_num is: 1241 , node: 0
info: all-gather forward pass collective issued for layer: attention_column, involved dimensions:  1, 0, 0, 0, 0, 0, 0, 0, 0, 0,
***** info: fwd pass comm collective for layer: attention_column is finished************
chunk size is: 20971520 , size is: 20971520 , layer_num is: 1242 , node: 0
info: reduce-scatter forward pass collective issued for layer: attention_row, involved dimensions:  1, 0, 0, 0, 0, 0, 0, 0, 0, 0,
***** info: fwd pass comm collective for layer: attention_row is finished************
chunk size is: 20971520 , size is: 20971520 , layer_num is: 1243 , node: 0
info: all-gather forward pass collective issued for layer: mlp_column, involved dimensions:  1, 0, 0, 0, 0, 0, 0, 0, 0, 0,
***** info: fwd pass comm collective for layer: mlp_column is finished************
chunk size is: 20971520 , size is: 20971520 , layer_num is: 1244 , node: 0
info: reduce-scatter forward pass collective issued for layer: mlp_row, involved dimensions:  1, 0, 0, 0, 0, 0, 0, 0, 0, 0,
***** info: fwd pass comm collective for layer: mlp_row is finished************
chunk size is: 20971520 , size is: 20971520 , layer_num is: 1245 , node: 0
info: all-gather forward pass collective issued for layer: attention_column, involved dimensions:  1, 0, 0, 0, 0, 0, 0, 0, 0, 0,
***** info: fwd pass comm collective for layer: attention_column is finished************
chunk size is: 20971520 , size is: 20971520 , layer_num is: 1246 , node: 0
info: reduce-scatter forward pass collective issued for layer: attention_row, involved dimensions:  1, 0, 0, 0, 0, 0, 0, 0, 0, 0,
***** info: fwd pass comm collective for layer: attention_row is finished************
chunk size is: 20971520 , size is: 20971520 , layer_num is: 1247 , node: 0
info: all-gather forward pass collective issued for layer: mlp_column, involved dimensions:  1, 0, 0, 0, 0, 0, 0, 0, 0, 0,
***** info: fwd pass comm collective for layer: mlp_column is finished************
chunk size is: 20971520 , size is: 20971520 , layer_num is: 1248 , node: 0
info: reduce-scatter forward pass collective issued for layer: mlp_row, involved dimensions:  1, 0, 0, 0, 0, 0, 0, 0, 0, 0,
***** info: fwd pass comm collective for layer: mlp_row is finished************
chunk size is: 20971520 , size is: 20971520 , layer_num is: 1249 , node: 0
info: all-gather forward pass collective issued for layer: attention_column, involved dimensions:  1, 0, 0, 0, 0, 0, 0, 0, 0, 0,
***** info: fwd pass comm collective for layer: attention_column is finished************
chunk size is: 20971520 , size is: 20971520 , layer_num is: 1250 , node: 0
info: reduce-scatter forward pass collective issued for layer: attention_row, involved dimensions:  1, 0, 0, 0, 0, 0, 0, 0, 0, 0,
***** info: fwd pass comm collective for layer: attention_row is finished************
chunk size is: 20971520 , size is: 20971520 , layer_num is: 1251 , node: 0
info: all-gather forward pass collective issued for layer: mlp_column, involved dimensions:  1, 0, 0, 0, 0, 0, 0, 0, 0, 0,
***** info: fwd pass comm collective for layer: mlp_column is finished************
chunk size is: 20971520 , size is: 20971520 , layer_num is: 1252 , node: 0
info: reduce-scatter forward pass collective issued for layer: mlp_row, involved dimensions:  1, 0, 0, 0, 0, 0, 0, 0, 0, 0,
***** info: fwd pass comm collective for layer: mlp_row is finished************
chunk size is: 20971520 , size is: 20971520 , layer_num is: 1253 , node: 0
info: all-gather forward pass collective issued for layer: attention_column, involved dimensions:  1, 0, 0, 0, 0, 0, 0, 0, 0, 0,
***** info: fwd pass comm collective for layer: attention_column is finished************
chunk size is: 20971520 , size is: 20971520 , layer_num is: 1254 , node: 0
info: reduce-scatter forward pass collective issued for layer: attention_row, involved dimensions:  1, 0, 0, 0, 0, 0, 0, 0, 0, 0,
***** info: fwd pass comm collective for layer: attention_row is finished************
chunk size is: 20971520 , size is: 20971520 , layer_num is: 1255 , node: 0
info: all-gather forward pass collective issued for layer: mlp_column, involved dimensions:  1, 0, 0, 0, 0, 0, 0, 0, 0, 0,
***** info: fwd pass comm collective for layer: mlp_column is finished************
chunk size is: 20971520 , size is: 20971520 , layer_num is: 1256 , node: 0
info: reduce-scatter forward pass collective issued for layer: mlp_row, involved dimensions:  1, 0, 0, 0, 0, 0, 0, 0, 0, 0,
***** info: fwd pass comm collective for layer: mlp_row is finished************
chunk size is: 20971520 , size is: 20971520 , layer_num is: 1257 , node: 0
info: all-gather forward pass collective issued for layer: attention_column, involved dimensions:  1, 0, 0, 0, 0, 0, 0, 0, 0, 0,
***** info: fwd pass comm collective for layer: attention_column is finished************
chunk size is: 20971520 , size is: 20971520 , layer_num is: 1258 , node: 0
info: reduce-scatter forward pass collective issued for layer: attention_row, involved dimensions:  1, 0, 0, 0, 0, 0, 0, 0, 0, 0,
***** info: fwd pass comm collective for layer: attention_row is finished************
chunk size is: 20971520 , size is: 20971520 , layer_num is: 1259 , node: 0
info: all-gather forward pass collective issued for layer: mlp_column, involved dimensions:  1, 0, 0, 0, 0, 0, 0, 0, 0, 0,
***** info: fwd pass comm collective for layer: mlp_column is finished************
chunk size is: 20971520 , size is: 20971520 , layer_num is: 1260 , node: 0
info: reduce-scatter forward pass collective issued for layer: mlp_row, involved dimensions:  1, 0, 0, 0, 0, 0, 0, 0, 0, 0,
***** info: fwd pass comm collective for layer: mlp_row is finished************
chunk size is: 20971520 , size is: 20971520 , layer_num is: 1261 , node: 0
info: all-gather forward pass collective issued for layer: attention_column, involved dimensions:  1, 0, 0, 0, 0, 0, 0, 0, 0, 0,
***** info: fwd pass comm collective for layer: attention_column is finished************
chunk size is: 20971520 , size is: 20971520 , layer_num is: 1262 , node: 0
info: reduce-scatter forward pass collective issued for layer: attention_row, involved dimensions:  1, 0, 0, 0, 0, 0, 0, 0, 0, 0,
***** info: fwd pass comm collective for layer: attention_row is finished************
chunk size is: 20971520 , size is: 20971520 , layer_num is: 1263 , node: 0
info: all-gather forward pass collective issued for layer: mlp_column, involved dimensions:  1, 0, 0, 0, 0, 0, 0, 0, 0, 0,
***** info: fwd pass comm collective for layer: mlp_column is finished************
chunk size is: 20971520 , size is: 20971520 , layer_num is: 1264 , node: 0
info: reduce-scatter forward pass collective issued for layer: mlp_row, involved dimensions:  1, 0, 0, 0, 0, 0, 0, 0, 0, 0,
***** info: fwd pass comm collective for layer: mlp_row is finished************
chunk size is: 20971520 , size is: 20971520 , layer_num is: 1265 , node: 0
info: all-gather forward pass collective issued for layer: attention_column, involved dimensions:  1, 0, 0, 0, 0, 0, 0, 0, 0, 0,
***** info: fwd pass comm collective for layer: attention_column is finished************
chunk size is: 20971520 , size is: 20971520 , layer_num is: 1266 , node: 0
info: reduce-scatter forward pass collective issued for layer: attention_row, involved dimensions:  1, 0, 0, 0, 0, 0, 0, 0, 0, 0,
***** info: fwd pass comm collective for layer: attention_row is finished************
chunk size is: 20971520 , size is: 20971520 , layer_num is: 1267 , node: 0
info: all-gather forward pass collective issued for layer: mlp_column, involved dimensions:  1, 0, 0, 0, 0, 0, 0, 0, 0, 0,
***** info: fwd pass comm collective for layer: mlp_column is finished************
chunk size is: 20971520 , size is: 20971520 , layer_num is: 1268 , node: 0
info: reduce-scatter forward pass collective issued for layer: mlp_row, involved dimensions:  1, 0, 0, 0, 0, 0, 0, 0, 0, 0,
***** info: fwd pass comm collective for layer: mlp_row is finished************
chunk size is: 20971520 , size is: 20971520 , layer_num is: 1269 , node: 0
info: all-gather forward pass collective issued for layer: attention_column, involved dimensions:  1, 0, 0, 0, 0, 0, 0, 0, 0, 0,
***** info: fwd pass comm collective for layer: attention_column is finished************
chunk size is: 20971520 , size is: 20971520 , layer_num is: 1270 , node: 0
info: reduce-scatter forward pass collective issued for layer: attention_row, involved dimensions:  1, 0, 0, 0, 0, 0, 0, 0, 0, 0,
***** info: fwd pass comm collective for layer: attention_row is finished************
chunk size is: 20971520 , size is: 20971520 , layer_num is: 1271 , node: 0
info: all-gather forward pass collective issued for layer: mlp_column, involved dimensions:  1, 0, 0, 0, 0, 0, 0, 0, 0, 0,
***** info: fwd pass comm collective for layer: mlp_column is finished************
chunk size is: 20971520 , size is: 20971520 , layer_num is: 1272 , node: 0
info: reduce-scatter forward pass collective issued for layer: mlp_row, involved dimensions:  1, 0, 0, 0, 0, 0, 0, 0, 0, 0,
***** info: fwd pass comm collective for layer: mlp_row is finished************
chunk size is: 20971520 , size is: 20971520 , layer_num is: 1273 , node: 0
info: all-gather forward pass collective issued for layer: attention_column, involved dimensions:  1, 0, 0, 0, 0, 0, 0, 0, 0, 0,
***** info: fwd pass comm collective for layer: attention_column is finished************
chunk size is: 20971520 , size is: 20971520 , layer_num is: 1274 , node: 0
info: reduce-scatter forward pass collective issued for layer: attention_row, involved dimensions:  1, 0, 0, 0, 0, 0, 0, 0, 0, 0,
***** info: fwd pass comm collective for layer: attention_row is finished************
chunk size is: 20971520 , size is: 20971520 , layer_num is: 1275 , node: 0
info: all-gather forward pass collective issued for layer: mlp_column, involved dimensions:  1, 0, 0, 0, 0, 0, 0, 0, 0, 0,
***** info: fwd pass comm collective for layer: mlp_column is finished************
chunk size is: 20971520 , size is: 20971520 , layer_num is: 1276 , node: 0
info: reduce-scatter forward pass collective issued for layer: mlp_row, involved dimensions:  1, 0, 0, 0, 0, 0, 0, 0, 0, 0,
***** info: fwd pass comm collective for layer: mlp_row is finished************
chunk size is: 20971520 , size is: 20971520 , layer_num is: 1277 , node: 0
info: all-gather forward pass collective issued for layer: attention_column, involved dimensions:  1, 0, 0, 0, 0, 0, 0, 0, 0, 0,
***** info: fwd pass comm collective for layer: attention_column is finished************
chunk size is: 20971520 , size is: 20971520 , layer_num is: 1278 , node: 0
info: reduce-scatter forward pass collective issued for layer: attention_row, involved dimensions:  1, 0, 0, 0, 0, 0, 0, 0, 0, 0,
***** info: fwd pass comm collective for layer: attention_row is finished************
chunk size is: 20971520 , size is: 20971520 , layer_num is: 1279 , node: 0
info: all-gather forward pass collective issued for layer: mlp_column, involved dimensions:  1, 0, 0, 0, 0, 0, 0, 0, 0, 0,
***** info: fwd pass comm collective for layer: mlp_column is finished************
chunk size is: 20971520 , size is: 20971520 , layer_num is: 1280 , node: 0
info: reduce-scatter forward pass collective issued for layer: mlp_row, involved dimensions:  1, 0, 0, 0, 0, 0, 0, 0, 0, 0,
***** info: fwd pass comm collective for layer: mlp_row is finished************
chunk size is: 20971520 , size is: 20971520 , layer_num is: 1281 , node: 0
info: all-gather forward pass collective issued for layer: attention_column, involved dimensions:  1, 0, 0, 0, 0, 0, 0, 0, 0, 0,
***** info: fwd pass comm collective for layer: attention_column is finished************
chunk size is: 20971520 , size is: 20971520 , layer_num is: 1282 , node: 0
info: reduce-scatter forward pass collective issued for layer: attention_row, involved dimensions:  1, 0, 0, 0, 0, 0, 0, 0, 0, 0,
***** info: fwd pass comm collective for layer: attention_row is finished************
chunk size is: 20971520 , size is: 20971520 , layer_num is: 1283 , node: 0
info: all-gather forward pass collective issued for layer: mlp_column, involved dimensions:  1, 0, 0, 0, 0, 0, 0, 0, 0, 0,
***** info: fwd pass comm collective for layer: mlp_column is finished************
chunk size is: 20971520 , size is: 20971520 , layer_num is: 1284 , node: 0
info: reduce-scatter forward pass collective issued for layer: mlp_row, involved dimensions:  1, 0, 0, 0, 0, 0, 0, 0, 0, 0,
***** info: fwd pass comm collective for layer: mlp_row is finished************
chunk size is: 20971520 , size is: 20971520 , layer_num is: 1285 , node: 0
info: all-gather forward pass collective issued for layer: attention_column, involved dimensions:  1, 0, 0, 0, 0, 0, 0, 0, 0, 0,
***** info: fwd pass comm collective for layer: attention_column is finished************
chunk size is: 20971520 , size is: 20971520 , layer_num is: 1286 , node: 0
info: reduce-scatter forward pass collective issued for layer: attention_row, involved dimensions:  1, 0, 0, 0, 0, 0, 0, 0, 0, 0,
***** info: fwd pass comm collective for layer: attention_row is finished************
chunk size is: 20971520 , size is: 20971520 , layer_num is: 1287 , node: 0
info: all-gather forward pass collective issued for layer: mlp_column, involved dimensions:  1, 0, 0, 0, 0, 0, 0, 0, 0, 0,
***** info: fwd pass comm collective for layer: mlp_column is finished************
chunk size is: 20971520 , size is: 20971520 , layer_num is: 1288 , node: 0
info: reduce-scatter forward pass collective issued for layer: mlp_row, involved dimensions:  1, 0, 0, 0, 0, 0, 0, 0, 0, 0,
***** info: fwd pass comm collective for layer: mlp_row is finished************
chunk size is: 20971520 , size is: 20971520 , layer_num is: 1289 , node: 0
info: all-gather forward pass collective issued for layer: attention_column, involved dimensions:  1, 0, 0, 0, 0, 0, 0, 0, 0, 0,
***** info: fwd pass comm collective for layer: attention_column is finished************
chunk size is: 20971520 , size is: 20971520 , layer_num is: 1290 , node: 0
info: reduce-scatter forward pass collective issued for layer: attention_row, involved dimensions:  1, 0, 0, 0, 0, 0, 0, 0, 0, 0,
***** info: fwd pass comm collective for layer: attention_row is finished************
chunk size is: 20971520 , size is: 20971520 , layer_num is: 1291 , node: 0
info: all-gather forward pass collective issued for layer: mlp_column, involved dimensions:  1, 0, 0, 0, 0, 0, 0, 0, 0, 0,
***** info: fwd pass comm collective for layer: mlp_column is finished************
chunk size is: 20971520 , size is: 20971520 , layer_num is: 1292 , node: 0
info: reduce-scatter forward pass collective issued for layer: mlp_row, involved dimensions:  1, 0, 0, 0, 0, 0, 0, 0, 0, 0,
***** info: fwd pass comm collective for layer: mlp_row is finished************
chunk size is: 20971520 , size is: 20971520 , layer_num is: 1293 , node: 0
info: all-gather forward pass collective issued for layer: attention_column, involved dimensions:  1, 0, 0, 0, 0, 0, 0, 0, 0, 0,
***** info: fwd pass comm collective for layer: attention_column is finished************
chunk size is: 20971520 , size is: 20971520 , layer_num is: 1294 , node: 0
info: reduce-scatter forward pass collective issued for layer: attention_row, involved dimensions:  1, 0, 0, 0, 0, 0, 0, 0, 0, 0,
***** info: fwd pass comm collective for layer: attention_row is finished************
chunk size is: 20971520 , size is: 20971520 , layer_num is: 1295 , node: 0
info: all-gather forward pass collective issued for layer: mlp_column, involved dimensions:  1, 0, 0, 0, 0, 0, 0, 0, 0, 0,
***** info: fwd pass comm collective for layer: mlp_column is finished************
chunk size is: 20971520 , size is: 20971520 , layer_num is: 1296 , node: 0
info: reduce-scatter forward pass collective issued for layer: mlp_row, involved dimensions:  1, 0, 0, 0, 0, 0, 0, 0, 0, 0,
***** info: fwd pass comm collective for layer: mlp_row is finished************
chunk size is: 20971520 , size is: 20971520 , layer_num is: 1297 , node: 0
info: all-gather forward pass collective issued for layer: attention_column, involved dimensions:  1, 0, 0, 0, 0, 0, 0, 0, 0, 0,
***** info: fwd pass comm collective for layer: attention_column is finished************
chunk size is: 20971520 , size is: 20971520 , layer_num is: 1298 , node: 0
info: reduce-scatter forward pass collective issued for layer: attention_row, involved dimensions:  1, 0, 0, 0, 0, 0, 0, 0, 0, 0,
***** info: fwd pass comm collective for layer: attention_row is finished************
chunk size is: 20971520 , size is: 20971520 , layer_num is: 1299 , node: 0
info: all-gather forward pass collective issued for layer: mlp_column, involved dimensions:  1, 0, 0, 0, 0, 0, 0, 0, 0, 0,
***** info: fwd pass comm collective for layer: mlp_column is finished************
chunk size is: 20971520 , size is: 20971520 , layer_num is: 1300 , node: 0
info: reduce-scatter forward pass collective issued for layer: mlp_row, involved dimensions:  1, 0, 0, 0, 0, 0, 0, 0, 0, 0,
***** info: fwd pass comm collective for layer: mlp_row is finished************
chunk size is: 20971520 , size is: 20971520 , layer_num is: 1301 , node: 0
info: all-gather forward pass collective issued for layer: final_column, involved dimensions:  1, 0, 0, 0, 0, 0, 0, 0, 0, 0,
***** info: fwd pass comm collective for layer: final_column is finished************
chunk size is: 8192 , size is: 8192 , layer_num is: 1302 , node: 0
info: all-reduce forward pass collective issued for layer: cross_entropy1, involved dimensions:  1, 0, 0, 0, 0, 0, 0, 0, 0, 0,
***** info: fwd pass comm collective for layer: cross_entropy1 is finished************
chunk size is: 8192 , size is: 8192 , layer_num is: 1303 , node: 0
info: all-reduce forward pass collective issued for layer: cross_entropy2, involved dimensions:  1, 0, 0, 0, 0, 0, 0, 0, 0, 0,
***** info: fwd pass comm collective for layer: cross_entropy2 is finished************
chunk size is: 8192 , size is: 8192 , layer_num is: 1304 , node: 0
info: all-reduce forward pass collective issued for layer: cross_entropy3, involved dimensions:  1, 0, 0, 0, 0, 0, 0, 0, 0, 0,
***** info: fwd pass comm collective for layer: cross_entropy3 is finished************
chunk size is: 4096 , size is: 4096 , layer_num is: 1305 , node: 0
info: all-reduce forward pass collective issued for layer: optimizer1, involved dimensions:  1, 0, 0, 0, 0, 0, 0, 0, 0, 0,
***** info: fwd pass comm collective for layer: optimizer1 is finished************
chunk size is: 4096 , size is: 4096 , layer_num is: 1306 , node: 0
info: all-reduce forward pass collective issued for layer: optimizer2, involved dimensions:  1, 0, 0, 0, 0, 0, 0, 0, 0, 0,
***** info: fwd pass comm collective for layer: optimizer2 is finished************
chunk size is: 4096 , size is: 4096 , layer_num is: 1307 , node: 0
info: all-reduce forward pass collective issued for layer: optimizer3, involved dimensions:  1, 0, 0, 0, 0, 0, 0, 0, 0, 0,
***** info: fwd pass comm collective for layer: optimizer3 is finished************
chunk size is: 4096 , size is: 4096 , layer_num is: 1308 , node: 0
info: all-reduce forward pass collective issued for layer: optimizer4, involved dimensions:  1, 0, 0, 0, 0, 0, 0, 0, 0, 0,
***** info: fwd pass comm collective for layer: optimizer4 is finished************
info: no input grad collective for layer: optimizer4
info: no weight grad collective for layer: optimizer4
info: no input grad collective for layer: optimizer3
info: no weight grad collective for layer: optimizer3
info: no input grad collective for layer: optimizer2
info: no weight grad collective for layer: optimizer2
info: no input grad collective for layer: optimizer1
info: no weight grad collective for layer: optimizer1
info: no input grad collective for layer: cross_entropy3
info: no weight grad collective for layer: cross_entropy3
info: no input grad collective for layer: cross_entropy2
info: no weight grad collective for layer: cross_entropy2
info: no input grad collective for layer: cross_entropy1
info: no weight grad collective for layer: cross_entropy1
info: all dims disabled, no input grad collective for layer: final_column
info: no weight grad collective for layer: final_column
chunk size is: 20971520 , size is: 20971520 , layer_num is: 1300 , node: 0
info: all-gather input grad collective issued for layer: mlp_row, involved dimensions:  1, 0, 0, 0, 0, 0, 0, 0, 0, 0,
***** info: input gradient collective for layer: mlp_row is finished************
info: no weight grad collective for layer: mlp_row
info: all dims disabled, no input grad collective for layer: mlp_column
info: no weight grad collective for layer: mlp_column
chunk size is: 20971520 , size is: 20971520 , layer_num is: 1298 , node: 0
info: all-gather input grad collective issued for layer: attention_row, involved dimensions:  1, 0, 0, 0, 0, 0, 0, 0, 0, 0,
***** info: input gradient collective for layer: attention_row is finished************
info: no weight grad collective for layer: attention_row
info: all dims disabled, no input grad collective for layer: attention_column
info: no weight grad collective for layer: attention_column
chunk size is: 20971520 , size is: 20971520 , layer_num is: 1296 , node: 0
info: all-gather input grad collective issued for layer: mlp_row, involved dimensions:  1, 0, 0, 0, 0, 0, 0, 0, 0, 0,
***** info: input gradient collective for layer: mlp_row is finished************
info: no weight grad collective for layer: mlp_row
info: all dims disabled, no input grad collective for layer: mlp_column
info: no weight grad collective for layer: mlp_column
chunk size is: 20971520 , size is: 20971520 , layer_num is: 1294 , node: 0
info: all-gather input grad collective issued for layer: attention_row, involved dimensions:  1, 0, 0, 0, 0, 0, 0, 0, 0, 0,
***** info: input gradient collective for layer: attention_row is finished************
info: no weight grad collective for layer: attention_row
info: all dims disabled, no input grad collective for layer: attention_column
info: no weight grad collective for layer: attention_column
chunk size is: 20971520 , size is: 20971520 , layer_num is: 1292 , node: 0
info: all-gather input grad collective issued for layer: mlp_row, involved dimensions:  1, 0, 0, 0, 0, 0, 0, 0, 0, 0,
***** info: input gradient collective for layer: mlp_row is finished************
info: no weight grad collective for layer: mlp_row
info: all dims disabled, no input grad collective for layer: mlp_column
info: no weight grad collective for layer: mlp_column
chunk size is: 20971520 , size is: 20971520 , layer_num is: 1290 , node: 0
info: all-gather input grad collective issued for layer: attention_row, involved dimensions:  1, 0, 0, 0, 0, 0, 0, 0, 0, 0,
***** info: input gradient collective for layer: attention_row is finished************
info: no weight grad collective for layer: attention_row
info: all dims disabled, no input grad collective for layer: attention_column
info: no weight grad collective for layer: attention_column
chunk size is: 20971520 , size is: 20971520 , layer_num is: 1288 , node: 0
info: all-gather input grad collective issued for layer: mlp_row, involved dimensions:  1, 0, 0, 0, 0, 0, 0, 0, 0, 0,
***** info: input gradient collective for layer: mlp_row is finished************
info: no weight grad collective for layer: mlp_row
info: all dims disabled, no input grad collective for layer: mlp_column
info: no weight grad collective for layer: mlp_column
chunk size is: 20971520 , size is: 20971520 , layer_num is: 1286 , node: 0
info: all-gather input grad collective issued for layer: attention_row, involved dimensions:  1, 0, 0, 0, 0, 0, 0, 0, 0, 0,
***** info: input gradient collective for layer: attention_row is finished************
info: no weight grad collective for layer: attention_row
info: all dims disabled, no input grad collective for layer: attention_column
info: no weight grad collective for layer: attention_column
chunk size is: 20971520 , size is: 20971520 , layer_num is: 1284 , node: 0
info: all-gather input grad collective issued for layer: mlp_row, involved dimensions:  1, 0, 0, 0, 0, 0, 0, 0, 0, 0,
***** info: input gradient collective for layer: mlp_row is finished************
info: no weight grad collective for layer: mlp_row
info: all dims disabled, no input grad collective for layer: mlp_column
info: no weight grad collective for layer: mlp_column
chunk size is: 20971520 , size is: 20971520 , layer_num is: 1282 , node: 0
info: all-gather input grad collective issued for layer: attention_row, involved dimensions:  1, 0, 0, 0, 0, 0, 0, 0, 0, 0,
***** info: input gradient collective for layer: attention_row is finished************
info: no weight grad collective for layer: attention_row
info: all dims disabled, no input grad collective for layer: attention_column
info: no weight grad collective for layer: attention_column
chunk size is: 20971520 , size is: 20971520 , layer_num is: 1280 , node: 0
info: all-gather input grad collective issued for layer: mlp_row, involved dimensions:  1, 0, 0, 0, 0, 0, 0, 0, 0, 0,
***** info: input gradient collective for layer: mlp_row is finished************
info: no weight grad collective for layer: mlp_row
info: all dims disabled, no input grad collective for layer: mlp_column
info: no weight grad collective for layer: mlp_column
chunk size is: 20971520 , size is: 20971520 , layer_num is: 1278 , node: 0
info: all-gather input grad collective issued for layer: attention_row, involved dimensions:  1, 0, 0, 0, 0, 0, 0, 0, 0, 0,
***** info: input gradient collective for layer: attention_row is finished************
info: no weight grad collective for layer: attention_row
info: all dims disabled, no input grad collective for layer: attention_column
info: no weight grad collective for layer: attention_column
chunk size is: 20971520 , size is: 20971520 , layer_num is: 1276 , node: 0
info: all-gather input grad collective issued for layer: mlp_row, involved dimensions:  1, 0, 0, 0, 0, 0, 0, 0, 0, 0,
***** info: input gradient collective for layer: mlp_row is finished************
info: no weight grad collective for layer: mlp_row
info: all dims disabled, no input grad collective for layer: mlp_column
info: no weight grad collective for layer: mlp_column
chunk size is: 20971520 , size is: 20971520 , layer_num is: 1274 , node: 0
info: all-gather input grad collective issued for layer: attention_row, involved dimensions:  1, 0, 0, 0, 0, 0, 0, 0, 0, 0,
***** info: input gradient collective for layer: attention_row is finished************
info: no weight grad collective for layer: attention_row
info: all dims disabled, no input grad collective for layer: attention_column
info: no weight grad collective for layer: attention_column
chunk size is: 20971520 , size is: 20971520 , layer_num is: 1272 , node: 0
info: all-gather input grad collective issued for layer: mlp_row, involved dimensions:  1, 0, 0, 0, 0, 0, 0, 0, 0, 0,
***** info: input gradient collective for layer: mlp_row is finished************
info: no weight grad collective for layer: mlp_row
info: all dims disabled, no input grad collective for layer: mlp_column
info: no weight grad collective for layer: mlp_column
chunk size is: 20971520 , size is: 20971520 , layer_num is: 1270 , node: 0
info: all-gather input grad collective issued for layer: attention_row, involved dimensions:  1, 0, 0, 0, 0, 0, 0, 0, 0, 0,
***** info: input gradient collective for layer: attention_row is finished************
info: no weight grad collective for layer: attention_row
info: all dims disabled, no input grad collective for layer: attention_column
info: no weight grad collective for layer: attention_column
chunk size is: 20971520 , size is: 20971520 , layer_num is: 1268 , node: 0
info: all-gather input grad collective issued for layer: mlp_row, involved dimensions:  1, 0, 0, 0, 0, 0, 0, 0, 0, 0,
***** info: input gradient collective for layer: mlp_row is finished************
info: no weight grad collective for layer: mlp_row
info: all dims disabled, no input grad collective for layer: mlp_column
info: no weight grad collective for layer: mlp_column
chunk size is: 20971520 , size is: 20971520 , layer_num is: 1266 , node: 0
info: all-gather input grad collective issued for layer: attention_row, involved dimensions:  1, 0, 0, 0, 0, 0, 0, 0, 0, 0,
***** info: input gradient collective for layer: attention_row is finished************
info: no weight grad collective for layer: attention_row
info: all dims disabled, no input grad collective for layer: attention_column
info: no weight grad collective for layer: attention_column
chunk size is: 20971520 , size is: 20971520 , layer_num is: 1264 , node: 0
info: all-gather input grad collective issued for layer: mlp_row, involved dimensions:  1, 0, 0, 0, 0, 0, 0, 0, 0, 0,
***** info: input gradient collective for layer: mlp_row is finished************
info: no weight grad collective for layer: mlp_row
info: all dims disabled, no input grad collective for layer: mlp_column
info: no weight grad collective for layer: mlp_column
chunk size is: 20971520 , size is: 20971520 , layer_num is: 1262 , node: 0
info: all-gather input grad collective issued for layer: attention_row, involved dimensions:  1, 0, 0, 0, 0, 0, 0, 0, 0, 0,
***** info: input gradient collective for layer: attention_row is finished************
info: no weight grad collective for layer: attention_row
info: all dims disabled, no input grad collective for layer: attention_column
info: no weight grad collective for layer: attention_column
chunk size is: 20971520 , size is: 20971520 , layer_num is: 1260 , node: 0
info: all-gather input grad collective issued for layer: mlp_row, involved dimensions:  1, 0, 0, 0, 0, 0, 0, 0, 0, 0,
***** info: input gradient collective for layer: mlp_row is finished************
info: no weight grad collective for layer: mlp_row
info: all dims disabled, no input grad collective for layer: mlp_column
info: no weight grad collective for layer: mlp_column
chunk size is: 20971520 , size is: 20971520 , layer_num is: 1258 , node: 0
info: all-gather input grad collective issued for layer: attention_row, involved dimensions:  1, 0, 0, 0, 0, 0, 0, 0, 0, 0,
***** info: input gradient collective for layer: attention_row is finished************
info: no weight grad collective for layer: attention_row
info: all dims disabled, no input grad collective for layer: attention_column
info: no weight grad collective for layer: attention_column
chunk size is: 20971520 , size is: 20971520 , layer_num is: 1256 , node: 0
info: all-gather input grad collective issued for layer: mlp_row, involved dimensions:  1, 0, 0, 0, 0, 0, 0, 0, 0, 0,
***** info: input gradient collective for layer: mlp_row is finished************
info: no weight grad collective for layer: mlp_row
info: all dims disabled, no input grad collective for layer: mlp_column
info: no weight grad collective for layer: mlp_column
chunk size is: 20971520 , size is: 20971520 , layer_num is: 1254 , node: 0
info: all-gather input grad collective issued for layer: attention_row, involved dimensions:  1, 0, 0, 0, 0, 0, 0, 0, 0, 0,
***** info: input gradient collective for layer: attention_row is finished************
info: no weight grad collective for layer: attention_row
info: all dims disabled, no input grad collective for layer: attention_column
info: no weight grad collective for layer: attention_column
chunk size is: 20971520 , size is: 20971520 , layer_num is: 1252 , node: 0
info: all-gather input grad collective issued for layer: mlp_row, involved dimensions:  1, 0, 0, 0, 0, 0, 0, 0, 0, 0,
***** info: input gradient collective for layer: mlp_row is finished************
info: no weight grad collective for layer: mlp_row
info: all dims disabled, no input grad collective for layer: mlp_column
info: no weight grad collective for layer: mlp_column
chunk size is: 20971520 , size is: 20971520 , layer_num is: 1250 , node: 0
info: all-gather input grad collective issued for layer: attention_row, involved dimensions:  1, 0, 0, 0, 0, 0, 0, 0, 0, 0,
***** info: input gradient collective for layer: attention_row is finished************
info: no weight grad collective for layer: attention_row
info: all dims disabled, no input grad collective for layer: attention_column
info: no weight grad collective for layer: attention_column
chunk size is: 20971520 , size is: 20971520 , layer_num is: 1248 , node: 0
info: all-gather input grad collective issued for layer: mlp_row, involved dimensions:  1, 0, 0, 0, 0, 0, 0, 0, 0, 0,
***** info: input gradient collective for layer: mlp_row is finished************
info: no weight grad collective for layer: mlp_row
info: all dims disabled, no input grad collective for layer: mlp_column
info: no weight grad collective for layer: mlp_column
chunk size is: 20971520 , size is: 20971520 , layer_num is: 1246 , node: 0
info: all-gather input grad collective issued for layer: attention_row, involved dimensions:  1, 0, 0, 0, 0, 0, 0, 0, 0, 0,
***** info: input gradient collective for layer: attention_row is finished************
info: no weight grad collective for layer: attention_row
info: all dims disabled, no input grad collective for layer: attention_column
info: no weight grad collective for layer: attention_column
chunk size is: 20971520 , size is: 20971520 , layer_num is: 1244 , node: 0
info: all-gather input grad collective issued for layer: mlp_row, involved dimensions:  1, 0, 0, 0, 0, 0, 0, 0, 0, 0,
***** info: input gradient collective for layer: mlp_row is finished************
info: no weight grad collective for layer: mlp_row
info: all dims disabled, no input grad collective for layer: mlp_column
info: no weight grad collective for layer: mlp_column
chunk size is: 20971520 , size is: 20971520 , layer_num is: 1242 , node: 0
info: all-gather input grad collective issued for layer: attention_row, involved dimensions:  1, 0, 0, 0, 0, 0, 0, 0, 0, 0,
***** info: input gradient collective for layer: attention_row is finished************
info: no weight grad collective for layer: attention_row
info: all dims disabled, no input grad collective for layer: attention_column
info: no weight grad collective for layer: attention_column
chunk size is: 20971520 , size is: 20971520 , layer_num is: 1240 , node: 0
info: all-gather input grad collective issued for layer: mlp_row, involved dimensions:  1, 0, 0, 0, 0, 0, 0, 0, 0, 0,
***** info: input gradient collective for layer: mlp_row is finished************
info: no weight grad collective for layer: mlp_row
info: all dims disabled, no input grad collective for layer: mlp_column
info: no weight grad collective for layer: mlp_column
chunk size is: 20971520 , size is: 20971520 , layer_num is: 1238 , node: 0
info: all-gather input grad collective issued for layer: attention_row, involved dimensions:  1, 0, 0, 0, 0, 0, 0, 0, 0, 0,
***** info: input gradient collective for layer: attention_row is finished************
info: no weight grad collective for layer: attention_row
info: all dims disabled, no input grad collective for layer: attention_column
info: no weight grad collective for layer: attention_column
chunk size is: 20971520 , size is: 20971520 , layer_num is: 1236 , node: 0
info: all-gather input grad collective issued for layer: mlp_row, involved dimensions:  1, 0, 0, 0, 0, 0, 0, 0, 0, 0,
***** info: input gradient collective for layer: mlp_row is finished************
info: no weight grad collective for layer: mlp_row
info: all dims disabled, no input grad collective for layer: mlp_column
info: no weight grad collective for layer: mlp_column
chunk size is: 20971520 , size is: 20971520 , layer_num is: 1234 , node: 0
info: all-gather input grad collective issued for layer: attention_row, involved dimensions:  1, 0, 0, 0, 0, 0, 0, 0, 0, 0,
***** info: input gradient collective for layer: attention_row is finished************
info: no weight grad collective for layer: attention_row
info: all dims disabled, no input grad collective for layer: attention_column
info: no weight grad collective for layer: attention_column
chunk size is: 20971520 , size is: 20971520 , layer_num is: 1232 , node: 0
info: all-gather input grad collective issued for layer: mlp_row, involved dimensions:  1, 0, 0, 0, 0, 0, 0, 0, 0, 0,
***** info: input gradient collective for layer: mlp_row is finished************
info: no weight grad collective for layer: mlp_row
info: all dims disabled, no input grad collective for layer: mlp_column
info: no weight grad collective for layer: mlp_column
chunk size is: 20971520 , size is: 20971520 , layer_num is: 1230 , node: 0
info: all-gather input grad collective issued for layer: attention_row, involved dimensions:  1, 0, 0, 0, 0, 0, 0, 0, 0, 0,
***** info: input gradient collective for layer: attention_row is finished************
info: no weight grad collective for layer: attention_row
info: all dims disabled, no input grad collective for layer: attention_column
info: no weight grad collective for layer: attention_column
chunk size is: 20971520 , size is: 20971520 , layer_num is: 1228 , node: 0
info: all-gather input grad collective issued for layer: mlp_row, involved dimensions:  1, 0, 0, 0, 0, 0, 0, 0, 0, 0,
***** info: input gradient collective for layer: mlp_row is finished************
info: no weight grad collective for layer: mlp_row
info: all dims disabled, no input grad collective for layer: mlp_column
info: no weight grad collective for layer: mlp_column
chunk size is: 20971520 , size is: 20971520 , layer_num is: 1226 , node: 0
info: all-gather input grad collective issued for layer: attention_row, involved dimensions:  1, 0, 0, 0, 0, 0, 0, 0, 0, 0,
***** info: input gradient collective for layer: attention_row is finished************
info: no weight grad collective for layer: attention_row
info: all dims disabled, no input grad collective for layer: attention_column
info: no weight grad collective for layer: attention_column
chunk size is: 20971520 , size is: 20971520 , layer_num is: 1224 , node: 0
info: all-gather input grad collective issued for layer: mlp_row, involved dimensions:  1, 0, 0, 0, 0, 0, 0, 0, 0, 0,
***** info: input gradient collective for layer: mlp_row is finished************
info: no weight grad collective for layer: mlp_row
info: all dims disabled, no input grad collective for layer: mlp_column
info: no weight grad collective for layer: mlp_column
chunk size is: 20971520 , size is: 20971520 , layer_num is: 1222 , node: 0
info: all-gather input grad collective issued for layer: attention_row, involved dimensions:  1, 0, 0, 0, 0, 0, 0, 0, 0, 0,
***** info: input gradient collective for layer: attention_row is finished************
info: no weight grad collective for layer: attention_row
info: all dims disabled, no input grad collective for layer: attention_column
info: no weight grad collective for layer: attention_column
chunk size is: 20971520 , size is: 20971520 , layer_num is: 1220 , node: 0
info: all-gather input grad collective issued for layer: mlp_row, involved dimensions:  1, 0, 0, 0, 0, 0, 0, 0, 0, 0,
***** info: input gradient collective for layer: mlp_row is finished************
info: no weight grad collective for layer: mlp_row
info: all dims disabled, no input grad collective for layer: mlp_column
info: no weight grad collective for layer: mlp_column
chunk size is: 20971520 , size is: 20971520 , layer_num is: 1218 , node: 0
info: all-gather input grad collective issued for layer: attention_row, involved dimensions:  1, 0, 0, 0, 0, 0, 0, 0, 0, 0,
***** info: input gradient collective for layer: attention_row is finished************
info: no weight grad collective for layer: attention_row
info: all dims disabled, no input grad collective for layer: attention_column
info: no weight grad collective for layer: attention_column
chunk size is: 20971520 , size is: 20971520 , layer_num is: 1216 , node: 0
info: all-gather input grad collective issued for layer: mlp_row, involved dimensions:  1, 0, 0, 0, 0, 0, 0, 0, 0, 0,
***** info: input gradient collective for layer: mlp_row is finished************
info: no weight grad collective for layer: mlp_row
info: all dims disabled, no input grad collective for layer: mlp_column
info: no weight grad collective for layer: mlp_column
chunk size is: 20971520 , size is: 20971520 , layer_num is: 1214 , node: 0
info: all-gather input grad collective issued for layer: attention_row, involved dimensions:  1, 0, 0, 0, 0, 0, 0, 0, 0, 0,
***** info: input gradient collective for layer: attention_row is finished************
info: no weight grad collective for layer: attention_row
info: all dims disabled, no input grad collective for layer: attention_column
info: no weight grad collective for layer: attention_column
chunk size is: 20971520 , size is: 20971520 , layer_num is: 1212 , node: 0
info: all-gather input grad collective issued for layer: mlp_row, involved dimensions:  1, 0, 0, 0, 0, 0, 0, 0, 0, 0,
***** info: input gradient collective for layer: mlp_row is finished************
info: no weight grad collective for layer: mlp_row
info: all dims disabled, no input grad collective for layer: mlp_column
info: no weight grad collective for layer: mlp_column
chunk size is: 20971520 , size is: 20971520 , layer_num is: 1210 , node: 0
info: all-gather input grad collective issued for layer: attention_row, involved dimensions:  1, 0, 0, 0, 0, 0, 0, 0, 0, 0,
***** info: input gradient collective for layer: attention_row is finished************
info: no weight grad collective for layer: attention_row
info: all dims disabled, no input grad collective for layer: attention_column
info: no weight grad collective for layer: attention_column
chunk size is: 20971520 , size is: 20971520 , layer_num is: 1208 , node: 0
info: all-gather input grad collective issued for layer: mlp_row, involved dimensions:  1, 0, 0, 0, 0, 0, 0, 0, 0, 0,
***** info: input gradient collective for layer: mlp_row is finished************
info: no weight grad collective for layer: mlp_row
info: all dims disabled, no input grad collective for layer: mlp_column
info: no weight grad collective for layer: mlp_column
chunk size is: 20971520 , size is: 20971520 , layer_num is: 1206 , node: 0
info: all-gather input grad collective issued for layer: attention_row, involved dimensions:  1, 0, 0, 0, 0, 0, 0, 0, 0, 0,
***** info: input gradient collective for layer: attention_row is finished************
info: no weight grad collective for layer: attention_row
info: all dims disabled, no input grad collective for layer: attention_column
info: no weight grad collective for layer: attention_column
chunk size is: 20971520 , size is: 20971520 , layer_num is: 1204 , node: 0
info: all-gather input grad collective issued for layer: mlp_row, involved dimensions:  1, 0, 0, 0, 0, 0, 0, 0, 0, 0,
***** info: input gradient collective for layer: mlp_row is finished************
info: no weight grad collective for layer: mlp_row
info: all dims disabled, no input grad collective for layer: mlp_column
info: no weight grad collective for layer: mlp_column
chunk size is: 20971520 , size is: 20971520 , layer_num is: 1202 , node: 0
info: all-gather input grad collective issued for layer: attention_row, involved dimensions:  1, 0, 0, 0, 0, 0, 0, 0, 0, 0,
***** info: input gradient collective for layer: attention_row is finished************
info: no weight grad collective for layer: attention_row
info: all dims disabled, no input grad collective for layer: attention_column
info: no weight grad collective for layer: attention_column
chunk size is: 20971520 , size is: 20971520 , layer_num is: 1200 , node: 0
info: all-gather input grad collective issued for layer: mlp_row, involved dimensions:  1, 0, 0, 0, 0, 0, 0, 0, 0, 0,
***** info: input gradient collective for layer: mlp_row is finished************
info: no weight grad collective for layer: mlp_row
info: all dims disabled, no input grad collective for layer: mlp_column
info: no weight grad collective for layer: mlp_column
chunk size is: 20971520 , size is: 20971520 , layer_num is: 1198 , node: 0
info: all-gather input grad collective issued for layer: attention_row, involved dimensions:  1, 0, 0, 0, 0, 0, 0, 0, 0, 0,
***** info: input gradient collective for layer: attention_row is finished************
info: no weight grad collective for layer: attention_row
info: all dims disabled, no input grad collective for layer: attention_column
info: no weight grad collective for layer: attention_column
chunk size is: 20971520 , size is: 20971520 , layer_num is: 1196 , node: 0
info: all-gather input grad collective issued for layer: mlp_row, involved dimensions:  1, 0, 0, 0, 0, 0, 0, 0, 0, 0,
***** info: input gradient collective for layer: mlp_row is finished************
info: no weight grad collective for layer: mlp_row
info: all dims disabled, no input grad collective for layer: mlp_column
info: no weight grad collective for layer: mlp_column
chunk size is: 20971520 , size is: 20971520 , layer_num is: 1194 , node: 0
info: all-gather input grad collective issued for layer: attention_row, involved dimensions:  1, 0, 0, 0, 0, 0, 0, 0, 0, 0,
***** info: input gradient collective for layer: attention_row is finished************
info: no weight grad collective for layer: attention_row
info: all dims disabled, no input grad collective for layer: attention_column
info: no weight grad collective for layer: attention_column
chunk size is: 20971520 , size is: 20971520 , layer_num is: 1192 , node: 0
info: all-gather input grad collective issued for layer: mlp_row, involved dimensions:  1, 0, 0, 0, 0, 0, 0, 0, 0, 0,
***** info: input gradient collective for layer: mlp_row is finished************
info: no weight grad collective for layer: mlp_row
info: all dims disabled, no input grad collective for layer: mlp_column
info: no weight grad collective for layer: mlp_column
chunk size is: 20971520 , size is: 20971520 , layer_num is: 1190 , node: 0
info: all-gather input grad collective issued for layer: attention_row, involved dimensions:  1, 0, 0, 0, 0, 0, 0, 0, 0, 0,
***** info: input gradient collective for layer: attention_row is finished************
info: no weight grad collective for layer: attention_row
info: all dims disabled, no input grad collective for layer: attention_column
info: no weight grad collective for layer: attention_column
chunk size is: 20971520 , size is: 20971520 , layer_num is: 1188 , node: 0
info: all-gather input grad collective issued for layer: mlp_row, involved dimensions:  1, 0, 0, 0, 0, 0, 0, 0, 0, 0,
***** info: input gradient collective for layer: mlp_row is finished************
info: no weight grad collective for layer: mlp_row
info: all dims disabled, no input grad collective for layer: mlp_column
info: no weight grad collective for layer: mlp_column
chunk size is: 20971520 , size is: 20971520 , layer_num is: 1186 , node: 0
info: all-gather input grad collective issued for layer: attention_row, involved dimensions:  1, 0, 0, 0, 0, 0, 0, 0, 0, 0,
***** info: input gradient collective for layer: attention_row is finished************
info: no weight grad collective for layer: attention_row
info: all dims disabled, no input grad collective for layer: attention_column
info: no weight grad collective for layer: attention_column
chunk size is: 20971520 , size is: 20971520 , layer_num is: 1184 , node: 0
info: all-gather input grad collective issued for layer: mlp_row, involved dimensions:  1, 0, 0, 0, 0, 0, 0, 0, 0, 0,
***** info: input gradient collective for layer: mlp_row is finished************
info: no weight grad collective for layer: mlp_row
info: all dims disabled, no input grad collective for layer: mlp_column
info: no weight grad collective for layer: mlp_column
chunk size is: 20971520 , size is: 20971520 , layer_num is: 1182 , node: 0
info: all-gather input grad collective issued for layer: attention_row, involved dimensions:  1, 0, 0, 0, 0, 0, 0, 0, 0, 0,
***** info: input gradient collective for layer: attention_row is finished************
info: no weight grad collective for layer: attention_row
info: all dims disabled, no input grad collective for layer: attention_column
info: no weight grad collective for layer: attention_column
chunk size is: 20971520 , size is: 20971520 , layer_num is: 1180 , node: 0
info: all-gather input grad collective issued for layer: mlp_row, involved dimensions:  1, 0, 0, 0, 0, 0, 0, 0, 0, 0,
***** info: input gradient collective for layer: mlp_row is finished************
info: no weight grad collective for layer: mlp_row
info: all dims disabled, no input grad collective for layer: mlp_column
info: no weight grad collective for layer: mlp_column
chunk size is: 20971520 , size is: 20971520 , layer_num is: 1178 , node: 0
info: all-gather input grad collective issued for layer: attention_row, involved dimensions:  1, 0, 0, 0, 0, 0, 0, 0, 0, 0,
***** info: input gradient collective for layer: attention_row is finished************
info: no weight grad collective for layer: attention_row
info: all dims disabled, no input grad collective for layer: attention_column
info: no weight grad collective for layer: attention_column
chunk size is: 20971520 , size is: 20971520 , layer_num is: 1176 , node: 0
info: all-gather input grad collective issued for layer: mlp_row, involved dimensions:  1, 0, 0, 0, 0, 0, 0, 0, 0, 0,
***** info: input gradient collective for layer: mlp_row is finished************
info: no weight grad collective for layer: mlp_row
info: all dims disabled, no input grad collective for layer: mlp_column
info: no weight grad collective for layer: mlp_column
chunk size is: 20971520 , size is: 20971520 , layer_num is: 1174 , node: 0
info: all-gather input grad collective issued for layer: attention_row, involved dimensions:  1, 0, 0, 0, 0, 0, 0, 0, 0, 0,
***** info: input gradient collective for layer: attention_row is finished************
info: no weight grad collective for layer: attention_row
info: all dims disabled, no input grad collective for layer: attention_column
info: no weight grad collective for layer: attention_column
chunk size is: 20971520 , size is: 20971520 , layer_num is: 1172 , node: 0
info: all-gather input grad collective issued for layer: mlp_row, involved dimensions:  1, 0, 0, 0, 0, 0, 0, 0, 0, 0,
***** info: input gradient collective for layer: mlp_row is finished************
info: no weight grad collective for layer: mlp_row
info: all dims disabled, no input grad collective for layer: mlp_column
info: no weight grad collective for layer: mlp_column
chunk size is: 20971520 , size is: 20971520 , layer_num is: 1170 , node: 0
info: all-gather input grad collective issued for layer: attention_row, involved dimensions:  1, 0, 0, 0, 0, 0, 0, 0, 0, 0,
***** info: input gradient collective for layer: attention_row is finished************
info: no weight grad collective for layer: attention_row
info: all dims disabled, no input grad collective for layer: attention_column
info: no weight grad collective for layer: attention_column
chunk size is: 20971520 , size is: 20971520 , layer_num is: 1168 , node: 0
info: all-gather input grad collective issued for layer: mlp_row, involved dimensions:  1, 0, 0, 0, 0, 0, 0, 0, 0, 0,
***** info: input gradient collective for layer: mlp_row is finished************
info: no weight grad collective for layer: mlp_row
info: all dims disabled, no input grad collective for layer: mlp_column
info: no weight grad collective for layer: mlp_column
chunk size is: 20971520 , size is: 20971520 , layer_num is: 1166 , node: 0
info: all-gather input grad collective issued for layer: attention_row, involved dimensions:  1, 0, 0, 0, 0, 0, 0, 0, 0, 0,
***** info: input gradient collective for layer: attention_row is finished************
info: no weight grad collective for layer: attention_row
info: all dims disabled, no input grad collective for layer: attention_column
info: no weight grad collective for layer: attention_column
chunk size is: 20971520 , size is: 20971520 , layer_num is: 1164 , node: 0
info: all-gather input grad collective issued for layer: mlp_row, involved dimensions:  1, 0, 0, 0, 0, 0, 0, 0, 0, 0,
***** info: input gradient collective for layer: mlp_row is finished************
info: no weight grad collective for layer: mlp_row
info: all dims disabled, no input grad collective for layer: mlp_column
info: no weight grad collective for layer: mlp_column
chunk size is: 20971520 , size is: 20971520 , layer_num is: 1162 , node: 0
info: all-gather input grad collective issued for layer: attention_row, involved dimensions:  1, 0, 0, 0, 0, 0, 0, 0, 0, 0,
***** info: input gradient collective for layer: attention_row is finished************
info: no weight grad collective for layer: attention_row
info: all dims disabled, no input grad collective for layer: attention_column
info: no weight grad collective for layer: attention_column
chunk size is: 20971520 , size is: 20971520 , layer_num is: 1160 , node: 0
info: all-gather input grad collective issued for layer: mlp_row, involved dimensions:  1, 0, 0, 0, 0, 0, 0, 0, 0, 0,
***** info: input gradient collective for layer: mlp_row is finished************
info: no weight grad collective for layer: mlp_row
info: all dims disabled, no input grad collective for layer: mlp_column
info: no weight grad collective for layer: mlp_column
chunk size is: 20971520 , size is: 20971520 , layer_num is: 1158 , node: 0
info: all-gather input grad collective issued for layer: attention_row, involved dimensions:  1, 0, 0, 0, 0, 0, 0, 0, 0, 0,
***** info: input gradient collective for layer: attention_row is finished************
info: no weight grad collective for layer: attention_row
info: all dims disabled, no input grad collective for layer: attention_column
info: no weight grad collective for layer: attention_column
chunk size is: 20971520 , size is: 20971520 , layer_num is: 1156 , node: 0
info: all-gather input grad collective issued for layer: mlp_row, involved dimensions:  1, 0, 0, 0, 0, 0, 0, 0, 0, 0,
***** info: input gradient collective for layer: mlp_row is finished************
info: no weight grad collective for layer: mlp_row
info: all dims disabled, no input grad collective for layer: mlp_column
info: no weight grad collective for layer: mlp_column
chunk size is: 20971520 , size is: 20971520 , layer_num is: 1154 , node: 0
info: all-gather input grad collective issued for layer: attention_row, involved dimensions:  1, 0, 0, 0, 0, 0, 0, 0, 0, 0,
***** info: input gradient collective for layer: attention_row is finished************
info: no weight grad collective for layer: attention_row
info: all dims disabled, no input grad collective for layer: attention_column
info: no weight grad collective for layer: attention_column
chunk size is: 20971520 , size is: 20971520 , layer_num is: 1152 , node: 0
info: all-gather input grad collective issued for layer: mlp_row, involved dimensions:  1, 0, 0, 0, 0, 0, 0, 0, 0, 0,
***** info: input gradient collective for layer: mlp_row is finished************
info: no weight grad collective for layer: mlp_row
info: all dims disabled, no input grad collective for layer: mlp_column
info: no weight grad collective for layer: mlp_column
chunk size is: 20971520 , size is: 20971520 , layer_num is: 1150 , node: 0
info: all-gather input grad collective issued for layer: attention_row, involved dimensions:  1, 0, 0, 0, 0, 0, 0, 0, 0, 0,
***** info: input gradient collective for layer: attention_row is finished************
info: no weight grad collective for layer: attention_row
info: all dims disabled, no input grad collective for layer: attention_column
info: no weight grad collective for layer: attention_column
chunk size is: 20971520 , size is: 20971520 , layer_num is: 1148 , node: 0
info: all-gather input grad collective issued for layer: mlp_row, involved dimensions:  1, 0, 0, 0, 0, 0, 0, 0, 0, 0,
***** info: input gradient collective for layer: mlp_row is finished************
info: no weight grad collective for layer: mlp_row
info: all dims disabled, no input grad collective for layer: mlp_column
info: no weight grad collective for layer: mlp_column
chunk size is: 20971520 , size is: 20971520 , layer_num is: 1146 , node: 0
info: all-gather input grad collective issued for layer: attention_row, involved dimensions:  1, 0, 0, 0, 0, 0, 0, 0, 0, 0,
***** info: input gradient collective for layer: attention_row is finished************
info: no weight grad collective for layer: attention_row
info: all dims disabled, no input grad collective for layer: attention_column
info: no weight grad collective for layer: attention_column
chunk size is: 20971520 , size is: 20971520 , layer_num is: 1144 , node: 0
info: all-gather input grad collective issued for layer: mlp_row, involved dimensions:  1, 0, 0, 0, 0, 0, 0, 0, 0, 0,
***** info: input gradient collective for layer: mlp_row is finished************
info: no weight grad collective for layer: mlp_row
info: all dims disabled, no input grad collective for layer: mlp_column
info: no weight grad collective for layer: mlp_column
chunk size is: 20971520 , size is: 20971520 , layer_num is: 1142 , node: 0
info: all-gather input grad collective issued for layer: attention_row, involved dimensions:  1, 0, 0, 0, 0, 0, 0, 0, 0, 0,
***** info: input gradient collective for layer: attention_row is finished************
info: no weight grad collective for layer: attention_row
info: all dims disabled, no input grad collective for layer: attention_column
info: no weight grad collective for layer: attention_column
info: no input grad collective for layer: embedding_layer
info: no weight grad collective for layer: embedding_layer
info: all dims disabled, no input grad collective for layer: final_column
info: no weight grad collective for layer: final_column
chunk size is: 20971520 , size is: 20971520 , layer_num is: 1138 , node: 0
info: all-gather input grad collective issued for layer: mlp_row, involved dimensions:  1, 0, 0, 0, 0, 0, 0, 0, 0, 0,
***** info: input gradient collective for layer: mlp_row is finished************
info: no weight grad collective for layer: mlp_row
info: all dims disabled, no input grad collective for layer: mlp_column
info: no weight grad collective for layer: mlp_column
chunk size is: 20971520 , size is: 20971520 , layer_num is: 1136 , node: 0
info: all-gather input grad collective issued for layer: attention_row, involved dimensions:  1, 0, 0, 0, 0, 0, 0, 0, 0, 0,
***** info: input gradient collective for layer: attention_row is finished************
info: no weight grad collective for layer: attention_row
info: all dims disabled, no input grad collective for layer: attention_column
info: no weight grad collective for layer: attention_column
chunk size is: 20971520 , size is: 20971520 , layer_num is: 1134 , node: 0
info: all-gather input grad collective issued for layer: mlp_row, involved dimensions:  1, 0, 0, 0, 0, 0, 0, 0, 0, 0,
***** info: input gradient collective for layer: mlp_row is finished************
info: no weight grad collective for layer: mlp_row
info: all dims disabled, no input grad collective for layer: mlp_column
info: no weight grad collective for layer: mlp_column
chunk size is: 20971520 , size is: 20971520 , layer_num is: 1132 , node: 0
info: all-gather input grad collective issued for layer: attention_row, involved dimensions:  1, 0, 0, 0, 0, 0, 0, 0, 0, 0,
***** info: input gradient collective for layer: attention_row is finished************
info: no weight grad collective for layer: attention_row
info: all dims disabled, no input grad collective for layer: attention_column
info: no weight grad collective for layer: attention_column
chunk size is: 20971520 , size is: 20971520 , layer_num is: 1130 , node: 0
info: all-gather input grad collective issued for layer: mlp_row, involved dimensions:  1, 0, 0, 0, 0, 0, 0, 0, 0, 0,
***** info: input gradient collective for layer: mlp_row is finished************
info: no weight grad collective for layer: mlp_row
info: all dims disabled, no input grad collective for layer: mlp_column
info: no weight grad collective for layer: mlp_column
chunk size is: 20971520 , size is: 20971520 , layer_num is: 1128 , node: 0
info: all-gather input grad collective issued for layer: attention_row, involved dimensions:  1, 0, 0, 0, 0, 0, 0, 0, 0, 0,
***** info: input gradient collective for layer: attention_row is finished************
info: no weight grad collective for layer: attention_row
info: all dims disabled, no input grad collective for layer: attention_column
info: no weight grad collective for layer: attention_column
chunk size is: 20971520 , size is: 20971520 , layer_num is: 1126 , node: 0
info: all-gather input grad collective issued for layer: mlp_row, involved dimensions:  1, 0, 0, 0, 0, 0, 0, 0, 0, 0,
***** info: input gradient collective for layer: mlp_row is finished************
info: no weight grad collective for layer: mlp_row
info: all dims disabled, no input grad collective for layer: mlp_column
info: no weight grad collective for layer: mlp_column
chunk size is: 20971520 , size is: 20971520 , layer_num is: 1124 , node: 0
info: all-gather input grad collective issued for layer: attention_row, involved dimensions:  1, 0, 0, 0, 0, 0, 0, 0, 0, 0,
***** info: input gradient collective for layer: attention_row is finished************
info: no weight grad collective for layer: attention_row
info: all dims disabled, no input grad collective for layer: attention_column
info: no weight grad collective for layer: attention_column
chunk size is: 20971520 , size is: 20971520 , layer_num is: 1122 , node: 0
info: all-gather input grad collective issued for layer: mlp_row, involved dimensions:  1, 0, 0, 0, 0, 0, 0, 0, 0, 0,
***** info: input gradient collective for layer: mlp_row is finished************
info: no weight grad collective for layer: mlp_row
info: all dims disabled, no input grad collective for layer: mlp_column
info: no weight grad collective for layer: mlp_column
chunk size is: 20971520 , size is: 20971520 , layer_num is: 1120 , node: 0
info: all-gather input grad collective issued for layer: attention_row, involved dimensions:  1, 0, 0, 0, 0, 0, 0, 0, 0, 0,
***** info: input gradient collective for layer: attention_row is finished************
info: no weight grad collective for layer: attention_row
info: all dims disabled, no input grad collective for layer: attention_column
info: no weight grad collective for layer: attention_column
chunk size is: 20971520 , size is: 20971520 , layer_num is: 1118 , node: 0
info: all-gather input grad collective issued for layer: mlp_row, involved dimensions:  1, 0, 0, 0, 0, 0, 0, 0, 0, 0,
***** info: input gradient collective for layer: mlp_row is finished************
info: no weight grad collective for layer: mlp_row
info: all dims disabled, no input grad collective for layer: mlp_column
info: no weight grad collective for layer: mlp_column
chunk size is: 20971520 , size is: 20971520 , layer_num is: 1116 , node: 0
info: all-gather input grad collective issued for layer: attention_row, involved dimensions:  1, 0, 0, 0, 0, 0, 0, 0, 0, 0,
***** info: input gradient collective for layer: attention_row is finished************
info: no weight grad collective for layer: attention_row
info: all dims disabled, no input grad collective for layer: attention_column
info: no weight grad collective for layer: attention_column
chunk size is: 20971520 , size is: 20971520 , layer_num is: 1114 , node: 0
info: all-gather input grad collective issued for layer: mlp_row, involved dimensions:  1, 0, 0, 0, 0, 0, 0, 0, 0, 0,
***** info: input gradient collective for layer: mlp_row is finished************
info: no weight grad collective for layer: mlp_row
info: all dims disabled, no input grad collective for layer: mlp_column
info: no weight grad collective for layer: mlp_column
chunk size is: 20971520 , size is: 20971520 , layer_num is: 1112 , node: 0
info: all-gather input grad collective issued for layer: attention_row, involved dimensions:  1, 0, 0, 0, 0, 0, 0, 0, 0, 0,
***** info: input gradient collective for layer: attention_row is finished************
info: no weight grad collective for layer: attention_row
info: all dims disabled, no input grad collective for layer: attention_column
info: no weight grad collective for layer: attention_column
chunk size is: 20971520 , size is: 20971520 , layer_num is: 1110 , node: 0
info: all-gather input grad collective issued for layer: mlp_row, involved dimensions:  1, 0, 0, 0, 0, 0, 0, 0, 0, 0,
***** info: input gradient collective for layer: mlp_row is finished************
info: no weight grad collective for layer: mlp_row
info: all dims disabled, no input grad collective for layer: mlp_column
info: no weight grad collective for layer: mlp_column
chunk size is: 20971520 , size is: 20971520 , layer_num is: 1108 , node: 0
info: all-gather input grad collective issued for layer: attention_row, involved dimensions:  1, 0, 0, 0, 0, 0, 0, 0, 0, 0,
***** info: input gradient collective for layer: attention_row is finished************
info: no weight grad collective for layer: attention_row
info: all dims disabled, no input grad collective for layer: attention_column
info: no weight grad collective for layer: attention_column
chunk size is: 20971520 , size is: 20971520 , layer_num is: 1106 , node: 0
info: all-gather input grad collective issued for layer: mlp_row, involved dimensions:  1, 0, 0, 0, 0, 0, 0, 0, 0, 0,
***** info: input gradient collective for layer: mlp_row is finished************
info: no weight grad collective for layer: mlp_row
info: all dims disabled, no input grad collective for layer: mlp_column
info: no weight grad collective for layer: mlp_column
chunk size is: 20971520 , size is: 20971520 , layer_num is: 1104 , node: 0
info: all-gather input grad collective issued for layer: attention_row, involved dimensions:  1, 0, 0, 0, 0, 0, 0, 0, 0, 0,
***** info: input gradient collective for layer: attention_row is finished************
info: no weight grad collective for layer: attention_row
info: all dims disabled, no input grad collective for layer: attention_column
info: no weight grad collective for layer: attention_column
chunk size is: 20971520 , size is: 20971520 , layer_num is: 1102 , node: 0
info: all-gather input grad collective issued for layer: mlp_row, involved dimensions:  1, 0, 0, 0, 0, 0, 0, 0, 0, 0,
***** info: input gradient collective for layer: mlp_row is finished************
info: no weight grad collective for layer: mlp_row
info: all dims disabled, no input grad collective for layer: mlp_column
info: no weight grad collective for layer: mlp_column
chunk size is: 20971520 , size is: 20971520 , layer_num is: 1100 , node: 0
info: all-gather input grad collective issued for layer: attention_row, involved dimensions:  1, 0, 0, 0, 0, 0, 0, 0, 0, 0,
***** info: input gradient collective for layer: attention_row is finished************
info: no weight grad collective for layer: attention_row
info: all dims disabled, no input grad collective for layer: attention_column
info: no weight grad collective for layer: attention_column
chunk size is: 20971520 , size is: 20971520 , layer_num is: 1098 , node: 0
info: all-gather input grad collective issued for layer: mlp_row, involved dimensions:  1, 0, 0, 0, 0, 0, 0, 0, 0, 0,
***** info: input gradient collective for layer: mlp_row is finished************
info: no weight grad collective for layer: mlp_row
info: all dims disabled, no input grad collective for layer: mlp_column
info: no weight grad collective for layer: mlp_column
chunk size is: 20971520 , size is: 20971520 , layer_num is: 1096 , node: 0
info: all-gather input grad collective issued for layer: attention_row, involved dimensions:  1, 0, 0, 0, 0, 0, 0, 0, 0, 0,
***** info: input gradient collective for layer: attention_row is finished************
info: no weight grad collective for layer: attention_row
info: all dims disabled, no input grad collective for layer: attention_column
info: no weight grad collective for layer: attention_column
chunk size is: 20971520 , size is: 20971520 , layer_num is: 1094 , node: 0
info: all-gather input grad collective issued for layer: mlp_row, involved dimensions:  1, 0, 0, 0, 0, 0, 0, 0, 0, 0,
***** info: input gradient collective for layer: mlp_row is finished************
info: no weight grad collective for layer: mlp_row
info: all dims disabled, no input grad collective for layer: mlp_column
info: no weight grad collective for layer: mlp_column
chunk size is: 20971520 , size is: 20971520 , layer_num is: 1092 , node: 0
info: all-gather input grad collective issued for layer: attention_row, involved dimensions:  1, 0, 0, 0, 0, 0, 0, 0, 0, 0,
***** info: input gradient collective for layer: attention_row is finished************
info: no weight grad collective for layer: attention_row
info: all dims disabled, no input grad collective for layer: attention_column
info: no weight grad collective for layer: attention_column
chunk size is: 20971520 , size is: 20971520 , layer_num is: 1090 , node: 0
info: all-gather input grad collective issued for layer: mlp_row, involved dimensions:  1, 0, 0, 0, 0, 0, 0, 0, 0, 0,
***** info: input gradient collective for layer: mlp_row is finished************
info: no weight grad collective for layer: mlp_row
info: all dims disabled, no input grad collective for layer: mlp_column
info: no weight grad collective for layer: mlp_column
chunk size is: 20971520 , size is: 20971520 , layer_num is: 1088 , node: 0
info: all-gather input grad collective issued for layer: attention_row, involved dimensions:  1, 0, 0, 0, 0, 0, 0, 0, 0, 0,
***** info: input gradient collective for layer: attention_row is finished************
info: no weight grad collective for layer: attention_row
info: all dims disabled, no input grad collective for layer: attention_column
info: no weight grad collective for layer: attention_column
chunk size is: 20971520 , size is: 20971520 , layer_num is: 1086 , node: 0
info: all-gather input grad collective issued for layer: mlp_row, involved dimensions:  1, 0, 0, 0, 0, 0, 0, 0, 0, 0,
***** info: input gradient collective for layer: mlp_row is finished************
info: no weight grad collective for layer: mlp_row
info: all dims disabled, no input grad collective for layer: mlp_column
info: no weight grad collective for layer: mlp_column
chunk size is: 20971520 , size is: 20971520 , layer_num is: 1084 , node: 0
info: all-gather input grad collective issued for layer: attention_row, involved dimensions:  1, 0, 0, 0, 0, 0, 0, 0, 0, 0,
***** info: input gradient collective for layer: attention_row is finished************
info: no weight grad collective for layer: attention_row
info: all dims disabled, no input grad collective for layer: attention_column
info: no weight grad collective for layer: attention_column
chunk size is: 20971520 , size is: 20971520 , layer_num is: 1082 , node: 0
info: all-gather input grad collective issued for layer: mlp_row, involved dimensions:  1, 0, 0, 0, 0, 0, 0, 0, 0, 0,
***** info: input gradient collective for layer: mlp_row is finished************
info: no weight grad collective for layer: mlp_row
info: all dims disabled, no input grad collective for layer: mlp_column
info: no weight grad collective for layer: mlp_column
chunk size is: 20971520 , size is: 20971520 , layer_num is: 1080 , node: 0
info: all-gather input grad collective issued for layer: attention_row, involved dimensions:  1, 0, 0, 0, 0, 0, 0, 0, 0, 0,
***** info: input gradient collective for layer: attention_row is finished************
info: no weight grad collective for layer: attention_row
info: all dims disabled, no input grad collective for layer: attention_column
info: no weight grad collective for layer: attention_column
chunk size is: 20971520 , size is: 20971520 , layer_num is: 1078 , node: 0
info: all-gather input grad collective issued for layer: mlp_row, involved dimensions:  1, 0, 0, 0, 0, 0, 0, 0, 0, 0,
***** info: input gradient collective for layer: mlp_row is finished************
info: no weight grad collective for layer: mlp_row
info: all dims disabled, no input grad collective for layer: mlp_column
info: no weight grad collective for layer: mlp_column
chunk size is: 20971520 , size is: 20971520 , layer_num is: 1076 , node: 0
info: all-gather input grad collective issued for layer: attention_row, involved dimensions:  1, 0, 0, 0, 0, 0, 0, 0, 0, 0,
***** info: input gradient collective for layer: attention_row is finished************
info: no weight grad collective for layer: attention_row
info: all dims disabled, no input grad collective for layer: attention_column
info: no weight grad collective for layer: attention_column
chunk size is: 20971520 , size is: 20971520 , layer_num is: 1074 , node: 0
info: all-gather input grad collective issued for layer: mlp_row, involved dimensions:  1, 0, 0, 0, 0, 0, 0, 0, 0, 0,
***** info: input gradient collective for layer: mlp_row is finished************
info: no weight grad collective for layer: mlp_row
info: all dims disabled, no input grad collective for layer: mlp_column
info: no weight grad collective for layer: mlp_column
chunk size is: 20971520 , size is: 20971520 , layer_num is: 1072 , node: 0
info: all-gather input grad collective issued for layer: attention_row, involved dimensions:  1, 0, 0, 0, 0, 0, 0, 0, 0, 0,
***** info: input gradient collective for layer: attention_row is finished************
info: no weight grad collective for layer: attention_row
info: all dims disabled, no input grad collective for layer: attention_column
info: no weight grad collective for layer: attention_column
chunk size is: 20971520 , size is: 20971520 , layer_num is: 1070 , node: 0
info: all-gather input grad collective issued for layer: mlp_row, involved dimensions:  1, 0, 0, 0, 0, 0, 0, 0, 0, 0,
***** info: input gradient collective for layer: mlp_row is finished************
info: no weight grad collective for layer: mlp_row
info: all dims disabled, no input grad collective for layer: mlp_column
info: no weight grad collective for layer: mlp_column
chunk size is: 20971520 , size is: 20971520 , layer_num is: 1068 , node: 0
info: all-gather input grad collective issued for layer: attention_row, involved dimensions:  1, 0, 0, 0, 0, 0, 0, 0, 0, 0,
***** info: input gradient collective for layer: attention_row is finished************
info: no weight grad collective for layer: attention_row
info: all dims disabled, no input grad collective for layer: attention_column
info: no weight grad collective for layer: attention_column
chunk size is: 20971520 , size is: 20971520 , layer_num is: 1066 , node: 0
info: all-gather input grad collective issued for layer: mlp_row, involved dimensions:  1, 0, 0, 0, 0, 0, 0, 0, 0, 0,
***** info: input gradient collective for layer: mlp_row is finished************
info: no weight grad collective for layer: mlp_row
info: all dims disabled, no input grad collective for layer: mlp_column
info: no weight grad collective for layer: mlp_column
chunk size is: 20971520 , size is: 20971520 , layer_num is: 1064 , node: 0
info: all-gather input grad collective issued for layer: attention_row, involved dimensions:  1, 0, 0, 0, 0, 0, 0, 0, 0, 0,
***** info: input gradient collective for layer: attention_row is finished************
info: no weight grad collective for layer: attention_row
info: all dims disabled, no input grad collective for layer: attention_column
info: no weight grad collective for layer: attention_column
chunk size is: 20971520 , size is: 20971520 , layer_num is: 1062 , node: 0
info: all-gather input grad collective issued for layer: mlp_row, involved dimensions:  1, 0, 0, 0, 0, 0, 0, 0, 0, 0,
***** info: input gradient collective for layer: mlp_row is finished************
info: no weight grad collective for layer: mlp_row
info: all dims disabled, no input grad collective for layer: mlp_column
info: no weight grad collective for layer: mlp_column
chunk size is: 20971520 , size is: 20971520 , layer_num is: 1060 , node: 0
info: all-gather input grad collective issued for layer: attention_row, involved dimensions:  1, 0, 0, 0, 0, 0, 0, 0, 0, 0,
***** info: input gradient collective for layer: attention_row is finished************
info: no weight grad collective for layer: attention_row
info: all dims disabled, no input grad collective for layer: attention_column
info: no weight grad collective for layer: attention_column
chunk size is: 20971520 , size is: 20971520 , layer_num is: 1058 , node: 0
info: all-gather input grad collective issued for layer: mlp_row, involved dimensions:  1, 0, 0, 0, 0, 0, 0, 0, 0, 0,
***** info: input gradient collective for layer: mlp_row is finished************
info: no weight grad collective for layer: mlp_row
info: all dims disabled, no input grad collective for layer: mlp_column
info: no weight grad collective for layer: mlp_column
chunk size is: 20971520 , size is: 20971520 , layer_num is: 1056 , node: 0
info: all-gather input grad collective issued for layer: attention_row, involved dimensions:  1, 0, 0, 0, 0, 0, 0, 0, 0, 0,
***** info: input gradient collective for layer: attention_row is finished************
info: no weight grad collective for layer: attention_row
info: all dims disabled, no input grad collective for layer: attention_column
info: no weight grad collective for layer: attention_column
chunk size is: 20971520 , size is: 20971520 , layer_num is: 1054 , node: 0
info: all-gather input grad collective issued for layer: mlp_row, involved dimensions:  1, 0, 0, 0, 0, 0, 0, 0, 0, 0,
***** info: input gradient collective for layer: mlp_row is finished************
info: no weight grad collective for layer: mlp_row
info: all dims disabled, no input grad collective for layer: mlp_column
info: no weight grad collective for layer: mlp_column
chunk size is: 20971520 , size is: 20971520 , layer_num is: 1052 , node: 0
info: all-gather input grad collective issued for layer: attention_row, involved dimensions:  1, 0, 0, 0, 0, 0, 0, 0, 0, 0,
***** info: input gradient collective for layer: attention_row is finished************
info: no weight grad collective for layer: attention_row
info: all dims disabled, no input grad collective for layer: attention_column
info: no weight grad collective for layer: attention_column
chunk size is: 20971520 , size is: 20971520 , layer_num is: 1050 , node: 0
info: all-gather input grad collective issued for layer: mlp_row, involved dimensions:  1, 0, 0, 0, 0, 0, 0, 0, 0, 0,
***** info: input gradient collective for layer: mlp_row is finished************
info: no weight grad collective for layer: mlp_row
info: all dims disabled, no input grad collective for layer: mlp_column
info: no weight grad collective for layer: mlp_column
chunk size is: 20971520 , size is: 20971520 , layer_num is: 1048 , node: 0
info: all-gather input grad collective issued for layer: attention_row, involved dimensions:  1, 0, 0, 0, 0, 0, 0, 0, 0, 0,
***** info: input gradient collective for layer: attention_row is finished************
info: no weight grad collective for layer: attention_row
info: all dims disabled, no input grad collective for layer: attention_column
info: no weight grad collective for layer: attention_column
chunk size is: 20971520 , size is: 20971520 , layer_num is: 1046 , node: 0
info: all-gather input grad collective issued for layer: mlp_row, involved dimensions:  1, 0, 0, 0, 0, 0, 0, 0, 0, 0,
***** info: input gradient collective for layer: mlp_row is finished************
info: no weight grad collective for layer: mlp_row
info: all dims disabled, no input grad collective for layer: mlp_column
info: no weight grad collective for layer: mlp_column
chunk size is: 20971520 , size is: 20971520 , layer_num is: 1044 , node: 0
info: all-gather input grad collective issued for layer: attention_row, involved dimensions:  1, 0, 0, 0, 0, 0, 0, 0, 0, 0,
***** info: input gradient collective for layer: attention_row is finished************
info: no weight grad collective for layer: attention_row
info: all dims disabled, no input grad collective for layer: attention_column
info: no weight grad collective for layer: attention_column
chunk size is: 20971520 , size is: 20971520 , layer_num is: 1042 , node: 0
info: all-gather input grad collective issued for layer: mlp_row, involved dimensions:  1, 0, 0, 0, 0, 0, 0, 0, 0, 0,
***** info: input gradient collective for layer: mlp_row is finished************
info: no weight grad collective for layer: mlp_row
info: all dims disabled, no input grad collective for layer: mlp_column
info: no weight grad collective for layer: mlp_column
chunk size is: 20971520 , size is: 20971520 , layer_num is: 1040 , node: 0
info: all-gather input grad collective issued for layer: attention_row, involved dimensions:  1, 0, 0, 0, 0, 0, 0, 0, 0, 0,
***** info: input gradient collective for layer: attention_row is finished************
info: no weight grad collective for layer: attention_row
info: all dims disabled, no input grad collective for layer: attention_column
info: no weight grad collective for layer: attention_column
chunk size is: 20971520 , size is: 20971520 , layer_num is: 1038 , node: 0
info: all-gather input grad collective issued for layer: mlp_row, involved dimensions:  1, 0, 0, 0, 0, 0, 0, 0, 0, 0,
***** info: input gradient collective for layer: mlp_row is finished************
info: no weight grad collective for layer: mlp_row
info: all dims disabled, no input grad collective for layer: mlp_column
info: no weight grad collective for layer: mlp_column
chunk size is: 20971520 , size is: 20971520 , layer_num is: 1036 , node: 0
info: all-gather input grad collective issued for layer: attention_row, involved dimensions:  1, 0, 0, 0, 0, 0, 0, 0, 0, 0,
***** info: input gradient collective for layer: attention_row is finished************
info: no weight grad collective for layer: attention_row
info: all dims disabled, no input grad collective for layer: attention_column
info: no weight grad collective for layer: attention_column
chunk size is: 20971520 , size is: 20971520 , layer_num is: 1034 , node: 0
info: all-gather input grad collective issued for layer: mlp_row, involved dimensions:  1, 0, 0, 0, 0, 0, 0, 0, 0, 0,
***** info: input gradient collective for layer: mlp_row is finished************
info: no weight grad collective for layer: mlp_row
info: all dims disabled, no input grad collective for layer: mlp_column
info: no weight grad collective for layer: mlp_column
chunk size is: 20971520 , size is: 20971520 , layer_num is: 1032 , node: 0
info: all-gather input grad collective issued for layer: attention_row, involved dimensions:  1, 0, 0, 0, 0, 0, 0, 0, 0, 0,
***** info: input gradient collective for layer: attention_row is finished************
info: no weight grad collective for layer: attention_row
info: all dims disabled, no input grad collective for layer: attention_column
info: no weight grad collective for layer: attention_column
chunk size is: 20971520 , size is: 20971520 , layer_num is: 1030 , node: 0
info: all-gather input grad collective issued for layer: mlp_row, involved dimensions:  1, 0, 0, 0, 0, 0, 0, 0, 0, 0,
***** info: input gradient collective for layer: mlp_row is finished************
info: no weight grad collective for layer: mlp_row
info: all dims disabled, no input grad collective for layer: mlp_column
info: no weight grad collective for layer: mlp_column
chunk size is: 20971520 , size is: 20971520 , layer_num is: 1028 , node: 0
info: all-gather input grad collective issued for layer: attention_row, involved dimensions:  1, 0, 0, 0, 0, 0, 0, 0, 0, 0,
***** info: input gradient collective for layer: attention_row is finished************
info: no weight grad collective for layer: attention_row
info: all dims disabled, no input grad collective for layer: attention_column
info: no weight grad collective for layer: attention_column
chunk size is: 20971520 , size is: 20971520 , layer_num is: 1026 , node: 0
info: all-gather input grad collective issued for layer: mlp_row, involved dimensions:  1, 0, 0, 0, 0, 0, 0, 0, 0, 0,
***** info: input gradient collective for layer: mlp_row is finished************
info: no weight grad collective for layer: mlp_row
info: all dims disabled, no input grad collective for layer: mlp_column
info: no weight grad collective for layer: mlp_column
chunk size is: 20971520 , size is: 20971520 , layer_num is: 1024 , node: 0
info: all-gather input grad collective issued for layer: attention_row, involved dimensions:  1, 0, 0, 0, 0, 0, 0, 0, 0, 0,
***** info: input gradient collective for layer: attention_row is finished************
info: no weight grad collective for layer: attention_row
info: all dims disabled, no input grad collective for layer: attention_column
info: no weight grad collective for layer: attention_column
chunk size is: 20971520 , size is: 20971520 , layer_num is: 1022 , node: 0
info: all-gather input grad collective issued for layer: mlp_row, involved dimensions:  1, 0, 0, 0, 0, 0, 0, 0, 0, 0,
***** info: input gradient collective for layer: mlp_row is finished************
info: no weight grad collective for layer: mlp_row
info: all dims disabled, no input grad collective for layer: mlp_column
info: no weight grad collective for layer: mlp_column
chunk size is: 20971520 , size is: 20971520 , layer_num is: 1020 , node: 0
info: all-gather input grad collective issued for layer: attention_row, involved dimensions:  1, 0, 0, 0, 0, 0, 0, 0, 0, 0,
***** info: input gradient collective for layer: attention_row is finished************
info: no weight grad collective for layer: attention_row
info: all dims disabled, no input grad collective for layer: attention_column
info: no weight grad collective for layer: attention_column
chunk size is: 20971520 , size is: 20971520 , layer_num is: 1018 , node: 0
info: all-gather input grad collective issued for layer: mlp_row, involved dimensions:  1, 0, 0, 0, 0, 0, 0, 0, 0, 0,
***** info: input gradient collective for layer: mlp_row is finished************
info: no weight grad collective for layer: mlp_row
info: all dims disabled, no input grad collective for layer: mlp_column
info: no weight grad collective for layer: mlp_column
chunk size is: 20971520 , size is: 20971520 , layer_num is: 1016 , node: 0
info: all-gather input grad collective issued for layer: attention_row, involved dimensions:  1, 0, 0, 0, 0, 0, 0, 0, 0, 0,
***** info: input gradient collective for layer: attention_row is finished************
info: no weight grad collective for layer: attention_row
info: all dims disabled, no input grad collective for layer: attention_column
info: no weight grad collective for layer: attention_column
chunk size is: 20971520 , size is: 20971520 , layer_num is: 1014 , node: 0
info: all-gather input grad collective issued for layer: mlp_row, involved dimensions:  1, 0, 0, 0, 0, 0, 0, 0, 0, 0,
***** info: input gradient collective for layer: mlp_row is finished************
info: no weight grad collective for layer: mlp_row
info: all dims disabled, no input grad collective for layer: mlp_column
info: no weight grad collective for layer: mlp_column
chunk size is: 20971520 , size is: 20971520 , layer_num is: 1012 , node: 0
info: all-gather input grad collective issued for layer: attention_row, involved dimensions:  1, 0, 0, 0, 0, 0, 0, 0, 0, 0,
***** info: input gradient collective for layer: attention_row is finished************
info: no weight grad collective for layer: attention_row
info: all dims disabled, no input grad collective for layer: attention_column
info: no weight grad collective for layer: attention_column
chunk size is: 20971520 , size is: 20971520 , layer_num is: 1010 , node: 0
info: all-gather input grad collective issued for layer: mlp_row, involved dimensions:  1, 0, 0, 0, 0, 0, 0, 0, 0, 0,
***** info: input gradient collective for layer: mlp_row is finished************
info: no weight grad collective for layer: mlp_row
info: all dims disabled, no input grad collective for layer: mlp_column
info: no weight grad collective for layer: mlp_column
chunk size is: 20971520 , size is: 20971520 , layer_num is: 1008 , node: 0
info: all-gather input grad collective issued for layer: attention_row, involved dimensions:  1, 0, 0, 0, 0, 0, 0, 0, 0, 0,
***** info: input gradient collective for layer: attention_row is finished************
info: no weight grad collective for layer: attention_row
info: all dims disabled, no input grad collective for layer: attention_column
info: no weight grad collective for layer: attention_column
chunk size is: 20971520 , size is: 20971520 , layer_num is: 1006 , node: 0
info: all-gather input grad collective issued for layer: mlp_row, involved dimensions:  1, 0, 0, 0, 0, 0, 0, 0, 0, 0,
***** info: input gradient collective for layer: mlp_row is finished************
info: no weight grad collective for layer: mlp_row
info: all dims disabled, no input grad collective for layer: mlp_column
info: no weight grad collective for layer: mlp_column
chunk size is: 20971520 , size is: 20971520 , layer_num is: 1004 , node: 0
info: all-gather input grad collective issued for layer: attention_row, involved dimensions:  1, 0, 0, 0, 0, 0, 0, 0, 0, 0,
***** info: input gradient collective for layer: attention_row is finished************
info: no weight grad collective for layer: attention_row
info: all dims disabled, no input grad collective for layer: attention_column
info: no weight grad collective for layer: attention_column
chunk size is: 20971520 , size is: 20971520 , layer_num is: 1002 , node: 0
info: all-gather input grad collective issued for layer: mlp_row, involved dimensions:  1, 0, 0, 0, 0, 0, 0, 0, 0, 0,
***** info: input gradient collective for layer: mlp_row is finished************
info: no weight grad collective for layer: mlp_row
info: all dims disabled, no input grad collective for layer: mlp_column
info: no weight grad collective for layer: mlp_column
chunk size is: 20971520 , size is: 20971520 , layer_num is: 1000 , node: 0
info: all-gather input grad collective issued for layer: attention_row, involved dimensions:  1, 0, 0, 0, 0, 0, 0, 0, 0, 0,
***** info: input gradient collective for layer: attention_row is finished************
info: no weight grad collective for layer: attention_row
info: all dims disabled, no input grad collective for layer: attention_column
info: no weight grad collective for layer: attention_column
chunk size is: 20971520 , size is: 20971520 , layer_num is: 998 , node: 0
info: all-gather input grad collective issued for layer: mlp_row, involved dimensions:  1, 0, 0, 0, 0, 0, 0, 0, 0, 0,
***** info: input gradient collective for layer: mlp_row is finished************
info: no weight grad collective for layer: mlp_row
info: all dims disabled, no input grad collective for layer: mlp_column
info: no weight grad collective for layer: mlp_column
chunk size is: 20971520 , size is: 20971520 , layer_num is: 996 , node: 0
info: all-gather input grad collective issued for layer: attention_row, involved dimensions:  1, 0, 0, 0, 0, 0, 0, 0, 0, 0,
***** info: input gradient collective for layer: attention_row is finished************
info: no weight grad collective for layer: attention_row
info: all dims disabled, no input grad collective for layer: attention_column
info: no weight grad collective for layer: attention_column
chunk size is: 20971520 , size is: 20971520 , layer_num is: 994 , node: 0
info: all-gather input grad collective issued for layer: mlp_row, involved dimensions:  1, 0, 0, 0, 0, 0, 0, 0, 0, 0,
***** info: input gradient collective for layer: mlp_row is finished************
info: no weight grad collective for layer: mlp_row
info: all dims disabled, no input grad collective for layer: mlp_column
info: no weight grad collective for layer: mlp_column
chunk size is: 20971520 , size is: 20971520 , layer_num is: 992 , node: 0
info: all-gather input grad collective issued for layer: attention_row, involved dimensions:  1, 0, 0, 0, 0, 0, 0, 0, 0, 0,
***** info: input gradient collective for layer: attention_row is finished************
info: no weight grad collective for layer: attention_row
info: all dims disabled, no input grad collective for layer: attention_column
info: no weight grad collective for layer: attention_column
chunk size is: 20971520 , size is: 20971520 , layer_num is: 990 , node: 0
info: all-gather input grad collective issued for layer: mlp_row, involved dimensions:  1, 0, 0, 0, 0, 0, 0, 0, 0, 0,
***** info: input gradient collective for layer: mlp_row is finished************
info: no weight grad collective for layer: mlp_row
info: all dims disabled, no input grad collective for layer: mlp_column
info: no weight grad collective for layer: mlp_column
chunk size is: 20971520 , size is: 20971520 , layer_num is: 988 , node: 0
info: all-gather input grad collective issued for layer: attention_row, involved dimensions:  1, 0, 0, 0, 0, 0, 0, 0, 0, 0,
***** info: input gradient collective for layer: attention_row is finished************
info: no weight grad collective for layer: attention_row
info: all dims disabled, no input grad collective for layer: attention_column
info: no weight grad collective for layer: attention_column
chunk size is: 20971520 , size is: 20971520 , layer_num is: 986 , node: 0
info: all-gather input grad collective issued for layer: mlp_row, involved dimensions:  1, 0, 0, 0, 0, 0, 0, 0, 0, 0,
***** info: input gradient collective for layer: mlp_row is finished************
info: no weight grad collective for layer: mlp_row
info: all dims disabled, no input grad collective for layer: mlp_column
info: no weight grad collective for layer: mlp_column
chunk size is: 20971520 , size is: 20971520 , layer_num is: 984 , node: 0
info: all-gather input grad collective issued for layer: attention_row, involved dimensions:  1, 0, 0, 0, 0, 0, 0, 0, 0, 0,
***** info: input gradient collective for layer: attention_row is finished************
info: no weight grad collective for layer: attention_row
info: all dims disabled, no input grad collective for layer: attention_column
info: no weight grad collective for layer: attention_column
chunk size is: 20971520 , size is: 20971520 , layer_num is: 982 , node: 0
info: all-gather input grad collective issued for layer: mlp_row, involved dimensions:  1, 0, 0, 0, 0, 0, 0, 0, 0, 0,
***** info: input gradient collective for layer: mlp_row is finished************
info: no weight grad collective for layer: mlp_row
info: all dims disabled, no input grad collective for layer: mlp_column
info: no weight grad collective for layer: mlp_column
chunk size is: 20971520 , size is: 20971520 , layer_num is: 980 , node: 0
info: all-gather input grad collective issued for layer: attention_row, involved dimensions:  1, 0, 0, 0, 0, 0, 0, 0, 0, 0,
***** info: input gradient collective for layer: attention_row is finished************
info: no weight grad collective for layer: attention_row
info: all dims disabled, no input grad collective for layer: attention_column
info: no weight grad collective for layer: attention_column
info: no input grad collective for layer: embedding_layer
info: no weight grad collective for layer: embedding_layer
info: all dims disabled, no input grad collective for layer: final_column
info: no weight grad collective for layer: final_column
chunk size is: 20971520 , size is: 20971520 , layer_num is: 976 , node: 0
info: all-gather input grad collective issued for layer: mlp_row, involved dimensions:  1, 0, 0, 0, 0, 0, 0, 0, 0, 0,
***** info: input gradient collective for layer: mlp_row is finished************
info: no weight grad collective for layer: mlp_row
info: all dims disabled, no input grad collective for layer: mlp_column
info: no weight grad collective for layer: mlp_column
chunk size is: 20971520 , size is: 20971520 , layer_num is: 974 , node: 0
info: all-gather input grad collective issued for layer: attention_row, involved dimensions:  1, 0, 0, 0, 0, 0, 0, 0, 0, 0,
***** info: input gradient collective for layer: attention_row is finished************
info: no weight grad collective for layer: attention_row
info: all dims disabled, no input grad collective for layer: attention_column
info: no weight grad collective for layer: attention_column
chunk size is: 20971520 , size is: 20971520 , layer_num is: 972 , node: 0
info: all-gather input grad collective issued for layer: mlp_row, involved dimensions:  1, 0, 0, 0, 0, 0, 0, 0, 0, 0,
***** info: input gradient collective for layer: mlp_row is finished************
info: no weight grad collective for layer: mlp_row
info: all dims disabled, no input grad collective for layer: mlp_column
info: no weight grad collective for layer: mlp_column
chunk size is: 20971520 , size is: 20971520 , layer_num is: 970 , node: 0
info: all-gather input grad collective issued for layer: attention_row, involved dimensions:  1, 0, 0, 0, 0, 0, 0, 0, 0, 0,
***** info: input gradient collective for layer: attention_row is finished************
info: no weight grad collective for layer: attention_row
info: all dims disabled, no input grad collective for layer: attention_column
info: no weight grad collective for layer: attention_column
chunk size is: 20971520 , size is: 20971520 , layer_num is: 968 , node: 0
info: all-gather input grad collective issued for layer: mlp_row, involved dimensions:  1, 0, 0, 0, 0, 0, 0, 0, 0, 0,
***** info: input gradient collective for layer: mlp_row is finished************
info: no weight grad collective for layer: mlp_row
info: all dims disabled, no input grad collective for layer: mlp_column
info: no weight grad collective for layer: mlp_column
chunk size is: 20971520 , size is: 20971520 , layer_num is: 966 , node: 0
info: all-gather input grad collective issued for layer: attention_row, involved dimensions:  1, 0, 0, 0, 0, 0, 0, 0, 0, 0,
***** info: input gradient collective for layer: attention_row is finished************
info: no weight grad collective for layer: attention_row
info: all dims disabled, no input grad collective for layer: attention_column
info: no weight grad collective for layer: attention_column
chunk size is: 20971520 , size is: 20971520 , layer_num is: 964 , node: 0
info: all-gather input grad collective issued for layer: mlp_row, involved dimensions:  1, 0, 0, 0, 0, 0, 0, 0, 0, 0,
***** info: input gradient collective for layer: mlp_row is finished************
info: no weight grad collective for layer: mlp_row
info: all dims disabled, no input grad collective for layer: mlp_column
info: no weight grad collective for layer: mlp_column
chunk size is: 20971520 , size is: 20971520 , layer_num is: 962 , node: 0
info: all-gather input grad collective issued for layer: attention_row, involved dimensions:  1, 0, 0, 0, 0, 0, 0, 0, 0, 0,
***** info: input gradient collective for layer: attention_row is finished************
info: no weight grad collective for layer: attention_row
info: all dims disabled, no input grad collective for layer: attention_column
info: no weight grad collective for layer: attention_column
chunk size is: 20971520 , size is: 20971520 , layer_num is: 960 , node: 0
info: all-gather input grad collective issued for layer: mlp_row, involved dimensions:  1, 0, 0, 0, 0, 0, 0, 0, 0, 0,
***** info: input gradient collective for layer: mlp_row is finished************
info: no weight grad collective for layer: mlp_row
info: all dims disabled, no input grad collective for layer: mlp_column
info: no weight grad collective for layer: mlp_column
chunk size is: 20971520 , size is: 20971520 , layer_num is: 958 , node: 0
info: all-gather input grad collective issued for layer: attention_row, involved dimensions:  1, 0, 0, 0, 0, 0, 0, 0, 0, 0,
***** info: input gradient collective for layer: attention_row is finished************
info: no weight grad collective for layer: attention_row
info: all dims disabled, no input grad collective for layer: attention_column
info: no weight grad collective for layer: attention_column
chunk size is: 20971520 , size is: 20971520 , layer_num is: 956 , node: 0
info: all-gather input grad collective issued for layer: mlp_row, involved dimensions:  1, 0, 0, 0, 0, 0, 0, 0, 0, 0,
***** info: input gradient collective for layer: mlp_row is finished************
info: no weight grad collective for layer: mlp_row
info: all dims disabled, no input grad collective for layer: mlp_column
info: no weight grad collective for layer: mlp_column
chunk size is: 20971520 , size is: 20971520 , layer_num is: 954 , node: 0
info: all-gather input grad collective issued for layer: attention_row, involved dimensions:  1, 0, 0, 0, 0, 0, 0, 0, 0, 0,
***** info: input gradient collective for layer: attention_row is finished************
info: no weight grad collective for layer: attention_row
info: all dims disabled, no input grad collective for layer: attention_column
info: no weight grad collective for layer: attention_column
chunk size is: 20971520 , size is: 20971520 , layer_num is: 952 , node: 0
info: all-gather input grad collective issued for layer: mlp_row, involved dimensions:  1, 0, 0, 0, 0, 0, 0, 0, 0, 0,
***** info: input gradient collective for layer: mlp_row is finished************
info: no weight grad collective for layer: mlp_row
info: all dims disabled, no input grad collective for layer: mlp_column
info: no weight grad collective for layer: mlp_column
chunk size is: 20971520 , size is: 20971520 , layer_num is: 950 , node: 0
info: all-gather input grad collective issued for layer: attention_row, involved dimensions:  1, 0, 0, 0, 0, 0, 0, 0, 0, 0,
***** info: input gradient collective for layer: attention_row is finished************
info: no weight grad collective for layer: attention_row
info: all dims disabled, no input grad collective for layer: attention_column
info: no weight grad collective for layer: attention_column
chunk size is: 20971520 , size is: 20971520 , layer_num is: 948 , node: 0
info: all-gather input grad collective issued for layer: mlp_row, involved dimensions:  1, 0, 0, 0, 0, 0, 0, 0, 0, 0,
***** info: input gradient collective for layer: mlp_row is finished************
info: no weight grad collective for layer: mlp_row
info: all dims disabled, no input grad collective for layer: mlp_column
info: no weight grad collective for layer: mlp_column
chunk size is: 20971520 , size is: 20971520 , layer_num is: 946 , node: 0
info: all-gather input grad collective issued for layer: attention_row, involved dimensions:  1, 0, 0, 0, 0, 0, 0, 0, 0, 0,
***** info: input gradient collective for layer: attention_row is finished************
info: no weight grad collective for layer: attention_row
info: all dims disabled, no input grad collective for layer: attention_column
info: no weight grad collective for layer: attention_column
chunk size is: 20971520 , size is: 20971520 , layer_num is: 944 , node: 0
info: all-gather input grad collective issued for layer: mlp_row, involved dimensions:  1, 0, 0, 0, 0, 0, 0, 0, 0, 0,
***** info: input gradient collective for layer: mlp_row is finished************
info: no weight grad collective for layer: mlp_row
info: all dims disabled, no input grad collective for layer: mlp_column
info: no weight grad collective for layer: mlp_column
chunk size is: 20971520 , size is: 20971520 , layer_num is: 942 , node: 0
info: all-gather input grad collective issued for layer: attention_row, involved dimensions:  1, 0, 0, 0, 0, 0, 0, 0, 0, 0,
***** info: input gradient collective for layer: attention_row is finished************
info: no weight grad collective for layer: attention_row
info: all dims disabled, no input grad collective for layer: attention_column
info: no weight grad collective for layer: attention_column
chunk size is: 20971520 , size is: 20971520 , layer_num is: 940 , node: 0
info: all-gather input grad collective issued for layer: mlp_row, involved dimensions:  1, 0, 0, 0, 0, 0, 0, 0, 0, 0,
***** info: input gradient collective for layer: mlp_row is finished************
info: no weight grad collective for layer: mlp_row
info: all dims disabled, no input grad collective for layer: mlp_column
info: no weight grad collective for layer: mlp_column
chunk size is: 20971520 , size is: 20971520 , layer_num is: 938 , node: 0
info: all-gather input grad collective issued for layer: attention_row, involved dimensions:  1, 0, 0, 0, 0, 0, 0, 0, 0, 0,
***** info: input gradient collective for layer: attention_row is finished************
info: no weight grad collective for layer: attention_row
info: all dims disabled, no input grad collective for layer: attention_column
info: no weight grad collective for layer: attention_column
chunk size is: 20971520 , size is: 20971520 , layer_num is: 936 , node: 0
info: all-gather input grad collective issued for layer: mlp_row, involved dimensions:  1, 0, 0, 0, 0, 0, 0, 0, 0, 0,
***** info: input gradient collective for layer: mlp_row is finished************
info: no weight grad collective for layer: mlp_row
info: all dims disabled, no input grad collective for layer: mlp_column
info: no weight grad collective for layer: mlp_column
chunk size is: 20971520 , size is: 20971520 , layer_num is: 934 , node: 0
info: all-gather input grad collective issued for layer: attention_row, involved dimensions:  1, 0, 0, 0, 0, 0, 0, 0, 0, 0,
***** info: input gradient collective for layer: attention_row is finished************
info: no weight grad collective for layer: attention_row
info: all dims disabled, no input grad collective for layer: attention_column
info: no weight grad collective for layer: attention_column
chunk size is: 20971520 , size is: 20971520 , layer_num is: 932 , node: 0
info: all-gather input grad collective issued for layer: mlp_row, involved dimensions:  1, 0, 0, 0, 0, 0, 0, 0, 0, 0,
***** info: input gradient collective for layer: mlp_row is finished************
info: no weight grad collective for layer: mlp_row
info: all dims disabled, no input grad collective for layer: mlp_column
info: no weight grad collective for layer: mlp_column
chunk size is: 20971520 , size is: 20971520 , layer_num is: 930 , node: 0
info: all-gather input grad collective issued for layer: attention_row, involved dimensions:  1, 0, 0, 0, 0, 0, 0, 0, 0, 0,
***** info: input gradient collective for layer: attention_row is finished************
info: no weight grad collective for layer: attention_row
info: all dims disabled, no input grad collective for layer: attention_column
info: no weight grad collective for layer: attention_column
chunk size is: 20971520 , size is: 20971520 , layer_num is: 928 , node: 0
info: all-gather input grad collective issued for layer: mlp_row, involved dimensions:  1, 0, 0, 0, 0, 0, 0, 0, 0, 0,
***** info: input gradient collective for layer: mlp_row is finished************
info: no weight grad collective for layer: mlp_row
info: all dims disabled, no input grad collective for layer: mlp_column
info: no weight grad collective for layer: mlp_column
chunk size is: 20971520 , size is: 20971520 , layer_num is: 926 , node: 0
info: all-gather input grad collective issued for layer: attention_row, involved dimensions:  1, 0, 0, 0, 0, 0, 0, 0, 0, 0,
***** info: input gradient collective for layer: attention_row is finished************
info: no weight grad collective for layer: attention_row
info: all dims disabled, no input grad collective for layer: attention_column
info: no weight grad collective for layer: attention_column
chunk size is: 20971520 , size is: 20971520 , layer_num is: 924 , node: 0
info: all-gather input grad collective issued for layer: mlp_row, involved dimensions:  1, 0, 0, 0, 0, 0, 0, 0, 0, 0,
***** info: input gradient collective for layer: mlp_row is finished************
info: no weight grad collective for layer: mlp_row
info: all dims disabled, no input grad collective for layer: mlp_column
info: no weight grad collective for layer: mlp_column
chunk size is: 20971520 , size is: 20971520 , layer_num is: 922 , node: 0
info: all-gather input grad collective issued for layer: attention_row, involved dimensions:  1, 0, 0, 0, 0, 0, 0, 0, 0, 0,
***** info: input gradient collective for layer: attention_row is finished************
info: no weight grad collective for layer: attention_row
info: all dims disabled, no input grad collective for layer: attention_column
info: no weight grad collective for layer: attention_column
chunk size is: 20971520 , size is: 20971520 , layer_num is: 920 , node: 0
info: all-gather input grad collective issued for layer: mlp_row, involved dimensions:  1, 0, 0, 0, 0, 0, 0, 0, 0, 0,
***** info: input gradient collective for layer: mlp_row is finished************
info: no weight grad collective for layer: mlp_row
info: all dims disabled, no input grad collective for layer: mlp_column
info: no weight grad collective for layer: mlp_column
chunk size is: 20971520 , size is: 20971520 , layer_num is: 918 , node: 0
info: all-gather input grad collective issued for layer: attention_row, involved dimensions:  1, 0, 0, 0, 0, 0, 0, 0, 0, 0,
***** info: input gradient collective for layer: attention_row is finished************
info: no weight grad collective for layer: attention_row
info: all dims disabled, no input grad collective for layer: attention_column
info: no weight grad collective for layer: attention_column
chunk size is: 20971520 , size is: 20971520 , layer_num is: 916 , node: 0
info: all-gather input grad collective issued for layer: mlp_row, involved dimensions:  1, 0, 0, 0, 0, 0, 0, 0, 0, 0,
***** info: input gradient collective for layer: mlp_row is finished************
info: no weight grad collective for layer: mlp_row
info: all dims disabled, no input grad collective for layer: mlp_column
info: no weight grad collective for layer: mlp_column
chunk size is: 20971520 , size is: 20971520 , layer_num is: 914 , node: 0
info: all-gather input grad collective issued for layer: attention_row, involved dimensions:  1, 0, 0, 0, 0, 0, 0, 0, 0, 0,
***** info: input gradient collective for layer: attention_row is finished************
info: no weight grad collective for layer: attention_row
info: all dims disabled, no input grad collective for layer: attention_column
info: no weight grad collective for layer: attention_column
chunk size is: 20971520 , size is: 20971520 , layer_num is: 912 , node: 0
info: all-gather input grad collective issued for layer: mlp_row, involved dimensions:  1, 0, 0, 0, 0, 0, 0, 0, 0, 0,
***** info: input gradient collective for layer: mlp_row is finished************
info: no weight grad collective for layer: mlp_row
info: all dims disabled, no input grad collective for layer: mlp_column
info: no weight grad collective for layer: mlp_column
chunk size is: 20971520 , size is: 20971520 , layer_num is: 910 , node: 0
info: all-gather input grad collective issued for layer: attention_row, involved dimensions:  1, 0, 0, 0, 0, 0, 0, 0, 0, 0,
***** info: input gradient collective for layer: attention_row is finished************
info: no weight grad collective for layer: attention_row
info: all dims disabled, no input grad collective for layer: attention_column
info: no weight grad collective for layer: attention_column
chunk size is: 20971520 , size is: 20971520 , layer_num is: 908 , node: 0
info: all-gather input grad collective issued for layer: mlp_row, involved dimensions:  1, 0, 0, 0, 0, 0, 0, 0, 0, 0,
***** info: input gradient collective for layer: mlp_row is finished************
info: no weight grad collective for layer: mlp_row
info: all dims disabled, no input grad collective for layer: mlp_column
info: no weight grad collective for layer: mlp_column
chunk size is: 20971520 , size is: 20971520 , layer_num is: 906 , node: 0
info: all-gather input grad collective issued for layer: attention_row, involved dimensions:  1, 0, 0, 0, 0, 0, 0, 0, 0, 0,
***** info: input gradient collective for layer: attention_row is finished************
info: no weight grad collective for layer: attention_row
info: all dims disabled, no input grad collective for layer: attention_column
info: no weight grad collective for layer: attention_column
chunk size is: 20971520 , size is: 20971520 , layer_num is: 904 , node: 0
info: all-gather input grad collective issued for layer: mlp_row, involved dimensions:  1, 0, 0, 0, 0, 0, 0, 0, 0, 0,
***** info: input gradient collective for layer: mlp_row is finished************
info: no weight grad collective for layer: mlp_row
info: all dims disabled, no input grad collective for layer: mlp_column
info: no weight grad collective for layer: mlp_column
chunk size is: 20971520 , size is: 20971520 , layer_num is: 902 , node: 0
info: all-gather input grad collective issued for layer: attention_row, involved dimensions:  1, 0, 0, 0, 0, 0, 0, 0, 0, 0,
***** info: input gradient collective for layer: attention_row is finished************
info: no weight grad collective for layer: attention_row
info: all dims disabled, no input grad collective for layer: attention_column
info: no weight grad collective for layer: attention_column
chunk size is: 20971520 , size is: 20971520 , layer_num is: 900 , node: 0
info: all-gather input grad collective issued for layer: mlp_row, involved dimensions:  1, 0, 0, 0, 0, 0, 0, 0, 0, 0,
***** info: input gradient collective for layer: mlp_row is finished************
info: no weight grad collective for layer: mlp_row
info: all dims disabled, no input grad collective for layer: mlp_column
info: no weight grad collective for layer: mlp_column
chunk size is: 20971520 , size is: 20971520 , layer_num is: 898 , node: 0
info: all-gather input grad collective issued for layer: attention_row, involved dimensions:  1, 0, 0, 0, 0, 0, 0, 0, 0, 0,
***** info: input gradient collective for layer: attention_row is finished************
info: no weight grad collective for layer: attention_row
info: all dims disabled, no input grad collective for layer: attention_column
info: no weight grad collective for layer: attention_column
chunk size is: 20971520 , size is: 20971520 , layer_num is: 896 , node: 0
info: all-gather input grad collective issued for layer: mlp_row, involved dimensions:  1, 0, 0, 0, 0, 0, 0, 0, 0, 0,
***** info: input gradient collective for layer: mlp_row is finished************
info: no weight grad collective for layer: mlp_row
info: all dims disabled, no input grad collective for layer: mlp_column
info: no weight grad collective for layer: mlp_column
chunk size is: 20971520 , size is: 20971520 , layer_num is: 894 , node: 0
info: all-gather input grad collective issued for layer: attention_row, involved dimensions:  1, 0, 0, 0, 0, 0, 0, 0, 0, 0,
***** info: input gradient collective for layer: attention_row is finished************
info: no weight grad collective for layer: attention_row
info: all dims disabled, no input grad collective for layer: attention_column
info: no weight grad collective for layer: attention_column
chunk size is: 20971520 , size is: 20971520 , layer_num is: 892 , node: 0
info: all-gather input grad collective issued for layer: mlp_row, involved dimensions:  1, 0, 0, 0, 0, 0, 0, 0, 0, 0,
***** info: input gradient collective for layer: mlp_row is finished************
info: no weight grad collective for layer: mlp_row
info: all dims disabled, no input grad collective for layer: mlp_column
info: no weight grad collective for layer: mlp_column
chunk size is: 20971520 , size is: 20971520 , layer_num is: 890 , node: 0
info: all-gather input grad collective issued for layer: attention_row, involved dimensions:  1, 0, 0, 0, 0, 0, 0, 0, 0, 0,
***** info: input gradient collective for layer: attention_row is finished************
info: no weight grad collective for layer: attention_row
info: all dims disabled, no input grad collective for layer: attention_column
info: no weight grad collective for layer: attention_column
chunk size is: 20971520 , size is: 20971520 , layer_num is: 888 , node: 0
info: all-gather input grad collective issued for layer: mlp_row, involved dimensions:  1, 0, 0, 0, 0, 0, 0, 0, 0, 0,
***** info: input gradient collective for layer: mlp_row is finished************
info: no weight grad collective for layer: mlp_row
info: all dims disabled, no input grad collective for layer: mlp_column
info: no weight grad collective for layer: mlp_column
chunk size is: 20971520 , size is: 20971520 , layer_num is: 886 , node: 0
info: all-gather input grad collective issued for layer: attention_row, involved dimensions:  1, 0, 0, 0, 0, 0, 0, 0, 0, 0,
***** info: input gradient collective for layer: attention_row is finished************
info: no weight grad collective for layer: attention_row
info: all dims disabled, no input grad collective for layer: attention_column
info: no weight grad collective for layer: attention_column
chunk size is: 20971520 , size is: 20971520 , layer_num is: 884 , node: 0
info: all-gather input grad collective issued for layer: mlp_row, involved dimensions:  1, 0, 0, 0, 0, 0, 0, 0, 0, 0,
***** info: input gradient collective for layer: mlp_row is finished************
info: no weight grad collective for layer: mlp_row
info: all dims disabled, no input grad collective for layer: mlp_column
info: no weight grad collective for layer: mlp_column
chunk size is: 20971520 , size is: 20971520 , layer_num is: 882 , node: 0
info: all-gather input grad collective issued for layer: attention_row, involved dimensions:  1, 0, 0, 0, 0, 0, 0, 0, 0, 0,
***** info: input gradient collective for layer: attention_row is finished************
info: no weight grad collective for layer: attention_row
info: all dims disabled, no input grad collective for layer: attention_column
info: no weight grad collective for layer: attention_column
chunk size is: 20971520 , size is: 20971520 , layer_num is: 880 , node: 0
info: all-gather input grad collective issued for layer: mlp_row, involved dimensions:  1, 0, 0, 0, 0, 0, 0, 0, 0, 0,
***** info: input gradient collective for layer: mlp_row is finished************
info: no weight grad collective for layer: mlp_row
info: all dims disabled, no input grad collective for layer: mlp_column
info: no weight grad collective for layer: mlp_column
chunk size is: 20971520 , size is: 20971520 , layer_num is: 878 , node: 0
info: all-gather input grad collective issued for layer: attention_row, involved dimensions:  1, 0, 0, 0, 0, 0, 0, 0, 0, 0,
***** info: input gradient collective for layer: attention_row is finished************
info: no weight grad collective for layer: attention_row
info: all dims disabled, no input grad collective for layer: attention_column
info: no weight grad collective for layer: attention_column
chunk size is: 20971520 , size is: 20971520 , layer_num is: 876 , node: 0
info: all-gather input grad collective issued for layer: mlp_row, involved dimensions:  1, 0, 0, 0, 0, 0, 0, 0, 0, 0,
***** info: input gradient collective for layer: mlp_row is finished************
info: no weight grad collective for layer: mlp_row
info: all dims disabled, no input grad collective for layer: mlp_column
info: no weight grad collective for layer: mlp_column
chunk size is: 20971520 , size is: 20971520 , layer_num is: 874 , node: 0
info: all-gather input grad collective issued for layer: attention_row, involved dimensions:  1, 0, 0, 0, 0, 0, 0, 0, 0, 0,
***** info: input gradient collective for layer: attention_row is finished************
info: no weight grad collective for layer: attention_row
info: all dims disabled, no input grad collective for layer: attention_column
info: no weight grad collective for layer: attention_column
chunk size is: 20971520 , size is: 20971520 , layer_num is: 872 , node: 0
info: all-gather input grad collective issued for layer: mlp_row, involved dimensions:  1, 0, 0, 0, 0, 0, 0, 0, 0, 0,
***** info: input gradient collective for layer: mlp_row is finished************
info: no weight grad collective for layer: mlp_row
info: all dims disabled, no input grad collective for layer: mlp_column
info: no weight grad collective for layer: mlp_column
chunk size is: 20971520 , size is: 20971520 , layer_num is: 870 , node: 0
info: all-gather input grad collective issued for layer: attention_row, involved dimensions:  1, 0, 0, 0, 0, 0, 0, 0, 0, 0,
***** info: input gradient collective for layer: attention_row is finished************
info: no weight grad collective for layer: attention_row
info: all dims disabled, no input grad collective for layer: attention_column
info: no weight grad collective for layer: attention_column
chunk size is: 20971520 , size is: 20971520 , layer_num is: 868 , node: 0
info: all-gather input grad collective issued for layer: mlp_row, involved dimensions:  1, 0, 0, 0, 0, 0, 0, 0, 0, 0,
***** info: input gradient collective for layer: mlp_row is finished************
info: no weight grad collective for layer: mlp_row
info: all dims disabled, no input grad collective for layer: mlp_column
info: no weight grad collective for layer: mlp_column
chunk size is: 20971520 , size is: 20971520 , layer_num is: 866 , node: 0
info: all-gather input grad collective issued for layer: attention_row, involved dimensions:  1, 0, 0, 0, 0, 0, 0, 0, 0, 0,
***** info: input gradient collective for layer: attention_row is finished************
info: no weight grad collective for layer: attention_row
info: all dims disabled, no input grad collective for layer: attention_column
info: no weight grad collective for layer: attention_column
chunk size is: 20971520 , size is: 20971520 , layer_num is: 864 , node: 0
info: all-gather input grad collective issued for layer: mlp_row, involved dimensions:  1, 0, 0, 0, 0, 0, 0, 0, 0, 0,
***** info: input gradient collective for layer: mlp_row is finished************
info: no weight grad collective for layer: mlp_row
info: all dims disabled, no input grad collective for layer: mlp_column
info: no weight grad collective for layer: mlp_column
chunk size is: 20971520 , size is: 20971520 , layer_num is: 862 , node: 0
info: all-gather input grad collective issued for layer: attention_row, involved dimensions:  1, 0, 0, 0, 0, 0, 0, 0, 0, 0,
***** info: input gradient collective for layer: attention_row is finished************
info: no weight grad collective for layer: attention_row
info: all dims disabled, no input grad collective for layer: attention_column
info: no weight grad collective for layer: attention_column
chunk size is: 20971520 , size is: 20971520 , layer_num is: 860 , node: 0
info: all-gather input grad collective issued for layer: mlp_row, involved dimensions:  1, 0, 0, 0, 0, 0, 0, 0, 0, 0,
***** info: input gradient collective for layer: mlp_row is finished************
info: no weight grad collective for layer: mlp_row
info: all dims disabled, no input grad collective for layer: mlp_column
info: no weight grad collective for layer: mlp_column
chunk size is: 20971520 , size is: 20971520 , layer_num is: 858 , node: 0
info: all-gather input grad collective issued for layer: attention_row, involved dimensions:  1, 0, 0, 0, 0, 0, 0, 0, 0, 0,
***** info: input gradient collective for layer: attention_row is finished************
info: no weight grad collective for layer: attention_row
info: all dims disabled, no input grad collective for layer: attention_column
info: no weight grad collective for layer: attention_column
chunk size is: 20971520 , size is: 20971520 , layer_num is: 856 , node: 0
info: all-gather input grad collective issued for layer: mlp_row, involved dimensions:  1, 0, 0, 0, 0, 0, 0, 0, 0, 0,
***** info: input gradient collective for layer: mlp_row is finished************
info: no weight grad collective for layer: mlp_row
info: all dims disabled, no input grad collective for layer: mlp_column
info: no weight grad collective for layer: mlp_column
chunk size is: 20971520 , size is: 20971520 , layer_num is: 854 , node: 0
info: all-gather input grad collective issued for layer: attention_row, involved dimensions:  1, 0, 0, 0, 0, 0, 0, 0, 0, 0,
***** info: input gradient collective for layer: attention_row is finished************
info: no weight grad collective for layer: attention_row
info: all dims disabled, no input grad collective for layer: attention_column
info: no weight grad collective for layer: attention_column
chunk size is: 20971520 , size is: 20971520 , layer_num is: 852 , node: 0
info: all-gather input grad collective issued for layer: mlp_row, involved dimensions:  1, 0, 0, 0, 0, 0, 0, 0, 0, 0,
***** info: input gradient collective for layer: mlp_row is finished************
info: no weight grad collective for layer: mlp_row
info: all dims disabled, no input grad collective for layer: mlp_column
info: no weight grad collective for layer: mlp_column
chunk size is: 20971520 , size is: 20971520 , layer_num is: 850 , node: 0
info: all-gather input grad collective issued for layer: attention_row, involved dimensions:  1, 0, 0, 0, 0, 0, 0, 0, 0, 0,
***** info: input gradient collective for layer: attention_row is finished************
info: no weight grad collective for layer: attention_row
info: all dims disabled, no input grad collective for layer: attention_column
info: no weight grad collective for layer: attention_column
chunk size is: 20971520 , size is: 20971520 , layer_num is: 848 , node: 0
info: all-gather input grad collective issued for layer: mlp_row, involved dimensions:  1, 0, 0, 0, 0, 0, 0, 0, 0, 0,
***** info: input gradient collective for layer: mlp_row is finished************
info: no weight grad collective for layer: mlp_row
info: all dims disabled, no input grad collective for layer: mlp_column
info: no weight grad collective for layer: mlp_column
chunk size is: 20971520 , size is: 20971520 , layer_num is: 846 , node: 0
info: all-gather input grad collective issued for layer: attention_row, involved dimensions:  1, 0, 0, 0, 0, 0, 0, 0, 0, 0,
***** info: input gradient collective for layer: attention_row is finished************
info: no weight grad collective for layer: attention_row
info: all dims disabled, no input grad collective for layer: attention_column
info: no weight grad collective for layer: attention_column
chunk size is: 20971520 , size is: 20971520 , layer_num is: 844 , node: 0
info: all-gather input grad collective issued for layer: mlp_row, involved dimensions:  1, 0, 0, 0, 0, 0, 0, 0, 0, 0,
***** info: input gradient collective for layer: mlp_row is finished************
info: no weight grad collective for layer: mlp_row
info: all dims disabled, no input grad collective for layer: mlp_column
info: no weight grad collective for layer: mlp_column
chunk size is: 20971520 , size is: 20971520 , layer_num is: 842 , node: 0
info: all-gather input grad collective issued for layer: attention_row, involved dimensions:  1, 0, 0, 0, 0, 0, 0, 0, 0, 0,
***** info: input gradient collective for layer: attention_row is finished************
info: no weight grad collective for layer: attention_row
info: all dims disabled, no input grad collective for layer: attention_column
info: no weight grad collective for layer: attention_column
chunk size is: 20971520 , size is: 20971520 , layer_num is: 840 , node: 0
info: all-gather input grad collective issued for layer: mlp_row, involved dimensions:  1, 0, 0, 0, 0, 0, 0, 0, 0, 0,
***** info: input gradient collective for layer: mlp_row is finished************
info: no weight grad collective for layer: mlp_row
info: all dims disabled, no input grad collective for layer: mlp_column
info: no weight grad collective for layer: mlp_column
chunk size is: 20971520 , size is: 20971520 , layer_num is: 838 , node: 0
info: all-gather input grad collective issued for layer: attention_row, involved dimensions:  1, 0, 0, 0, 0, 0, 0, 0, 0, 0,
***** info: input gradient collective for layer: attention_row is finished************
info: no weight grad collective for layer: attention_row
info: all dims disabled, no input grad collective for layer: attention_column
info: no weight grad collective for layer: attention_column
chunk size is: 20971520 , size is: 20971520 , layer_num is: 836 , node: 0
info: all-gather input grad collective issued for layer: mlp_row, involved dimensions:  1, 0, 0, 0, 0, 0, 0, 0, 0, 0,
***** info: input gradient collective for layer: mlp_row is finished************
info: no weight grad collective for layer: mlp_row
info: all dims disabled, no input grad collective for layer: mlp_column
info: no weight grad collective for layer: mlp_column
chunk size is: 20971520 , size is: 20971520 , layer_num is: 834 , node: 0
info: all-gather input grad collective issued for layer: attention_row, involved dimensions:  1, 0, 0, 0, 0, 0, 0, 0, 0, 0,
***** info: input gradient collective for layer: attention_row is finished************
info: no weight grad collective for layer: attention_row
info: all dims disabled, no input grad collective for layer: attention_column
info: no weight grad collective for layer: attention_column
chunk size is: 20971520 , size is: 20971520 , layer_num is: 832 , node: 0
info: all-gather input grad collective issued for layer: mlp_row, involved dimensions:  1, 0, 0, 0, 0, 0, 0, 0, 0, 0,
***** info: input gradient collective for layer: mlp_row is finished************
info: no weight grad collective for layer: mlp_row
info: all dims disabled, no input grad collective for layer: mlp_column
info: no weight grad collective for layer: mlp_column
chunk size is: 20971520 , size is: 20971520 , layer_num is: 830 , node: 0
info: all-gather input grad collective issued for layer: attention_row, involved dimensions:  1, 0, 0, 0, 0, 0, 0, 0, 0, 0,
***** info: input gradient collective for layer: attention_row is finished************
info: no weight grad collective for layer: attention_row
info: all dims disabled, no input grad collective for layer: attention_column
info: no weight grad collective for layer: attention_column
chunk size is: 20971520 , size is: 20971520 , layer_num is: 828 , node: 0
info: all-gather input grad collective issued for layer: mlp_row, involved dimensions:  1, 0, 0, 0, 0, 0, 0, 0, 0, 0,
***** info: input gradient collective for layer: mlp_row is finished************
info: no weight grad collective for layer: mlp_row
info: all dims disabled, no input grad collective for layer: mlp_column
info: no weight grad collective for layer: mlp_column
chunk size is: 20971520 , size is: 20971520 , layer_num is: 826 , node: 0
info: all-gather input grad collective issued for layer: attention_row, involved dimensions:  1, 0, 0, 0, 0, 0, 0, 0, 0, 0,
***** info: input gradient collective for layer: attention_row is finished************
info: no weight grad collective for layer: attention_row
info: all dims disabled, no input grad collective for layer: attention_column
info: no weight grad collective for layer: attention_column
chunk size is: 20971520 , size is: 20971520 , layer_num is: 824 , node: 0
info: all-gather input grad collective issued for layer: mlp_row, involved dimensions:  1, 0, 0, 0, 0, 0, 0, 0, 0, 0,
***** info: input gradient collective for layer: mlp_row is finished************
info: no weight grad collective for layer: mlp_row
info: all dims disabled, no input grad collective for layer: mlp_column
info: no weight grad collective for layer: mlp_column
chunk size is: 20971520 , size is: 20971520 , layer_num is: 822 , node: 0
info: all-gather input grad collective issued for layer: attention_row, involved dimensions:  1, 0, 0, 0, 0, 0, 0, 0, 0, 0,
***** info: input gradient collective for layer: attention_row is finished************
info: no weight grad collective for layer: attention_row
info: all dims disabled, no input grad collective for layer: attention_column
info: no weight grad collective for layer: attention_column
chunk size is: 20971520 , size is: 20971520 , layer_num is: 820 , node: 0
info: all-gather input grad collective issued for layer: mlp_row, involved dimensions:  1, 0, 0, 0, 0, 0, 0, 0, 0, 0,
***** info: input gradient collective for layer: mlp_row is finished************
info: no weight grad collective for layer: mlp_row
info: all dims disabled, no input grad collective for layer: mlp_column
info: no weight grad collective for layer: mlp_column
chunk size is: 20971520 , size is: 20971520 , layer_num is: 818 , node: 0
info: all-gather input grad collective issued for layer: attention_row, involved dimensions:  1, 0, 0, 0, 0, 0, 0, 0, 0, 0,
***** info: input gradient collective for layer: attention_row is finished************
info: no weight grad collective for layer: attention_row
info: all dims disabled, no input grad collective for layer: attention_column
info: no weight grad collective for layer: attention_column
info: no input grad collective for layer: embedding_layer
info: no weight grad collective for layer: embedding_layer
info: all dims disabled, no input grad collective for layer: final_column
info: no weight grad collective for layer: final_column
chunk size is: 20971520 , size is: 20971520 , layer_num is: 814 , node: 0
info: all-gather input grad collective issued for layer: mlp_row, involved dimensions:  1, 0, 0, 0, 0, 0, 0, 0, 0, 0,
***** info: input gradient collective for layer: mlp_row is finished************
info: no weight grad collective for layer: mlp_row
info: all dims disabled, no input grad collective for layer: mlp_column
info: no weight grad collective for layer: mlp_column
chunk size is: 20971520 , size is: 20971520 , layer_num is: 812 , node: 0
info: all-gather input grad collective issued for layer: attention_row, involved dimensions:  1, 0, 0, 0, 0, 0, 0, 0, 0, 0,
***** info: input gradient collective for layer: attention_row is finished************
info: no weight grad collective for layer: attention_row
info: all dims disabled, no input grad collective for layer: attention_column
info: no weight grad collective for layer: attention_column
chunk size is: 20971520 , size is: 20971520 , layer_num is: 810 , node: 0
info: all-gather input grad collective issued for layer: mlp_row, involved dimensions:  1, 0, 0, 0, 0, 0, 0, 0, 0, 0,
***** info: input gradient collective for layer: mlp_row is finished************
info: no weight grad collective for layer: mlp_row
info: all dims disabled, no input grad collective for layer: mlp_column
info: no weight grad collective for layer: mlp_column
chunk size is: 20971520 , size is: 20971520 , layer_num is: 808 , node: 0
info: all-gather input grad collective issued for layer: attention_row, involved dimensions:  1, 0, 0, 0, 0, 0, 0, 0, 0, 0,
***** info: input gradient collective for layer: attention_row is finished************
info: no weight grad collective for layer: attention_row
info: all dims disabled, no input grad collective for layer: attention_column
info: no weight grad collective for layer: attention_column
chunk size is: 20971520 , size is: 20971520 , layer_num is: 806 , node: 0
info: all-gather input grad collective issued for layer: mlp_row, involved dimensions:  1, 0, 0, 0, 0, 0, 0, 0, 0, 0,
***** info: input gradient collective for layer: mlp_row is finished************
info: no weight grad collective for layer: mlp_row
info: all dims disabled, no input grad collective for layer: mlp_column
info: no weight grad collective for layer: mlp_column
chunk size is: 20971520 , size is: 20971520 , layer_num is: 804 , node: 0
info: all-gather input grad collective issued for layer: attention_row, involved dimensions:  1, 0, 0, 0, 0, 0, 0, 0, 0, 0,
***** info: input gradient collective for layer: attention_row is finished************
info: no weight grad collective for layer: attention_row
info: all dims disabled, no input grad collective for layer: attention_column
info: no weight grad collective for layer: attention_column
chunk size is: 20971520 , size is: 20971520 , layer_num is: 802 , node: 0
info: all-gather input grad collective issued for layer: mlp_row, involved dimensions:  1, 0, 0, 0, 0, 0, 0, 0, 0, 0,
***** info: input gradient collective for layer: mlp_row is finished************
info: no weight grad collective for layer: mlp_row
info: all dims disabled, no input grad collective for layer: mlp_column
info: no weight grad collective for layer: mlp_column
chunk size is: 20971520 , size is: 20971520 , layer_num is: 800 , node: 0
info: all-gather input grad collective issued for layer: attention_row, involved dimensions:  1, 0, 0, 0, 0, 0, 0, 0, 0, 0,
***** info: input gradient collective for layer: attention_row is finished************
info: no weight grad collective for layer: attention_row
info: all dims disabled, no input grad collective for layer: attention_column
info: no weight grad collective for layer: attention_column
chunk size is: 20971520 , size is: 20971520 , layer_num is: 798 , node: 0
info: all-gather input grad collective issued for layer: mlp_row, involved dimensions:  1, 0, 0, 0, 0, 0, 0, 0, 0, 0,
***** info: input gradient collective for layer: mlp_row is finished************
info: no weight grad collective for layer: mlp_row
info: all dims disabled, no input grad collective for layer: mlp_column
info: no weight grad collective for layer: mlp_column
chunk size is: 20971520 , size is: 20971520 , layer_num is: 796 , node: 0
info: all-gather input grad collective issued for layer: attention_row, involved dimensions:  1, 0, 0, 0, 0, 0, 0, 0, 0, 0,
***** info: input gradient collective for layer: attention_row is finished************
info: no weight grad collective for layer: attention_row
info: all dims disabled, no input grad collective for layer: attention_column
info: no weight grad collective for layer: attention_column
chunk size is: 20971520 , size is: 20971520 , layer_num is: 794 , node: 0
info: all-gather input grad collective issued for layer: mlp_row, involved dimensions:  1, 0, 0, 0, 0, 0, 0, 0, 0, 0,
***** info: input gradient collective for layer: mlp_row is finished************
info: no weight grad collective for layer: mlp_row
info: all dims disabled, no input grad collective for layer: mlp_column
info: no weight grad collective for layer: mlp_column
chunk size is: 20971520 , size is: 20971520 , layer_num is: 792 , node: 0
info: all-gather input grad collective issued for layer: attention_row, involved dimensions:  1, 0, 0, 0, 0, 0, 0, 0, 0, 0,
***** info: input gradient collective for layer: attention_row is finished************
info: no weight grad collective for layer: attention_row
info: all dims disabled, no input grad collective for layer: attention_column
info: no weight grad collective for layer: attention_column
chunk size is: 20971520 , size is: 20971520 , layer_num is: 790 , node: 0
info: all-gather input grad collective issued for layer: mlp_row, involved dimensions:  1, 0, 0, 0, 0, 0, 0, 0, 0, 0,
***** info: input gradient collective for layer: mlp_row is finished************
info: no weight grad collective for layer: mlp_row
info: all dims disabled, no input grad collective for layer: mlp_column
info: no weight grad collective for layer: mlp_column
chunk size is: 20971520 , size is: 20971520 , layer_num is: 788 , node: 0
info: all-gather input grad collective issued for layer: attention_row, involved dimensions:  1, 0, 0, 0, 0, 0, 0, 0, 0, 0,
***** info: input gradient collective for layer: attention_row is finished************
info: no weight grad collective for layer: attention_row
info: all dims disabled, no input grad collective for layer: attention_column
info: no weight grad collective for layer: attention_column
chunk size is: 20971520 , size is: 20971520 , layer_num is: 786 , node: 0
info: all-gather input grad collective issued for layer: mlp_row, involved dimensions:  1, 0, 0, 0, 0, 0, 0, 0, 0, 0,
***** info: input gradient collective for layer: mlp_row is finished************
info: no weight grad collective for layer: mlp_row
info: all dims disabled, no input grad collective for layer: mlp_column
info: no weight grad collective for layer: mlp_column
chunk size is: 20971520 , size is: 20971520 , layer_num is: 784 , node: 0
info: all-gather input grad collective issued for layer: attention_row, involved dimensions:  1, 0, 0, 0, 0, 0, 0, 0, 0, 0,
***** info: input gradient collective for layer: attention_row is finished************
info: no weight grad collective for layer: attention_row
info: all dims disabled, no input grad collective for layer: attention_column
info: no weight grad collective for layer: attention_column
chunk size is: 20971520 , size is: 20971520 , layer_num is: 782 , node: 0
info: all-gather input grad collective issued for layer: mlp_row, involved dimensions:  1, 0, 0, 0, 0, 0, 0, 0, 0, 0,
***** info: input gradient collective for layer: mlp_row is finished************
info: no weight grad collective for layer: mlp_row
info: all dims disabled, no input grad collective for layer: mlp_column
info: no weight grad collective for layer: mlp_column
chunk size is: 20971520 , size is: 20971520 , layer_num is: 780 , node: 0
info: all-gather input grad collective issued for layer: attention_row, involved dimensions:  1, 0, 0, 0, 0, 0, 0, 0, 0, 0,
***** info: input gradient collective for layer: attention_row is finished************
info: no weight grad collective for layer: attention_row
info: all dims disabled, no input grad collective for layer: attention_column
info: no weight grad collective for layer: attention_column
chunk size is: 20971520 , size is: 20971520 , layer_num is: 778 , node: 0
info: all-gather input grad collective issued for layer: mlp_row, involved dimensions:  1, 0, 0, 0, 0, 0, 0, 0, 0, 0,
***** info: input gradient collective for layer: mlp_row is finished************
info: no weight grad collective for layer: mlp_row
info: all dims disabled, no input grad collective for layer: mlp_column
info: no weight grad collective for layer: mlp_column
chunk size is: 20971520 , size is: 20971520 , layer_num is: 776 , node: 0
info: all-gather input grad collective issued for layer: attention_row, involved dimensions:  1, 0, 0, 0, 0, 0, 0, 0, 0, 0,
***** info: input gradient collective for layer: attention_row is finished************
info: no weight grad collective for layer: attention_row
info: all dims disabled, no input grad collective for layer: attention_column
info: no weight grad collective for layer: attention_column
chunk size is: 20971520 , size is: 20971520 , layer_num is: 774 , node: 0
info: all-gather input grad collective issued for layer: mlp_row, involved dimensions:  1, 0, 0, 0, 0, 0, 0, 0, 0, 0,
***** info: input gradient collective for layer: mlp_row is finished************
info: no weight grad collective for layer: mlp_row
info: all dims disabled, no input grad collective for layer: mlp_column
info: no weight grad collective for layer: mlp_column
chunk size is: 20971520 , size is: 20971520 , layer_num is: 772 , node: 0
info: all-gather input grad collective issued for layer: attention_row, involved dimensions:  1, 0, 0, 0, 0, 0, 0, 0, 0, 0,
***** info: input gradient collective for layer: attention_row is finished************
info: no weight grad collective for layer: attention_row
info: all dims disabled, no input grad collective for layer: attention_column
info: no weight grad collective for layer: attention_column
chunk size is: 20971520 , size is: 20971520 , layer_num is: 770 , node: 0
info: all-gather input grad collective issued for layer: mlp_row, involved dimensions:  1, 0, 0, 0, 0, 0, 0, 0, 0, 0,
***** info: input gradient collective for layer: mlp_row is finished************
info: no weight grad collective for layer: mlp_row
info: all dims disabled, no input grad collective for layer: mlp_column
info: no weight grad collective for layer: mlp_column
chunk size is: 20971520 , size is: 20971520 , layer_num is: 768 , node: 0
info: all-gather input grad collective issued for layer: attention_row, involved dimensions:  1, 0, 0, 0, 0, 0, 0, 0, 0, 0,
***** info: input gradient collective for layer: attention_row is finished************
info: no weight grad collective for layer: attention_row
info: all dims disabled, no input grad collective for layer: attention_column
info: no weight grad collective for layer: attention_column
chunk size is: 20971520 , size is: 20971520 , layer_num is: 766 , node: 0
info: all-gather input grad collective issued for layer: mlp_row, involved dimensions:  1, 0, 0, 0, 0, 0, 0, 0, 0, 0,
***** info: input gradient collective for layer: mlp_row is finished************
info: no weight grad collective for layer: mlp_row
info: all dims disabled, no input grad collective for layer: mlp_column
info: no weight grad collective for layer: mlp_column
chunk size is: 20971520 , size is: 20971520 , layer_num is: 764 , node: 0
info: all-gather input grad collective issued for layer: attention_row, involved dimensions:  1, 0, 0, 0, 0, 0, 0, 0, 0, 0,
***** info: input gradient collective for layer: attention_row is finished************
info: no weight grad collective for layer: attention_row
info: all dims disabled, no input grad collective for layer: attention_column
info: no weight grad collective for layer: attention_column
chunk size is: 20971520 , size is: 20971520 , layer_num is: 762 , node: 0
info: all-gather input grad collective issued for layer: mlp_row, involved dimensions:  1, 0, 0, 0, 0, 0, 0, 0, 0, 0,
***** info: input gradient collective for layer: mlp_row is finished************
info: no weight grad collective for layer: mlp_row
info: all dims disabled, no input grad collective for layer: mlp_column
info: no weight grad collective for layer: mlp_column
chunk size is: 20971520 , size is: 20971520 , layer_num is: 760 , node: 0
info: all-gather input grad collective issued for layer: attention_row, involved dimensions:  1, 0, 0, 0, 0, 0, 0, 0, 0, 0,
***** info: input gradient collective for layer: attention_row is finished************
info: no weight grad collective for layer: attention_row
info: all dims disabled, no input grad collective for layer: attention_column
info: no weight grad collective for layer: attention_column
chunk size is: 20971520 , size is: 20971520 , layer_num is: 758 , node: 0
info: all-gather input grad collective issued for layer: mlp_row, involved dimensions:  1, 0, 0, 0, 0, 0, 0, 0, 0, 0,
***** info: input gradient collective for layer: mlp_row is finished************
info: no weight grad collective for layer: mlp_row
info: all dims disabled, no input grad collective for layer: mlp_column
info: no weight grad collective for layer: mlp_column
chunk size is: 20971520 , size is: 20971520 , layer_num is: 756 , node: 0
info: all-gather input grad collective issued for layer: attention_row, involved dimensions:  1, 0, 0, 0, 0, 0, 0, 0, 0, 0,
***** info: input gradient collective for layer: attention_row is finished************
info: no weight grad collective for layer: attention_row
info: all dims disabled, no input grad collective for layer: attention_column
info: no weight grad collective for layer: attention_column
chunk size is: 20971520 , size is: 20971520 , layer_num is: 754 , node: 0
info: all-gather input grad collective issued for layer: mlp_row, involved dimensions:  1, 0, 0, 0, 0, 0, 0, 0, 0, 0,
***** info: input gradient collective for layer: mlp_row is finished************
info: no weight grad collective for layer: mlp_row
info: all dims disabled, no input grad collective for layer: mlp_column
info: no weight grad collective for layer: mlp_column
chunk size is: 20971520 , size is: 20971520 , layer_num is: 752 , node: 0
info: all-gather input grad collective issued for layer: attention_row, involved dimensions:  1, 0, 0, 0, 0, 0, 0, 0, 0, 0,
***** info: input gradient collective for layer: attention_row is finished************
info: no weight grad collective for layer: attention_row
info: all dims disabled, no input grad collective for layer: attention_column
info: no weight grad collective for layer: attention_column
chunk size is: 20971520 , size is: 20971520 , layer_num is: 750 , node: 0
info: all-gather input grad collective issued for layer: mlp_row, involved dimensions:  1, 0, 0, 0, 0, 0, 0, 0, 0, 0,
***** info: input gradient collective for layer: mlp_row is finished************
info: no weight grad collective for layer: mlp_row
info: all dims disabled, no input grad collective for layer: mlp_column
info: no weight grad collective for layer: mlp_column
chunk size is: 20971520 , size is: 20971520 , layer_num is: 748 , node: 0
info: all-gather input grad collective issued for layer: attention_row, involved dimensions:  1, 0, 0, 0, 0, 0, 0, 0, 0, 0,
***** info: input gradient collective for layer: attention_row is finished************
info: no weight grad collective for layer: attention_row
info: all dims disabled, no input grad collective for layer: attention_column
info: no weight grad collective for layer: attention_column
chunk size is: 20971520 , size is: 20971520 , layer_num is: 746 , node: 0
info: all-gather input grad collective issued for layer: mlp_row, involved dimensions:  1, 0, 0, 0, 0, 0, 0, 0, 0, 0,
***** info: input gradient collective for layer: mlp_row is finished************
info: no weight grad collective for layer: mlp_row
info: all dims disabled, no input grad collective for layer: mlp_column
info: no weight grad collective for layer: mlp_column
chunk size is: 20971520 , size is: 20971520 , layer_num is: 744 , node: 0
info: all-gather input grad collective issued for layer: attention_row, involved dimensions:  1, 0, 0, 0, 0, 0, 0, 0, 0, 0,
***** info: input gradient collective for layer: attention_row is finished************
info: no weight grad collective for layer: attention_row
info: all dims disabled, no input grad collective for layer: attention_column
info: no weight grad collective for layer: attention_column
chunk size is: 20971520 , size is: 20971520 , layer_num is: 742 , node: 0
info: all-gather input grad collective issued for layer: mlp_row, involved dimensions:  1, 0, 0, 0, 0, 0, 0, 0, 0, 0,
***** info: input gradient collective for layer: mlp_row is finished************
info: no weight grad collective for layer: mlp_row
info: all dims disabled, no input grad collective for layer: mlp_column
info: no weight grad collective for layer: mlp_column
chunk size is: 20971520 , size is: 20971520 , layer_num is: 740 , node: 0
info: all-gather input grad collective issued for layer: attention_row, involved dimensions:  1, 0, 0, 0, 0, 0, 0, 0, 0, 0,
***** info: input gradient collective for layer: attention_row is finished************
info: no weight grad collective for layer: attention_row
info: all dims disabled, no input grad collective for layer: attention_column
info: no weight grad collective for layer: attention_column
chunk size is: 20971520 , size is: 20971520 , layer_num is: 738 , node: 0
info: all-gather input grad collective issued for layer: mlp_row, involved dimensions:  1, 0, 0, 0, 0, 0, 0, 0, 0, 0,
***** info: input gradient collective for layer: mlp_row is finished************
info: no weight grad collective for layer: mlp_row
info: all dims disabled, no input grad collective for layer: mlp_column
info: no weight grad collective for layer: mlp_column
chunk size is: 20971520 , size is: 20971520 , layer_num is: 736 , node: 0
info: all-gather input grad collective issued for layer: attention_row, involved dimensions:  1, 0, 0, 0, 0, 0, 0, 0, 0, 0,
***** info: input gradient collective for layer: attention_row is finished************
info: no weight grad collective for layer: attention_row
info: all dims disabled, no input grad collective for layer: attention_column
info: no weight grad collective for layer: attention_column
chunk size is: 20971520 , size is: 20971520 , layer_num is: 734 , node: 0
info: all-gather input grad collective issued for layer: mlp_row, involved dimensions:  1, 0, 0, 0, 0, 0, 0, 0, 0, 0,
***** info: input gradient collective for layer: mlp_row is finished************
info: no weight grad collective for layer: mlp_row
info: all dims disabled, no input grad collective for layer: mlp_column
info: no weight grad collective for layer: mlp_column
chunk size is: 20971520 , size is: 20971520 , layer_num is: 732 , node: 0
info: all-gather input grad collective issued for layer: attention_row, involved dimensions:  1, 0, 0, 0, 0, 0, 0, 0, 0, 0,
***** info: input gradient collective for layer: attention_row is finished************
info: no weight grad collective for layer: attention_row
info: all dims disabled, no input grad collective for layer: attention_column
info: no weight grad collective for layer: attention_column
chunk size is: 20971520 , size is: 20971520 , layer_num is: 730 , node: 0
info: all-gather input grad collective issued for layer: mlp_row, involved dimensions:  1, 0, 0, 0, 0, 0, 0, 0, 0, 0,
***** info: input gradient collective for layer: mlp_row is finished************
info: no weight grad collective for layer: mlp_row
info: all dims disabled, no input grad collective for layer: mlp_column
info: no weight grad collective for layer: mlp_column
chunk size is: 20971520 , size is: 20971520 , layer_num is: 728 , node: 0
info: all-gather input grad collective issued for layer: attention_row, involved dimensions:  1, 0, 0, 0, 0, 0, 0, 0, 0, 0,
***** info: input gradient collective for layer: attention_row is finished************
info: no weight grad collective for layer: attention_row
info: all dims disabled, no input grad collective for layer: attention_column
info: no weight grad collective for layer: attention_column
chunk size is: 20971520 , size is: 20971520 , layer_num is: 726 , node: 0
info: all-gather input grad collective issued for layer: mlp_row, involved dimensions:  1, 0, 0, 0, 0, 0, 0, 0, 0, 0,
***** info: input gradient collective for layer: mlp_row is finished************
info: no weight grad collective for layer: mlp_row
info: all dims disabled, no input grad collective for layer: mlp_column
info: no weight grad collective for layer: mlp_column
chunk size is: 20971520 , size is: 20971520 , layer_num is: 724 , node: 0
info: all-gather input grad collective issued for layer: attention_row, involved dimensions:  1, 0, 0, 0, 0, 0, 0, 0, 0, 0,
***** info: input gradient collective for layer: attention_row is finished************
info: no weight grad collective for layer: attention_row
info: all dims disabled, no input grad collective for layer: attention_column
info: no weight grad collective for layer: attention_column
chunk size is: 20971520 , size is: 20971520 , layer_num is: 722 , node: 0
info: all-gather input grad collective issued for layer: mlp_row, involved dimensions:  1, 0, 0, 0, 0, 0, 0, 0, 0, 0,
***** info: input gradient collective for layer: mlp_row is finished************
info: no weight grad collective for layer: mlp_row
info: all dims disabled, no input grad collective for layer: mlp_column
info: no weight grad collective for layer: mlp_column
chunk size is: 20971520 , size is: 20971520 , layer_num is: 720 , node: 0
info: all-gather input grad collective issued for layer: attention_row, involved dimensions:  1, 0, 0, 0, 0, 0, 0, 0, 0, 0,
***** info: input gradient collective for layer: attention_row is finished************
info: no weight grad collective for layer: attention_row
info: all dims disabled, no input grad collective for layer: attention_column
info: no weight grad collective for layer: attention_column
chunk size is: 20971520 , size is: 20971520 , layer_num is: 718 , node: 0
info: all-gather input grad collective issued for layer: mlp_row, involved dimensions:  1, 0, 0, 0, 0, 0, 0, 0, 0, 0,
***** info: input gradient collective for layer: mlp_row is finished************
info: no weight grad collective for layer: mlp_row
info: all dims disabled, no input grad collective for layer: mlp_column
info: no weight grad collective for layer: mlp_column
chunk size is: 20971520 , size is: 20971520 , layer_num is: 716 , node: 0
info: all-gather input grad collective issued for layer: attention_row, involved dimensions:  1, 0, 0, 0, 0, 0, 0, 0, 0, 0,
***** info: input gradient collective for layer: attention_row is finished************
info: no weight grad collective for layer: attention_row
info: all dims disabled, no input grad collective for layer: attention_column
info: no weight grad collective for layer: attention_column
chunk size is: 20971520 , size is: 20971520 , layer_num is: 714 , node: 0
info: all-gather input grad collective issued for layer: mlp_row, involved dimensions:  1, 0, 0, 0, 0, 0, 0, 0, 0, 0,
***** info: input gradient collective for layer: mlp_row is finished************
info: no weight grad collective for layer: mlp_row
info: all dims disabled, no input grad collective for layer: mlp_column
info: no weight grad collective for layer: mlp_column
chunk size is: 20971520 , size is: 20971520 , layer_num is: 712 , node: 0
info: all-gather input grad collective issued for layer: attention_row, involved dimensions:  1, 0, 0, 0, 0, 0, 0, 0, 0, 0,
***** info: input gradient collective for layer: attention_row is finished************
info: no weight grad collective for layer: attention_row
info: all dims disabled, no input grad collective for layer: attention_column
info: no weight grad collective for layer: attention_column
chunk size is: 20971520 , size is: 20971520 , layer_num is: 710 , node: 0
info: all-gather input grad collective issued for layer: mlp_row, involved dimensions:  1, 0, 0, 0, 0, 0, 0, 0, 0, 0,
***** info: input gradient collective for layer: mlp_row is finished************
info: no weight grad collective for layer: mlp_row
info: all dims disabled, no input grad collective for layer: mlp_column
info: no weight grad collective for layer: mlp_column
chunk size is: 20971520 , size is: 20971520 , layer_num is: 708 , node: 0
info: all-gather input grad collective issued for layer: attention_row, involved dimensions:  1, 0, 0, 0, 0, 0, 0, 0, 0, 0,
***** info: input gradient collective for layer: attention_row is finished************
info: no weight grad collective for layer: attention_row
info: all dims disabled, no input grad collective for layer: attention_column
info: no weight grad collective for layer: attention_column
chunk size is: 20971520 , size is: 20971520 , layer_num is: 706 , node: 0
info: all-gather input grad collective issued for layer: mlp_row, involved dimensions:  1, 0, 0, 0, 0, 0, 0, 0, 0, 0,
***** info: input gradient collective for layer: mlp_row is finished************
info: no weight grad collective for layer: mlp_row
info: all dims disabled, no input grad collective for layer: mlp_column
info: no weight grad collective for layer: mlp_column
chunk size is: 20971520 , size is: 20971520 , layer_num is: 704 , node: 0
info: all-gather input grad collective issued for layer: attention_row, involved dimensions:  1, 0, 0, 0, 0, 0, 0, 0, 0, 0,
***** info: input gradient collective for layer: attention_row is finished************
info: no weight grad collective for layer: attention_row
info: all dims disabled, no input grad collective for layer: attention_column
info: no weight grad collective for layer: attention_column
chunk size is: 20971520 , size is: 20971520 , layer_num is: 702 , node: 0
info: all-gather input grad collective issued for layer: mlp_row, involved dimensions:  1, 0, 0, 0, 0, 0, 0, 0, 0, 0,
***** info: input gradient collective for layer: mlp_row is finished************
info: no weight grad collective for layer: mlp_row
info: all dims disabled, no input grad collective for layer: mlp_column
info: no weight grad collective for layer: mlp_column
chunk size is: 20971520 , size is: 20971520 , layer_num is: 700 , node: 0
info: all-gather input grad collective issued for layer: attention_row, involved dimensions:  1, 0, 0, 0, 0, 0, 0, 0, 0, 0,
***** info: input gradient collective for layer: attention_row is finished************
info: no weight grad collective for layer: attention_row
info: all dims disabled, no input grad collective for layer: attention_column
info: no weight grad collective for layer: attention_column
chunk size is: 20971520 , size is: 20971520 , layer_num is: 698 , node: 0
info: all-gather input grad collective issued for layer: mlp_row, involved dimensions:  1, 0, 0, 0, 0, 0, 0, 0, 0, 0,
***** info: input gradient collective for layer: mlp_row is finished************
info: no weight grad collective for layer: mlp_row
info: all dims disabled, no input grad collective for layer: mlp_column
info: no weight grad collective for layer: mlp_column
chunk size is: 20971520 , size is: 20971520 , layer_num is: 696 , node: 0
info: all-gather input grad collective issued for layer: attention_row, involved dimensions:  1, 0, 0, 0, 0, 0, 0, 0, 0, 0,
***** info: input gradient collective for layer: attention_row is finished************
info: no weight grad collective for layer: attention_row
info: all dims disabled, no input grad collective for layer: attention_column
info: no weight grad collective for layer: attention_column
chunk size is: 20971520 , size is: 20971520 , layer_num is: 694 , node: 0
info: all-gather input grad collective issued for layer: mlp_row, involved dimensions:  1, 0, 0, 0, 0, 0, 0, 0, 0, 0,
***** info: input gradient collective for layer: mlp_row is finished************
info: no weight grad collective for layer: mlp_row
info: all dims disabled, no input grad collective for layer: mlp_column
info: no weight grad collective for layer: mlp_column
chunk size is: 20971520 , size is: 20971520 , layer_num is: 692 , node: 0
info: all-gather input grad collective issued for layer: attention_row, involved dimensions:  1, 0, 0, 0, 0, 0, 0, 0, 0, 0,
***** info: input gradient collective for layer: attention_row is finished************
info: no weight grad collective for layer: attention_row
info: all dims disabled, no input grad collective for layer: attention_column
info: no weight grad collective for layer: attention_column
chunk size is: 20971520 , size is: 20971520 , layer_num is: 690 , node: 0
info: all-gather input grad collective issued for layer: mlp_row, involved dimensions:  1, 0, 0, 0, 0, 0, 0, 0, 0, 0,
***** info: input gradient collective for layer: mlp_row is finished************
info: no weight grad collective for layer: mlp_row
info: all dims disabled, no input grad collective for layer: mlp_column
info: no weight grad collective for layer: mlp_column
chunk size is: 20971520 , size is: 20971520 , layer_num is: 688 , node: 0
info: all-gather input grad collective issued for layer: attention_row, involved dimensions:  1, 0, 0, 0, 0, 0, 0, 0, 0, 0,
***** info: input gradient collective for layer: attention_row is finished************
info: no weight grad collective for layer: attention_row
info: all dims disabled, no input grad collective for layer: attention_column
info: no weight grad collective for layer: attention_column
chunk size is: 20971520 , size is: 20971520 , layer_num is: 686 , node: 0
info: all-gather input grad collective issued for layer: mlp_row, involved dimensions:  1, 0, 0, 0, 0, 0, 0, 0, 0, 0,
***** info: input gradient collective for layer: mlp_row is finished************
info: no weight grad collective for layer: mlp_row
info: all dims disabled, no input grad collective for layer: mlp_column
info: no weight grad collective for layer: mlp_column
chunk size is: 20971520 , size is: 20971520 , layer_num is: 684 , node: 0
info: all-gather input grad collective issued for layer: attention_row, involved dimensions:  1, 0, 0, 0, 0, 0, 0, 0, 0, 0,
***** info: input gradient collective for layer: attention_row is finished************
info: no weight grad collective for layer: attention_row
info: all dims disabled, no input grad collective for layer: attention_column
info: no weight grad collective for layer: attention_column
chunk size is: 20971520 , size is: 20971520 , layer_num is: 682 , node: 0
info: all-gather input grad collective issued for layer: mlp_row, involved dimensions:  1, 0, 0, 0, 0, 0, 0, 0, 0, 0,
***** info: input gradient collective for layer: mlp_row is finished************
info: no weight grad collective for layer: mlp_row
info: all dims disabled, no input grad collective for layer: mlp_column
info: no weight grad collective for layer: mlp_column
chunk size is: 20971520 , size is: 20971520 , layer_num is: 680 , node: 0
info: all-gather input grad collective issued for layer: attention_row, involved dimensions:  1, 0, 0, 0, 0, 0, 0, 0, 0, 0,
***** info: input gradient collective for layer: attention_row is finished************
info: no weight grad collective for layer: attention_row
info: all dims disabled, no input grad collective for layer: attention_column
info: no weight grad collective for layer: attention_column
chunk size is: 20971520 , size is: 20971520 , layer_num is: 678 , node: 0
info: all-gather input grad collective issued for layer: mlp_row, involved dimensions:  1, 0, 0, 0, 0, 0, 0, 0, 0, 0,
***** info: input gradient collective for layer: mlp_row is finished************
info: no weight grad collective for layer: mlp_row
info: all dims disabled, no input grad collective for layer: mlp_column
info: no weight grad collective for layer: mlp_column
chunk size is: 20971520 , size is: 20971520 , layer_num is: 676 , node: 0
info: all-gather input grad collective issued for layer: attention_row, involved dimensions:  1, 0, 0, 0, 0, 0, 0, 0, 0, 0,
***** info: input gradient collective for layer: attention_row is finished************
info: no weight grad collective for layer: attention_row
info: all dims disabled, no input grad collective for layer: attention_column
info: no weight grad collective for layer: attention_column
chunk size is: 20971520 , size is: 20971520 , layer_num is: 674 , node: 0
info: all-gather input grad collective issued for layer: mlp_row, involved dimensions:  1, 0, 0, 0, 0, 0, 0, 0, 0, 0,
***** info: input gradient collective for layer: mlp_row is finished************
info: no weight grad collective for layer: mlp_row
info: all dims disabled, no input grad collective for layer: mlp_column
info: no weight grad collective for layer: mlp_column
chunk size is: 20971520 , size is: 20971520 , layer_num is: 672 , node: 0
info: all-gather input grad collective issued for layer: attention_row, involved dimensions:  1, 0, 0, 0, 0, 0, 0, 0, 0, 0,
***** info: input gradient collective for layer: attention_row is finished************
info: no weight grad collective for layer: attention_row
info: all dims disabled, no input grad collective for layer: attention_column
info: no weight grad collective for layer: attention_column
chunk size is: 20971520 , size is: 20971520 , layer_num is: 670 , node: 0
info: all-gather input grad collective issued for layer: mlp_row, involved dimensions:  1, 0, 0, 0, 0, 0, 0, 0, 0, 0,
***** info: input gradient collective for layer: mlp_row is finished************
info: no weight grad collective for layer: mlp_row
info: all dims disabled, no input grad collective for layer: mlp_column
info: no weight grad collective for layer: mlp_column
chunk size is: 20971520 , size is: 20971520 , layer_num is: 668 , node: 0
info: all-gather input grad collective issued for layer: attention_row, involved dimensions:  1, 0, 0, 0, 0, 0, 0, 0, 0, 0,
***** info: input gradient collective for layer: attention_row is finished************
info: no weight grad collective for layer: attention_row
info: all dims disabled, no input grad collective for layer: attention_column
info: no weight grad collective for layer: attention_column
chunk size is: 20971520 , size is: 20971520 , layer_num is: 666 , node: 0
info: all-gather input grad collective issued for layer: mlp_row, involved dimensions:  1, 0, 0, 0, 0, 0, 0, 0, 0, 0,
***** info: input gradient collective for layer: mlp_row is finished************
info: no weight grad collective for layer: mlp_row
info: all dims disabled, no input grad collective for layer: mlp_column
info: no weight grad collective for layer: mlp_column
chunk size is: 20971520 , size is: 20971520 , layer_num is: 664 , node: 0
info: all-gather input grad collective issued for layer: attention_row, involved dimensions:  1, 0, 0, 0, 0, 0, 0, 0, 0, 0,
***** info: input gradient collective for layer: attention_row is finished************
info: no weight grad collective for layer: attention_row
info: all dims disabled, no input grad collective for layer: attention_column
info: no weight grad collective for layer: attention_column
chunk size is: 20971520 , size is: 20971520 , layer_num is: 662 , node: 0
info: all-gather input grad collective issued for layer: mlp_row, involved dimensions:  1, 0, 0, 0, 0, 0, 0, 0, 0, 0,
***** info: input gradient collective for layer: mlp_row is finished************
info: no weight grad collective for layer: mlp_row
info: all dims disabled, no input grad collective for layer: mlp_column
info: no weight grad collective for layer: mlp_column
chunk size is: 20971520 , size is: 20971520 , layer_num is: 660 , node: 0
info: all-gather input grad collective issued for layer: attention_row, involved dimensions:  1, 0, 0, 0, 0, 0, 0, 0, 0, 0,
***** info: input gradient collective for layer: attention_row is finished************
info: no weight grad collective for layer: attention_row
info: all dims disabled, no input grad collective for layer: attention_column
info: no weight grad collective for layer: attention_column
chunk size is: 20971520 , size is: 20971520 , layer_num is: 658 , node: 0
info: all-gather input grad collective issued for layer: mlp_row, involved dimensions:  1, 0, 0, 0, 0, 0, 0, 0, 0, 0,
***** info: input gradient collective for layer: mlp_row is finished************
info: no weight grad collective for layer: mlp_row
info: all dims disabled, no input grad collective for layer: mlp_column
info: no weight grad collective for layer: mlp_column
chunk size is: 20971520 , size is: 20971520 , layer_num is: 656 , node: 0
info: all-gather input grad collective issued for layer: attention_row, involved dimensions:  1, 0, 0, 0, 0, 0, 0, 0, 0, 0,
***** info: input gradient collective for layer: attention_row is finished************
info: no weight grad collective for layer: attention_row
info: all dims disabled, no input grad collective for layer: attention_column
info: no weight grad collective for layer: attention_column
info: no input grad collective for layer: embedding_layer
info: no weight grad collective for layer: embedding_layer
info: all dims disabled, no input grad collective for layer: final_column
info: no weight grad collective for layer: final_column
chunk size is: 20971520 , size is: 20971520 , layer_num is: 652 , node: 0
info: all-gather input grad collective issued for layer: mlp_row, involved dimensions:  1, 0, 0, 0, 0, 0, 0, 0, 0, 0,
***** info: input gradient collective for layer: mlp_row is finished************
info: no weight grad collective for layer: mlp_row
info: all dims disabled, no input grad collective for layer: mlp_column
info: no weight grad collective for layer: mlp_column
chunk size is: 20971520 , size is: 20971520 , layer_num is: 650 , node: 0
info: all-gather input grad collective issued for layer: attention_row, involved dimensions:  1, 0, 0, 0, 0, 0, 0, 0, 0, 0,
***** info: input gradient collective for layer: attention_row is finished************
info: no weight grad collective for layer: attention_row
info: all dims disabled, no input grad collective for layer: attention_column
info: no weight grad collective for layer: attention_column
chunk size is: 20971520 , size is: 20971520 , layer_num is: 648 , node: 0
info: all-gather input grad collective issued for layer: mlp_row, involved dimensions:  1, 0, 0, 0, 0, 0, 0, 0, 0, 0,
***** info: input gradient collective for layer: mlp_row is finished************
info: no weight grad collective for layer: mlp_row
info: all dims disabled, no input grad collective for layer: mlp_column
info: no weight grad collective for layer: mlp_column
chunk size is: 20971520 , size is: 20971520 , layer_num is: 646 , node: 0
info: all-gather input grad collective issued for layer: attention_row, involved dimensions:  1, 0, 0, 0, 0, 0, 0, 0, 0, 0,
***** info: input gradient collective for layer: attention_row is finished************
info: no weight grad collective for layer: attention_row
info: all dims disabled, no input grad collective for layer: attention_column
info: no weight grad collective for layer: attention_column
chunk size is: 20971520 , size is: 20971520 , layer_num is: 644 , node: 0
info: all-gather input grad collective issued for layer: mlp_row, involved dimensions:  1, 0, 0, 0, 0, 0, 0, 0, 0, 0,
***** info: input gradient collective for layer: mlp_row is finished************
info: no weight grad collective for layer: mlp_row
info: all dims disabled, no input grad collective for layer: mlp_column
info: no weight grad collective for layer: mlp_column
chunk size is: 20971520 , size is: 20971520 , layer_num is: 642 , node: 0
info: all-gather input grad collective issued for layer: attention_row, involved dimensions:  1, 0, 0, 0, 0, 0, 0, 0, 0, 0,
***** info: input gradient collective for layer: attention_row is finished************
info: no weight grad collective for layer: attention_row
info: all dims disabled, no input grad collective for layer: attention_column
info: no weight grad collective for layer: attention_column
chunk size is: 20971520 , size is: 20971520 , layer_num is: 640 , node: 0
info: all-gather input grad collective issued for layer: mlp_row, involved dimensions:  1, 0, 0, 0, 0, 0, 0, 0, 0, 0,
***** info: input gradient collective for layer: mlp_row is finished************
info: no weight grad collective for layer: mlp_row
info: all dims disabled, no input grad collective for layer: mlp_column
info: no weight grad collective for layer: mlp_column
chunk size is: 20971520 , size is: 20971520 , layer_num is: 638 , node: 0
info: all-gather input grad collective issued for layer: attention_row, involved dimensions:  1, 0, 0, 0, 0, 0, 0, 0, 0, 0,
***** info: input gradient collective for layer: attention_row is finished************
info: no weight grad collective for layer: attention_row
info: all dims disabled, no input grad collective for layer: attention_column
info: no weight grad collective for layer: attention_column
chunk size is: 20971520 , size is: 20971520 , layer_num is: 636 , node: 0
info: all-gather input grad collective issued for layer: mlp_row, involved dimensions:  1, 0, 0, 0, 0, 0, 0, 0, 0, 0,
***** info: input gradient collective for layer: mlp_row is finished************
info: no weight grad collective for layer: mlp_row
info: all dims disabled, no input grad collective for layer: mlp_column
info: no weight grad collective for layer: mlp_column
chunk size is: 20971520 , size is: 20971520 , layer_num is: 634 , node: 0
info: all-gather input grad collective issued for layer: attention_row, involved dimensions:  1, 0, 0, 0, 0, 0, 0, 0, 0, 0,
***** info: input gradient collective for layer: attention_row is finished************
info: no weight grad collective for layer: attention_row
info: all dims disabled, no input grad collective for layer: attention_column
info: no weight grad collective for layer: attention_column
chunk size is: 20971520 , size is: 20971520 , layer_num is: 632 , node: 0
info: all-gather input grad collective issued for layer: mlp_row, involved dimensions:  1, 0, 0, 0, 0, 0, 0, 0, 0, 0,
***** info: input gradient collective for layer: mlp_row is finished************
info: no weight grad collective for layer: mlp_row
info: all dims disabled, no input grad collective for layer: mlp_column
info: no weight grad collective for layer: mlp_column
chunk size is: 20971520 , size is: 20971520 , layer_num is: 630 , node: 0
info: all-gather input grad collective issued for layer: attention_row, involved dimensions:  1, 0, 0, 0, 0, 0, 0, 0, 0, 0,
***** info: input gradient collective for layer: attention_row is finished************
info: no weight grad collective for layer: attention_row
info: all dims disabled, no input grad collective for layer: attention_column
info: no weight grad collective for layer: attention_column
chunk size is: 20971520 , size is: 20971520 , layer_num is: 628 , node: 0
info: all-gather input grad collective issued for layer: mlp_row, involved dimensions:  1, 0, 0, 0, 0, 0, 0, 0, 0, 0,
***** info: input gradient collective for layer: mlp_row is finished************
info: no weight grad collective for layer: mlp_row
info: all dims disabled, no input grad collective for layer: mlp_column
info: no weight grad collective for layer: mlp_column
chunk size is: 20971520 , size is: 20971520 , layer_num is: 626 , node: 0
info: all-gather input grad collective issued for layer: attention_row, involved dimensions:  1, 0, 0, 0, 0, 0, 0, 0, 0, 0,
***** info: input gradient collective for layer: attention_row is finished************
info: no weight grad collective for layer: attention_row
info: all dims disabled, no input grad collective for layer: attention_column
info: no weight grad collective for layer: attention_column
chunk size is: 20971520 , size is: 20971520 , layer_num is: 624 , node: 0
info: all-gather input grad collective issued for layer: mlp_row, involved dimensions:  1, 0, 0, 0, 0, 0, 0, 0, 0, 0,
***** info: input gradient collective for layer: mlp_row is finished************
info: no weight grad collective for layer: mlp_row
info: all dims disabled, no input grad collective for layer: mlp_column
info: no weight grad collective for layer: mlp_column
chunk size is: 20971520 , size is: 20971520 , layer_num is: 622 , node: 0
info: all-gather input grad collective issued for layer: attention_row, involved dimensions:  1, 0, 0, 0, 0, 0, 0, 0, 0, 0,
***** info: input gradient collective for layer: attention_row is finished************
info: no weight grad collective for layer: attention_row
info: all dims disabled, no input grad collective for layer: attention_column
info: no weight grad collective for layer: attention_column
chunk size is: 20971520 , size is: 20971520 , layer_num is: 620 , node: 0
info: all-gather input grad collective issued for layer: mlp_row, involved dimensions:  1, 0, 0, 0, 0, 0, 0, 0, 0, 0,
***** info: input gradient collective for layer: mlp_row is finished************
info: no weight grad collective for layer: mlp_row
info: all dims disabled, no input grad collective for layer: mlp_column
info: no weight grad collective for layer: mlp_column
chunk size is: 20971520 , size is: 20971520 , layer_num is: 618 , node: 0
info: all-gather input grad collective issued for layer: attention_row, involved dimensions:  1, 0, 0, 0, 0, 0, 0, 0, 0, 0,
***** info: input gradient collective for layer: attention_row is finished************
info: no weight grad collective for layer: attention_row
info: all dims disabled, no input grad collective for layer: attention_column
info: no weight grad collective for layer: attention_column
chunk size is: 20971520 , size is: 20971520 , layer_num is: 616 , node: 0
info: all-gather input grad collective issued for layer: mlp_row, involved dimensions:  1, 0, 0, 0, 0, 0, 0, 0, 0, 0,
***** info: input gradient collective for layer: mlp_row is finished************
info: no weight grad collective for layer: mlp_row
info: all dims disabled, no input grad collective for layer: mlp_column
info: no weight grad collective for layer: mlp_column
chunk size is: 20971520 , size is: 20971520 , layer_num is: 614 , node: 0
info: all-gather input grad collective issued for layer: attention_row, involved dimensions:  1, 0, 0, 0, 0, 0, 0, 0, 0, 0,
***** info: input gradient collective for layer: attention_row is finished************
info: no weight grad collective for layer: attention_row
info: all dims disabled, no input grad collective for layer: attention_column
info: no weight grad collective for layer: attention_column
chunk size is: 20971520 , size is: 20971520 , layer_num is: 612 , node: 0
info: all-gather input grad collective issued for layer: mlp_row, involved dimensions:  1, 0, 0, 0, 0, 0, 0, 0, 0, 0,
***** info: input gradient collective for layer: mlp_row is finished************
info: no weight grad collective for layer: mlp_row
info: all dims disabled, no input grad collective for layer: mlp_column
info: no weight grad collective for layer: mlp_column
chunk size is: 20971520 , size is: 20971520 , layer_num is: 610 , node: 0
info: all-gather input grad collective issued for layer: attention_row, involved dimensions:  1, 0, 0, 0, 0, 0, 0, 0, 0, 0,
***** info: input gradient collective for layer: attention_row is finished************
info: no weight grad collective for layer: attention_row
info: all dims disabled, no input grad collective for layer: attention_column
info: no weight grad collective for layer: attention_column
chunk size is: 20971520 , size is: 20971520 , layer_num is: 608 , node: 0
info: all-gather input grad collective issued for layer: mlp_row, involved dimensions:  1, 0, 0, 0, 0, 0, 0, 0, 0, 0,
***** info: input gradient collective for layer: mlp_row is finished************
info: no weight grad collective for layer: mlp_row
info: all dims disabled, no input grad collective for layer: mlp_column
info: no weight grad collective for layer: mlp_column
chunk size is: 20971520 , size is: 20971520 , layer_num is: 606 , node: 0
info: all-gather input grad collective issued for layer: attention_row, involved dimensions:  1, 0, 0, 0, 0, 0, 0, 0, 0, 0,
***** info: input gradient collective for layer: attention_row is finished************
info: no weight grad collective for layer: attention_row
info: all dims disabled, no input grad collective for layer: attention_column
info: no weight grad collective for layer: attention_column
chunk size is: 20971520 , size is: 20971520 , layer_num is: 604 , node: 0
info: all-gather input grad collective issued for layer: mlp_row, involved dimensions:  1, 0, 0, 0, 0, 0, 0, 0, 0, 0,
***** info: input gradient collective for layer: mlp_row is finished************
info: no weight grad collective for layer: mlp_row
info: all dims disabled, no input grad collective for layer: mlp_column
info: no weight grad collective for layer: mlp_column
chunk size is: 20971520 , size is: 20971520 , layer_num is: 602 , node: 0
info: all-gather input grad collective issued for layer: attention_row, involved dimensions:  1, 0, 0, 0, 0, 0, 0, 0, 0, 0,
***** info: input gradient collective for layer: attention_row is finished************
info: no weight grad collective for layer: attention_row
info: all dims disabled, no input grad collective for layer: attention_column
info: no weight grad collective for layer: attention_column
chunk size is: 20971520 , size is: 20971520 , layer_num is: 600 , node: 0
info: all-gather input grad collective issued for layer: mlp_row, involved dimensions:  1, 0, 0, 0, 0, 0, 0, 0, 0, 0,
***** info: input gradient collective for layer: mlp_row is finished************
info: no weight grad collective for layer: mlp_row
info: all dims disabled, no input grad collective for layer: mlp_column
info: no weight grad collective for layer: mlp_column
chunk size is: 20971520 , size is: 20971520 , layer_num is: 598 , node: 0
info: all-gather input grad collective issued for layer: attention_row, involved dimensions:  1, 0, 0, 0, 0, 0, 0, 0, 0, 0,
***** info: input gradient collective for layer: attention_row is finished************
info: no weight grad collective for layer: attention_row
info: all dims disabled, no input grad collective for layer: attention_column
info: no weight grad collective for layer: attention_column
chunk size is: 20971520 , size is: 20971520 , layer_num is: 596 , node: 0
info: all-gather input grad collective issued for layer: mlp_row, involved dimensions:  1, 0, 0, 0, 0, 0, 0, 0, 0, 0,
***** info: input gradient collective for layer: mlp_row is finished************
info: no weight grad collective for layer: mlp_row
info: all dims disabled, no input grad collective for layer: mlp_column
info: no weight grad collective for layer: mlp_column
chunk size is: 20971520 , size is: 20971520 , layer_num is: 594 , node: 0
info: all-gather input grad collective issued for layer: attention_row, involved dimensions:  1, 0, 0, 0, 0, 0, 0, 0, 0, 0,
***** info: input gradient collective for layer: attention_row is finished************
info: no weight grad collective for layer: attention_row
info: all dims disabled, no input grad collective for layer: attention_column
info: no weight grad collective for layer: attention_column
chunk size is: 20971520 , size is: 20971520 , layer_num is: 592 , node: 0
info: all-gather input grad collective issued for layer: mlp_row, involved dimensions:  1, 0, 0, 0, 0, 0, 0, 0, 0, 0,
***** info: input gradient collective for layer: mlp_row is finished************
info: no weight grad collective for layer: mlp_row
info: all dims disabled, no input grad collective for layer: mlp_column
info: no weight grad collective for layer: mlp_column
chunk size is: 20971520 , size is: 20971520 , layer_num is: 590 , node: 0
info: all-gather input grad collective issued for layer: attention_row, involved dimensions:  1, 0, 0, 0, 0, 0, 0, 0, 0, 0,
***** info: input gradient collective for layer: attention_row is finished************
info: no weight grad collective for layer: attention_row
info: all dims disabled, no input grad collective for layer: attention_column
info: no weight grad collective for layer: attention_column
chunk size is: 20971520 , size is: 20971520 , layer_num is: 588 , node: 0
info: all-gather input grad collective issued for layer: mlp_row, involved dimensions:  1, 0, 0, 0, 0, 0, 0, 0, 0, 0,
***** info: input gradient collective for layer: mlp_row is finished************
info: no weight grad collective for layer: mlp_row
info: all dims disabled, no input grad collective for layer: mlp_column
info: no weight grad collective for layer: mlp_column
chunk size is: 20971520 , size is: 20971520 , layer_num is: 586 , node: 0
info: all-gather input grad collective issued for layer: attention_row, involved dimensions:  1, 0, 0, 0, 0, 0, 0, 0, 0, 0,
***** info: input gradient collective for layer: attention_row is finished************
info: no weight grad collective for layer: attention_row
info: all dims disabled, no input grad collective for layer: attention_column
info: no weight grad collective for layer: attention_column
chunk size is: 20971520 , size is: 20971520 , layer_num is: 584 , node: 0
info: all-gather input grad collective issued for layer: mlp_row, involved dimensions:  1, 0, 0, 0, 0, 0, 0, 0, 0, 0,
***** info: input gradient collective for layer: mlp_row is finished************
info: no weight grad collective for layer: mlp_row
info: all dims disabled, no input grad collective for layer: mlp_column
info: no weight grad collective for layer: mlp_column
chunk size is: 20971520 , size is: 20971520 , layer_num is: 582 , node: 0
info: all-gather input grad collective issued for layer: attention_row, involved dimensions:  1, 0, 0, 0, 0, 0, 0, 0, 0, 0,
***** info: input gradient collective for layer: attention_row is finished************
info: no weight grad collective for layer: attention_row
info: all dims disabled, no input grad collective for layer: attention_column
info: no weight grad collective for layer: attention_column
chunk size is: 20971520 , size is: 20971520 , layer_num is: 580 , node: 0
info: all-gather input grad collective issued for layer: mlp_row, involved dimensions:  1, 0, 0, 0, 0, 0, 0, 0, 0, 0,
***** info: input gradient collective for layer: mlp_row is finished************
info: no weight grad collective for layer: mlp_row
info: all dims disabled, no input grad collective for layer: mlp_column
info: no weight grad collective for layer: mlp_column
chunk size is: 20971520 , size is: 20971520 , layer_num is: 578 , node: 0
info: all-gather input grad collective issued for layer: attention_row, involved dimensions:  1, 0, 0, 0, 0, 0, 0, 0, 0, 0,
***** info: input gradient collective for layer: attention_row is finished************
info: no weight grad collective for layer: attention_row
info: all dims disabled, no input grad collective for layer: attention_column
info: no weight grad collective for layer: attention_column
chunk size is: 20971520 , size is: 20971520 , layer_num is: 576 , node: 0
info: all-gather input grad collective issued for layer: mlp_row, involved dimensions:  1, 0, 0, 0, 0, 0, 0, 0, 0, 0,
***** info: input gradient collective for layer: mlp_row is finished************
info: no weight grad collective for layer: mlp_row
info: all dims disabled, no input grad collective for layer: mlp_column
info: no weight grad collective for layer: mlp_column
chunk size is: 20971520 , size is: 20971520 , layer_num is: 574 , node: 0
info: all-gather input grad collective issued for layer: attention_row, involved dimensions:  1, 0, 0, 0, 0, 0, 0, 0, 0, 0,
***** info: input gradient collective for layer: attention_row is finished************
info: no weight grad collective for layer: attention_row
info: all dims disabled, no input grad collective for layer: attention_column
info: no weight grad collective for layer: attention_column
chunk size is: 20971520 , size is: 20971520 , layer_num is: 572 , node: 0
info: all-gather input grad collective issued for layer: mlp_row, involved dimensions:  1, 0, 0, 0, 0, 0, 0, 0, 0, 0,
***** info: input gradient collective for layer: mlp_row is finished************
info: no weight grad collective for layer: mlp_row
info: all dims disabled, no input grad collective for layer: mlp_column
info: no weight grad collective for layer: mlp_column
chunk size is: 20971520 , size is: 20971520 , layer_num is: 570 , node: 0
info: all-gather input grad collective issued for layer: attention_row, involved dimensions:  1, 0, 0, 0, 0, 0, 0, 0, 0, 0,
***** info: input gradient collective for layer: attention_row is finished************
info: no weight grad collective for layer: attention_row
info: all dims disabled, no input grad collective for layer: attention_column
info: no weight grad collective for layer: attention_column
chunk size is: 20971520 , size is: 20971520 , layer_num is: 568 , node: 0
info: all-gather input grad collective issued for layer: mlp_row, involved dimensions:  1, 0, 0, 0, 0, 0, 0, 0, 0, 0,
***** info: input gradient collective for layer: mlp_row is finished************
info: no weight grad collective for layer: mlp_row
info: all dims disabled, no input grad collective for layer: mlp_column
info: no weight grad collective for layer: mlp_column
chunk size is: 20971520 , size is: 20971520 , layer_num is: 566 , node: 0
info: all-gather input grad collective issued for layer: attention_row, involved dimensions:  1, 0, 0, 0, 0, 0, 0, 0, 0, 0,
***** info: input gradient collective for layer: attention_row is finished************
info: no weight grad collective for layer: attention_row
info: all dims disabled, no input grad collective for layer: attention_column
info: no weight grad collective for layer: attention_column
chunk size is: 20971520 , size is: 20971520 , layer_num is: 564 , node: 0
info: all-gather input grad collective issued for layer: mlp_row, involved dimensions:  1, 0, 0, 0, 0, 0, 0, 0, 0, 0,
***** info: input gradient collective for layer: mlp_row is finished************
info: no weight grad collective for layer: mlp_row
info: all dims disabled, no input grad collective for layer: mlp_column
info: no weight grad collective for layer: mlp_column
chunk size is: 20971520 , size is: 20971520 , layer_num is: 562 , node: 0
info: all-gather input grad collective issued for layer: attention_row, involved dimensions:  1, 0, 0, 0, 0, 0, 0, 0, 0, 0,
***** info: input gradient collective for layer: attention_row is finished************
info: no weight grad collective for layer: attention_row
info: all dims disabled, no input grad collective for layer: attention_column
info: no weight grad collective for layer: attention_column
chunk size is: 20971520 , size is: 20971520 , layer_num is: 560 , node: 0
info: all-gather input grad collective issued for layer: mlp_row, involved dimensions:  1, 0, 0, 0, 0, 0, 0, 0, 0, 0,
***** info: input gradient collective for layer: mlp_row is finished************
info: no weight grad collective for layer: mlp_row
info: all dims disabled, no input grad collective for layer: mlp_column
info: no weight grad collective for layer: mlp_column
chunk size is: 20971520 , size is: 20971520 , layer_num is: 558 , node: 0
info: all-gather input grad collective issued for layer: attention_row, involved dimensions:  1, 0, 0, 0, 0, 0, 0, 0, 0, 0,
***** info: input gradient collective for layer: attention_row is finished************
info: no weight grad collective for layer: attention_row
info: all dims disabled, no input grad collective for layer: attention_column
info: no weight grad collective for layer: attention_column
chunk size is: 20971520 , size is: 20971520 , layer_num is: 556 , node: 0
info: all-gather input grad collective issued for layer: mlp_row, involved dimensions:  1, 0, 0, 0, 0, 0, 0, 0, 0, 0,
***** info: input gradient collective for layer: mlp_row is finished************
info: no weight grad collective for layer: mlp_row
info: all dims disabled, no input grad collective for layer: mlp_column
info: no weight grad collective for layer: mlp_column
chunk size is: 20971520 , size is: 20971520 , layer_num is: 554 , node: 0
info: all-gather input grad collective issued for layer: attention_row, involved dimensions:  1, 0, 0, 0, 0, 0, 0, 0, 0, 0,
***** info: input gradient collective for layer: attention_row is finished************
info: no weight grad collective for layer: attention_row
info: all dims disabled, no input grad collective for layer: attention_column
info: no weight grad collective for layer: attention_column
chunk size is: 20971520 , size is: 20971520 , layer_num is: 552 , node: 0
info: all-gather input grad collective issued for layer: mlp_row, involved dimensions:  1, 0, 0, 0, 0, 0, 0, 0, 0, 0,
***** info: input gradient collective for layer: mlp_row is finished************
info: no weight grad collective for layer: mlp_row
info: all dims disabled, no input grad collective for layer: mlp_column
info: no weight grad collective for layer: mlp_column
chunk size is: 20971520 , size is: 20971520 , layer_num is: 550 , node: 0
info: all-gather input grad collective issued for layer: attention_row, involved dimensions:  1, 0, 0, 0, 0, 0, 0, 0, 0, 0,
***** info: input gradient collective for layer: attention_row is finished************
info: no weight grad collective for layer: attention_row
info: all dims disabled, no input grad collective for layer: attention_column
info: no weight grad collective for layer: attention_column
chunk size is: 20971520 , size is: 20971520 , layer_num is: 548 , node: 0
info: all-gather input grad collective issued for layer: mlp_row, involved dimensions:  1, 0, 0, 0, 0, 0, 0, 0, 0, 0,
***** info: input gradient collective for layer: mlp_row is finished************
info: no weight grad collective for layer: mlp_row
info: all dims disabled, no input grad collective for layer: mlp_column
info: no weight grad collective for layer: mlp_column
chunk size is: 20971520 , size is: 20971520 , layer_num is: 546 , node: 0
info: all-gather input grad collective issued for layer: attention_row, involved dimensions:  1, 0, 0, 0, 0, 0, 0, 0, 0, 0,
***** info: input gradient collective for layer: attention_row is finished************
info: no weight grad collective for layer: attention_row
info: all dims disabled, no input grad collective for layer: attention_column
info: no weight grad collective for layer: attention_column
chunk size is: 20971520 , size is: 20971520 , layer_num is: 544 , node: 0
info: all-gather input grad collective issued for layer: mlp_row, involved dimensions:  1, 0, 0, 0, 0, 0, 0, 0, 0, 0,
***** info: input gradient collective for layer: mlp_row is finished************
info: no weight grad collective for layer: mlp_row
info: all dims disabled, no input grad collective for layer: mlp_column
info: no weight grad collective for layer: mlp_column
chunk size is: 20971520 , size is: 20971520 , layer_num is: 542 , node: 0
info: all-gather input grad collective issued for layer: attention_row, involved dimensions:  1, 0, 0, 0, 0, 0, 0, 0, 0, 0,
***** info: input gradient collective for layer: attention_row is finished************
info: no weight grad collective for layer: attention_row
info: all dims disabled, no input grad collective for layer: attention_column
info: no weight grad collective for layer: attention_column
chunk size is: 20971520 , size is: 20971520 , layer_num is: 540 , node: 0
info: all-gather input grad collective issued for layer: mlp_row, involved dimensions:  1, 0, 0, 0, 0, 0, 0, 0, 0, 0,
***** info: input gradient collective for layer: mlp_row is finished************
info: no weight grad collective for layer: mlp_row
info: all dims disabled, no input grad collective for layer: mlp_column
info: no weight grad collective for layer: mlp_column
chunk size is: 20971520 , size is: 20971520 , layer_num is: 538 , node: 0
info: all-gather input grad collective issued for layer: attention_row, involved dimensions:  1, 0, 0, 0, 0, 0, 0, 0, 0, 0,
***** info: input gradient collective for layer: attention_row is finished************
info: no weight grad collective for layer: attention_row
info: all dims disabled, no input grad collective for layer: attention_column
info: no weight grad collective for layer: attention_column
chunk size is: 20971520 , size is: 20971520 , layer_num is: 536 , node: 0
info: all-gather input grad collective issued for layer: mlp_row, involved dimensions:  1, 0, 0, 0, 0, 0, 0, 0, 0, 0,
***** info: input gradient collective for layer: mlp_row is finished************
info: no weight grad collective for layer: mlp_row
info: all dims disabled, no input grad collective for layer: mlp_column
info: no weight grad collective for layer: mlp_column
chunk size is: 20971520 , size is: 20971520 , layer_num is: 534 , node: 0
info: all-gather input grad collective issued for layer: attention_row, involved dimensions:  1, 0, 0, 0, 0, 0, 0, 0, 0, 0,
***** info: input gradient collective for layer: attention_row is finished************
info: no weight grad collective for layer: attention_row
info: all dims disabled, no input grad collective for layer: attention_column
info: no weight grad collective for layer: attention_column
chunk size is: 20971520 , size is: 20971520 , layer_num is: 532 , node: 0
info: all-gather input grad collective issued for layer: mlp_row, involved dimensions:  1, 0, 0, 0, 0, 0, 0, 0, 0, 0,
***** info: input gradient collective for layer: mlp_row is finished************
info: no weight grad collective for layer: mlp_row
info: all dims disabled, no input grad collective for layer: mlp_column
info: no weight grad collective for layer: mlp_column
chunk size is: 20971520 , size is: 20971520 , layer_num is: 530 , node: 0
info: all-gather input grad collective issued for layer: attention_row, involved dimensions:  1, 0, 0, 0, 0, 0, 0, 0, 0, 0,
***** info: input gradient collective for layer: attention_row is finished************
info: no weight grad collective for layer: attention_row
info: all dims disabled, no input grad collective for layer: attention_column
info: no weight grad collective for layer: attention_column
chunk size is: 20971520 , size is: 20971520 , layer_num is: 528 , node: 0
info: all-gather input grad collective issued for layer: mlp_row, involved dimensions:  1, 0, 0, 0, 0, 0, 0, 0, 0, 0,
***** info: input gradient collective for layer: mlp_row is finished************
info: no weight grad collective for layer: mlp_row
info: all dims disabled, no input grad collective for layer: mlp_column
info: no weight grad collective for layer: mlp_column
chunk size is: 20971520 , size is: 20971520 , layer_num is: 526 , node: 0
info: all-gather input grad collective issued for layer: attention_row, involved dimensions:  1, 0, 0, 0, 0, 0, 0, 0, 0, 0,
***** info: input gradient collective for layer: attention_row is finished************
info: no weight grad collective for layer: attention_row
info: all dims disabled, no input grad collective for layer: attention_column
info: no weight grad collective for layer: attention_column
chunk size is: 20971520 , size is: 20971520 , layer_num is: 524 , node: 0
info: all-gather input grad collective issued for layer: mlp_row, involved dimensions:  1, 0, 0, 0, 0, 0, 0, 0, 0, 0,
***** info: input gradient collective for layer: mlp_row is finished************
info: no weight grad collective for layer: mlp_row
info: all dims disabled, no input grad collective for layer: mlp_column
info: no weight grad collective for layer: mlp_column
chunk size is: 20971520 , size is: 20971520 , layer_num is: 522 , node: 0
info: all-gather input grad collective issued for layer: attention_row, involved dimensions:  1, 0, 0, 0, 0, 0, 0, 0, 0, 0,
***** info: input gradient collective for layer: attention_row is finished************
info: no weight grad collective for layer: attention_row
info: all dims disabled, no input grad collective for layer: attention_column
info: no weight grad collective for layer: attention_column
chunk size is: 20971520 , size is: 20971520 , layer_num is: 520 , node: 0
info: all-gather input grad collective issued for layer: mlp_row, involved dimensions:  1, 0, 0, 0, 0, 0, 0, 0, 0, 0,
***** info: input gradient collective for layer: mlp_row is finished************
info: no weight grad collective for layer: mlp_row
info: all dims disabled, no input grad collective for layer: mlp_column
info: no weight grad collective for layer: mlp_column
chunk size is: 20971520 , size is: 20971520 , layer_num is: 518 , node: 0
info: all-gather input grad collective issued for layer: attention_row, involved dimensions:  1, 0, 0, 0, 0, 0, 0, 0, 0, 0,
***** info: input gradient collective for layer: attention_row is finished************
info: no weight grad collective for layer: attention_row
info: all dims disabled, no input grad collective for layer: attention_column
info: no weight grad collective for layer: attention_column
chunk size is: 20971520 , size is: 20971520 , layer_num is: 516 , node: 0
info: all-gather input grad collective issued for layer: mlp_row, involved dimensions:  1, 0, 0, 0, 0, 0, 0, 0, 0, 0,
***** info: input gradient collective for layer: mlp_row is finished************
info: no weight grad collective for layer: mlp_row
info: all dims disabled, no input grad collective for layer: mlp_column
info: no weight grad collective for layer: mlp_column
chunk size is: 20971520 , size is: 20971520 , layer_num is: 514 , node: 0
info: all-gather input grad collective issued for layer: attention_row, involved dimensions:  1, 0, 0, 0, 0, 0, 0, 0, 0, 0,
***** info: input gradient collective for layer: attention_row is finished************
info: no weight grad collective for layer: attention_row
info: all dims disabled, no input grad collective for layer: attention_column
info: no weight grad collective for layer: attention_column
chunk size is: 20971520 , size is: 20971520 , layer_num is: 512 , node: 0
info: all-gather input grad collective issued for layer: mlp_row, involved dimensions:  1, 0, 0, 0, 0, 0, 0, 0, 0, 0,
***** info: input gradient collective for layer: mlp_row is finished************
info: no weight grad collective for layer: mlp_row
info: all dims disabled, no input grad collective for layer: mlp_column
info: no weight grad collective for layer: mlp_column
chunk size is: 20971520 , size is: 20971520 , layer_num is: 510 , node: 0
info: all-gather input grad collective issued for layer: attention_row, involved dimensions:  1, 0, 0, 0, 0, 0, 0, 0, 0, 0,
***** info: input gradient collective for layer: attention_row is finished************
info: no weight grad collective for layer: attention_row
info: all dims disabled, no input grad collective for layer: attention_column
info: no weight grad collective for layer: attention_column
chunk size is: 20971520 , size is: 20971520 , layer_num is: 508 , node: 0
info: all-gather input grad collective issued for layer: mlp_row, involved dimensions:  1, 0, 0, 0, 0, 0, 0, 0, 0, 0,
***** info: input gradient collective for layer: mlp_row is finished************
info: no weight grad collective for layer: mlp_row
info: all dims disabled, no input grad collective for layer: mlp_column
info: no weight grad collective for layer: mlp_column
chunk size is: 20971520 , size is: 20971520 , layer_num is: 506 , node: 0
info: all-gather input grad collective issued for layer: attention_row, involved dimensions:  1, 0, 0, 0, 0, 0, 0, 0, 0, 0,
***** info: input gradient collective for layer: attention_row is finished************
info: no weight grad collective for layer: attention_row
info: all dims disabled, no input grad collective for layer: attention_column
info: no weight grad collective for layer: attention_column
chunk size is: 20971520 , size is: 20971520 , layer_num is: 504 , node: 0
info: all-gather input grad collective issued for layer: mlp_row, involved dimensions:  1, 0, 0, 0, 0, 0, 0, 0, 0, 0,
***** info: input gradient collective for layer: mlp_row is finished************
info: no weight grad collective for layer: mlp_row
info: all dims disabled, no input grad collective for layer: mlp_column
info: no weight grad collective for layer: mlp_column
chunk size is: 20971520 , size is: 20971520 , layer_num is: 502 , node: 0
info: all-gather input grad collective issued for layer: attention_row, involved dimensions:  1, 0, 0, 0, 0, 0, 0, 0, 0, 0,
***** info: input gradient collective for layer: attention_row is finished************
info: no weight grad collective for layer: attention_row
info: all dims disabled, no input grad collective for layer: attention_column
info: no weight grad collective for layer: attention_column
chunk size is: 20971520 , size is: 20971520 , layer_num is: 500 , node: 0
info: all-gather input grad collective issued for layer: mlp_row, involved dimensions:  1, 0, 0, 0, 0, 0, 0, 0, 0, 0,
***** info: input gradient collective for layer: mlp_row is finished************
info: no weight grad collective for layer: mlp_row
info: all dims disabled, no input grad collective for layer: mlp_column
info: no weight grad collective for layer: mlp_column
chunk size is: 20971520 , size is: 20971520 , layer_num is: 498 , node: 0
info: all-gather input grad collective issued for layer: attention_row, involved dimensions:  1, 0, 0, 0, 0, 0, 0, 0, 0, 0,
***** info: input gradient collective for layer: attention_row is finished************
info: no weight grad collective for layer: attention_row
info: all dims disabled, no input grad collective for layer: attention_column
info: no weight grad collective for layer: attention_column
chunk size is: 20971520 , size is: 20971520 , layer_num is: 496 , node: 0
info: all-gather input grad collective issued for layer: mlp_row, involved dimensions:  1, 0, 0, 0, 0, 0, 0, 0, 0, 0,
***** info: input gradient collective for layer: mlp_row is finished************
info: no weight grad collective for layer: mlp_row
info: all dims disabled, no input grad collective for layer: mlp_column
info: no weight grad collective for layer: mlp_column
chunk size is: 20971520 , size is: 20971520 , layer_num is: 494 , node: 0
info: all-gather input grad collective issued for layer: attention_row, involved dimensions:  1, 0, 0, 0, 0, 0, 0, 0, 0, 0,
***** info: input gradient collective for layer: attention_row is finished************
info: no weight grad collective for layer: attention_row
info: all dims disabled, no input grad collective for layer: attention_column
info: no weight grad collective for layer: attention_column
info: no input grad collective for layer: embedding_layer
info: no weight grad collective for layer: embedding_layer
info: all dims disabled, no input grad collective for layer: final_column
info: no weight grad collective for layer: final_column
chunk size is: 20971520 , size is: 20971520 , layer_num is: 490 , node: 0
info: all-gather input grad collective issued for layer: mlp_row, involved dimensions:  1, 0, 0, 0, 0, 0, 0, 0, 0, 0,
***** info: input gradient collective for layer: mlp_row is finished************
info: no weight grad collective for layer: mlp_row
info: all dims disabled, no input grad collective for layer: mlp_column
info: no weight grad collective for layer: mlp_column
chunk size is: 20971520 , size is: 20971520 , layer_num is: 488 , node: 0
info: all-gather input grad collective issued for layer: attention_row, involved dimensions:  1, 0, 0, 0, 0, 0, 0, 0, 0, 0,
***** info: input gradient collective for layer: attention_row is finished************
info: no weight grad collective for layer: attention_row
info: all dims disabled, no input grad collective for layer: attention_column
info: no weight grad collective for layer: attention_column
chunk size is: 20971520 , size is: 20971520 , layer_num is: 486 , node: 0
info: all-gather input grad collective issued for layer: mlp_row, involved dimensions:  1, 0, 0, 0, 0, 0, 0, 0, 0, 0,
***** info: input gradient collective for layer: mlp_row is finished************
info: no weight grad collective for layer: mlp_row
info: all dims disabled, no input grad collective for layer: mlp_column
info: no weight grad collective for layer: mlp_column
chunk size is: 20971520 , size is: 20971520 , layer_num is: 484 , node: 0
info: all-gather input grad collective issued for layer: attention_row, involved dimensions:  1, 0, 0, 0, 0, 0, 0, 0, 0, 0,
***** info: input gradient collective for layer: attention_row is finished************
info: no weight grad collective for layer: attention_row
info: all dims disabled, no input grad collective for layer: attention_column
info: no weight grad collective for layer: attention_column
chunk size is: 20971520 , size is: 20971520 , layer_num is: 482 , node: 0
info: all-gather input grad collective issued for layer: mlp_row, involved dimensions:  1, 0, 0, 0, 0, 0, 0, 0, 0, 0,
***** info: input gradient collective for layer: mlp_row is finished************
info: no weight grad collective for layer: mlp_row
info: all dims disabled, no input grad collective for layer: mlp_column
info: no weight grad collective for layer: mlp_column
chunk size is: 20971520 , size is: 20971520 , layer_num is: 480 , node: 0
info: all-gather input grad collective issued for layer: attention_row, involved dimensions:  1, 0, 0, 0, 0, 0, 0, 0, 0, 0,
***** info: input gradient collective for layer: attention_row is finished************
info: no weight grad collective for layer: attention_row
info: all dims disabled, no input grad collective for layer: attention_column
info: no weight grad collective for layer: attention_column
chunk size is: 20971520 , size is: 20971520 , layer_num is: 478 , node: 0
info: all-gather input grad collective issued for layer: mlp_row, involved dimensions:  1, 0, 0, 0, 0, 0, 0, 0, 0, 0,
***** info: input gradient collective for layer: mlp_row is finished************
info: no weight grad collective for layer: mlp_row
info: all dims disabled, no input grad collective for layer: mlp_column
info: no weight grad collective for layer: mlp_column
chunk size is: 20971520 , size is: 20971520 , layer_num is: 476 , node: 0
info: all-gather input grad collective issued for layer: attention_row, involved dimensions:  1, 0, 0, 0, 0, 0, 0, 0, 0, 0,
***** info: input gradient collective for layer: attention_row is finished************
info: no weight grad collective for layer: attention_row
info: all dims disabled, no input grad collective for layer: attention_column
info: no weight grad collective for layer: attention_column
chunk size is: 20971520 , size is: 20971520 , layer_num is: 474 , node: 0
info: all-gather input grad collective issued for layer: mlp_row, involved dimensions:  1, 0, 0, 0, 0, 0, 0, 0, 0, 0,
***** info: input gradient collective for layer: mlp_row is finished************
info: no weight grad collective for layer: mlp_row
info: all dims disabled, no input grad collective for layer: mlp_column
info: no weight grad collective for layer: mlp_column
chunk size is: 20971520 , size is: 20971520 , layer_num is: 472 , node: 0
info: all-gather input grad collective issued for layer: attention_row, involved dimensions:  1, 0, 0, 0, 0, 0, 0, 0, 0, 0,
***** info: input gradient collective for layer: attention_row is finished************
info: no weight grad collective for layer: attention_row
info: all dims disabled, no input grad collective for layer: attention_column
info: no weight grad collective for layer: attention_column
chunk size is: 20971520 , size is: 20971520 , layer_num is: 470 , node: 0
info: all-gather input grad collective issued for layer: mlp_row, involved dimensions:  1, 0, 0, 0, 0, 0, 0, 0, 0, 0,
***** info: input gradient collective for layer: mlp_row is finished************
info: no weight grad collective for layer: mlp_row
info: all dims disabled, no input grad collective for layer: mlp_column
info: no weight grad collective for layer: mlp_column
chunk size is: 20971520 , size is: 20971520 , layer_num is: 468 , node: 0
info: all-gather input grad collective issued for layer: attention_row, involved dimensions:  1, 0, 0, 0, 0, 0, 0, 0, 0, 0,
***** info: input gradient collective for layer: attention_row is finished************
info: no weight grad collective for layer: attention_row
info: all dims disabled, no input grad collective for layer: attention_column
info: no weight grad collective for layer: attention_column
chunk size is: 20971520 , size is: 20971520 , layer_num is: 466 , node: 0
info: all-gather input grad collective issued for layer: mlp_row, involved dimensions:  1, 0, 0, 0, 0, 0, 0, 0, 0, 0,
***** info: input gradient collective for layer: mlp_row is finished************
info: no weight grad collective for layer: mlp_row
info: all dims disabled, no input grad collective for layer: mlp_column
info: no weight grad collective for layer: mlp_column
chunk size is: 20971520 , size is: 20971520 , layer_num is: 464 , node: 0
info: all-gather input grad collective issued for layer: attention_row, involved dimensions:  1, 0, 0, 0, 0, 0, 0, 0, 0, 0,
***** info: input gradient collective for layer: attention_row is finished************
info: no weight grad collective for layer: attention_row
info: all dims disabled, no input grad collective for layer: attention_column
info: no weight grad collective for layer: attention_column
chunk size is: 20971520 , size is: 20971520 , layer_num is: 462 , node: 0
info: all-gather input grad collective issued for layer: mlp_row, involved dimensions:  1, 0, 0, 0, 0, 0, 0, 0, 0, 0,
***** info: input gradient collective for layer: mlp_row is finished************
info: no weight grad collective for layer: mlp_row
info: all dims disabled, no input grad collective for layer: mlp_column
info: no weight grad collective for layer: mlp_column
chunk size is: 20971520 , size is: 20971520 , layer_num is: 460 , node: 0
info: all-gather input grad collective issued for layer: attention_row, involved dimensions:  1, 0, 0, 0, 0, 0, 0, 0, 0, 0,
***** info: input gradient collective for layer: attention_row is finished************
info: no weight grad collective for layer: attention_row
info: all dims disabled, no input grad collective for layer: attention_column
info: no weight grad collective for layer: attention_column
chunk size is: 20971520 , size is: 20971520 , layer_num is: 458 , node: 0
info: all-gather input grad collective issued for layer: mlp_row, involved dimensions:  1, 0, 0, 0, 0, 0, 0, 0, 0, 0,
***** info: input gradient collective for layer: mlp_row is finished************
info: no weight grad collective for layer: mlp_row
info: all dims disabled, no input grad collective for layer: mlp_column
info: no weight grad collective for layer: mlp_column
chunk size is: 20971520 , size is: 20971520 , layer_num is: 456 , node: 0
info: all-gather input grad collective issued for layer: attention_row, involved dimensions:  1, 0, 0, 0, 0, 0, 0, 0, 0, 0,
***** info: input gradient collective for layer: attention_row is finished************
info: no weight grad collective for layer: attention_row
info: all dims disabled, no input grad collective for layer: attention_column
info: no weight grad collective for layer: attention_column
chunk size is: 20971520 , size is: 20971520 , layer_num is: 454 , node: 0
info: all-gather input grad collective issued for layer: mlp_row, involved dimensions:  1, 0, 0, 0, 0, 0, 0, 0, 0, 0,
***** info: input gradient collective for layer: mlp_row is finished************
info: no weight grad collective for layer: mlp_row
info: all dims disabled, no input grad collective for layer: mlp_column
info: no weight grad collective for layer: mlp_column
chunk size is: 20971520 , size is: 20971520 , layer_num is: 452 , node: 0
info: all-gather input grad collective issued for layer: attention_row, involved dimensions:  1, 0, 0, 0, 0, 0, 0, 0, 0, 0,
***** info: input gradient collective for layer: attention_row is finished************
info: no weight grad collective for layer: attention_row
info: all dims disabled, no input grad collective for layer: attention_column
info: no weight grad collective for layer: attention_column
chunk size is: 20971520 , size is: 20971520 , layer_num is: 450 , node: 0
info: all-gather input grad collective issued for layer: mlp_row, involved dimensions:  1, 0, 0, 0, 0, 0, 0, 0, 0, 0,
***** info: input gradient collective for layer: mlp_row is finished************
info: no weight grad collective for layer: mlp_row
info: all dims disabled, no input grad collective for layer: mlp_column
info: no weight grad collective for layer: mlp_column
chunk size is: 20971520 , size is: 20971520 , layer_num is: 448 , node: 0
info: all-gather input grad collective issued for layer: attention_row, involved dimensions:  1, 0, 0, 0, 0, 0, 0, 0, 0, 0,
***** info: input gradient collective for layer: attention_row is finished************
info: no weight grad collective for layer: attention_row
info: all dims disabled, no input grad collective for layer: attention_column
info: no weight grad collective for layer: attention_column
chunk size is: 20971520 , size is: 20971520 , layer_num is: 446 , node: 0
info: all-gather input grad collective issued for layer: mlp_row, involved dimensions:  1, 0, 0, 0, 0, 0, 0, 0, 0, 0,
***** info: input gradient collective for layer: mlp_row is finished************
info: no weight grad collective for layer: mlp_row
info: all dims disabled, no input grad collective for layer: mlp_column
info: no weight grad collective for layer: mlp_column
chunk size is: 20971520 , size is: 20971520 , layer_num is: 444 , node: 0
info: all-gather input grad collective issued for layer: attention_row, involved dimensions:  1, 0, 0, 0, 0, 0, 0, 0, 0, 0,
***** info: input gradient collective for layer: attention_row is finished************
info: no weight grad collective for layer: attention_row
info: all dims disabled, no input grad collective for layer: attention_column
info: no weight grad collective for layer: attention_column
chunk size is: 20971520 , size is: 20971520 , layer_num is: 442 , node: 0
info: all-gather input grad collective issued for layer: mlp_row, involved dimensions:  1, 0, 0, 0, 0, 0, 0, 0, 0, 0,
***** info: input gradient collective for layer: mlp_row is finished************
info: no weight grad collective for layer: mlp_row
info: all dims disabled, no input grad collective for layer: mlp_column
info: no weight grad collective for layer: mlp_column
chunk size is: 20971520 , size is: 20971520 , layer_num is: 440 , node: 0
info: all-gather input grad collective issued for layer: attention_row, involved dimensions:  1, 0, 0, 0, 0, 0, 0, 0, 0, 0,
***** info: input gradient collective for layer: attention_row is finished************
info: no weight grad collective for layer: attention_row
info: all dims disabled, no input grad collective for layer: attention_column
info: no weight grad collective for layer: attention_column
chunk size is: 20971520 , size is: 20971520 , layer_num is: 438 , node: 0
info: all-gather input grad collective issued for layer: mlp_row, involved dimensions:  1, 0, 0, 0, 0, 0, 0, 0, 0, 0,
***** info: input gradient collective for layer: mlp_row is finished************
info: no weight grad collective for layer: mlp_row
info: all dims disabled, no input grad collective for layer: mlp_column
info: no weight grad collective for layer: mlp_column
chunk size is: 20971520 , size is: 20971520 , layer_num is: 436 , node: 0
info: all-gather input grad collective issued for layer: attention_row, involved dimensions:  1, 0, 0, 0, 0, 0, 0, 0, 0, 0,
***** info: input gradient collective for layer: attention_row is finished************
info: no weight grad collective for layer: attention_row
info: all dims disabled, no input grad collective for layer: attention_column
info: no weight grad collective for layer: attention_column
chunk size is: 20971520 , size is: 20971520 , layer_num is: 434 , node: 0
info: all-gather input grad collective issued for layer: mlp_row, involved dimensions:  1, 0, 0, 0, 0, 0, 0, 0, 0, 0,
***** info: input gradient collective for layer: mlp_row is finished************
info: no weight grad collective for layer: mlp_row
info: all dims disabled, no input grad collective for layer: mlp_column
info: no weight grad collective for layer: mlp_column
chunk size is: 20971520 , size is: 20971520 , layer_num is: 432 , node: 0
info: all-gather input grad collective issued for layer: attention_row, involved dimensions:  1, 0, 0, 0, 0, 0, 0, 0, 0, 0,
***** info: input gradient collective for layer: attention_row is finished************
info: no weight grad collective for layer: attention_row
info: all dims disabled, no input grad collective for layer: attention_column
info: no weight grad collective for layer: attention_column
chunk size is: 20971520 , size is: 20971520 , layer_num is: 430 , node: 0
info: all-gather input grad collective issued for layer: mlp_row, involved dimensions:  1, 0, 0, 0, 0, 0, 0, 0, 0, 0,
***** info: input gradient collective for layer: mlp_row is finished************
info: no weight grad collective for layer: mlp_row
info: all dims disabled, no input grad collective for layer: mlp_column
info: no weight grad collective for layer: mlp_column
chunk size is: 20971520 , size is: 20971520 , layer_num is: 428 , node: 0
info: all-gather input grad collective issued for layer: attention_row, involved dimensions:  1, 0, 0, 0, 0, 0, 0, 0, 0, 0,
***** info: input gradient collective for layer: attention_row is finished************
info: no weight grad collective for layer: attention_row
info: all dims disabled, no input grad collective for layer: attention_column
info: no weight grad collective for layer: attention_column
chunk size is: 20971520 , size is: 20971520 , layer_num is: 426 , node: 0
info: all-gather input grad collective issued for layer: mlp_row, involved dimensions:  1, 0, 0, 0, 0, 0, 0, 0, 0, 0,
***** info: input gradient collective for layer: mlp_row is finished************
info: no weight grad collective for layer: mlp_row
info: all dims disabled, no input grad collective for layer: mlp_column
info: no weight grad collective for layer: mlp_column
chunk size is: 20971520 , size is: 20971520 , layer_num is: 424 , node: 0
info: all-gather input grad collective issued for layer: attention_row, involved dimensions:  1, 0, 0, 0, 0, 0, 0, 0, 0, 0,
***** info: input gradient collective for layer: attention_row is finished************
info: no weight grad collective for layer: attention_row
info: all dims disabled, no input grad collective for layer: attention_column
info: no weight grad collective for layer: attention_column
chunk size is: 20971520 , size is: 20971520 , layer_num is: 422 , node: 0
info: all-gather input grad collective issued for layer: mlp_row, involved dimensions:  1, 0, 0, 0, 0, 0, 0, 0, 0, 0,
***** info: input gradient collective for layer: mlp_row is finished************
info: no weight grad collective for layer: mlp_row
info: all dims disabled, no input grad collective for layer: mlp_column
info: no weight grad collective for layer: mlp_column
chunk size is: 20971520 , size is: 20971520 , layer_num is: 420 , node: 0
info: all-gather input grad collective issued for layer: attention_row, involved dimensions:  1, 0, 0, 0, 0, 0, 0, 0, 0, 0,
***** info: input gradient collective for layer: attention_row is finished************
info: no weight grad collective for layer: attention_row
info: all dims disabled, no input grad collective for layer: attention_column
info: no weight grad collective for layer: attention_column
chunk size is: 20971520 , size is: 20971520 , layer_num is: 418 , node: 0
info: all-gather input grad collective issued for layer: mlp_row, involved dimensions:  1, 0, 0, 0, 0, 0, 0, 0, 0, 0,
***** info: input gradient collective for layer: mlp_row is finished************
info: no weight grad collective for layer: mlp_row
info: all dims disabled, no input grad collective for layer: mlp_column
info: no weight grad collective for layer: mlp_column
chunk size is: 20971520 , size is: 20971520 , layer_num is: 416 , node: 0
info: all-gather input grad collective issued for layer: attention_row, involved dimensions:  1, 0, 0, 0, 0, 0, 0, 0, 0, 0,
***** info: input gradient collective for layer: attention_row is finished************
info: no weight grad collective for layer: attention_row
info: all dims disabled, no input grad collective for layer: attention_column
info: no weight grad collective for layer: attention_column
chunk size is: 20971520 , size is: 20971520 , layer_num is: 414 , node: 0
info: all-gather input grad collective issued for layer: mlp_row, involved dimensions:  1, 0, 0, 0, 0, 0, 0, 0, 0, 0,
***** info: input gradient collective for layer: mlp_row is finished************
info: no weight grad collective for layer: mlp_row
info: all dims disabled, no input grad collective for layer: mlp_column
info: no weight grad collective for layer: mlp_column
chunk size is: 20971520 , size is: 20971520 , layer_num is: 412 , node: 0
info: all-gather input grad collective issued for layer: attention_row, involved dimensions:  1, 0, 0, 0, 0, 0, 0, 0, 0, 0,
***** info: input gradient collective for layer: attention_row is finished************
info: no weight grad collective for layer: attention_row
info: all dims disabled, no input grad collective for layer: attention_column
info: no weight grad collective for layer: attention_column
chunk size is: 20971520 , size is: 20971520 , layer_num is: 410 , node: 0
info: all-gather input grad collective issued for layer: mlp_row, involved dimensions:  1, 0, 0, 0, 0, 0, 0, 0, 0, 0,
***** info: input gradient collective for layer: mlp_row is finished************
info: no weight grad collective for layer: mlp_row
info: all dims disabled, no input grad collective for layer: mlp_column
info: no weight grad collective for layer: mlp_column
chunk size is: 20971520 , size is: 20971520 , layer_num is: 408 , node: 0
info: all-gather input grad collective issued for layer: attention_row, involved dimensions:  1, 0, 0, 0, 0, 0, 0, 0, 0, 0,
***** info: input gradient collective for layer: attention_row is finished************
info: no weight grad collective for layer: attention_row
info: all dims disabled, no input grad collective for layer: attention_column
info: no weight grad collective for layer: attention_column
chunk size is: 20971520 , size is: 20971520 , layer_num is: 406 , node: 0
info: all-gather input grad collective issued for layer: mlp_row, involved dimensions:  1, 0, 0, 0, 0, 0, 0, 0, 0, 0,
***** info: input gradient collective for layer: mlp_row is finished************
info: no weight grad collective for layer: mlp_row
info: all dims disabled, no input grad collective for layer: mlp_column
info: no weight grad collective for layer: mlp_column
chunk size is: 20971520 , size is: 20971520 , layer_num is: 404 , node: 0
info: all-gather input grad collective issued for layer: attention_row, involved dimensions:  1, 0, 0, 0, 0, 0, 0, 0, 0, 0,
***** info: input gradient collective for layer: attention_row is finished************
info: no weight grad collective for layer: attention_row
info: all dims disabled, no input grad collective for layer: attention_column
info: no weight grad collective for layer: attention_column
chunk size is: 20971520 , size is: 20971520 , layer_num is: 402 , node: 0
info: all-gather input grad collective issued for layer: mlp_row, involved dimensions:  1, 0, 0, 0, 0, 0, 0, 0, 0, 0,
***** info: input gradient collective for layer: mlp_row is finished************
info: no weight grad collective for layer: mlp_row
info: all dims disabled, no input grad collective for layer: mlp_column
info: no weight grad collective for layer: mlp_column
chunk size is: 20971520 , size is: 20971520 , layer_num is: 400 , node: 0
info: all-gather input grad collective issued for layer: attention_row, involved dimensions:  1, 0, 0, 0, 0, 0, 0, 0, 0, 0,
***** info: input gradient collective for layer: attention_row is finished************
info: no weight grad collective for layer: attention_row
info: all dims disabled, no input grad collective for layer: attention_column
info: no weight grad collective for layer: attention_column
chunk size is: 20971520 , size is: 20971520 , layer_num is: 398 , node: 0
info: all-gather input grad collective issued for layer: mlp_row, involved dimensions:  1, 0, 0, 0, 0, 0, 0, 0, 0, 0,
***** info: input gradient collective for layer: mlp_row is finished************
info: no weight grad collective for layer: mlp_row
info: all dims disabled, no input grad collective for layer: mlp_column
info: no weight grad collective for layer: mlp_column
chunk size is: 20971520 , size is: 20971520 , layer_num is: 396 , node: 0
info: all-gather input grad collective issued for layer: attention_row, involved dimensions:  1, 0, 0, 0, 0, 0, 0, 0, 0, 0,
***** info: input gradient collective for layer: attention_row is finished************
info: no weight grad collective for layer: attention_row
info: all dims disabled, no input grad collective for layer: attention_column
info: no weight grad collective for layer: attention_column
chunk size is: 20971520 , size is: 20971520 , layer_num is: 394 , node: 0
info: all-gather input grad collective issued for layer: mlp_row, involved dimensions:  1, 0, 0, 0, 0, 0, 0, 0, 0, 0,
***** info: input gradient collective for layer: mlp_row is finished************
info: no weight grad collective for layer: mlp_row
info: all dims disabled, no input grad collective for layer: mlp_column
info: no weight grad collective for layer: mlp_column
chunk size is: 20971520 , size is: 20971520 , layer_num is: 392 , node: 0
info: all-gather input grad collective issued for layer: attention_row, involved dimensions:  1, 0, 0, 0, 0, 0, 0, 0, 0, 0,
***** info: input gradient collective for layer: attention_row is finished************
info: no weight grad collective for layer: attention_row
info: all dims disabled, no input grad collective for layer: attention_column
info: no weight grad collective for layer: attention_column
chunk size is: 20971520 , size is: 20971520 , layer_num is: 390 , node: 0
info: all-gather input grad collective issued for layer: mlp_row, involved dimensions:  1, 0, 0, 0, 0, 0, 0, 0, 0, 0,
***** info: input gradient collective for layer: mlp_row is finished************
info: no weight grad collective for layer: mlp_row
info: all dims disabled, no input grad collective for layer: mlp_column
info: no weight grad collective for layer: mlp_column
chunk size is: 20971520 , size is: 20971520 , layer_num is: 388 , node: 0
info: all-gather input grad collective issued for layer: attention_row, involved dimensions:  1, 0, 0, 0, 0, 0, 0, 0, 0, 0,
***** info: input gradient collective for layer: attention_row is finished************
info: no weight grad collective for layer: attention_row
info: all dims disabled, no input grad collective for layer: attention_column
info: no weight grad collective for layer: attention_column
chunk size is: 20971520 , size is: 20971520 , layer_num is: 386 , node: 0
info: all-gather input grad collective issued for layer: mlp_row, involved dimensions:  1, 0, 0, 0, 0, 0, 0, 0, 0, 0,
***** info: input gradient collective for layer: mlp_row is finished************
info: no weight grad collective for layer: mlp_row
info: all dims disabled, no input grad collective for layer: mlp_column
info: no weight grad collective for layer: mlp_column
chunk size is: 20971520 , size is: 20971520 , layer_num is: 384 , node: 0
info: all-gather input grad collective issued for layer: attention_row, involved dimensions:  1, 0, 0, 0, 0, 0, 0, 0, 0, 0,
***** info: input gradient collective for layer: attention_row is finished************
info: no weight grad collective for layer: attention_row
info: all dims disabled, no input grad collective for layer: attention_column
info: no weight grad collective for layer: attention_column
chunk size is: 20971520 , size is: 20971520 , layer_num is: 382 , node: 0
info: all-gather input grad collective issued for layer: mlp_row, involved dimensions:  1, 0, 0, 0, 0, 0, 0, 0, 0, 0,
***** info: input gradient collective for layer: mlp_row is finished************
info: no weight grad collective for layer: mlp_row
info: all dims disabled, no input grad collective for layer: mlp_column
info: no weight grad collective for layer: mlp_column
chunk size is: 20971520 , size is: 20971520 , layer_num is: 380 , node: 0
info: all-gather input grad collective issued for layer: attention_row, involved dimensions:  1, 0, 0, 0, 0, 0, 0, 0, 0, 0,
***** info: input gradient collective for layer: attention_row is finished************
info: no weight grad collective for layer: attention_row
info: all dims disabled, no input grad collective for layer: attention_column
info: no weight grad collective for layer: attention_column
chunk size is: 20971520 , size is: 20971520 , layer_num is: 378 , node: 0
info: all-gather input grad collective issued for layer: mlp_row, involved dimensions:  1, 0, 0, 0, 0, 0, 0, 0, 0, 0,
***** info: input gradient collective for layer: mlp_row is finished************
info: no weight grad collective for layer: mlp_row
info: all dims disabled, no input grad collective for layer: mlp_column
info: no weight grad collective for layer: mlp_column
chunk size is: 20971520 , size is: 20971520 , layer_num is: 376 , node: 0
info: all-gather input grad collective issued for layer: attention_row, involved dimensions:  1, 0, 0, 0, 0, 0, 0, 0, 0, 0,
***** info: input gradient collective for layer: attention_row is finished************
info: no weight grad collective for layer: attention_row
info: all dims disabled, no input grad collective for layer: attention_column
info: no weight grad collective for layer: attention_column
chunk size is: 20971520 , size is: 20971520 , layer_num is: 374 , node: 0
info: all-gather input grad collective issued for layer: mlp_row, involved dimensions:  1, 0, 0, 0, 0, 0, 0, 0, 0, 0,
***** info: input gradient collective for layer: mlp_row is finished************
info: no weight grad collective for layer: mlp_row
info: all dims disabled, no input grad collective for layer: mlp_column
info: no weight grad collective for layer: mlp_column
chunk size is: 20971520 , size is: 20971520 , layer_num is: 372 , node: 0
info: all-gather input grad collective issued for layer: attention_row, involved dimensions:  1, 0, 0, 0, 0, 0, 0, 0, 0, 0,
***** info: input gradient collective for layer: attention_row is finished************
info: no weight grad collective for layer: attention_row
info: all dims disabled, no input grad collective for layer: attention_column
info: no weight grad collective for layer: attention_column
chunk size is: 20971520 , size is: 20971520 , layer_num is: 370 , node: 0
info: all-gather input grad collective issued for layer: mlp_row, involved dimensions:  1, 0, 0, 0, 0, 0, 0, 0, 0, 0,
***** info: input gradient collective for layer: mlp_row is finished************
info: no weight grad collective for layer: mlp_row
info: all dims disabled, no input grad collective for layer: mlp_column
info: no weight grad collective for layer: mlp_column
chunk size is: 20971520 , size is: 20971520 , layer_num is: 368 , node: 0
info: all-gather input grad collective issued for layer: attention_row, involved dimensions:  1, 0, 0, 0, 0, 0, 0, 0, 0, 0,
***** info: input gradient collective for layer: attention_row is finished************
info: no weight grad collective for layer: attention_row
info: all dims disabled, no input grad collective for layer: attention_column
info: no weight grad collective for layer: attention_column
chunk size is: 20971520 , size is: 20971520 , layer_num is: 366 , node: 0
info: all-gather input grad collective issued for layer: mlp_row, involved dimensions:  1, 0, 0, 0, 0, 0, 0, 0, 0, 0,
***** info: input gradient collective for layer: mlp_row is finished************
info: no weight grad collective for layer: mlp_row
info: all dims disabled, no input grad collective for layer: mlp_column
info: no weight grad collective for layer: mlp_column
chunk size is: 20971520 , size is: 20971520 , layer_num is: 364 , node: 0
info: all-gather input grad collective issued for layer: attention_row, involved dimensions:  1, 0, 0, 0, 0, 0, 0, 0, 0, 0,
***** info: input gradient collective for layer: attention_row is finished************
info: no weight grad collective for layer: attention_row
info: all dims disabled, no input grad collective for layer: attention_column
info: no weight grad collective for layer: attention_column
chunk size is: 20971520 , size is: 20971520 , layer_num is: 362 , node: 0
info: all-gather input grad collective issued for layer: mlp_row, involved dimensions:  1, 0, 0, 0, 0, 0, 0, 0, 0, 0,
***** info: input gradient collective for layer: mlp_row is finished************
info: no weight grad collective for layer: mlp_row
info: all dims disabled, no input grad collective for layer: mlp_column
info: no weight grad collective for layer: mlp_column
chunk size is: 20971520 , size is: 20971520 , layer_num is: 360 , node: 0
info: all-gather input grad collective issued for layer: attention_row, involved dimensions:  1, 0, 0, 0, 0, 0, 0, 0, 0, 0,
***** info: input gradient collective for layer: attention_row is finished************
info: no weight grad collective for layer: attention_row
info: all dims disabled, no input grad collective for layer: attention_column
info: no weight grad collective for layer: attention_column
chunk size is: 20971520 , size is: 20971520 , layer_num is: 358 , node: 0
info: all-gather input grad collective issued for layer: mlp_row, involved dimensions:  1, 0, 0, 0, 0, 0, 0, 0, 0, 0,
***** info: input gradient collective for layer: mlp_row is finished************
info: no weight grad collective for layer: mlp_row
info: all dims disabled, no input grad collective for layer: mlp_column
info: no weight grad collective for layer: mlp_column
chunk size is: 20971520 , size is: 20971520 , layer_num is: 356 , node: 0
info: all-gather input grad collective issued for layer: attention_row, involved dimensions:  1, 0, 0, 0, 0, 0, 0, 0, 0, 0,
***** info: input gradient collective for layer: attention_row is finished************
info: no weight grad collective for layer: attention_row
info: all dims disabled, no input grad collective for layer: attention_column
info: no weight grad collective for layer: attention_column
chunk size is: 20971520 , size is: 20971520 , layer_num is: 354 , node: 0
info: all-gather input grad collective issued for layer: mlp_row, involved dimensions:  1, 0, 0, 0, 0, 0, 0, 0, 0, 0,
***** info: input gradient collective for layer: mlp_row is finished************
info: no weight grad collective for layer: mlp_row
info: all dims disabled, no input grad collective for layer: mlp_column
info: no weight grad collective for layer: mlp_column
chunk size is: 20971520 , size is: 20971520 , layer_num is: 352 , node: 0
info: all-gather input grad collective issued for layer: attention_row, involved dimensions:  1, 0, 0, 0, 0, 0, 0, 0, 0, 0,
***** info: input gradient collective for layer: attention_row is finished************
info: no weight grad collective for layer: attention_row
info: all dims disabled, no input grad collective for layer: attention_column
info: no weight grad collective for layer: attention_column
chunk size is: 20971520 , size is: 20971520 , layer_num is: 350 , node: 0
info: all-gather input grad collective issued for layer: mlp_row, involved dimensions:  1, 0, 0, 0, 0, 0, 0, 0, 0, 0,
***** info: input gradient collective for layer: mlp_row is finished************
info: no weight grad collective for layer: mlp_row
info: all dims disabled, no input grad collective for layer: mlp_column
info: no weight grad collective for layer: mlp_column
chunk size is: 20971520 , size is: 20971520 , layer_num is: 348 , node: 0
info: all-gather input grad collective issued for layer: attention_row, involved dimensions:  1, 0, 0, 0, 0, 0, 0, 0, 0, 0,
***** info: input gradient collective for layer: attention_row is finished************
info: no weight grad collective for layer: attention_row
info: all dims disabled, no input grad collective for layer: attention_column
info: no weight grad collective for layer: attention_column
chunk size is: 20971520 , size is: 20971520 , layer_num is: 346 , node: 0
info: all-gather input grad collective issued for layer: mlp_row, involved dimensions:  1, 0, 0, 0, 0, 0, 0, 0, 0, 0,
***** info: input gradient collective for layer: mlp_row is finished************
info: no weight grad collective for layer: mlp_row
info: all dims disabled, no input grad collective for layer: mlp_column
info: no weight grad collective for layer: mlp_column
chunk size is: 20971520 , size is: 20971520 , layer_num is: 344 , node: 0
info: all-gather input grad collective issued for layer: attention_row, involved dimensions:  1, 0, 0, 0, 0, 0, 0, 0, 0, 0,
***** info: input gradient collective for layer: attention_row is finished************
info: no weight grad collective for layer: attention_row
info: all dims disabled, no input grad collective for layer: attention_column
info: no weight grad collective for layer: attention_column
chunk size is: 20971520 , size is: 20971520 , layer_num is: 342 , node: 0
info: all-gather input grad collective issued for layer: mlp_row, involved dimensions:  1, 0, 0, 0, 0, 0, 0, 0, 0, 0,
***** info: input gradient collective for layer: mlp_row is finished************
info: no weight grad collective for layer: mlp_row
info: all dims disabled, no input grad collective for layer: mlp_column
info: no weight grad collective for layer: mlp_column
chunk size is: 20971520 , size is: 20971520 , layer_num is: 340 , node: 0
info: all-gather input grad collective issued for layer: attention_row, involved dimensions:  1, 0, 0, 0, 0, 0, 0, 0, 0, 0,
***** info: input gradient collective for layer: attention_row is finished************
info: no weight grad collective for layer: attention_row
info: all dims disabled, no input grad collective for layer: attention_column
info: no weight grad collective for layer: attention_column
chunk size is: 20971520 , size is: 20971520 , layer_num is: 338 , node: 0
info: all-gather input grad collective issued for layer: mlp_row, involved dimensions:  1, 0, 0, 0, 0, 0, 0, 0, 0, 0,
***** info: input gradient collective for layer: mlp_row is finished************
info: no weight grad collective for layer: mlp_row
info: all dims disabled, no input grad collective for layer: mlp_column
info: no weight grad collective for layer: mlp_column
chunk size is: 20971520 , size is: 20971520 , layer_num is: 336 , node: 0
info: all-gather input grad collective issued for layer: attention_row, involved dimensions:  1, 0, 0, 0, 0, 0, 0, 0, 0, 0,
***** info: input gradient collective for layer: attention_row is finished************
info: no weight grad collective for layer: attention_row
info: all dims disabled, no input grad collective for layer: attention_column
info: no weight grad collective for layer: attention_column
chunk size is: 20971520 , size is: 20971520 , layer_num is: 334 , node: 0
info: all-gather input grad collective issued for layer: mlp_row, involved dimensions:  1, 0, 0, 0, 0, 0, 0, 0, 0, 0,
***** info: input gradient collective for layer: mlp_row is finished************
info: no weight grad collective for layer: mlp_row
info: all dims disabled, no input grad collective for layer: mlp_column
info: no weight grad collective for layer: mlp_column
chunk size is: 20971520 , size is: 20971520 , layer_num is: 332 , node: 0
info: all-gather input grad collective issued for layer: attention_row, involved dimensions:  1, 0, 0, 0, 0, 0, 0, 0, 0, 0,
***** info: input gradient collective for layer: attention_row is finished************
info: no weight grad collective for layer: attention_row
info: all dims disabled, no input grad collective for layer: attention_column
info: no weight grad collective for layer: attention_column
info: no input grad collective for layer: embedding_layer
info: no weight grad collective for layer: embedding_layer
info: all dims disabled, no input grad collective for layer: final_column
info: no weight grad collective for layer: final_column
chunk size is: 20971520 , size is: 20971520 , layer_num is: 328 , node: 0
info: all-gather input grad collective issued for layer: mlp_row, involved dimensions:  1, 0, 0, 0, 0, 0, 0, 0, 0, 0,
***** info: input gradient collective for layer: mlp_row is finished************
info: no weight grad collective for layer: mlp_row
info: all dims disabled, no input grad collective for layer: mlp_column
info: no weight grad collective for layer: mlp_column
chunk size is: 20971520 , size is: 20971520 , layer_num is: 326 , node: 0
info: all-gather input grad collective issued for layer: attention_row, involved dimensions:  1, 0, 0, 0, 0, 0, 0, 0, 0, 0,
***** info: input gradient collective for layer: attention_row is finished************
info: no weight grad collective for layer: attention_row
info: all dims disabled, no input grad collective for layer: attention_column
info: no weight grad collective for layer: attention_column
chunk size is: 20971520 , size is: 20971520 , layer_num is: 324 , node: 0
info: all-gather input grad collective issued for layer: mlp_row, involved dimensions:  1, 0, 0, 0, 0, 0, 0, 0, 0, 0,
***** info: input gradient collective for layer: mlp_row is finished************
info: no weight grad collective for layer: mlp_row
info: all dims disabled, no input grad collective for layer: mlp_column
info: no weight grad collective for layer: mlp_column
chunk size is: 20971520 , size is: 20971520 , layer_num is: 322 , node: 0
info: all-gather input grad collective issued for layer: attention_row, involved dimensions:  1, 0, 0, 0, 0, 0, 0, 0, 0, 0,
***** info: input gradient collective for layer: attention_row is finished************
info: no weight grad collective for layer: attention_row
info: all dims disabled, no input grad collective for layer: attention_column
info: no weight grad collective for layer: attention_column
chunk size is: 20971520 , size is: 20971520 , layer_num is: 320 , node: 0
info: all-gather input grad collective issued for layer: mlp_row, involved dimensions:  1, 0, 0, 0, 0, 0, 0, 0, 0, 0,
***** info: input gradient collective for layer: mlp_row is finished************
info: no weight grad collective for layer: mlp_row
info: all dims disabled, no input grad collective for layer: mlp_column
info: no weight grad collective for layer: mlp_column
chunk size is: 20971520 , size is: 20971520 , layer_num is: 318 , node: 0
info: all-gather input grad collective issued for layer: attention_row, involved dimensions:  1, 0, 0, 0, 0, 0, 0, 0, 0, 0,
***** info: input gradient collective for layer: attention_row is finished************
info: no weight grad collective for layer: attention_row
info: all dims disabled, no input grad collective for layer: attention_column
info: no weight grad collective for layer: attention_column
chunk size is: 20971520 , size is: 20971520 , layer_num is: 316 , node: 0
info: all-gather input grad collective issued for layer: mlp_row, involved dimensions:  1, 0, 0, 0, 0, 0, 0, 0, 0, 0,
***** info: input gradient collective for layer: mlp_row is finished************
info: no weight grad collective for layer: mlp_row
info: all dims disabled, no input grad collective for layer: mlp_column
info: no weight grad collective for layer: mlp_column
chunk size is: 20971520 , size is: 20971520 , layer_num is: 314 , node: 0
info: all-gather input grad collective issued for layer: attention_row, involved dimensions:  1, 0, 0, 0, 0, 0, 0, 0, 0, 0,
***** info: input gradient collective for layer: attention_row is finished************
info: no weight grad collective for layer: attention_row
info: all dims disabled, no input grad collective for layer: attention_column
info: no weight grad collective for layer: attention_column
chunk size is: 20971520 , size is: 20971520 , layer_num is: 312 , node: 0
info: all-gather input grad collective issued for layer: mlp_row, involved dimensions:  1, 0, 0, 0, 0, 0, 0, 0, 0, 0,
***** info: input gradient collective for layer: mlp_row is finished************
info: no weight grad collective for layer: mlp_row
info: all dims disabled, no input grad collective for layer: mlp_column
info: no weight grad collective for layer: mlp_column
chunk size is: 20971520 , size is: 20971520 , layer_num is: 310 , node: 0
info: all-gather input grad collective issued for layer: attention_row, involved dimensions:  1, 0, 0, 0, 0, 0, 0, 0, 0, 0,
***** info: input gradient collective for layer: attention_row is finished************
info: no weight grad collective for layer: attention_row
info: all dims disabled, no input grad collective for layer: attention_column
info: no weight grad collective for layer: attention_column
chunk size is: 20971520 , size is: 20971520 , layer_num is: 308 , node: 0
info: all-gather input grad collective issued for layer: mlp_row, involved dimensions:  1, 0, 0, 0, 0, 0, 0, 0, 0, 0,
***** info: input gradient collective for layer: mlp_row is finished************
info: no weight grad collective for layer: mlp_row
info: all dims disabled, no input grad collective for layer: mlp_column
info: no weight grad collective for layer: mlp_column
chunk size is: 20971520 , size is: 20971520 , layer_num is: 306 , node: 0
info: all-gather input grad collective issued for layer: attention_row, involved dimensions:  1, 0, 0, 0, 0, 0, 0, 0, 0, 0,
***** info: input gradient collective for layer: attention_row is finished************
info: no weight grad collective for layer: attention_row
info: all dims disabled, no input grad collective for layer: attention_column
info: no weight grad collective for layer: attention_column
chunk size is: 20971520 , size is: 20971520 , layer_num is: 304 , node: 0
info: all-gather input grad collective issued for layer: mlp_row, involved dimensions:  1, 0, 0, 0, 0, 0, 0, 0, 0, 0,
***** info: input gradient collective for layer: mlp_row is finished************
info: no weight grad collective for layer: mlp_row
info: all dims disabled, no input grad collective for layer: mlp_column
info: no weight grad collective for layer: mlp_column
chunk size is: 20971520 , size is: 20971520 , layer_num is: 302 , node: 0
info: all-gather input grad collective issued for layer: attention_row, involved dimensions:  1, 0, 0, 0, 0, 0, 0, 0, 0, 0,
***** info: input gradient collective for layer: attention_row is finished************
info: no weight grad collective for layer: attention_row
info: all dims disabled, no input grad collective for layer: attention_column
info: no weight grad collective for layer: attention_column
chunk size is: 20971520 , size is: 20971520 , layer_num is: 300 , node: 0
info: all-gather input grad collective issued for layer: mlp_row, involved dimensions:  1, 0, 0, 0, 0, 0, 0, 0, 0, 0,
***** info: input gradient collective for layer: mlp_row is finished************
info: no weight grad collective for layer: mlp_row
info: all dims disabled, no input grad collective for layer: mlp_column
info: no weight grad collective for layer: mlp_column
chunk size is: 20971520 , size is: 20971520 , layer_num is: 298 , node: 0
info: all-gather input grad collective issued for layer: attention_row, involved dimensions:  1, 0, 0, 0, 0, 0, 0, 0, 0, 0,
***** info: input gradient collective for layer: attention_row is finished************
info: no weight grad collective for layer: attention_row
info: all dims disabled, no input grad collective for layer: attention_column
info: no weight grad collective for layer: attention_column
chunk size is: 20971520 , size is: 20971520 , layer_num is: 296 , node: 0
info: all-gather input grad collective issued for layer: mlp_row, involved dimensions:  1, 0, 0, 0, 0, 0, 0, 0, 0, 0,
***** info: input gradient collective for layer: mlp_row is finished************
info: no weight grad collective for layer: mlp_row
info: all dims disabled, no input grad collective for layer: mlp_column
info: no weight grad collective for layer: mlp_column
chunk size is: 20971520 , size is: 20971520 , layer_num is: 294 , node: 0
info: all-gather input grad collective issued for layer: attention_row, involved dimensions:  1, 0, 0, 0, 0, 0, 0, 0, 0, 0,
***** info: input gradient collective for layer: attention_row is finished************
info: no weight grad collective for layer: attention_row
info: all dims disabled, no input grad collective for layer: attention_column
info: no weight grad collective for layer: attention_column
chunk size is: 20971520 , size is: 20971520 , layer_num is: 292 , node: 0
info: all-gather input grad collective issued for layer: mlp_row, involved dimensions:  1, 0, 0, 0, 0, 0, 0, 0, 0, 0,
***** info: input gradient collective for layer: mlp_row is finished************
info: no weight grad collective for layer: mlp_row
info: all dims disabled, no input grad collective for layer: mlp_column
info: no weight grad collective for layer: mlp_column
chunk size is: 20971520 , size is: 20971520 , layer_num is: 290 , node: 0
info: all-gather input grad collective issued for layer: attention_row, involved dimensions:  1, 0, 0, 0, 0, 0, 0, 0, 0, 0,
***** info: input gradient collective for layer: attention_row is finished************
info: no weight grad collective for layer: attention_row
info: all dims disabled, no input grad collective for layer: attention_column
info: no weight grad collective for layer: attention_column
chunk size is: 20971520 , size is: 20971520 , layer_num is: 288 , node: 0
info: all-gather input grad collective issued for layer: mlp_row, involved dimensions:  1, 0, 0, 0, 0, 0, 0, 0, 0, 0,
***** info: input gradient collective for layer: mlp_row is finished************
info: no weight grad collective for layer: mlp_row
info: all dims disabled, no input grad collective for layer: mlp_column
info: no weight grad collective for layer: mlp_column
chunk size is: 20971520 , size is: 20971520 , layer_num is: 286 , node: 0
info: all-gather input grad collective issued for layer: attention_row, involved dimensions:  1, 0, 0, 0, 0, 0, 0, 0, 0, 0,
***** info: input gradient collective for layer: attention_row is finished************
info: no weight grad collective for layer: attention_row
info: all dims disabled, no input grad collective for layer: attention_column
info: no weight grad collective for layer: attention_column
chunk size is: 20971520 , size is: 20971520 , layer_num is: 284 , node: 0
info: all-gather input grad collective issued for layer: mlp_row, involved dimensions:  1, 0, 0, 0, 0, 0, 0, 0, 0, 0,
***** info: input gradient collective for layer: mlp_row is finished************
info: no weight grad collective for layer: mlp_row
info: all dims disabled, no input grad collective for layer: mlp_column
info: no weight grad collective for layer: mlp_column
chunk size is: 20971520 , size is: 20971520 , layer_num is: 282 , node: 0
info: all-gather input grad collective issued for layer: attention_row, involved dimensions:  1, 0, 0, 0, 0, 0, 0, 0, 0, 0,
***** info: input gradient collective for layer: attention_row is finished************
info: no weight grad collective for layer: attention_row
info: all dims disabled, no input grad collective for layer: attention_column
info: no weight grad collective for layer: attention_column
chunk size is: 20971520 , size is: 20971520 , layer_num is: 280 , node: 0
info: all-gather input grad collective issued for layer: mlp_row, involved dimensions:  1, 0, 0, 0, 0, 0, 0, 0, 0, 0,
***** info: input gradient collective for layer: mlp_row is finished************
info: no weight grad collective for layer: mlp_row
info: all dims disabled, no input grad collective for layer: mlp_column
info: no weight grad collective for layer: mlp_column
chunk size is: 20971520 , size is: 20971520 , layer_num is: 278 , node: 0
info: all-gather input grad collective issued for layer: attention_row, involved dimensions:  1, 0, 0, 0, 0, 0, 0, 0, 0, 0,
***** info: input gradient collective for layer: attention_row is finished************
info: no weight grad collective for layer: attention_row
info: all dims disabled, no input grad collective for layer: attention_column
info: no weight grad collective for layer: attention_column
chunk size is: 20971520 , size is: 20971520 , layer_num is: 276 , node: 0
info: all-gather input grad collective issued for layer: mlp_row, involved dimensions:  1, 0, 0, 0, 0, 0, 0, 0, 0, 0,
***** info: input gradient collective for layer: mlp_row is finished************
info: no weight grad collective for layer: mlp_row
info: all dims disabled, no input grad collective for layer: mlp_column
info: no weight grad collective for layer: mlp_column
chunk size is: 20971520 , size is: 20971520 , layer_num is: 274 , node: 0
info: all-gather input grad collective issued for layer: attention_row, involved dimensions:  1, 0, 0, 0, 0, 0, 0, 0, 0, 0,
***** info: input gradient collective for layer: attention_row is finished************
info: no weight grad collective for layer: attention_row
info: all dims disabled, no input grad collective for layer: attention_column
info: no weight grad collective for layer: attention_column
chunk size is: 20971520 , size is: 20971520 , layer_num is: 272 , node: 0
info: all-gather input grad collective issued for layer: mlp_row, involved dimensions:  1, 0, 0, 0, 0, 0, 0, 0, 0, 0,
***** info: input gradient collective for layer: mlp_row is finished************
info: no weight grad collective for layer: mlp_row
info: all dims disabled, no input grad collective for layer: mlp_column
info: no weight grad collective for layer: mlp_column
chunk size is: 20971520 , size is: 20971520 , layer_num is: 270 , node: 0
info: all-gather input grad collective issued for layer: attention_row, involved dimensions:  1, 0, 0, 0, 0, 0, 0, 0, 0, 0,
***** info: input gradient collective for layer: attention_row is finished************
info: no weight grad collective for layer: attention_row
info: all dims disabled, no input grad collective for layer: attention_column
info: no weight grad collective for layer: attention_column
chunk size is: 20971520 , size is: 20971520 , layer_num is: 268 , node: 0
info: all-gather input grad collective issued for layer: mlp_row, involved dimensions:  1, 0, 0, 0, 0, 0, 0, 0, 0, 0,
***** info: input gradient collective for layer: mlp_row is finished************
info: no weight grad collective for layer: mlp_row
info: all dims disabled, no input grad collective for layer: mlp_column
info: no weight grad collective for layer: mlp_column
chunk size is: 20971520 , size is: 20971520 , layer_num is: 266 , node: 0
info: all-gather input grad collective issued for layer: attention_row, involved dimensions:  1, 0, 0, 0, 0, 0, 0, 0, 0, 0,
***** info: input gradient collective for layer: attention_row is finished************
info: no weight grad collective for layer: attention_row
info: all dims disabled, no input grad collective for layer: attention_column
info: no weight grad collective for layer: attention_column
chunk size is: 20971520 , size is: 20971520 , layer_num is: 264 , node: 0
info: all-gather input grad collective issued for layer: mlp_row, involved dimensions:  1, 0, 0, 0, 0, 0, 0, 0, 0, 0,
***** info: input gradient collective for layer: mlp_row is finished************
info: no weight grad collective for layer: mlp_row
info: all dims disabled, no input grad collective for layer: mlp_column
info: no weight grad collective for layer: mlp_column
chunk size is: 20971520 , size is: 20971520 , layer_num is: 262 , node: 0
info: all-gather input grad collective issued for layer: attention_row, involved dimensions:  1, 0, 0, 0, 0, 0, 0, 0, 0, 0,
***** info: input gradient collective for layer: attention_row is finished************
info: no weight grad collective for layer: attention_row
info: all dims disabled, no input grad collective for layer: attention_column
info: no weight grad collective for layer: attention_column
chunk size is: 20971520 , size is: 20971520 , layer_num is: 260 , node: 0
info: all-gather input grad collective issued for layer: mlp_row, involved dimensions:  1, 0, 0, 0, 0, 0, 0, 0, 0, 0,
***** info: input gradient collective for layer: mlp_row is finished************
info: no weight grad collective for layer: mlp_row
info: all dims disabled, no input grad collective for layer: mlp_column
info: no weight grad collective for layer: mlp_column
chunk size is: 20971520 , size is: 20971520 , layer_num is: 258 , node: 0
info: all-gather input grad collective issued for layer: attention_row, involved dimensions:  1, 0, 0, 0, 0, 0, 0, 0, 0, 0,
***** info: input gradient collective for layer: attention_row is finished************
info: no weight grad collective for layer: attention_row
info: all dims disabled, no input grad collective for layer: attention_column
info: no weight grad collective for layer: attention_column
chunk size is: 20971520 , size is: 20971520 , layer_num is: 256 , node: 0
info: all-gather input grad collective issued for layer: mlp_row, involved dimensions:  1, 0, 0, 0, 0, 0, 0, 0, 0, 0,
***** info: input gradient collective for layer: mlp_row is finished************
info: no weight grad collective for layer: mlp_row
info: all dims disabled, no input grad collective for layer: mlp_column
info: no weight grad collective for layer: mlp_column
chunk size is: 20971520 , size is: 20971520 , layer_num is: 254 , node: 0
info: all-gather input grad collective issued for layer: attention_row, involved dimensions:  1, 0, 0, 0, 0, 0, 0, 0, 0, 0,
***** info: input gradient collective for layer: attention_row is finished************
info: no weight grad collective for layer: attention_row
info: all dims disabled, no input grad collective for layer: attention_column
info: no weight grad collective for layer: attention_column
chunk size is: 20971520 , size is: 20971520 , layer_num is: 252 , node: 0
info: all-gather input grad collective issued for layer: mlp_row, involved dimensions:  1, 0, 0, 0, 0, 0, 0, 0, 0, 0,
***** info: input gradient collective for layer: mlp_row is finished************
info: no weight grad collective for layer: mlp_row
info: all dims disabled, no input grad collective for layer: mlp_column
info: no weight grad collective for layer: mlp_column
chunk size is: 20971520 , size is: 20971520 , layer_num is: 250 , node: 0
info: all-gather input grad collective issued for layer: attention_row, involved dimensions:  1, 0, 0, 0, 0, 0, 0, 0, 0, 0,
***** info: input gradient collective for layer: attention_row is finished************
info: no weight grad collective for layer: attention_row
info: all dims disabled, no input grad collective for layer: attention_column
info: no weight grad collective for layer: attention_column
chunk size is: 20971520 , size is: 20971520 , layer_num is: 248 , node: 0
info: all-gather input grad collective issued for layer: mlp_row, involved dimensions:  1, 0, 0, 0, 0, 0, 0, 0, 0, 0,
***** info: input gradient collective for layer: mlp_row is finished************
info: no weight grad collective for layer: mlp_row
info: all dims disabled, no input grad collective for layer: mlp_column
info: no weight grad collective for layer: mlp_column
chunk size is: 20971520 , size is: 20971520 , layer_num is: 246 , node: 0
info: all-gather input grad collective issued for layer: attention_row, involved dimensions:  1, 0, 0, 0, 0, 0, 0, 0, 0, 0,
***** info: input gradient collective for layer: attention_row is finished************
info: no weight grad collective for layer: attention_row
info: all dims disabled, no input grad collective for layer: attention_column
info: no weight grad collective for layer: attention_column
chunk size is: 20971520 , size is: 20971520 , layer_num is: 244 , node: 0
info: all-gather input grad collective issued for layer: mlp_row, involved dimensions:  1, 0, 0, 0, 0, 0, 0, 0, 0, 0,
***** info: input gradient collective for layer: mlp_row is finished************
info: no weight grad collective for layer: mlp_row
info: all dims disabled, no input grad collective for layer: mlp_column
info: no weight grad collective for layer: mlp_column
chunk size is: 20971520 , size is: 20971520 , layer_num is: 242 , node: 0
info: all-gather input grad collective issued for layer: attention_row, involved dimensions:  1, 0, 0, 0, 0, 0, 0, 0, 0, 0,
***** info: input gradient collective for layer: attention_row is finished************
info: no weight grad collective for layer: attention_row
info: all dims disabled, no input grad collective for layer: attention_column
info: no weight grad collective for layer: attention_column
chunk size is: 20971520 , size is: 20971520 , layer_num is: 240 , node: 0
info: all-gather input grad collective issued for layer: mlp_row, involved dimensions:  1, 0, 0, 0, 0, 0, 0, 0, 0, 0,
***** info: input gradient collective for layer: mlp_row is finished************
info: no weight grad collective for layer: mlp_row
info: all dims disabled, no input grad collective for layer: mlp_column
info: no weight grad collective for layer: mlp_column
chunk size is: 20971520 , size is: 20971520 , layer_num is: 238 , node: 0
info: all-gather input grad collective issued for layer: attention_row, involved dimensions:  1, 0, 0, 0, 0, 0, 0, 0, 0, 0,
***** info: input gradient collective for layer: attention_row is finished************
info: no weight grad collective for layer: attention_row
info: all dims disabled, no input grad collective for layer: attention_column
info: no weight grad collective for layer: attention_column
chunk size is: 20971520 , size is: 20971520 , layer_num is: 236 , node: 0
info: all-gather input grad collective issued for layer: mlp_row, involved dimensions:  1, 0, 0, 0, 0, 0, 0, 0, 0, 0,
***** info: input gradient collective for layer: mlp_row is finished************
info: no weight grad collective for layer: mlp_row
info: all dims disabled, no input grad collective for layer: mlp_column
info: no weight grad collective for layer: mlp_column
chunk size is: 20971520 , size is: 20971520 , layer_num is: 234 , node: 0
info: all-gather input grad collective issued for layer: attention_row, involved dimensions:  1, 0, 0, 0, 0, 0, 0, 0, 0, 0,
***** info: input gradient collective for layer: attention_row is finished************
info: no weight grad collective for layer: attention_row
info: all dims disabled, no input grad collective for layer: attention_column
info: no weight grad collective for layer: attention_column
chunk size is: 20971520 , size is: 20971520 , layer_num is: 232 , node: 0
info: all-gather input grad collective issued for layer: mlp_row, involved dimensions:  1, 0, 0, 0, 0, 0, 0, 0, 0, 0,
***** info: input gradient collective for layer: mlp_row is finished************
info: no weight grad collective for layer: mlp_row
info: all dims disabled, no input grad collective for layer: mlp_column
info: no weight grad collective for layer: mlp_column
chunk size is: 20971520 , size is: 20971520 , layer_num is: 230 , node: 0
info: all-gather input grad collective issued for layer: attention_row, involved dimensions:  1, 0, 0, 0, 0, 0, 0, 0, 0, 0,
***** info: input gradient collective for layer: attention_row is finished************
info: no weight grad collective for layer: attention_row
info: all dims disabled, no input grad collective for layer: attention_column
info: no weight grad collective for layer: attention_column
chunk size is: 20971520 , size is: 20971520 , layer_num is: 228 , node: 0
info: all-gather input grad collective issued for layer: mlp_row, involved dimensions:  1, 0, 0, 0, 0, 0, 0, 0, 0, 0,
***** info: input gradient collective for layer: mlp_row is finished************
info: no weight grad collective for layer: mlp_row
info: all dims disabled, no input grad collective for layer: mlp_column
info: no weight grad collective for layer: mlp_column
chunk size is: 20971520 , size is: 20971520 , layer_num is: 226 , node: 0
info: all-gather input grad collective issued for layer: attention_row, involved dimensions:  1, 0, 0, 0, 0, 0, 0, 0, 0, 0,
***** info: input gradient collective for layer: attention_row is finished************
info: no weight grad collective for layer: attention_row
info: all dims disabled, no input grad collective for layer: attention_column
info: no weight grad collective for layer: attention_column
chunk size is: 20971520 , size is: 20971520 , layer_num is: 224 , node: 0
info: all-gather input grad collective issued for layer: mlp_row, involved dimensions:  1, 0, 0, 0, 0, 0, 0, 0, 0, 0,
***** info: input gradient collective for layer: mlp_row is finished************
info: no weight grad collective for layer: mlp_row
info: all dims disabled, no input grad collective for layer: mlp_column
info: no weight grad collective for layer: mlp_column
chunk size is: 20971520 , size is: 20971520 , layer_num is: 222 , node: 0
info: all-gather input grad collective issued for layer: attention_row, involved dimensions:  1, 0, 0, 0, 0, 0, 0, 0, 0, 0,
***** info: input gradient collective for layer: attention_row is finished************
info: no weight grad collective for layer: attention_row
info: all dims disabled, no input grad collective for layer: attention_column
info: no weight grad collective for layer: attention_column
chunk size is: 20971520 , size is: 20971520 , layer_num is: 220 , node: 0
info: all-gather input grad collective issued for layer: mlp_row, involved dimensions:  1, 0, 0, 0, 0, 0, 0, 0, 0, 0,
***** info: input gradient collective for layer: mlp_row is finished************
info: no weight grad collective for layer: mlp_row
info: all dims disabled, no input grad collective for layer: mlp_column
info: no weight grad collective for layer: mlp_column
chunk size is: 20971520 , size is: 20971520 , layer_num is: 218 , node: 0
info: all-gather input grad collective issued for layer: attention_row, involved dimensions:  1, 0, 0, 0, 0, 0, 0, 0, 0, 0,
***** info: input gradient collective for layer: attention_row is finished************
info: no weight grad collective for layer: attention_row
info: all dims disabled, no input grad collective for layer: attention_column
info: no weight grad collective for layer: attention_column
chunk size is: 20971520 , size is: 20971520 , layer_num is: 216 , node: 0
info: all-gather input grad collective issued for layer: mlp_row, involved dimensions:  1, 0, 0, 0, 0, 0, 0, 0, 0, 0,
***** info: input gradient collective for layer: mlp_row is finished************
info: no weight grad collective for layer: mlp_row
info: all dims disabled, no input grad collective for layer: mlp_column
info: no weight grad collective for layer: mlp_column
chunk size is: 20971520 , size is: 20971520 , layer_num is: 214 , node: 0
info: all-gather input grad collective issued for layer: attention_row, involved dimensions:  1, 0, 0, 0, 0, 0, 0, 0, 0, 0,
***** info: input gradient collective for layer: attention_row is finished************
info: no weight grad collective for layer: attention_row
info: all dims disabled, no input grad collective for layer: attention_column
info: no weight grad collective for layer: attention_column
chunk size is: 20971520 , size is: 20971520 , layer_num is: 212 , node: 0
info: all-gather input grad collective issued for layer: mlp_row, involved dimensions:  1, 0, 0, 0, 0, 0, 0, 0, 0, 0,
***** info: input gradient collective for layer: mlp_row is finished************
info: no weight grad collective for layer: mlp_row
info: all dims disabled, no input grad collective for layer: mlp_column
info: no weight grad collective for layer: mlp_column
chunk size is: 20971520 , size is: 20971520 , layer_num is: 210 , node: 0
info: all-gather input grad collective issued for layer: attention_row, involved dimensions:  1, 0, 0, 0, 0, 0, 0, 0, 0, 0,
***** info: input gradient collective for layer: attention_row is finished************
info: no weight grad collective for layer: attention_row
info: all dims disabled, no input grad collective for layer: attention_column
info: no weight grad collective for layer: attention_column
chunk size is: 20971520 , size is: 20971520 , layer_num is: 208 , node: 0
info: all-gather input grad collective issued for layer: mlp_row, involved dimensions:  1, 0, 0, 0, 0, 0, 0, 0, 0, 0,
***** info: input gradient collective for layer: mlp_row is finished************
info: no weight grad collective for layer: mlp_row
info: all dims disabled, no input grad collective for layer: mlp_column
info: no weight grad collective for layer: mlp_column
chunk size is: 20971520 , size is: 20971520 , layer_num is: 206 , node: 0
info: all-gather input grad collective issued for layer: attention_row, involved dimensions:  1, 0, 0, 0, 0, 0, 0, 0, 0, 0,
***** info: input gradient collective for layer: attention_row is finished************
info: no weight grad collective for layer: attention_row
info: all dims disabled, no input grad collective for layer: attention_column
info: no weight grad collective for layer: attention_column
chunk size is: 20971520 , size is: 20971520 , layer_num is: 204 , node: 0
info: all-gather input grad collective issued for layer: mlp_row, involved dimensions:  1, 0, 0, 0, 0, 0, 0, 0, 0, 0,
***** info: input gradient collective for layer: mlp_row is finished************
info: no weight grad collective for layer: mlp_row
info: all dims disabled, no input grad collective for layer: mlp_column
info: no weight grad collective for layer: mlp_column
chunk size is: 20971520 , size is: 20971520 , layer_num is: 202 , node: 0
info: all-gather input grad collective issued for layer: attention_row, involved dimensions:  1, 0, 0, 0, 0, 0, 0, 0, 0, 0,
***** info: input gradient collective for layer: attention_row is finished************
info: no weight grad collective for layer: attention_row
info: all dims disabled, no input grad collective for layer: attention_column
info: no weight grad collective for layer: attention_column
chunk size is: 20971520 , size is: 20971520 , layer_num is: 200 , node: 0
info: all-gather input grad collective issued for layer: mlp_row, involved dimensions:  1, 0, 0, 0, 0, 0, 0, 0, 0, 0,
***** info: input gradient collective for layer: mlp_row is finished************
info: no weight grad collective for layer: mlp_row
info: all dims disabled, no input grad collective for layer: mlp_column
info: no weight grad collective for layer: mlp_column
chunk size is: 20971520 , size is: 20971520 , layer_num is: 198 , node: 0
info: all-gather input grad collective issued for layer: attention_row, involved dimensions:  1, 0, 0, 0, 0, 0, 0, 0, 0, 0,
***** info: input gradient collective for layer: attention_row is finished************
info: no weight grad collective for layer: attention_row
info: all dims disabled, no input grad collective for layer: attention_column
info: no weight grad collective for layer: attention_column
chunk size is: 20971520 , size is: 20971520 , layer_num is: 196 , node: 0
info: all-gather input grad collective issued for layer: mlp_row, involved dimensions:  1, 0, 0, 0, 0, 0, 0, 0, 0, 0,
***** info: input gradient collective for layer: mlp_row is finished************
info: no weight grad collective for layer: mlp_row
info: all dims disabled, no input grad collective for layer: mlp_column
info: no weight grad collective for layer: mlp_column
chunk size is: 20971520 , size is: 20971520 , layer_num is: 194 , node: 0
info: all-gather input grad collective issued for layer: attention_row, involved dimensions:  1, 0, 0, 0, 0, 0, 0, 0, 0, 0,
***** info: input gradient collective for layer: attention_row is finished************
info: no weight grad collective for layer: attention_row
info: all dims disabled, no input grad collective for layer: attention_column
info: no weight grad collective for layer: attention_column
chunk size is: 20971520 , size is: 20971520 , layer_num is: 192 , node: 0
info: all-gather input grad collective issued for layer: mlp_row, involved dimensions:  1, 0, 0, 0, 0, 0, 0, 0, 0, 0,
***** info: input gradient collective for layer: mlp_row is finished************
info: no weight grad collective for layer: mlp_row
info: all dims disabled, no input grad collective for layer: mlp_column
info: no weight grad collective for layer: mlp_column
chunk size is: 20971520 , size is: 20971520 , layer_num is: 190 , node: 0
info: all-gather input grad collective issued for layer: attention_row, involved dimensions:  1, 0, 0, 0, 0, 0, 0, 0, 0, 0,
***** info: input gradient collective for layer: attention_row is finished************
info: no weight grad collective for layer: attention_row
info: all dims disabled, no input grad collective for layer: attention_column
info: no weight grad collective for layer: attention_column
chunk size is: 20971520 , size is: 20971520 , layer_num is: 188 , node: 0
info: all-gather input grad collective issued for layer: mlp_row, involved dimensions:  1, 0, 0, 0, 0, 0, 0, 0, 0, 0,
***** info: input gradient collective for layer: mlp_row is finished************
info: no weight grad collective for layer: mlp_row
info: all dims disabled, no input grad collective for layer: mlp_column
info: no weight grad collective for layer: mlp_column
chunk size is: 20971520 , size is: 20971520 , layer_num is: 186 , node: 0
info: all-gather input grad collective issued for layer: attention_row, involved dimensions:  1, 0, 0, 0, 0, 0, 0, 0, 0, 0,
***** info: input gradient collective for layer: attention_row is finished************
info: no weight grad collective for layer: attention_row
info: all dims disabled, no input grad collective for layer: attention_column
info: no weight grad collective for layer: attention_column
chunk size is: 20971520 , size is: 20971520 , layer_num is: 184 , node: 0
info: all-gather input grad collective issued for layer: mlp_row, involved dimensions:  1, 0, 0, 0, 0, 0, 0, 0, 0, 0,
***** info: input gradient collective for layer: mlp_row is finished************
info: no weight grad collective for layer: mlp_row
info: all dims disabled, no input grad collective for layer: mlp_column
info: no weight grad collective for layer: mlp_column
chunk size is: 20971520 , size is: 20971520 , layer_num is: 182 , node: 0
info: all-gather input grad collective issued for layer: attention_row, involved dimensions:  1, 0, 0, 0, 0, 0, 0, 0, 0, 0,
***** info: input gradient collective for layer: attention_row is finished************
info: no weight grad collective for layer: attention_row
info: all dims disabled, no input grad collective for layer: attention_column
info: no weight grad collective for layer: attention_column
chunk size is: 20971520 , size is: 20971520 , layer_num is: 180 , node: 0
info: all-gather input grad collective issued for layer: mlp_row, involved dimensions:  1, 0, 0, 0, 0, 0, 0, 0, 0, 0,
***** info: input gradient collective for layer: mlp_row is finished************
info: no weight grad collective for layer: mlp_row
info: all dims disabled, no input grad collective for layer: mlp_column
info: no weight grad collective for layer: mlp_column
chunk size is: 20971520 , size is: 20971520 , layer_num is: 178 , node: 0
info: all-gather input grad collective issued for layer: attention_row, involved dimensions:  1, 0, 0, 0, 0, 0, 0, 0, 0, 0,
***** info: input gradient collective for layer: attention_row is finished************
info: no weight grad collective for layer: attention_row
info: all dims disabled, no input grad collective for layer: attention_column
info: no weight grad collective for layer: attention_column
chunk size is: 20971520 , size is: 20971520 , layer_num is: 176 , node: 0
info: all-gather input grad collective issued for layer: mlp_row, involved dimensions:  1, 0, 0, 0, 0, 0, 0, 0, 0, 0,
***** info: input gradient collective for layer: mlp_row is finished************
info: no weight grad collective for layer: mlp_row
info: all dims disabled, no input grad collective for layer: mlp_column
info: no weight grad collective for layer: mlp_column
chunk size is: 20971520 , size is: 20971520 , layer_num is: 174 , node: 0
info: all-gather input grad collective issued for layer: attention_row, involved dimensions:  1, 0, 0, 0, 0, 0, 0, 0, 0, 0,
***** info: input gradient collective for layer: attention_row is finished************
info: no weight grad collective for layer: attention_row
info: all dims disabled, no input grad collective for layer: attention_column
info: no weight grad collective for layer: attention_column
chunk size is: 20971520 , size is: 20971520 , layer_num is: 172 , node: 0
info: all-gather input grad collective issued for layer: mlp_row, involved dimensions:  1, 0, 0, 0, 0, 0, 0, 0, 0, 0,
***** info: input gradient collective for layer: mlp_row is finished************
info: no weight grad collective for layer: mlp_row
info: all dims disabled, no input grad collective for layer: mlp_column
info: no weight grad collective for layer: mlp_column
chunk size is: 20971520 , size is: 20971520 , layer_num is: 170 , node: 0
info: all-gather input grad collective issued for layer: attention_row, involved dimensions:  1, 0, 0, 0, 0, 0, 0, 0, 0, 0,
***** info: input gradient collective for layer: attention_row is finished************
info: no weight grad collective for layer: attention_row
info: all dims disabled, no input grad collective for layer: attention_column
info: no weight grad collective for layer: attention_column
info: no input grad collective for layer: embedding_layer
info: no weight grad collective for layer: embedding_layer
info: all dims disabled, no input grad collective for layer: final_column
info: no weight grad collective for layer: final_column
chunk size is: 20971520 , size is: 20971520 , layer_num is: 166 , node: 0
info: all-gather input grad collective issued for layer: mlp_row, involved dimensions:  1, 0, 0, 0, 0, 0, 0, 0, 0, 0,
***** info: input gradient collective for layer: mlp_row is finished************
info: no weight grad collective for layer: mlp_row
info: all dims disabled, no input grad collective for layer: mlp_column
info: no weight grad collective for layer: mlp_column
chunk size is: 20971520 , size is: 20971520 , layer_num is: 164 , node: 0
info: all-gather input grad collective issued for layer: attention_row, involved dimensions:  1, 0, 0, 0, 0, 0, 0, 0, 0, 0,
***** info: input gradient collective for layer: attention_row is finished************
info: no weight grad collective for layer: attention_row
info: all dims disabled, no input grad collective for layer: attention_column
info: no weight grad collective for layer: attention_column
chunk size is: 20971520 , size is: 20971520 , layer_num is: 162 , node: 0
info: all-gather input grad collective issued for layer: mlp_row, involved dimensions:  1, 0, 0, 0, 0, 0, 0, 0, 0, 0,
***** info: input gradient collective for layer: mlp_row is finished************
info: no weight grad collective for layer: mlp_row
info: all dims disabled, no input grad collective for layer: mlp_column
info: no weight grad collective for layer: mlp_column
chunk size is: 20971520 , size is: 20971520 , layer_num is: 160 , node: 0
info: all-gather input grad collective issued for layer: attention_row, involved dimensions:  1, 0, 0, 0, 0, 0, 0, 0, 0, 0,
***** info: input gradient collective for layer: attention_row is finished************
info: no weight grad collective for layer: attention_row
info: all dims disabled, no input grad collective for layer: attention_column
info: no weight grad collective for layer: attention_column
chunk size is: 20971520 , size is: 20971520 , layer_num is: 158 , node: 0
info: all-gather input grad collective issued for layer: mlp_row, involved dimensions:  1, 0, 0, 0, 0, 0, 0, 0, 0, 0,
***** info: input gradient collective for layer: mlp_row is finished************
info: no weight grad collective for layer: mlp_row
info: all dims disabled, no input grad collective for layer: mlp_column
info: no weight grad collective for layer: mlp_column
chunk size is: 20971520 , size is: 20971520 , layer_num is: 156 , node: 0
info: all-gather input grad collective issued for layer: attention_row, involved dimensions:  1, 0, 0, 0, 0, 0, 0, 0, 0, 0,
***** info: input gradient collective for layer: attention_row is finished************
info: no weight grad collective for layer: attention_row
info: all dims disabled, no input grad collective for layer: attention_column
info: no weight grad collective for layer: attention_column
chunk size is: 20971520 , size is: 20971520 , layer_num is: 154 , node: 0
info: all-gather input grad collective issued for layer: mlp_row, involved dimensions:  1, 0, 0, 0, 0, 0, 0, 0, 0, 0,
***** info: input gradient collective for layer: mlp_row is finished************
info: no weight grad collective for layer: mlp_row
info: all dims disabled, no input grad collective for layer: mlp_column
info: no weight grad collective for layer: mlp_column
chunk size is: 20971520 , size is: 20971520 , layer_num is: 152 , node: 0
info: all-gather input grad collective issued for layer: attention_row, involved dimensions:  1, 0, 0, 0, 0, 0, 0, 0, 0, 0,
***** info: input gradient collective for layer: attention_row is finished************
info: no weight grad collective for layer: attention_row
info: all dims disabled, no input grad collective for layer: attention_column
info: no weight grad collective for layer: attention_column
chunk size is: 20971520 , size is: 20971520 , layer_num is: 150 , node: 0
info: all-gather input grad collective issued for layer: mlp_row, involved dimensions:  1, 0, 0, 0, 0, 0, 0, 0, 0, 0,
***** info: input gradient collective for layer: mlp_row is finished************
info: no weight grad collective for layer: mlp_row
info: all dims disabled, no input grad collective for layer: mlp_column
info: no weight grad collective for layer: mlp_column
chunk size is: 20971520 , size is: 20971520 , layer_num is: 148 , node: 0
info: all-gather input grad collective issued for layer: attention_row, involved dimensions:  1, 0, 0, 0, 0, 0, 0, 0, 0, 0,
***** info: input gradient collective for layer: attention_row is finished************
info: no weight grad collective for layer: attention_row
info: all dims disabled, no input grad collective for layer: attention_column
info: no weight grad collective for layer: attention_column
chunk size is: 20971520 , size is: 20971520 , layer_num is: 146 , node: 0
info: all-gather input grad collective issued for layer: mlp_row, involved dimensions:  1, 0, 0, 0, 0, 0, 0, 0, 0, 0,
***** info: input gradient collective for layer: mlp_row is finished************
info: no weight grad collective for layer: mlp_row
info: all dims disabled, no input grad collective for layer: mlp_column
info: no weight grad collective for layer: mlp_column
chunk size is: 20971520 , size is: 20971520 , layer_num is: 144 , node: 0
info: all-gather input grad collective issued for layer: attention_row, involved dimensions:  1, 0, 0, 0, 0, 0, 0, 0, 0, 0,
***** info: input gradient collective for layer: attention_row is finished************
info: no weight grad collective for layer: attention_row
info: all dims disabled, no input grad collective for layer: attention_column
info: no weight grad collective for layer: attention_column
chunk size is: 20971520 , size is: 20971520 , layer_num is: 142 , node: 0
info: all-gather input grad collective issued for layer: mlp_row, involved dimensions:  1, 0, 0, 0, 0, 0, 0, 0, 0, 0,
***** info: input gradient collective for layer: mlp_row is finished************
info: no weight grad collective for layer: mlp_row
info: all dims disabled, no input grad collective for layer: mlp_column
info: no weight grad collective for layer: mlp_column
chunk size is: 20971520 , size is: 20971520 , layer_num is: 140 , node: 0
info: all-gather input grad collective issued for layer: attention_row, involved dimensions:  1, 0, 0, 0, 0, 0, 0, 0, 0, 0,
***** info: input gradient collective for layer: attention_row is finished************
info: no weight grad collective for layer: attention_row
info: all dims disabled, no input grad collective for layer: attention_column
info: no weight grad collective for layer: attention_column
chunk size is: 20971520 , size is: 20971520 , layer_num is: 138 , node: 0
info: all-gather input grad collective issued for layer: mlp_row, involved dimensions:  1, 0, 0, 0, 0, 0, 0, 0, 0, 0,
***** info: input gradient collective for layer: mlp_row is finished************
info: no weight grad collective for layer: mlp_row
info: all dims disabled, no input grad collective for layer: mlp_column
info: no weight grad collective for layer: mlp_column
chunk size is: 20971520 , size is: 20971520 , layer_num is: 136 , node: 0
info: all-gather input grad collective issued for layer: attention_row, involved dimensions:  1, 0, 0, 0, 0, 0, 0, 0, 0, 0,
***** info: input gradient collective for layer: attention_row is finished************
info: no weight grad collective for layer: attention_row
info: all dims disabled, no input grad collective for layer: attention_column
info: no weight grad collective for layer: attention_column
chunk size is: 20971520 , size is: 20971520 , layer_num is: 134 , node: 0
info: all-gather input grad collective issued for layer: mlp_row, involved dimensions:  1, 0, 0, 0, 0, 0, 0, 0, 0, 0,
***** info: input gradient collective for layer: mlp_row is finished************
info: no weight grad collective for layer: mlp_row
info: all dims disabled, no input grad collective for layer: mlp_column
info: no weight grad collective for layer: mlp_column
chunk size is: 20971520 , size is: 20971520 , layer_num is: 132 , node: 0
info: all-gather input grad collective issued for layer: attention_row, involved dimensions:  1, 0, 0, 0, 0, 0, 0, 0, 0, 0,
***** info: input gradient collective for layer: attention_row is finished************
info: no weight grad collective for layer: attention_row
info: all dims disabled, no input grad collective for layer: attention_column
info: no weight grad collective for layer: attention_column
chunk size is: 20971520 , size is: 20971520 , layer_num is: 130 , node: 0
info: all-gather input grad collective issued for layer: mlp_row, involved dimensions:  1, 0, 0, 0, 0, 0, 0, 0, 0, 0,
***** info: input gradient collective for layer: mlp_row is finished************
info: no weight grad collective for layer: mlp_row
info: all dims disabled, no input grad collective for layer: mlp_column
info: no weight grad collective for layer: mlp_column
chunk size is: 20971520 , size is: 20971520 , layer_num is: 128 , node: 0
info: all-gather input grad collective issued for layer: attention_row, involved dimensions:  1, 0, 0, 0, 0, 0, 0, 0, 0, 0,
***** info: input gradient collective for layer: attention_row is finished************
info: no weight grad collective for layer: attention_row
info: all dims disabled, no input grad collective for layer: attention_column
info: no weight grad collective for layer: attention_column
chunk size is: 20971520 , size is: 20971520 , layer_num is: 126 , node: 0
info: all-gather input grad collective issued for layer: mlp_row, involved dimensions:  1, 0, 0, 0, 0, 0, 0, 0, 0, 0,
***** info: input gradient collective for layer: mlp_row is finished************
info: no weight grad collective for layer: mlp_row
info: all dims disabled, no input grad collective for layer: mlp_column
info: no weight grad collective for layer: mlp_column
chunk size is: 20971520 , size is: 20971520 , layer_num is: 124 , node: 0
info: all-gather input grad collective issued for layer: attention_row, involved dimensions:  1, 0, 0, 0, 0, 0, 0, 0, 0, 0,
***** info: input gradient collective for layer: attention_row is finished************
info: no weight grad collective for layer: attention_row
info: all dims disabled, no input grad collective for layer: attention_column
info: no weight grad collective for layer: attention_column
chunk size is: 20971520 , size is: 20971520 , layer_num is: 122 , node: 0
info: all-gather input grad collective issued for layer: mlp_row, involved dimensions:  1, 0, 0, 0, 0, 0, 0, 0, 0, 0,
***** info: input gradient collective for layer: mlp_row is finished************
info: no weight grad collective for layer: mlp_row
info: all dims disabled, no input grad collective for layer: mlp_column
info: no weight grad collective for layer: mlp_column
chunk size is: 20971520 , size is: 20971520 , layer_num is: 120 , node: 0
info: all-gather input grad collective issued for layer: attention_row, involved dimensions:  1, 0, 0, 0, 0, 0, 0, 0, 0, 0,
***** info: input gradient collective for layer: attention_row is finished************
info: no weight grad collective for layer: attention_row
info: all dims disabled, no input grad collective for layer: attention_column
info: no weight grad collective for layer: attention_column
chunk size is: 20971520 , size is: 20971520 , layer_num is: 118 , node: 0
info: all-gather input grad collective issued for layer: mlp_row, involved dimensions:  1, 0, 0, 0, 0, 0, 0, 0, 0, 0,
***** info: input gradient collective for layer: mlp_row is finished************
info: no weight grad collective for layer: mlp_row
info: all dims disabled, no input grad collective for layer: mlp_column
info: no weight grad collective for layer: mlp_column
chunk size is: 20971520 , size is: 20971520 , layer_num is: 116 , node: 0
info: all-gather input grad collective issued for layer: attention_row, involved dimensions:  1, 0, 0, 0, 0, 0, 0, 0, 0, 0,
***** info: input gradient collective for layer: attention_row is finished************
info: no weight grad collective for layer: attention_row
info: all dims disabled, no input grad collective for layer: attention_column
info: no weight grad collective for layer: attention_column
chunk size is: 20971520 , size is: 20971520 , layer_num is: 114 , node: 0
info: all-gather input grad collective issued for layer: mlp_row, involved dimensions:  1, 0, 0, 0, 0, 0, 0, 0, 0, 0,
***** info: input gradient collective for layer: mlp_row is finished************
info: no weight grad collective for layer: mlp_row
info: all dims disabled, no input grad collective for layer: mlp_column
info: no weight grad collective for layer: mlp_column
chunk size is: 20971520 , size is: 20971520 , layer_num is: 112 , node: 0
info: all-gather input grad collective issued for layer: attention_row, involved dimensions:  1, 0, 0, 0, 0, 0, 0, 0, 0, 0,
***** info: input gradient collective for layer: attention_row is finished************
info: no weight grad collective for layer: attention_row
info: all dims disabled, no input grad collective for layer: attention_column
info: no weight grad collective for layer: attention_column
chunk size is: 20971520 , size is: 20971520 , layer_num is: 110 , node: 0
info: all-gather input grad collective issued for layer: mlp_row, involved dimensions:  1, 0, 0, 0, 0, 0, 0, 0, 0, 0,
***** info: input gradient collective for layer: mlp_row is finished************
info: no weight grad collective for layer: mlp_row
info: all dims disabled, no input grad collective for layer: mlp_column
info: no weight grad collective for layer: mlp_column
chunk size is: 20971520 , size is: 20971520 , layer_num is: 108 , node: 0
info: all-gather input grad collective issued for layer: attention_row, involved dimensions:  1, 0, 0, 0, 0, 0, 0, 0, 0, 0,
***** info: input gradient collective for layer: attention_row is finished************
info: no weight grad collective for layer: attention_row
info: all dims disabled, no input grad collective for layer: attention_column
info: no weight grad collective for layer: attention_column
chunk size is: 20971520 , size is: 20971520 , layer_num is: 106 , node: 0
info: all-gather input grad collective issued for layer: mlp_row, involved dimensions:  1, 0, 0, 0, 0, 0, 0, 0, 0, 0,
***** info: input gradient collective for layer: mlp_row is finished************
info: no weight grad collective for layer: mlp_row
info: all dims disabled, no input grad collective for layer: mlp_column
info: no weight grad collective for layer: mlp_column
chunk size is: 20971520 , size is: 20971520 , layer_num is: 104 , node: 0
info: all-gather input grad collective issued for layer: attention_row, involved dimensions:  1, 0, 0, 0, 0, 0, 0, 0, 0, 0,
***** info: input gradient collective for layer: attention_row is finished************
info: no weight grad collective for layer: attention_row
info: all dims disabled, no input grad collective for layer: attention_column
info: no weight grad collective for layer: attention_column
chunk size is: 20971520 , size is: 20971520 , layer_num is: 102 , node: 0
info: all-gather input grad collective issued for layer: mlp_row, involved dimensions:  1, 0, 0, 0, 0, 0, 0, 0, 0, 0,
***** info: input gradient collective for layer: mlp_row is finished************
info: no weight grad collective for layer: mlp_row
info: all dims disabled, no input grad collective for layer: mlp_column
info: no weight grad collective for layer: mlp_column
chunk size is: 20971520 , size is: 20971520 , layer_num is: 100 , node: 0
info: all-gather input grad collective issued for layer: attention_row, involved dimensions:  1, 0, 0, 0, 0, 0, 0, 0, 0, 0,
***** info: input gradient collective for layer: attention_row is finished************
info: no weight grad collective for layer: attention_row
info: all dims disabled, no input grad collective for layer: attention_column
info: no weight grad collective for layer: attention_column
chunk size is: 20971520 , size is: 20971520 , layer_num is: 98 , node: 0
info: all-gather input grad collective issued for layer: mlp_row, involved dimensions:  1, 0, 0, 0, 0, 0, 0, 0, 0, 0,
***** info: input gradient collective for layer: mlp_row is finished************
info: no weight grad collective for layer: mlp_row
info: all dims disabled, no input grad collective for layer: mlp_column
info: no weight grad collective for layer: mlp_column
chunk size is: 20971520 , size is: 20971520 , layer_num is: 96 , node: 0
info: all-gather input grad collective issued for layer: attention_row, involved dimensions:  1, 0, 0, 0, 0, 0, 0, 0, 0, 0,
***** info: input gradient collective for layer: attention_row is finished************
info: no weight grad collective for layer: attention_row
info: all dims disabled, no input grad collective for layer: attention_column
info: no weight grad collective for layer: attention_column
chunk size is: 20971520 , size is: 20971520 , layer_num is: 94 , node: 0
info: all-gather input grad collective issued for layer: mlp_row, involved dimensions:  1, 0, 0, 0, 0, 0, 0, 0, 0, 0,
***** info: input gradient collective for layer: mlp_row is finished************
info: no weight grad collective for layer: mlp_row
info: all dims disabled, no input grad collective for layer: mlp_column
info: no weight grad collective for layer: mlp_column
chunk size is: 20971520 , size is: 20971520 , layer_num is: 92 , node: 0
info: all-gather input grad collective issued for layer: attention_row, involved dimensions:  1, 0, 0, 0, 0, 0, 0, 0, 0, 0,
***** info: input gradient collective for layer: attention_row is finished************
info: no weight grad collective for layer: attention_row
info: all dims disabled, no input grad collective for layer: attention_column
info: no weight grad collective for layer: attention_column
chunk size is: 20971520 , size is: 20971520 , layer_num is: 90 , node: 0
info: all-gather input grad collective issued for layer: mlp_row, involved dimensions:  1, 0, 0, 0, 0, 0, 0, 0, 0, 0,
***** info: input gradient collective for layer: mlp_row is finished************
info: no weight grad collective for layer: mlp_row
info: all dims disabled, no input grad collective for layer: mlp_column
info: no weight grad collective for layer: mlp_column
chunk size is: 20971520 , size is: 20971520 , layer_num is: 88 , node: 0
info: all-gather input grad collective issued for layer: attention_row, involved dimensions:  1, 0, 0, 0, 0, 0, 0, 0, 0, 0,
***** info: input gradient collective for layer: attention_row is finished************
info: no weight grad collective for layer: attention_row
info: all dims disabled, no input grad collective for layer: attention_column
info: no weight grad collective for layer: attention_column
chunk size is: 20971520 , size is: 20971520 , layer_num is: 86 , node: 0
info: all-gather input grad collective issued for layer: mlp_row, involved dimensions:  1, 0, 0, 0, 0, 0, 0, 0, 0, 0,
***** info: input gradient collective for layer: mlp_row is finished************
info: no weight grad collective for layer: mlp_row
info: all dims disabled, no input grad collective for layer: mlp_column
info: no weight grad collective for layer: mlp_column
chunk size is: 20971520 , size is: 20971520 , layer_num is: 84 , node: 0
info: all-gather input grad collective issued for layer: attention_row, involved dimensions:  1, 0, 0, 0, 0, 0, 0, 0, 0, 0,
***** info: input gradient collective for layer: attention_row is finished************
info: no weight grad collective for layer: attention_row
info: all dims disabled, no input grad collective for layer: attention_column
info: no weight grad collective for layer: attention_column
chunk size is: 20971520 , size is: 20971520 , layer_num is: 82 , node: 0
info: all-gather input grad collective issued for layer: mlp_row, involved dimensions:  1, 0, 0, 0, 0, 0, 0, 0, 0, 0,
***** info: input gradient collective for layer: mlp_row is finished************
info: no weight grad collective for layer: mlp_row
info: all dims disabled, no input grad collective for layer: mlp_column
info: no weight grad collective for layer: mlp_column
chunk size is: 20971520 , size is: 20971520 , layer_num is: 80 , node: 0
info: all-gather input grad collective issued for layer: attention_row, involved dimensions:  1, 0, 0, 0, 0, 0, 0, 0, 0, 0,
***** info: input gradient collective for layer: attention_row is finished************
info: no weight grad collective for layer: attention_row
info: all dims disabled, no input grad collective for layer: attention_column
info: no weight grad collective for layer: attention_column
chunk size is: 20971520 , size is: 20971520 , layer_num is: 78 , node: 0
info: all-gather input grad collective issued for layer: mlp_row, involved dimensions:  1, 0, 0, 0, 0, 0, 0, 0, 0, 0,
***** info: input gradient collective for layer: mlp_row is finished************
info: no weight grad collective for layer: mlp_row
info: all dims disabled, no input grad collective for layer: mlp_column
info: no weight grad collective for layer: mlp_column
chunk size is: 20971520 , size is: 20971520 , layer_num is: 76 , node: 0
info: all-gather input grad collective issued for layer: attention_row, involved dimensions:  1, 0, 0, 0, 0, 0, 0, 0, 0, 0,
***** info: input gradient collective for layer: attention_row is finished************
info: no weight grad collective for layer: attention_row
info: all dims disabled, no input grad collective for layer: attention_column
info: no weight grad collective for layer: attention_column
chunk size is: 20971520 , size is: 20971520 , layer_num is: 74 , node: 0
info: all-gather input grad collective issued for layer: mlp_row, involved dimensions:  1, 0, 0, 0, 0, 0, 0, 0, 0, 0,
***** info: input gradient collective for layer: mlp_row is finished************
info: no weight grad collective for layer: mlp_row
info: all dims disabled, no input grad collective for layer: mlp_column
info: no weight grad collective for layer: mlp_column
chunk size is: 20971520 , size is: 20971520 , layer_num is: 72 , node: 0
info: all-gather input grad collective issued for layer: attention_row, involved dimensions:  1, 0, 0, 0, 0, 0, 0, 0, 0, 0,
***** info: input gradient collective for layer: attention_row is finished************
info: no weight grad collective for layer: attention_row
info: all dims disabled, no input grad collective for layer: attention_column
info: no weight grad collective for layer: attention_column
chunk size is: 20971520 , size is: 20971520 , layer_num is: 70 , node: 0
info: all-gather input grad collective issued for layer: mlp_row, involved dimensions:  1, 0, 0, 0, 0, 0, 0, 0, 0, 0,
***** info: input gradient collective for layer: mlp_row is finished************
info: no weight grad collective for layer: mlp_row
info: all dims disabled, no input grad collective for layer: mlp_column
info: no weight grad collective for layer: mlp_column
chunk size is: 20971520 , size is: 20971520 , layer_num is: 68 , node: 0
info: all-gather input grad collective issued for layer: attention_row, involved dimensions:  1, 0, 0, 0, 0, 0, 0, 0, 0, 0,
***** info: input gradient collective for layer: attention_row is finished************
info: no weight grad collective for layer: attention_row
info: all dims disabled, no input grad collective for layer: attention_column
info: no weight grad collective for layer: attention_column
chunk size is: 20971520 , size is: 20971520 , layer_num is: 66 , node: 0
info: all-gather input grad collective issued for layer: mlp_row, involved dimensions:  1, 0, 0, 0, 0, 0, 0, 0, 0, 0,
***** info: input gradient collective for layer: mlp_row is finished************
info: no weight grad collective for layer: mlp_row
info: all dims disabled, no input grad collective for layer: mlp_column
info: no weight grad collective for layer: mlp_column
chunk size is: 20971520 , size is: 20971520 , layer_num is: 64 , node: 0
info: all-gather input grad collective issued for layer: attention_row, involved dimensions:  1, 0, 0, 0, 0, 0, 0, 0, 0, 0,
***** info: input gradient collective for layer: attention_row is finished************
info: no weight grad collective for layer: attention_row
info: all dims disabled, no input grad collective for layer: attention_column
info: no weight grad collective for layer: attention_column
chunk size is: 20971520 , size is: 20971520 , layer_num is: 62 , node: 0
info: all-gather input grad collective issued for layer: mlp_row, involved dimensions:  1, 0, 0, 0, 0, 0, 0, 0, 0, 0,
***** info: input gradient collective for layer: mlp_row is finished************
info: no weight grad collective for layer: mlp_row
info: all dims disabled, no input grad collective for layer: mlp_column
info: no weight grad collective for layer: mlp_column
chunk size is: 20971520 , size is: 20971520 , layer_num is: 60 , node: 0
info: all-gather input grad collective issued for layer: attention_row, involved dimensions:  1, 0, 0, 0, 0, 0, 0, 0, 0, 0,
***** info: input gradient collective for layer: attention_row is finished************
info: no weight grad collective for layer: attention_row
info: all dims disabled, no input grad collective for layer: attention_column
info: no weight grad collective for layer: attention_column
chunk size is: 20971520 , size is: 20971520 , layer_num is: 58 , node: 0
info: all-gather input grad collective issued for layer: mlp_row, involved dimensions:  1, 0, 0, 0, 0, 0, 0, 0, 0, 0,
***** info: input gradient collective for layer: mlp_row is finished************
info: no weight grad collective for layer: mlp_row
info: all dims disabled, no input grad collective for layer: mlp_column
info: no weight grad collective for layer: mlp_column
chunk size is: 20971520 , size is: 20971520 , layer_num is: 56 , node: 0
info: all-gather input grad collective issued for layer: attention_row, involved dimensions:  1, 0, 0, 0, 0, 0, 0, 0, 0, 0,
***** info: input gradient collective for layer: attention_row is finished************
info: no weight grad collective for layer: attention_row
info: all dims disabled, no input grad collective for layer: attention_column
info: no weight grad collective for layer: attention_column
chunk size is: 20971520 , size is: 20971520 , layer_num is: 54 , node: 0
info: all-gather input grad collective issued for layer: mlp_row, involved dimensions:  1, 0, 0, 0, 0, 0, 0, 0, 0, 0,
***** info: input gradient collective for layer: mlp_row is finished************
info: no weight grad collective for layer: mlp_row
info: all dims disabled, no input grad collective for layer: mlp_column
info: no weight grad collective for layer: mlp_column
chunk size is: 20971520 , size is: 20971520 , layer_num is: 52 , node: 0
info: all-gather input grad collective issued for layer: attention_row, involved dimensions:  1, 0, 0, 0, 0, 0, 0, 0, 0, 0,
***** info: input gradient collective for layer: attention_row is finished************
info: no weight grad collective for layer: attention_row
info: all dims disabled, no input grad collective for layer: attention_column
info: no weight grad collective for layer: attention_column
chunk size is: 20971520 , size is: 20971520 , layer_num is: 50 , node: 0
info: all-gather input grad collective issued for layer: mlp_row, involved dimensions:  1, 0, 0, 0, 0, 0, 0, 0, 0, 0,
***** info: input gradient collective for layer: mlp_row is finished************
info: no weight grad collective for layer: mlp_row
info: all dims disabled, no input grad collective for layer: mlp_column
info: no weight grad collective for layer: mlp_column
chunk size is: 20971520 , size is: 20971520 , layer_num is: 48 , node: 0
info: all-gather input grad collective issued for layer: attention_row, involved dimensions:  1, 0, 0, 0, 0, 0, 0, 0, 0, 0,
***** info: input gradient collective for layer: attention_row is finished************
info: no weight grad collective for layer: attention_row
info: all dims disabled, no input grad collective for layer: attention_column
info: no weight grad collective for layer: attention_column
chunk size is: 20971520 , size is: 20971520 , layer_num is: 46 , node: 0
info: all-gather input grad collective issued for layer: mlp_row, involved dimensions:  1, 0, 0, 0, 0, 0, 0, 0, 0, 0,
***** info: input gradient collective for layer: mlp_row is finished************
info: no weight grad collective for layer: mlp_row
info: all dims disabled, no input grad collective for layer: mlp_column
info: no weight grad collective for layer: mlp_column
chunk size is: 20971520 , size is: 20971520 , layer_num is: 44 , node: 0
info: all-gather input grad collective issued for layer: attention_row, involved dimensions:  1, 0, 0, 0, 0, 0, 0, 0, 0, 0,
***** info: input gradient collective for layer: attention_row is finished************
info: no weight grad collective for layer: attention_row
info: all dims disabled, no input grad collective for layer: attention_column
info: no weight grad collective for layer: attention_column
chunk size is: 20971520 , size is: 20971520 , layer_num is: 42 , node: 0
info: all-gather input grad collective issued for layer: mlp_row, involved dimensions:  1, 0, 0, 0, 0, 0, 0, 0, 0, 0,
***** info: input gradient collective for layer: mlp_row is finished************
info: no weight grad collective for layer: mlp_row
info: all dims disabled, no input grad collective for layer: mlp_column
info: no weight grad collective for layer: mlp_column
chunk size is: 20971520 , size is: 20971520 , layer_num is: 40 , node: 0
info: all-gather input grad collective issued for layer: attention_row, involved dimensions:  1, 0, 0, 0, 0, 0, 0, 0, 0, 0,
***** info: input gradient collective for layer: attention_row is finished************
info: no weight grad collective for layer: attention_row
info: all dims disabled, no input grad collective for layer: attention_column
info: no weight grad collective for layer: attention_column
chunk size is: 20971520 , size is: 20971520 , layer_num is: 38 , node: 0
info: all-gather input grad collective issued for layer: mlp_row, involved dimensions:  1, 0, 0, 0, 0, 0, 0, 0, 0, 0,
***** info: input gradient collective for layer: mlp_row is finished************
info: no weight grad collective for layer: mlp_row
info: all dims disabled, no input grad collective for layer: mlp_column
info: no weight grad collective for layer: mlp_column
chunk size is: 20971520 , size is: 20971520 , layer_num is: 36 , node: 0
info: all-gather input grad collective issued for layer: attention_row, involved dimensions:  1, 0, 0, 0, 0, 0, 0, 0, 0, 0,
***** info: input gradient collective for layer: attention_row is finished************
info: no weight grad collective for layer: attention_row
info: all dims disabled, no input grad collective for layer: attention_column
info: no weight grad collective for layer: attention_column
chunk size is: 20971520 , size is: 20971520 , layer_num is: 34 , node: 0
info: all-gather input grad collective issued for layer: mlp_row, involved dimensions:  1, 0, 0, 0, 0, 0, 0, 0, 0, 0,
***** info: input gradient collective for layer: mlp_row is finished************
info: no weight grad collective for layer: mlp_row
info: all dims disabled, no input grad collective for layer: mlp_column
info: no weight grad collective for layer: mlp_column
chunk size is: 20971520 , size is: 20971520 , layer_num is: 32 , node: 0
info: all-gather input grad collective issued for layer: attention_row, involved dimensions:  1, 0, 0, 0, 0, 0, 0, 0, 0, 0,
***** info: input gradient collective for layer: attention_row is finished************
info: no weight grad collective for layer: attention_row
info: all dims disabled, no input grad collective for layer: attention_column
info: no weight grad collective for layer: attention_column
chunk size is: 20971520 , size is: 20971520 , layer_num is: 30 , node: 0
info: all-gather input grad collective issued for layer: mlp_row, involved dimensions:  1, 0, 0, 0, 0, 0, 0, 0, 0, 0,
***** info: input gradient collective for layer: mlp_row is finished************
info: no weight grad collective for layer: mlp_row
info: all dims disabled, no input grad collective for layer: mlp_column
info: no weight grad collective for layer: mlp_column
chunk size is: 20971520 , size is: 20971520 , layer_num is: 28 , node: 0
info: all-gather input grad collective issued for layer: attention_row, involved dimensions:  1, 0, 0, 0, 0, 0, 0, 0, 0, 0,
***** info: input gradient collective for layer: attention_row is finished************
info: no weight grad collective for layer: attention_row
info: all dims disabled, no input grad collective for layer: attention_column
info: no weight grad collective for layer: attention_column
chunk size is: 20971520 , size is: 20971520 , layer_num is: 26 , node: 0
info: all-gather input grad collective issued for layer: mlp_row, involved dimensions:  1, 0, 0, 0, 0, 0, 0, 0, 0, 0,
***** info: input gradient collective for layer: mlp_row is finished************
info: no weight grad collective for layer: mlp_row
info: all dims disabled, no input grad collective for layer: mlp_column
info: no weight grad collective for layer: mlp_column
chunk size is: 20971520 , size is: 20971520 , layer_num is: 24 , node: 0
info: all-gather input grad collective issued for layer: attention_row, involved dimensions:  1, 0, 0, 0, 0, 0, 0, 0, 0, 0,
***** info: input gradient collective for layer: attention_row is finished************
info: no weight grad collective for layer: attention_row
info: all dims disabled, no input grad collective for layer: attention_column
info: no weight grad collective for layer: attention_column
chunk size is: 20971520 , size is: 20971520 , layer_num is: 22 , node: 0
info: all-gather input grad collective issued for layer: mlp_row, involved dimensions:  1, 0, 0, 0, 0, 0, 0, 0, 0, 0,
***** info: input gradient collective for layer: mlp_row is finished************
info: no weight grad collective for layer: mlp_row
info: all dims disabled, no input grad collective for layer: mlp_column
info: no weight grad collective for layer: mlp_column
chunk size is: 20971520 , size is: 20971520 , layer_num is: 20 , node: 0
info: all-gather input grad collective issued for layer: attention_row, involved dimensions:  1, 0, 0, 0, 0, 0, 0, 0, 0, 0,
***** info: input gradient collective for layer: attention_row is finished************
info: no weight grad collective for layer: attention_row
info: all dims disabled, no input grad collective for layer: attention_column
info: no weight grad collective for layer: attention_column
chunk size is: 20971520 , size is: 20971520 , layer_num is: 18 , node: 0
info: all-gather input grad collective issued for layer: mlp_row, involved dimensions:  1, 0, 0, 0, 0, 0, 0, 0, 0, 0,
***** info: input gradient collective for layer: mlp_row is finished************
info: no weight grad collective for layer: mlp_row
info: all dims disabled, no input grad collective for layer: mlp_column
info: no weight grad collective for layer: mlp_column
chunk size is: 20971520 , size is: 20971520 , layer_num is: 16 , node: 0
info: all-gather input grad collective issued for layer: attention_row, involved dimensions:  1, 0, 0, 0, 0, 0, 0, 0, 0, 0,
***** info: input gradient collective for layer: attention_row is finished************
info: no weight grad collective for layer: attention_row
info: all dims disabled, no input grad collective for layer: attention_column
info: no weight grad collective for layer: attention_column
chunk size is: 20971520 , size is: 20971520 , layer_num is: 14 , node: 0
info: all-gather input grad collective issued for layer: mlp_row, involved dimensions:  1, 0, 0, 0, 0, 0, 0, 0, 0, 0,
***** info: input gradient collective for layer: mlp_row is finished************
info: no weight grad collective for layer: mlp_row
info: all dims disabled, no input grad collective for layer: mlp_column
info: no weight grad collective for layer: mlp_column
chunk size is: 20971520 , size is: 20971520 , layer_num is: 12 , node: 0
info: all-gather input grad collective issued for layer: attention_row, involved dimensions:  1, 0, 0, 0, 0, 0, 0, 0, 0, 0,
***** info: input gradient collective for layer: attention_row is finished************
info: no weight grad collective for layer: attention_row
info: all dims disabled, no input grad collective for layer: attention_column
info: no weight grad collective for layer: attention_column
chunk size is: 20971520 , size is: 20971520 , layer_num is: 10 , node: 0
info: all-gather input grad collective issued for layer: mlp_row, involved dimensions:  1, 0, 0, 0, 0, 0, 0, 0, 0, 0,
***** info: input gradient collective for layer: mlp_row is finished************
info: no weight grad collective for layer: mlp_row
info: all dims disabled, no input grad collective for layer: mlp_column
info: no weight grad collective for layer: mlp_column
chunk size is: 20971520 , size is: 20971520 , layer_num is: 8 , node: 0
info: all-gather input grad collective issued for layer: attention_row, involved dimensions:  1, 0, 0, 0, 0, 0, 0, 0, 0, 0,
***** info: input gradient collective for layer: attention_row is finished************
info: no weight grad collective for layer: attention_row
info: all dims disabled, no input grad collective for layer: attention_column
info: no weight grad collective for layer: attention_column
info: no input grad collective for layer: embedding_layer
info: no weight grad collective for layer: embedding_layer
info: no input grad collective for layer: moe_grad_norm2
info: all dims disabled, no weight grad collective for layer: moe_grad_norm2
info: no input grad collective for layer: moe_grad_norm1
Layer issue wg all gather at tick: 4808783076
info: all dims disabled, no weight grad collective for layer: moe_grad_norm1
chunk size is: 20971520 , size is: 20971520 , layer_num is: 3 , node: 0
info: all-reduce input grad collective issued for layer: embedding_grads, involved dimensions:  1, 0, 0, 0, 0, 0, 0, 0, 0, 0,
***** info: input gradient collective for layer: embedding_grads is finished************
info: no weight grad collective for layer: embedding_grads
info: no input grad collective for layer: grad_param_compute
info: no weight grad collective for layer: grad_param_compute
info: no input grad collective for layer: grad_param_comm
chunk size is: 13913149440 , size is: 13913149440 , layer_num is: 1 , node: 0
info: reduce-scatter weight grad collective issued for layer: grad_param_comm, involved dimensions:  0, 1, 1, 1, 1, 1, 1, 1, 1, 1,
info: no input grad collective for layer: grad_gather
Layer issue wg all gather at tick: 4820571756
chunk size is: 6956574720 , size is: 6956574720 , layer_num is: 0 , node: 0
info: all-gather weight grad collective issued for layer: grad_gather, involved dimensions:  0, 1, 1, 1, 1, 1, 1, 1, 1, 1,
pass: 0 finished at time: 4820571756
